"Document Title",Authors,"Author Affiliations","Publication Title",Date Added To Xplore,"Publication Year","Volume","Issue","Start Page","End Page","Abstract","ISSN",ISBNs,"DOI",Funding Information,PDF Link,"Author Keywords","IEEE Terms","Mesh_Terms",Article Citation Count,Patent Citation Count,"Reference Count","License",Online Date,Issue Date,"Meeting Date","Publisher",Document Identifier
"Response Time Analysis for the Abort-and-Restart Event Handlers of the Priority-Based Functional Reactive Programming (P-FRP) Paradigm","J. Ras; A. M. K. Cheng","Department of Computer Science, University of Houston, TX, USA; Department of Computer Science, University of Houston, TX, USA",2009 15th IEEE International Conference on Embedded and Real-Time Computing Systems and Applications,"6 Oct 2009","2009","","","305","314","Programming microcontrollers is a different paradigm from microprocessor programming. The traditional way to program microcontrollers is to write the program in C or an assembly language, but modern embedded systems are more complex. The Priority-based Functional Reactive Programming (P-FRP) paradigm could make microcontroller programming better. P-FRP makes it possible to treat programs as functions (stateless) and amenable to proofs and type-safety. In this paper, we focus on the abort-and-restart event handler semantics of P-FRP, which is neither a concurrency control policy nor a true scheduling policy. Instead, it is a policy in which the most important task is scheduled first. This paper refines the response time analysis for the abort-and-restart model on single-core systems.","2325-1301","978-0-7695-3787-0","10.1109/RTCSA.2009.64","","https://ieeexplore.ieee.org/stamp/stamp.jsp?arnumber=5279691","P-FRP;Abort-and-Restart;Microcontroller Programming","Delay;Functional programming;Real time systems;Microcontrollers;Embedded system;Computer applications;Embedded computing;Application software;Computer science;Microprocessors","","14","","18","IEEE","6 Oct 2009","24-26 Aug. 2009","24-26 Aug. 2009","IEEE","IEEE Conferences"
"Synchronous programming of a real-time microcontroller","C. Andre; M. Peraldi","LASSY, équipe de 1'13s, Université de Nice-Sophia Antipolis, Nice, France; LASSY, équipe de 1'13s, Université de Nice-Sophia Antipolis, Nice, France",Fourth Euromicro workshop on Real-Time Systems,"6 Aug 2002","1992","","","60","65","The synchronous approach is a new and promising way to design Real-Time systems. We have applied the synchronous programming style to the design of microcontrollers. The programming style is ESTEREL, an imperative synchronous language and the target processor is RTX2000 a high-performance real-time microcontroller. Here, we describe the compilation from ESTEREL down to FORTH(RTX programming language), and we analyze the eficiency of the implementation. Because our method is based on a high-level language (ESTEREL), the developement cycle time to system implementation is drastically reduced and safer.","","0-8186-2815-4","10.1109/EMWRT.1992.637472","","https://ieeexplore.ieee.org/stamp/stamp.jsp?arnumber=637472","","Microcontrollers;Real time systems;Concurrent computing;Electrical equipment industry;Industrial control;Programmable control;Operating systems;Power system management;Job shop scheduling","","3","","14","IEEE","6 Aug 2002","3-5 June 1992","3-5 June 1992","IEEE","IEEE Conferences"
"The design and application of functional reactive distributed process control system","H. Lv; G. Cheng; Y. Zhou; S. Qian; Y. Zhong","City Institute, Dalian University of Technology, China; City Institute, Dalian University of Technology, China; City Institute, Dalian University of Technology, China; City Institute, Dalian University of Technology, China; City Institute, Dalian University of Technology, China",2017 IEEE 3rd Information Technology and Mechatronics Engineering Conference (ITOEC),"30 Nov 2017","2017","","","773","776","Process monitoring and controlling system is essentially a data monitoring event transmission system, they are usually developed based on the procedure languange C with high cost and in low maintainability. functional reactive programming is a time-saving, bug-preventing programming paradigm worthy of control system to implement. In this paper the implementing the new kind of functional reactive programming based on combination Bacon.js, Node.js, Kafka and AngularJS in the real hot-heating supplying automatic controlling system is elaborated. In this system the functional reactive approach has been pushing both on the back-end and the front-end to simplifie controlling system desing and programming and reduce the development lifecycle.","","978-1-5090-5363-6","10.1109/ITOEC.2017.8122456","","https://ieeexplore.ieee.org/stamp/stamp.jsp?arnumber=8122456","functional reactive programming;message queue architecture;process controll system;event driven no blocking","Programming;Process control;Servers;Robot sensing systems;Actuators;Monitoring","","","","11","IEEE","30 Nov 2017","3-5 Oct. 2017","3-5 Oct. 2017","IEEE","IEEE Conferences"
"Challenges and potential solutions for complex embedded systems","G. Berry","Director of Research, INRIA Sophia-Antipolis, France",2011 Proceedings of the Ninth ACM International Conference on Embedded Software (EMSOFT),"31 Oct 2011","2011","","","1","1","In the 20th century, an embedded system was most often thought of as a single piece of equipment driven by a single software program. Many efficient modeling, programming and verification paradigms have been developed in this setting: mathematical modeling using differential equations, reactive and synchronous programming, data-flow based signal processing, model-checking, etc. In the 21st century, systems are becoming much more complex. They mix hardware and software in subtle ways, involve a large number of sensors and actuators, become physically distributed, and may be remotely controlled by Web-based devices such as smartphones. Designing and verifying such systems raises many challenges that were independently known in particular areas but now need to be solved together. Here are some: understanding the relation between continuous and discrete time models, still quite unclear in the available mathematical modelers; understanding the ways in which synchronous and asynchronous communication could work in harmony; relaxing determinacy and timing constraints without losing too much predictability; being able to write full and faithful simulators of systems before building them, which is still a big problem in areas such as SoCs or transportation networks; developing methods to couple classical embedded systems with Web-based systems, which are of a very different nature. We will review some of the new problems posed in this area and some emerging solutions that could be applied to them, taking the notion of causality as the pivot of our reflections.","","978-1-4503-0714-7","10.1145/2038642.2038644","","https://ieeexplore.ieee.org/stamp/stamp.jsp?arnumber=6064505","Embedded systems;plenum talk","Mathematical model;Embedded systems;Programming;Predictive models;Actuators;Transportation","","3","","","","31 Oct 2011","9-14 Oct. 2011","9-14 Oct. 2011","IEEE","IEEE Conferences"
"Evaluation of an Esterel-based hardware/software co-design flow","P. Roessler; M. Zauner","University of Applied Science Technikum Wien, Wien, Austria; University of Applied Science Technikum Wien, Wien, Austria",2009 IEEE International Symposium on Industrial Embedded Systems,"7 Aug 2009","2009","","","42","45","This work describes the evaluation of a hardware/software co-design flow based on the synchronous language Esterel. The paper starts with a short introduction into Esterel and tackles available tools. The focus of this work is an examination of the design flow concerning the practical applicability, based on case studies and related work. Advantages and draw-backs of the design flow are discussed and compared to traditional hardware/software design flows.","2150-3117","978-1-4244-4109-9","10.1109/SIES.2009.5196190","","https://ieeexplore.ieee.org/stamp/stamp.jsp?arnumber=5196190","Hardware/Software Co-Design;Embedded Systems Design;Esterel;Synchronous Languages","Software design;Embedded software;Field programmable gate arrays;Software systems;Embedded system;Hardware design languages;Space exploration;Engines;Instruments;Circuits","","1","","20","IEEE","7 Aug 2009","8-10 July 2009","8-10 July 2009","IEEE","IEEE Conferences"
"Development and Analysis of Novel IoT based Monitoring System for Fiber Reinforced Polymer (FRP) Dust Extraction System in an Industrial Environment 4.0","S. Prashanth; S. Balasundaram; S. B. Hariharan; J. P. A","Department of Aeronautical Engineering, Excel Engineering College, Namakkal, Tamil Nadu, India; Department of Aeronautical Engineering, Excel Engineering College, Namakkal, Tamil Nadu, India; Department of Industrial Safety & Engineering, Excel Engineering College, Namakkal, Tamil Nadu, India; Department of Industrial Safety & Engineering, Excel Engineering College, Namakkal, Tamil Nadu, India",2023 3rd International Conference on Pervasive Computing and Social Networking (ICPCSN),"4 Oct 2023","2023","","","1352","1359","The objective of this study is to develop and analyze a novel IoT-based monitoring system for a Fiber Reinforced Polymer (FRP) dust extraction system in an industrial environment 4.0. The system is composed of a microcontroller, a dust sensor, a flue gas energy recovery system, and an IoT system. The microcontroller collects dust density data from the dust sensor, and the flue gas energy recovery system provides power to a battery from a generator. The IoT system monitors both the energy recovery system and the dust extraction system. The study was conducted in both laboratory and open-space environments, and the results were compared. The accumulated amount of dust sensed by the sensor was 29363.58 mg/m3 after three days of monitoring, and the efficiency of the flue gas energy recovery system decreased from 8.8% to 0.74% over the same period. These results demonstrate the importance of monitoring both the dust extraction system and the energy recovery system to optimize their performance and minimize the impact of dust on the environment. The novel IoT-based monitoring system developed in this research provides a valuable tool for industry 4.0. Its ability to keep track of events in real time and scrutinize data empowers a dust removal method that is both more productive and eco-friendly, lessening the environmental impact of industrial operations. This study's outcomes support the evolution of sustainable and environmentally conscious industrial techniques.","","979-8-3503-2284-2","10.1109/ICPCSN58827.2023.00227","","https://ieeexplore.ieee.org/stamp/stamp.jsp?arnumber=10266185","Internet of things;Hazardous management;Dust extraction system;FRP","Productivity;Optical fiber sensors;Microcontrollers;Social networking (online);Industrial facilities;Real-time systems;Road traffic","","","","29","IEEE","4 Oct 2023","19-20 June 2023","19-20 June 2023","IEEE","IEEE Conferences"
"An ALU cluster intellectual property for magnetic RAM media applications platform","Chia-Yi Liou; Herming Chiueh","Department of Communication Engineering, National Chiao Tung University, HsinChu, Taiwan; Department of Communication Engineering, National Chiao Tung University, HsinChu, Taiwan","2007 IEEE International Workshop on Memory Technology, Design and Testing","20 Jun 2008","2007","","","67","70","The next generation memory, Magnetic Random Access Memory (MRAM), is a high-profile choice of embedded memory in modern applications. Features of the novel memory make it suitable for universal memory applications. Besides, as the evolution of information technology, embedded systems with media applications for portable devices are more important in modern life. In both of the perspectives mentioned above, a processing element called Arithmetic Logic Unit (ALU) cluster Intellectual Property (IP) is designed and implemented to be integrated with MRAM and the platform baseboard in this work. To stack these components such as an ALU cluster, MRAM and versatile baseboard provides a development, verification and demonstration platform for the highly-expected MRAM. The proposed ALU cluster IP with Advanced Microcontroller Bus Architecture (AMBA) interface is taped out using TSMC 0.15um technology and operates at 100MHz. The chip area is 3.9*3.9 mm2 and gate count is 0.2 million. A 4-layer FRP printed circuit board (PCB) is designed and fabricated as the daughter card for system integration. The daughter card carries the designed chip is integrated to ARM versatile platform board and the PCB of MRAM as the system integration and application development environment.","1087-4852","978-1-4244-1656-1","10.1109/MTDT.2007.4547622","","https://ieeexplore.ieee.org/stamp/stamp.jsp?arnumber=4547622","","Intellectual property;Random access memory;Read-write memory;Information technology;Embedded system;Arithmetic;Logic devices;Logic design;Microcontrollers;Integrated circuit technology","","","","10","IEEE","20 Jun 2008","3-5 Dec. 2007","3-5 Dec. 2007","IEEE","IEEE Conferences"
"Model-Based Design of Embedded Control Systems by Means of a Synchronous Intermediate Model","M. Alras; P. Caspi; A. Girault; P. Raymond","INRIA Grenoble Rhône-Alpes-France, Verimag-CNRS and University of Grenoble-France, France; INRIA Grenoble Rhône-Alpes-France, Verimag-CNRS and University of Grenoble-France, France; INRIA Grenoble Rhône-Alpes-France, Verimag-CNRS and University of Grenoble-France, France; INRIA Grenoble Rhône-Alpes-France, Verimag-CNRS and University of Grenoble-France, France",2009 International Conference on Embedded Software and Systems,"5 Jun 2009","2009","","","3","10","Model-based design (MBD) involves designing a model of a control system, simulating and debugging it with dedicated tools, and finally generating automatically code corresponding to this model. In the domain of embedded systems, it offers the huge advantage of avoiding the time-consuming and error-prone final coding phase. The main issue raised by MBD is the faithfulness of the generated code with respect to the initial model, the latter being defined by the simulation semantics. To bridge the gap between the high-level model and the low-level implementation, we use the synchronous programming language Lustre as an intermediate formal model. Concretely, starting from a high-level model specified in the de-facto standard Simulink, we first generate Lustre code along with some structured ""glue code"", and then we generate embedded real-time code for the Xenomai RTOS. Thanks to Lustre's clean mathematical semantics, we are able to guarantee the faithfulness of the generated multi-tasked real-time code.","","978-1-4244-4359-8","10.1109/ICESS.2009.36","","https://ieeexplore.ieee.org/stamp/stamp.jsp?arnumber=5066624","Model-based design;embedded systems;code generation;synchronous languages;real-time systems","Control system synthesis;Automatic control;Computational modeling;Automatic generation control;Embedded software;Bridges;Clocks;Debugging;Synchronous generators;Embedded system","","8","","15","IEEE","5 Jun 2009","25-27 May 2009","25-27 May 2009","IEEE","IEEE Conferences"
"Smart Structural Retrofit: Integrating CFRP Strengthening with IoT-Based Displacement Monitoring for Flexural Performance Assessment of Steel Beams","D. Parakhiya; A. Thoriya; H. Rangwala; T. Vora","Department of Civil Engineering, Marwadi University, Rajkot, India; Department of Civil Engineering, Marwadi University, Rajkot, India; Department of Civil Engineering, Marwadi University, Rajkot, India; Department of Civil Engineering, Marwadi University, Rajkot, India",2025 Artificial Intelligence and Smart Technologies for Sustainability Conference (AISTS),"17 Nov 2025","2025","","","1","5","This study presents a smart retrofit strategy to enhance the flexural performance of steel beams by combining Carbon Fiber Reinforced Polymer (CFRP) strengthening with an Internet of Things (IoT)-enabled displacement monitoring system. CFRP is favoured for its high strength-to-weight ratio, corrosion resistance, and ease of application, but bonding challenges-particularly premature debonding-limit its long-term reliability. The experimental program evaluated channel and rectangular hollow steel sections retrofitted with single-layer (SL) and double-layer (DL) CFRP wraps using adhesive bonding. Three-point and four-point bending tests revealed that DL configurations significantly improved performance, increasing load capacity by up to 96.6% for channel sections and 92.4% for RHS specimens. To enable real-time performance tracking, a CDP-50 displacement transducer was integrated with a custom IoT system comprising a signal conditioning module, ESP32 microcontroller, and NB-IoT communication. This setup enabled wireless data transmission, cloud-based visualization, and long-term structural health assessment. Results demonstrate that double-layer CFRP substantially enhances both strength and ductility, while the IoT-enabled monitoring system provides scalable, real-time insights into structural behaviour. This integrated approach offers a practical, data-driven solution for modern infrastructure rehabilitation and smart structural monitoring.","","979-8-3315-9852-5","10.1109/AISTS66100.2025.11233186","","https://ieeexplore.ieee.org/stamp/stamp.jsp?arnumber=11233186","Fibre Reinforced Polymer;IoT;Flexural Strengthening;Tensile Capacity;Steel Element;Bond Behaviour;FRP Retrofit","Wireless communication;Wireless sensor networks;Microcontrollers;Real-time systems;Optical fiber communication;Steel;Polymers;Structural beams;Internet of Things;Monitoring","","","","17","IEEE","17 Nov 2025","21-23 Aug. 2025","21-23 Aug. 2025","IEEE","IEEE Conferences"
"A Utilization Based Sufficient Condition for P-FRP","C. Belwal; A. M. K. Cheng","Department of Computer Science, University of Houston, TX, USA; Department of Computer Science, University of Houston, TX, USA",2011 IFIP 9th International Conference on Embedded and Ubiquitous Computing,"15 Dec 2011","2011","","","237","242","Priority-based Functional Reactive Programming (P-FRP) is a new functional programming formalism for developing safety-critical embedded systems. P-FRP allows static priority assignment and guarantees real-time response by preempting lower priority tasks. Due to the state-less nature of functional programs, preempted tasks in P-FRP are aborted and have to restart after the higher priority tasks have completed execution. Since the execution semantics of P-FRP are different from the classical preemptive model of execution, existing utilization based sufficient conditions cannot be applied. In this paper, we derive a new utilization based sufficient schedulability condition for P-FRP, and validate it using experimental task sets.","","978-1-4577-1822-9","10.1109/EUC.2011.11","","https://ieeexplore.ieee.org/stamp/stamp.jsp?arnumber=6104531","Schedulability analysis;functional programming;sufficient test;utilization bound;worst-case response time","Time factors;Sufficient conditions;Semantics;Real time systems;Functional programming;Processor scheduling","","4","","15","IEEE","15 Dec 2011","24-26 Oct. 2011","24-26 Oct. 2011","IEEE","IEEE Conferences"
"A Formal Semantics of Clock Refinement in Imperative Synchronous Languages","M. Gemünde; J. Brandt; K. Schneider","Embedded Systems Group, University of Kaiserslautern, Germany; Embedded Systems Group, University of Kaiserslautern, Germany; Embedded Systems Group, University of Kaiserslautern, Germany",2010 10th International Conference on Application of Concurrency to System Design,"23 Aug 2010","2010","","","157","168","The synchronous model of computation divides the execution of a program into an infinite sequence of so-called macro steps, which are further divided into finitely many micro steps. Since all threads of a program are forced to run in lockstep, programmers have no means to express the independence of parallel threads, which leads to a phenomenon called over-synchronization. In this paper, we therefore propose a generalization of the synchronous model of computation by means of refined clocks, which divide a macro step into finer grained steps that themselves consist of micro steps. In particular, we present a structural operational semantics of sub clocks and prove that the internal asynchrony given by sub clocks still preserves input/output determinism.","1550-4808","978-1-4244-7267-3","10.1109/ACSD.2010.25","","https://ieeexplore.ieee.org/stamp/stamp.jsp?arnumber=5552679","Synchronous Languages;Quartz;Semantics;Subclocks","Clocks;Synchronization;Semantics;Computational modeling;Instruction sets;Analytical models","","3","","30","IEEE","23 Aug 2010","21-25 June 2010","21-25 June 2010","IEEE","IEEE Conferences"
"A comparison of OO and reactive based specifications on the design of embedded systems","S. A. Ito; J. C. B. de Mattos; L. Carro; S. S. Toscani","Computer Science, UFRGS, Brazil; Computer Science, UFRGS, Brazil; Electrical Engineering, UFRGS, Brazil; Computer Science, UNICRUZ, Brazil",Proceedings 13th Symposium on Integrated Circuits and Systems Design (Cat. No.PR00843),"6 Aug 2002","2000","","","391","396","The growing complexity of embedded systems has claimed more abstract approaches in order to apply some kind of system-level design methodology. Java is a natural candidate for system design language, due to its well known software compatibility and object-oriented features. On the other hand, reactive synchronous languages such as RS present several advantages to model specific domain applications, like embedded reactive real time systems. This paper presents an initial comparison of Java and RS that adopts different models of computation. The comparison has been made in terms of modeling facilities, simulation capability and synthesis results, obtained from the specification of some embedded systems.","","0-7695-0843-X","10.1109/SBCCI.2000.876060","","https://ieeexplore.ieee.org/stamp/stamp.jsp?arnumber=876060","","Embedded system;Java;Object oriented modeling;Computer science;Real time systems;Application software;Hardware;Microcontrollers;Indium tin oxide;Communication system control","","","","16","IEEE","6 Aug 2002","18-24 Sept. 2000","18-24 Sept. 2000","IEEE","IEEE Conferences"
"Partitioned Scheduling of P-FRP in Symmetric Homogenous Multiprocessors","C. Belwal; A. M. K. Cheng","Department of Computer Science, University of Houston, TX, USA; Department of Computer Science, University of Houston, TX, USA",2011 IFIP 9th International Conference on Embedded and Ubiquitous Computing,"15 Dec 2011","2011","","","47","54","Functional Reactive Programming (FRP) is a declarative approach to modeling and building reactive systems. Priority-based FRP (P-FRP) has recently been introduced as a FRP formalism that guarantees real-time response. P-FRP guarantees that when a higher priority task is released, the system will immediately preempt any executing lower-priority tasks. To maintain guarantees of state-less execution offered by the functional programming model, P-FRP implements a transactional nature of execution. Each higher priority event in P-FRP can abort a lower priority task forcing it to restart. Existing work on partitioning tasks in multi-processor systems have been focused on the classical preemptive model of execution1. However, due do its transactional nature, the schedulability tests used in the partitioning algorithms for the preemptive model, cannot be applied 'as is' to the P-FRP execution model. While multiprocessor response time analysis of P-FRP has been done in previous work, partitioning schemes for tasks in multi-processor systems have not been presented yet. In this paper, we present an exact schedulability test for P-FRP and use it in two existing first-fit partitioning schemes. We also introduce a new first-fit partitioning scheme based on the processing time of tasks, which yields better results than the other two schemes. We also show that the number of processors required to schedule tasks in P-FRP are more than or equal to the number of processors required to schedule the same in the preemptive model.","","978-1-4577-1822-9","10.1109/EUC.2011.55","","https://ieeexplore.ieee.org/stamp/stamp.jsp?arnumber=6104506","Multi-processor scheduling;real-time systems;functional programming;embedded systems;static partitioning","Partitioning algorithms;Processor scheduling;Real time systems;Algorithm design and analysis;Time factors;Functional programming","","5","","34","IEEE","15 Dec 2011","24-26 Oct. 2011","24-26 Oct. 2011","IEEE","IEEE Conferences"
"Autonomic management of missions and reconfigurations in FPGA-based embedded system","S. M. -K. Gueye; É. Rutten; J. -P. Diguet","Inria, Univ. Grenoble Alpes, Grenoble, France; Inria, Univ. Grenoble Alpes, Grenoble, France; CNRS, LAB-STICC, Lorient, France",2017 NASA/ESA Conference on Adaptive Hardware and Systems (AHS),"21 Sep 2017","2017","","","48","55","Implementing self-adaptive embedded systems, such as UV, involves an offline provisioning of the several implementations of the embedded functionalities with different characteristics in resource usage and performance in order for the system to dynamically adapt itself under uncertainties. FPGA-based architectures offer for support for high flexibility with dynamic reconfiguration features. We propose an autonomic control architecture for self-adaptive and self-reconfigurable FPGA-based embedded systems. The control architecture is structured in three layers: a mission manager, a reconfiguration manager and a scheduling manager. In this paper we focus on the design of the reconfiguration manager. We propose a design approach using automata-based discrete control. It involves reactive programming that provides formal semantics, and discrete controller synthesis from declarative objectives.","2471-769X","978-1-5386-3439-4","10.1109/AHS.2017.8046358","","https://ieeexplore.ieee.org/stamp/stamp.jsp?arnumber=8046358","Reactive languages;Space systems and missions;Performance;cost;power;reliability strategies;Reconfigurable circuits","Field programmable gate arrays;Hardware;Embedded systems;Computer architecture;Programming;Uncertainty;Runtime","","12","","13","IEEE","21 Sep 2017","24-27 July 2017","24-27 July 2017","IEEE","IEEE Conferences"
"RJOP - A customized Java processor for reactive embedded systems","M. Nadeem; M. Biglari-Abhari; Z. Salcic","Department of Electrical and Computer Engineering, University of Auckland, Auckland, New Zealand; Department of Electrical and Computer Engineering, University of Auckland, Auckland, New Zealand; Department of Electrical and Computer Engineering, University of Auckland, Auckland, New Zealand",2011 48th ACM/EDAC/IEEE Design Automation Conference (DAC),"11 Aug 2011","2011","","","1038","1043","This paper presents a novel, high performance and low cost execution architecture for the system level GALS programming language SystemJ, which extends Java with synchronous reactive features present in Esterel and asynchronous constructs of CSP (Communicating Sequential Processes). The new architecture is based on JOP (Java Optimized Processor), which is a hardware implementation of the Java Virtual Machine (JVM). The JOP, inherently suited to data-driven transformational operations, is extended to efficiently execute the control constructs and control flow of SystemJ. The new core, which is called RJOP (Reactive JOP) supports efficient execution of both data dominated and control dominated embedded applications. It also maintains the time-predictable execution of the applications intended for real-time embedded systems and calculation of Worst Case Reaction Time (WCRT) as provided by the original core. The initial results indicate significant performance improvement and lower resource requirements over the existing architectures used for the SystemJ execution.","85-644924","978-1-4503-0636-2","","","https://ieeexplore.ieee.org/stamp/stamp.jsp?arnumber=5982024","Reactive Embedded Systems;Java Processor;Synchronous Languages","Java;Registers;Process control;Synchronization;Hardware;Embedded systems;Computer architecture","","","","9","","11 Aug 2011","5-9 June 2011","5-9 June 2011","IEEE","IEEE Conferences"
"Building IoT Systems Using Distributed First-Class Reactive Programming","C. de Troyer; J. Nicolay; W. de Meuter","Software Languages Lab, Vrije Universiteit Brussel, Brussels, Belgium; Software Languages Lab, Vrije Universiteit Brussel, Brussels, Belgium; Software Languages Lab, Vrije Universiteit Brussel, Brussels, Belgium",2018 IEEE International Conference on Cloud Computing Technology and Science (CloudCom),"27 Dec 2018","2018","","","185","192","Contemporary IoT systems are challenging to develop, deploy, and maintain. This is because of their ever-increasing scale, dynamic network topologies, heterogeneity and resource constraints of the involved devices, and failures that may occur as a result of these characteristics. Existing approaches are either not at the right level of abstraction, require developers to learn specialized languages, or miss certain key features to address all these challenges in a uniform manner. In this paper we leverage reactive programming and code mobility to support the entire life-cycle of large-scale IoT systems. Our approach is based on existing programming technologies and offers simple and composable abstractions to developers. We implemented our approach in a middleware called Potato and used it to develop and deploy an IoT application on a Raspberry Pi cluster. We found that using Potato reduces much of the accidental complexity associated with developing and deploying IoT systems, resulting in clean and maintainable programs.","2330-2186","978-1-5386-7899-2","10.1109/CloudCom2018.2018.00045","","https://ieeexplore.ieee.org/stamp/stamp.jsp?arnumber=8591014","iot;code mobility;observables;reactive programming","Programming;Thermometers;Smart phones;Runtime;Software;Buildings","","5","","20","IEEE","27 Dec 2018","10-13 Dec. 2018","10-13 Dec. 2018","IEEE","IEEE Conferences"
"Functional Reactive Program Translator for Controlling Robot Systems","B. -J. Lee; D. -J. Lee; G. Woo","Department of Computer Engineering, Pusan National University, South Korea; Test Automation Center, SureSoft Technologies, Inc., USA; Department of Computer Engineering, Pusan National University, South Korea",2007 International Conference on Convergence Information Technology (ICCIT 2007),"7 Jan 2008","2007","","","1322","1325","FRP (functional reactive programming) is a domain- specific sub-language embedded in Haskell. FRP is developed based on the arrow types and suitable for programming reactive systems such as robot systems. An essential higher-order type, namely signal, provides higher levels of abstractions of reactive systems. However, FRP can not be directly applicable to most robot systems since it is implemented on top of a heavy language Haskell. To overcome this limitation, RT-FRP (real-time functional reactive programming) was proposed, but any practical implementation of RT-FRP has not been proposed currently. In this paper, RT-FRP is implemented as a form of C translator. The proposed translator converts RT-FRP programs into C programs. To measure the effectiveness of the RT-FRP translator, some robot control programs are developed, translated, and loaded on top of LEGO MindStorm. According to the experimental result, the reactive logic can be coded more concisely using RT-FRP than C although the size of the binary code is somewhat increased.","","0-7695-3038-9","10.1109/ICCIT.2007.340","","https://ieeexplore.ieee.org/stamp/stamp.jsp?arnumber=4420439","","Robot control;Control systems;Fiber reinforced plastics;Functional programming;Robot programming;Robotics and automation;Delay;Embedded computing;Embedded system;Programming profession","","","","8","IEEE","7 Jan 2008","21-23 Nov. 2007","21-23 Nov. 2007","IEEE","IEEE Conferences"
"Fast Functional Size Measurement with Synchronous Languages: An Approach Based on LUSTRE and on the Cosmic ISO 19761 Standard","H. Soubra","Embedded Systems Group, ESTACA-Engineering School, Laval, France",2013 Joint Conference of the 23rd International Workshop on Software Measurement and the 8th International Conference on Software Process and Product Measurement,"2 Jan 2014","2013","","","3","8","Functional size measurement is considered a complicated, tedious and time-consuming task when performed manually. Automating FSM is one solution to help in applying it and using it. Another solution is designing simple and easy-to-apply FSM procedures. The Synchronous Languages (SL) are built on solid mathematical foundations and used for correctly designing safety-critical reactive real-time systems. They are known for their strong semantic soundness, allowing the design of explicit safely-constructed formal models where the interpretation of a model is unique and reader-independent. These properties are very useful in the context of FSM because they help create simple FSM procedures and hence speed up the measurement process. In this paper, we propose a fast functional size measurement (FSM) procedure, based on the COSMIC method-ISO 19761, for safety-critical real-time systems described with the synchronous language LUSTRE.","","978-0-7695-5078-7","10.1109/IWSM-Mensura.2013.11","","https://ieeexplore.ieee.org/stamp/stamp.jsp?arnumber=6693215","Synchronous Languages;LUSTRE;SCADE;Functional size measurement;real-time systems;safety-critical systems;COSMIC ISO 19761","Size measurement;Software;Real-time systems;Software measurement;Mathematical model;Modeling;Equations","","1","","18","IEEE","2 Jan 2014","23-26 Oct. 2013","23-26 Oct. 2013","IEEE","IEEE Conferences"
"Autonomic Management of Reconfigurations in DPR FPGA-based Embedded System","S. M. -K. Gueye; É. Rutten; J. -P. Diguet","Univ. Grenoble Alpes, Grenoble INP, LIG, Grenoble, France; Univ. Grenoble Alpes, Grenoble INP, LIG, Grenoble, France; CNRS, LAB-STICC, France",2018 International Conference on High Performance Computing & Simulation (HPCS),"1 Nov 2018","2018","","","557","558","Implementing self-adaptive embedded systems, such as UAVs, involves an offline provisioning of the several implementations of the embedded functionalities with different characteristics in resource usage and performance in order for the system to dynamically adapt itself under uncertainties. FPGA-based architectures offer for support for high flexibility with dynamic reconfiguration features. We propose an autonomic control architecture for self-adaptive and self- reconfigurable FPGA-based embedded systems. The control architecture is structured in three layers: a mission manager, a reconfiguration manager and a scheduling manager. In this work we focus on the design of the reconfiguration manager. We propose a design approach using automata-based discrete control. It involves reactive programming that provides formal semantics, and discrete controller synthesis from declarative objectives.","","978-1-5386-7879-4","10.1109/HPCS.2018.00093","","https://ieeexplore.ieee.org/stamp/stamp.jsp?arnumber=8514398","","Task analysis;Embedded systems;Field programmable gate arrays;Computer architecture;Hardware;Control systems;Programming","","","","10","IEEE","1 Nov 2018","16-20 July 2018","16-20 July 2018","IEEE","IEEE Conferences"
"IoT-Web Smart Waste Management System for Environmental Sustainability in Smart Cities: An Integrated Approach Under Swachh Bharat Mission","Shwetank; A. Vishwakarma; S. Prajapati; Amrish; S. Kumar","DCS, GK(DU), Haridwar, Uttarakhand, India; DCS, GK(DU), Haridwar, Uttarakhand, India; DCS, GK(DU), Haridwar, Uttarakhand, India; CSA, COER University, Roorkee, Uttarakhand, India; DCS, GK(DU), Haridwar, Uttarakhand, India","2025 International Conference on Cognitive Computing in Engineering, Communications, Sciences and Biomedical Health Informatics (IC3ECSBHI)","20 May 2025","2025","","","369","373","Waste management commonly employs the Internet of Things (IoT) to enhance and refine the processes of waste collection, disposal, and recycling. The present work introduces an IoT-Web Smart Waste Management System (SWMS) under the ‘Swachh Bharat Mission’ for smart cities. This study aims to promote sustainable waste management practices that maintain a clean, eco-friendly environment. We achieve this by integrating robust FRP (fiber-reinforced plastic) with laser sensors (VL53LOX) for accurate garbage level monitoring, load sensors for weight measurement, and microcontrollers (Node-MCU2ESP32 and Arduino) for various tasks. Additionally, an MQ-2 gas sensor identifies unhealthy and flammable gases, signaling the need to clean the bin. The bin lives with a servomotor (MG995), battery, and buzzer. When in operation mode, the lid automatically opens upon an approaching person and closes upon the proper placement of waste. It also prevents overflow by staying shut when it is full. Operators can access real-time data remotely by channelizing and hosting the smart bin on a web server. This cloud-based web application makes it convenient for users to track waste levels, receive alerts when the bin is full, and take timely action, all from the comfort of their home. This IoT and web approach improves waste management by allowing users to make proactive decisions on live data. This model can also be implemented in commercial applications such as schools, colleges, universities, railways, airports, shopping malls, car parks, hospitals, and other public places. This model not only engages children but also makes waste disposal more exciting, thereby promoting better waste management practices. This study is to present an IoT-Web Smart Waste Management System to improve efficiency, reduce costs, and enhance environmental sustainability.","","979-8-3315-1852-3","10.1109/IC3ECSBHI63591.2025.10991162","","https://ieeexplore.ieee.org/stamp/stamp.jsp?arnumber=10991162","IoT;Microcontroller;Waste Management;Environment;Sustainability","Waste management;Microcontrollers;Smart cities;Hospitals;Green products;Rail transportation;Internet of Things;Automobiles;Intelligent sensors;Monitoring","","2","","18","IEEE","20 May 2025","16-18 Jan. 2025","16-18 Jan. 2025","IEEE","IEEE Conferences"
"Synchronous methodology for designing hardware, software and mixed embedded systems","G. Berry","Esterel Technologies, TWINSI, Villeneuve Loubet, France",17th International Conference on VLSI Design. Proceedings.,"24 Aug 2004","2004","","","24","25","The tutorial presents the synchronous methodology for the design of hardware, software, or mixed embedded systems. This methodology was initially developed in the mid 80's in research, with the creation of synchronous languages such as Esterel, Lustre, or Signal. It became industrial in the 90's and is now used in a wide range of applications, from the design of safety-critical systems in avionics or automobile to the design and verification of complex electronic circuits and Systems on Chip. We first present the basic cycle-based synchronous computation model and give a general overview of synchronous techniques, tools, and application areas. We explain why the synchronous approach makes design safer and verification simpler and we give industrial references. We then address the following technical issues: textual vs. graphical specification; sequencing, concurrency, and preemption; control path vs. data path; optimized hardware and software synthesis; formal verification of assertions and properties. We illustrate the topics by various examples, using the Esterel Studio system for demos. Finally, we show how synchronous techniques make it possible to generate hardware or software from the same specification and with the very same semantics, and how they fit in conventional hardware and software workflows.","","0-7695-2072-3","10.1109/ICVD.2004.1260897","","https://ieeexplore.ieee.org/stamp/stamp.jsp?arnumber=1260897","","Design methodology;Software design;Hardware;Embedded software;Embedded system;Application software;Electronics industry;Aerospace electronics;Automobiles;Electronic circuits","","3","","","IEEE","24 Aug 2004","9-9 Jan. 2004","9-9 Jan. 2004","IEEE","IEEE Conferences"
"On the compilation of statecharts models into target code for embedded systems","E. Erpenbach; J. Stroop; F. J. Rammig","C-Laboratories, Paderborn, Germany; C-Laboratories, Paderborn, Germany; C-Laboratories, Paderborn, Germany",Proceedings of the 1999 IEEE International Symposium on Computer Aided Control System Design (Cat. No.99TH8404),"6 Aug 2002","1999","","","249","254","Synchronous languages have proven to be very adequate for the modeling of embedded systems. Following the semantics of a synchronous language, a model starts execution from an initial state, receives signals from the environment and iterates until it reaches a stable state. Synchronous models thus react to a stimulus with a chain of actions, where the number of iteration steps in the chain reaction is not explicitly defined. This paper focuses on the language statecharts, and describes how knowledge about the worst-case number of iteration steps (WCNIS) that synchronous models execute to reach a stable state can be used to avoid time consuming run-time detection of stability and significantly improve the quality of programs generated from such models in general. Moreover, the paper describes a method for determining the WCNIS, a given statecharts model executes to reach a stable state. The method described has been integrated in a code generator for STATEMATE models, and experimental results are presented.","","0-7803-5500-8","10.1109/CACSD.1999.808656","","https://ieeexplore.ieee.org/stamp/stamp.jsp?arnumber=808656","","Embedded system;Computer architecture;Stability;Embedded computing;Random access memory;Runtime;Synchronous generators;Analytical models;Virtual prototyping;Flow graphs","","1","","9","IEEE","6 Aug 2002","27-27 Aug. 1999","27-27 Aug. 1999","IEEE","IEEE Conferences"
"Targeting different abstraction layers by model-based design methods for embedded systems: A case study","O. Rafique; M. Gesell; K. Schneider","Department of Computer Science, University of Kaiserslautern, Kaiserslautern, Germany; Department of Computer Science, University of Kaiserslautern, Kaiserslautern, Germany; Department of Computer Science, University of Kaiserslautern, Kaiserslautern, Germany",2013 IEEE 19th International Conference on Embedded and Real-Time Computing Systems and Applications,"6 Feb 2014","2013","","","334","337","In this paper, we show how code can be generated at different levels of abstraction from a single source description. To this end, we use a model-driven development tool called Averest that is based on a synchronous programming language. We illustrate our approach by means of a case study from the domain of distributed real-time automotive embedded systems. This paper focuses thereby mainly on the use of the Averest toolkit to generate code at different levels of abstraction.","2325-1301","978-1-4799-0850-9","10.1109/RTCSA.2013.6732235","","https://ieeexplore.ieee.org/stamp/stamp.jsp?arnumber=6732235","","Mathematical model;Unified modeling language;Switches;Pulse width modulation;Hardware;Embedded systems","","","","6","IEEE","6 Feb 2014","19-21 Aug. 2013","19-21 Aug. 2013","IEEE","IEEE Conferences"
"SmartC: A Component-Based Hierarchical Modeling Language for Automotive Electronics","G. Yang; H. Li; Z. Wu","College of Computer Science, University of Zhejiang, Hangzhou, Zhejiang, China; College of Computer Science, University of Zhejiang, Hangzhou, Zhejiang, China; College of Computer Science, University of Zhejiang, Hangzhou, Zhejiang, China","2006 2nd IEEE International Symposium on Dependable, Autonomic and Secure Computing","19 Dec 2006","2006","","","203","210","This paper introduces SmartC, a language designed for programming automotive electronics embedded systems such as engine control systems. SmartC is a hierarchical modeling language and implements the SmartOSEK operating system model. The SmartC models are classified into four levels, namely module level, task level, subtask level and component level. In the SmartC models, control-flow oriented models and data-flow oriented models are integrated in the hybrid SmartC models. At the task level, the model is constructed based on the control flow, whereas the component level model is constructed based on the dataflow. In SmartC programs, all inter-task communication, task triggering mechanisms, and access to guarded global variables, are automatically generated by the SmartC generator which generates the C code from the SmartC code. Having well-structured concurrency mechanisms, SmartC greatly reduces the risk of concurrency errors, such as deadlock and race conditions. The SmartC language is implemented on the automated manual transmission (AMT) control system and is compatible with the OSEK/VDXspecifications. We use a continuous time (CT) model as an example to illustrate the effectiveness of the language","","0-7695-2539-3","10.1109/DASC.2006.45","","https://ieeexplore.ieee.org/stamp/stamp.jsp?arnumber=4030884","","Automotive electronics;Embedded system;Automotive engineering;Operating systems;Embedded software;Communication system control;Application software;Control system synthesis;Software systems;Automatic control","","3","","13","IEEE","19 Dec 2006","29 Sept.-1 Oct. 2006","29 Sept.-1 Oct. 2006","IEEE","IEEE Conferences"
"Feasibility Interval for the Transactional Event Handlers of P-FRP","C. Belwal; A. M. K. Cheng","Department of Computer Science, University of Houston, TX, USA; Department of Computer Science, University of Houston, TX, USA","2011IEEE 10th International Conference on Trust, Security and Privacy in Computing and Communications","2 Jan 2012","2011","","","966","973","Functional Reactive Programming (FRP) is a resource aware declarative approach for modeling and building safety-critical embedded systems. Recently, Priority-based FRP (P-FRP) was introduced as a formalism that guarantees real-time response. Due to the state-less nature of execution of functional programs, P-FRP implements a transactional nature of execution where preempted lower priority tasks are aborted. This makes the response time of a lower priority task completely dependent on the execution pattern of higher priority tasks. The feasibility interval in the classical preemptive model of real-time systems is known and is dependent on the least common multiple (LCM) of task periods. However, since the abort nature of preemption can induce side-effects on the execution of lower priority tasks, it has been unknown to date if the feasibility in P-FRP is also dependent on the LCM. In this paper, we rigorously prove that these side-effects of preemption are bounded within the LCM and formally derive a value of the feasibility interval in P-FRP. This value of feasibility interval is vital for more robust schedulability analysis of the P-FRP execution model.","2324-9013","978-1-4577-2135-9","10.1109/TrustCom.2011.133","","https://ieeexplore.ieee.org/stamp/stamp.jsp?arnumber=6120926","Real-time systems;schedulability;functional programming;feasibility interval;response time analysis","Real time systems;Time factors;Semantics;Integrated circuit modeling;Analytical models;Computational modeling;Programming","","3","","22","IEEE","2 Jan 2012","16-18 Nov. 2011","16-18 Nov. 2011","IEEE","IEEE Conferences"
"SmartC: A Component-Based Hierarchical Modeling Language for Automotive Electronics","G. Yang; M. Zhao; Hongli; Z. Wu","College of Computer Science, Zhejiang University, Hangzhou, P. R. China; College of Computer Science, Zhejiang University, Hangzhou, P. R. China; College of Computer Science, Zhejiang University, Hangzhou, P. R. China; College of Computer Science, Zhejiang University, Hangzhou, P. R. China","2006 9th International Conference on Control, Automation, Robotics and Vision","16 Jul 2007","2006","","","1","6","This paper introduces SmartC, a language designed for programming automotive electronics embedded systems such as engine control systems. SmartC is a hierarchical modeling language and implements the SmartOSEK operating system model. The SmartC models are classified into four levels, namely module level, task level, subtask level and component level. In the SmartC models, control-flow oriented models and data-flow oriented models are integrated in the hybrid SmartC models. At the task level, the model is constructed based on the control flow, whereas the component level model is constructed based on the data flow. In SmartC programs, all inter-task communication, task triggering mechanisms, and access to guarded global variables, are automatically generated by the SmartC generator which generates the C code from the SmartC code. Having well-structured concurrency mechanisms, SmartC greatly reduces the risk of concurrency errors, such as deadlock and race conditions. The SmartC language is implemented on the automated manual transmission (AMT) control system and is compatible with the OSEK/VDX specifications. We use a continuous time (CT) model as an example to illustrate the effectiveness of the language.","","1-4244-0341-3","10.1109/ICARCV.2006.345212","","https://ieeexplore.ieee.org/stamp/stamp.jsp?arnumber=4150282","OSEK/VDX;Modeling Language;Domain-specific Language","Automotive electronics;Embedded system;Automotive engineering;Embedded software;Operating systems;Control system synthesis;Communication system control;Application software;Software systems;Automatic control","","1","","15","IEEE","16 Jul 2007","5-8 Dec. 2006","5-8 Dec. 2006","IEEE","IEEE Conferences"
"Software-Defined Watchdog Timers for Cyber-Physical Systems","B. Asch; E. Jellum; M. Lohstroh; E. A. Lee","Department of Electrical Engineering and Computer Sciences, University of California at Berkeley, Berkeley, CA, USA; Department of Engineering Cybernetics, Norwegian University of Science and Technology, Tronheim, Norway; Department of Electrical Engineering and Computer Sciences, University of California at Berkeley, Berkeley, CA, USA; Department of Electrical Engineering and Computer Sciences, University of California at Berkeley, Berkeley, CA, USA",IEEE Embedded Systems Letters,"17 Apr 2025","2025","17","2","115","118","This letter introduces software-defined watchdogs, a programming model for handling faults that manifest as delayed or missing signals. The programming model is implemented as an extension to the polyglot coordination language Lingua Franca, where it acts as an eager deadline for delayed inputs. The technique is compared against hardware-defined watchdogs and software watchdogs in other reactive languages.","1943-0671","","10.1109/LES.2024.3467332","National Science Foundation (NSF, Consistency vs. Availability in Cyber-Physical Systems)(grant numbers:CNS-2233769); iCyPhy Research Center (Industrial Cyber-Physical Systems); Denso; Siemens; Toyota Motor Corporation; ","https://ieeexplore.ieee.org/stamp/stamp.jsp?arnumber=10693560","Cyber-physical systems;distributed systems;fault-handler;reactive programming;scheduling","Inductors;Codes;Dogs;Programming;Monitoring;Delays;Software","","2","","12","CCBY","25 Sep 2024","April 2025","","IEEE","IEEE Journals"
"Dangerous Driving Behavior Monitoring System based on Raspberry PI 5","T. Liu; L. Ding; Y. Yao; X. Deng; Y. Zhang; K. Jiang","College of Information and Communication, Guilin University of Electronic Technology, Guilin, China; College of Information and Communication, Guilin University of Electronic Technology, Guilin, China; College of Information and Communication, Guilin University of Electronic Technology, Guilin, China; College of Information and Communication, Guilin University of Electronic Technology, Guilin, China; College of Information and Communication, Guilin University of Electronic Technology, Guilin, China; College of Information and Communication, Guilin University of Electronic Technology, Guilin, China",2025 4th International Symposium on Computer Applications and Information Technology (ISCAIT),"3 Jun 2025","2025","","","1023","1028","According to the domestic and foreign highway traffic safety accident reports, driver fatigue driving and distracted driving are the main causes of traffic safety accidents, and the concealment and severity of accidents are much higher than others. Therefore, vehicle driving behavior monitoring plays an important role in reducing traffic accidents. This paper proposes a method based on image processing technology to detect fatigue driving and distracted driving. For the former, this paper uses the 68-aspect feature point detection algorithm encapsulated in the Dlib library, and extracts facial fatigue information through the shape detector of Dlib for face recognition and eye and mouth location tracking. For the latter, this paper proposes a driving behavior recognition method based on YOLOv5-Lite, a lightweight object detection model, which still has a good detection effect while reducing the calculation amount, so that it can be easily deployed to edge devices. The Python Flask micro framework and FRP (Fast Reverse Proxy) Intranet penetration tool are used to realize remote real-time web monitoring of drivers, complete the overall function of the system, and can effectively reduce road traffic safety accidents.","","979-8-3315-4285-6","10.1109/ISCAIT64916.2025.11010443","","https://ieeexplore.ieee.org/stamp/stamp.jsp?arnumber=11010443","Fatigue detection;Distraction detection;YOLOv5Lite;Dlib;remote monitoring","Image edge detection;Face recognition;Computational modeling;Detectors;Fatigue;Feature extraction;Safety;Driver behavior;Accidents;Vehicles","","2","","7","IEEE","3 Jun 2025","21-23 March 2025","21-23 March 2025","IEEE","IEEE Conferences"
"Building a hybrid systems modeler from synchronous language principles","M. Pouzet","D1, Ecole normale superieure",2015 International Conference on Embedded Software (EMSOFT),"9 Nov 2015","2015","","","125","126","Hybrid systems modeling languages are widely used in the development of embedded systems. Two representatives are Simulink/Stateflow1 that combine Ordinary Differential Equations (ODEs), data-flow and difference equations, hierarchical automata a la StateCharts [14] together with imperative features; and the Modelica language [1]2 based on DAEs with features for modeling discrete components. Ptolemy II3 is another example in which several models of computation are combined [15]. The formal verification of hybrid systems has been extensively studied [9]. Yet, we share the viewpoint of Lee and Zheng that hybrid modeling languages are best viewed as programming languages that happen to have a hybrid systems semantics [16, 17]. This raises important questions related to their design, semantics and implementation, to get efficient and reliable simulations as well as provably equivalent embedded target code. While sequential code generation in hybrid modeling tools is routinely used for efficient simulation, it is little used or not used at all to produce target embedded code in critical applications that are submitted to strong safety requirements. This results in a break in the development chain: parts of applications must be rewritten into sequential code and all properties verified on the source model cannot be trusted and have to be reverified on the target code.","","978-1-4673-8079-9","10.1109/EMSOFT.2015.7318267","","https://ieeexplore.ieee.org/stamp/stamp.jsp?arnumber=7318267","Real-time systems;Hybrid systems;Synchronous languages;Block diagrams;Compilation;Semantics;Type systems","Computational modeling;Mathematical model;Semantics;Object oriented modeling;Embedded systems;Automata;Computer languages","","1","","18","IEEE","9 Nov 2015","4-9 Oct. 2015","4-9 Oct. 2015","IEEE","IEEE Conferences"
"Blech, Imperative Synchronous Programming!","F. Gretz; F. -J. Grosch","Robert Bosch GmbH Corporate Research, Renningen, Germany; Robert Bosch GmbH Corporate Research, Renningen, Germany",2018 Forum on Specification & Design Languages (FDL),"8 Nov 2018","2018","","","5","16","We discuss how separate compilation and usage of structured data can be achieved in a synchronous imperative programming language for embedded systems. Our focus is on the practical aspects of these questions regarding expressiveness in programs as well as causality analysis and code generation. The approach is illustrated by means of examples written in our new language “Blech”.","1636-9874","978-1-5386-6418-6","10.1109/FDL.2018.8524036","","https://ieeexplore.ieee.org/stamp/stamp.jsp?arnumber=8524036","embedded software;synchronous programming languages;separate compilation;causality analysis;structured data","Programming;Reactive power;Software;Runtime environment;Payloads;Computer languages","","4","","12","IEEE","8 Nov 2018","10-12 Sept. 2018","10-12 Sept. 2018","IEEE","IEEE Conferences"
"Extending synchronous languages for generating abstract real-time models","G. Logothetis; K. Schneider","Institute for Computer Design and Fault Tolerance, University of Karlsruhe, Karlsruhe, Germany; Institute for Computer Design and Fault Tolerance, University of Karlsruhe, Karlsruhe, Germany","Proceedings 2002 Design, Automation and Test in Europe Conference and Exhibition","7 Aug 2002","2002","","","795","802","We present an extension of synchronous programming languages that can be used to declare program locations irrelevant for verification. An efficient algorithm is proposed to generate from the output of the usual compilation an abstract real-time model by ignoring the irrelevant states, while retaining the quantitative information. Our technique directly generates a single real-time transition system, thus overcoming the known problem of composing several real-time models. A major application of this approach is the verification of real-time properties by symbolic model checking.","1530-1591","0-7695-1471-5","10.1109/DATE.2002.998390","","https://ieeexplore.ieee.org/stamp/stamp.jsp?arnumber=998390","","Synchronous generators;Real time systems;Fault tolerance;Time to market;Costs;State-space methods;Safety;Hardware;Embedded system;Formal verification","","6","","30","IEEE","7 Aug 2002","4-8 March 2002","4-8 March 2002","IEEE","IEEE Conferences"
"Lustre, Fast First, and Fresh","T. Bourke; M. Pouzet","Inria, Paris, France; Inria, Paris, France",IEEE Embedded Systems Letters,"17 Apr 2025","2025","17","2","119","122","The rate-synchronous model formalizes an industrial approach for composing Lustre nodes that execute at different rates. Such programs are compiled to cyclic sequential code in two steps. First, an integer linear program is solved to assign each component to a phase relative to its period. Second, the corresponding step functions are ordered for execution within a cycle of the generated code. By default, programs are deterministic: for any valid schedule, the generated code calculates the values decreed by the source dataflow semantics at the specified rates. In practice, though, specifying precise values in the source program is sometimes unnecessary, impracticable, and overly constraining. In this case, the integer linear programming constraints can be relaxed, though not necessarily completely, and their solution decides which dataflow semantics applies. Care is still required to ensure that code generation remains deterministic.","1943-0671","","10.1109/LES.2024.3498932","","https://ieeexplore.ieee.org/stamp/stamp.jsp?arnumber=10753468","Dataflow synchronous programming;time-centric reactive software","Codes;Streams;Syntactics;Semantics;Clocks;Mathematical models;Schedules;Switches;Reactive power;Pipelines","","1","","14","IEEE","14 Nov 2024","April 2025","","IEEE","IEEE Journals"
"A Hard Real Time Demonstrator for Dynamic Ticks and Timed SCCharts","A. Boysen; A. Schulz-Rosengarten; R. von Hanxleden","Department of Computer Science, Kiel University, Kiel, Germany; Department of Computer Science, Kiel University, Kiel, Germany; Department of Computer Science, Kiel University, Kiel, Germany",2020 Forum for Specification and Design Languages (FDL),"2 Nov 2020","2020","","","1","8","Synchronous programming languages, such as Esterel, Lustre, SCADE or SCCharts, have been developed for designing reactive systems. They abstract from computation times and assume that outputs are synchronous with their inputs. This leads to a deterministic semantics, without race conditions, which makes synchronous languages particularly suitable for safety-critical systems. However, even though synchronous languages have been designed with real-time applications in mind, the handling of physical time is traditionally left to the execution environment. This makes e. g. the expression of arbitrary timeouts difficult and may lead to excessive “busy waiting” computations. The recent proposal of dynamic ticks alleviates this by making physical time a first-class citizen within the synchronous programming model. In this paper, we explore and demonstrate the practical merits of dynamic ticks, including improved timing accuracy and reduced computational requirements, in the context of Timed SCCharts. As demonstration platform, we present a hardware/software platform that involves two stepper motors whose operation must be synchronized at microsecond accuracy to avoid physical damage.","1636-9874","978-1-7281-8928-4","10.1109/FDL50818.2020.9232943","","https://ieeexplore.ieee.org/stamp/stamp.jsp?arnumber=9232943","Real-time systems;reactive systems;synchronous languages;dynamic ticks;FPGA","Synchronous motors;Real-time systems;Timing;Software;Clocks;Vehicle dynamics;Hardware","","","","19","IEEE","2 Nov 2020","15-17 Sept. 2020","15-17 Sept. 2020","IEEE","IEEE Conferences"
"Embedding Polychrony into Synchrony","J. Brandt; M. Gemünde; K. Schneider; S. K. Shukla; J. -P. Talpin","Department of Computer Science, University of Kaiserslautern, Kaiserslautern, Germany; Department of Computer Science, University of Kaiserslautern, Kaiserslautern, Germany; Department of Computer Science, University of Kaiserslautern, Kaiserslautern, Germany; Hume Center for National Security and Technology, Virginia Tech Arlington Research Center, Arlington, VA, USA; Rennes-Bretagne-Atlantique, IRISA/INRIA, INRIA, Rennes, France",IEEE Transactions on Software Engineering,"26 Jun 2013","2013","39","7","917","929","This paper presents an embedding of polychronous programs into synchronous ones. Due to this embedding, it is not only possible to deepen the understanding of these different models of computation, but, more importantly, it is possible to transfer compilation techniques that were developed for synchronous programs to polychronous programs. This transfer is nontrivial because the underlying paradigms differ more than their names suggest: Since synchronous systems react deterministically to given inputs in discrete steps, they are typically used to describe reactive systems with a totally ordered notion of time. In contrast, polychronous system models entail a partially ordered notion of time, and are most suited to interface a system with an asynchronous environment by specifying input/output constraints from which a deterministic controller may eventually be refined and synthesized. As particular examples for the mentioned cross fertilization, we show how a simulator and a verification backend for synchronous programs can be made available to polychronous specifications, which is a first step toward integrating heterogeneous models of computation.","1939-3520","","10.1109/TSE.2012.85","","https://ieeexplore.ieee.org/stamp/stamp.jsp?arnumber=6381420","Model-driven embedded software;synchronous programming;polychronous programming;programming models;synchrony hypothesis;synchronous guarded commands","Clocks;Computational modeling;Synchronization;Embedded systems;Hardware;Unified modeling language","","6","","42","IEEE","13 Dec 2012","July 2013","","IEEE","IEEE Journals"
"Investigation of Circularly Polarized CPW Fed Antenna as a 2.45 GHz RFID Reader","A. Birwal; V. Kaushal; K. Patel","Department of Electronic Science, University of Delhi South Campus, New Delhi, India; Department of Electronic Science, University of Delhi South Campus, New Delhi, India; Department of Electronic Science, University of Delhi South Campus, New Delhi, India",IEEE Journal of Radio Frequency Identification,"23 Sep 2022","2022","6","","593","600","In this paper, a bi-directional coplanar-waveguide (CPW)-fed antenna with circular polarization (CP) is investigated as a radio frequency identification (RFID) reader antenna. The antenna geometry is square and printed on one side of the FR4 substrate only, which consumes an overall dimension of  $60\times 60$  mm2 with a thickness of 1.5 mm. The simulated and measured parameters of the antenna are in agreement with an impedance bandwidth ( $\text{S}_{11} < -10$  dB) of 40.2% (2.18–3.28 GHz) and ARBW (<3 dB) of 28.3% (2.03-2.7 GHz), respectively. The peak gain of the proposed antenna is 3.17 dBi in both ± z directions. An Arduino UNO-based open-source microcontroller setup is used for studying this antenna as an RFID reader antenna, along with a wireless module NRF24L01 module at 2.45 GHz with an external antenna (tag). The path loss between the tag and reader antennas is found to increase in the desired band due to interference exists.","2469-7281","","10.1109/JRFID.2022.3172691","Faculty Research Programme (FRP) of the Institute of Eminence (IoE) Scheme of the University of Delhi(grant numbers:IoE/2021/12/FRP); ","https://ieeexplore.ieee.org/stamp/stamp.jsp?arnumber=9770194","Axial ratio (AR);circular polarization (CP);RFID;reader antenna;return loss","Antennas;Radiofrequency identification;Antenna measurements;Impedance;Polarization;Microwave antennas;Wireless communication","","18","","20","IEEE","6 May 2022","2022","","IEEE","IEEE Journals"
"Exact high level WCET analysis of synchronous programs by symbolic state space exploration","G. Logothetis; K. Schneider","Institute for Computer Design and Fault Tolerance, University of Karlsruhe, Karlsruhe, Germany; Department of Computer Science, University of Kaiserslautern, Kaiserslautern, Germany","2003 Design, Automation and Test in Europe Conference and Exhibition","19 Dec 2003","2003","","","196","203","In this paper a novel approach to high-level (i.e. architecture independent) worst case execution time (WCET) analysis is presented that automatically computes exact bounds for all inputs. To this end, we make use of the distinction between micro and macro steps as usually done by synchronous languages. As macro steps must not contain loops, a later low-level WCET analysis (architecture dependent) is simplified to a large extent. Checking exact execution times for all inputs is a complex task that can nevertheless be efficiently done when implicit state space representations are used. With our tools, it is not only possible to compute path information by exploring all computations, but also to verify given path information.","1530-1591","0-7695-1870-2","10.1109/DATE.2003.1186386","","https://ieeexplore.ieee.org/stamp/stamp.jsp?arnumber=1186386","","State-space methods;Space exploration;Computer architecture;Real time systems;Embedded system;Microcontrollers;Fault tolerance;Computer science;Microprocessors;Embedded computing","","6","","30","IEEE","19 Dec 2003","7-7 March 2003","7-7 March 2003","IEEE","IEEE Conferences"
"galsC: a language for event-driven embedded systems","E. Cheong; J. Liu","Department of EECS, University of California Berkeley, Berkeley, CA, USA; Microsoft Research Limited, Redmond, WA, USA","Design, Automation and Test in Europe","21 Mar 2005","2005","","","1050","1055 Vol. 2","We introduce galsC, a language designed for programming event-driven embedded systems such as sensor networks. galsC implements the TinyGALS (globally asynchronous and locally synchronous) programming model. At the local level, software components are linked via synchronous method calls to form actors. At the global level, actors communicate with each other asynchronously via message passing, which separates the flow of control between actors. A complementary model, called TinyGUYS, is a guarded yet synchronous model designed to allow thread-safe sharing of global state between actors via parameters without explicitly passing messages. The galsC compiler extends the nesC compiler, which allows for better type checking and code generation. Having a well-structured concurrency model at the application level greatly reduces the risk of concurrency errors, such as deadlock and race conditions. The galsC language is implemented on the Berkeley motes and is compatible with the TinyOS/nesC component library. We use a multi-hop wireless sensor network as an example to illustrate the effectiveness of the language.","1558-1101","0-7695-2288-2","10.1109/DATE.2005.165","","https://ieeexplore.ieee.org/stamp/stamp.jsp?arnumber=1395729","","Embedded system;Concurrent computing;Embedded software;Message passing;Hardware;Operating systems;Writing;Application software;Computer languages;Sensor systems","","11","","16","IEEE","21 Mar 2005","7-11 March 2005","7-11 March 2005","IEEE","IEEE Conferences"
"Engineering functional requirements of reactive systems using synchronous languages","E. Jahier; N. Halbwachs; P. Raymond","Verimag, Centre National de la Recherche Scientifique, Gieres, France; Verimag, Centre National de la Recherche Scientifique, Gieres, France; Verimag, Centre National de la Recherche Scientifique, Gieres, France",2013 8th IEEE International Symposium on Industrial Embedded Systems (SIES),"19 Sep 2013","2013","","","140","149","Automating the functional testing of reactive systems requires to provide a formal specification of the system environment which defines the admissible test inputs. It also requires a specification of the expected properties of the system in order to decide whether a test succeeds or fails. Engineering these formal specifications is a difficult task, as it is not part of the usual manual testing process. In this paper, we report some experiments that have been conducted within a project in collaboration with industrial developers of nuclear power plant control systems. In this project, automatic testing tools have been used for checking the correctness of reactive systems developed incrementally, using heterogeneous industrial engineering workbenches. But these tools appeared to be useful also for elaborating and refining formal, consistent, and accurate functional requirements.","2150-3117","978-1-4799-0658-1","10.1109/SIES.2013.6601486","","https://ieeexplore.ieee.org/stamp/stamp.jsp?arnumber=6601486","","Libraries;Testing;Vectors;Control systems;Observers;Temperature;Computational modeling","","10","","26","IEEE","19 Sep 2013","19-21 June 2013","19-21 June 2013","IEEE","IEEE Conferences"
"Desynchronizing Synchronous Programs by Modes","J. Brandt; M. Gemunde; K. Schneider","Embedded Systems Group, Department of Computer Science, University of Kaiserslautern, Kaiserslautern, Germany; Embedded Systems Group, Department of Computer Science, University of Kaiserslautern, Kaiserslautern, Germany; Embedded Systems Group, Department of Computer Science, University of Kaiserslautern, Kaiserslautern, Germany",2009 Ninth International Conference on Application of Concurrency to System Design,"23 Oct 2009","2009","","","32","41","The synchronous programming paradigm simplifies the specification and verification of reactive systems. However, synchronous programs must be often implemented on architectures that do not follow this model of computation (like distributed systems or systems-on-a-chip). This gives rise to desynchronization techniques, which map the synchronous program to a platform without global time while preserving the original synchronous semantics. In this paper, we present a new approach to desynchronize synchronous programs. Our approach is based on partitioning the system and deriving suited computation modes for that partitioning. These computation modes dynamically decouple the components of a system by eliminating temporarily unnecessary and undesired computations and communications. We present several variations of the general concept and discuss their pros and cons. Finally, we illustrate our approach with the help of several small examples.","1550-4808","978-0-7695-3697-2","10.1109/ACSD.2009.24","","https://ieeexplore.ieee.org/stamp/stamp.jsp?arnumber=5291070","Synchronous Programs;Desynchronization","Synchronization;Clocks;Embedded system;Hardware;Application software;Concurrent computing;Computer science;Computer architecture;Computational modeling;Distributed computing","","4","","24","IEEE","23 Oct 2009","1-3 July 2009","1-3 July 2009","IEEE","IEEE Conferences"
"Preservation of LTL properties in desynchronized systems","Y. Bai; J. Brandt; K. Schneider","Embedded Systems Group, Department of Computer Science, University of Kaiserslautern, Germany; Embedded Systems Group, Department of Computer Science, University of Kaiserslautern, Germany; Embedded Systems Group, Department of Computer Science, University of Kaiserslautern, Germany",Tenth ACM/IEEE International Conference on Formal Methods and Models for Codesign (MEMCODE2012),"3 Sep 2012","2012","","","53","64","The synchronous programming model is perfect for modeling, simulation, verification and implementation of reactive systems. While this paradigm can be directly implemented as hardware circuits, multithreaded software implementations are typically based on asynchronous threads. For this reason, an efficient multithreaded software implementation of a synchronous program requires a so-called desynchronization that could however potentially violate the already verified properties of the synchronous program. In this paper, we therefore present a theory to check whether properties verified for a synchronous system are preserved by a desynchronization. In particular, we prove a theorem based on directed-flow equivalence that specifies the requirements of delay relations among system variables that a desynchronization has to meet.","","978-1-4673-1313-1","10.1109/MEMCOD.2012.6292300","","https://ieeexplore.ieee.org/stamp/stamp.jsp?arnumber=6292300","","Computational modeling;Delay;Synchronization;Context;Integrated circuit modeling;Embedded systems","","2","","19","IEEE","3 Sep 2012","16-17 July 2012","16-17 July 2012","IEEE","IEEE Conferences"
"HW/SW co-design for Esterel processing","S. Gädtke; C. Traulsen; R. von Hanxleden","Real-Time and Embedded Systems Group, Department of Computer Science, Christian-Albrechts-Universität Kiel, Kiel, Germany; Real-Time and Embedded Systems Group, Department of Computer Science, Christian-Albrechts-Universität Kiel, Kiel, Germany; Real-Time and Embedded Systems Group, Department of Computer Science, Christian-Albrechts-Universität Kiel, Kiel, Germany",2007 5th IEEE/ACM/IFIP International Conference on Hardware/Software Codesign and System Synthesis (CODES+ISSS),"21 Apr 2011","2007","","","99","104","We present a co-synthesis approach that accelerates reactive software processing by moving the calculation of complex expressions into external combinational hardware. The starting point is a system model written in the synchronous language Esterel, which can be mapped to both hardware and software. Our approach performs the partitioning at the source-code level and preserves the original, strictly synchronous semantics. It is thus platform-independent and allows to use standard simulation and synthesis tools. Furthermore, the source-level partitioning approach presented here should be applicable to non-reactive processing platforms as well. However, the challenge is to partition the program without changing its meaning under any circumstances. In particular, signal scopes and interpartition signal dependencies must be maintained, which rules out a naïve top-level partitioning. We have implemented the co-synthesis approach based on the Columbia Esterel Compiler and have validated it on the Kiel Esterel Processor. As the experimental results confirm, this can significantly reduce execution times and energy consumption per reaction, with minimal additional hardware requirements.","","978-1-5959-3824-4","10.1145/1289816.1289842","","https://ieeexplore.ieee.org/stamp/stamp.jsp?arnumber=5753867","HW/SW Co-Design;Synchronous Languages;Esterel;Reactive Processing","Hardware;Software;Registers;Benchmark testing;Random access memory;Semantics;Field programmable gate arrays","","1","","14","","21 Apr 2011","30 Sept.-3 Oct. 2007","30 Sept.-3 Oct. 2007","IEEE","IEEE Conferences"
"The Sparse Synchronous Model","S. A. Edwards; J. Hui","Department of Computer Science, Columbia University, New York, USA; Department of Computer Science, Columbia University, New York, USA",2020 Forum for Specification and Design Languages (FDL),"3 Nov 2020","2020","","","1","8","We present the Sparse Synchronous model (SSM) of computation, which allows a programmer to specify software timing more precisely than the traditional “heartbeat” of mainstream operating systems or the synchronous languages. SSM is a mix of semantics inspired by discrete event simulators and the synchronous languages designed to operate in resource-constrained environments such as microcontrollers. SSM provides precise timing prescriptions, concurrency, and determinism. We present SSM, its motivations, and details of a lightweight runtime system upon which a future language will be built.","1636-9874","978-1-7281-8928-4","10.1109/FDL50818.2020.9232938","National Institutes of Health (NIH)(grant numbers:1RF1MH1270014-01); ","https://ieeexplore.ieee.org/stamp/stamp.jsp?arnumber=9232938","real time systems;concurrency control;computer languages;timing","Reactive power;Timing;Runtime;Syntactics;Microcontrollers;Heart rate variability;Task analysis","","10","","20","IEEE","3 Nov 2020","15-17 Sept. 2020","15-17 Sept. 2020","IEEE","IEEE Conferences"
"A Predictable Framework for Safety-Critical Embedded Systems","S. Andalam; P. S. Roop; A. Girault; C. Traulsen","Department of Electrical and Computer Engineering, University of Auckland, Auckland, New Zealand; Department of Electrical and Computer Engineering, University of Auckland, Auckland, New Zealand; INRIA Grenoble Rhône-Alpes, LIG POP ART Team, Grenoble, France; Christian-Albrechts Universitat zu Kiel, Kiel, Germany",IEEE Transactions on Computers,"23 Jun 2014","2014","63","7","1600","1612","Safety-critical embedded systems, commonly found in automotive, space, and health-care, are highly reactive and concurrent. Their most important characteristics are that they require both functional and timing correctness. C has been the language of choice for programming such systems. However, C lacks many features that can make the design process of such systems seamless while also maintaining predictability. This paper addresses the need for a C-based design framework for achieving time predictability. To this end, we propose the PRET-C language and the ARPRET architecture. PRET-C offers a small set of extensions to a subset of C to facilitate effective concurrent programming. We present a new synchronous semantics for PRET-C. It guarantees that all PRET-C programs are deterministic, reactive, and provides thread-safe communication via shared memory access. This simplifies considerably the design of safety-critical systems. We also present the architecture of a precision timed machine (PRET) called ARPRET. It offers the ability to design time predictable architectures through simple customizations of soft-core processors. We have designed ARPRET particularly for efficient and predictable execution of PRET-C. We demonstrate through extensive benchmarking that PRET-C based system design excels in comparison to existing C-based paradigms. We also qualitatively compare our approach to the Berkeley-Columbia PRET approach. We have demonstrated that the proposed approach provides an ideal framework for designing and validating safety-critical embedded systems.","1557-9956","","10.1109/TC.2013.28","","https://ieeexplore.ieee.org/stamp/stamp.jsp?arnumber=6463378","Safety-critical systems;synchronous languages;time predictability;PRET;PRET-C;WCRT;WCET","Instruction sets;Computer architecture;Timing;Semantics;Programming;Real-time systems","","22","","33","IEEE","15 Feb 2013","July 2014","","IEEE","IEEE Journals"
"Model-based programming of intelligent embedded systems and robotic space explorers","B. C. Williams; M. D. Ingham; S. H. Chung; P. H. Elliott","Space Systems and Artificial Intelligence Laboratories, Massachusetts Institute of Technology, Cambridge, MA, USA; Space Systems and Artificial Intelligence Laboratories, Massachusetts Institute of Technology, Cambridge, MA, USA; Space Systems and Artificial Intelligence Laboratories, Massachusetts Institute of Technology, Cambridge, MA, USA; Space Systems and Artificial Intelligence Laboratories, Massachusetts Institute of Technology, Cambridge, MA, USA",Proceedings of the IEEE,"29 Jan 2003","2003","91","1","212","237","Programming complex embedded systems involves reasoning through intricate system interactions along lengthy paths between sensors, actuators, and control processors. This is a challenging, time-consuming, and error-prone process requiring significant interaction between engineers and software programmers. Furthermore, the resulting code generally lacks modularity and robustness in the presence of failure. Model-based programming addresses these limitations, allowing engineers to program reactive systems by specifying high-level control strategies and by assembling commonsense models of the system hardware and software. In executing a control strategy, model-based executives reason about the models ""on the fly,"" to track system state, diagnose faults, and perform reconfigurations. This paper develops the reactive model-based programming language (RMPL) and its executive, called Titan. RMPL provides the features of synchronous, reactive languages, with the added ability of reading and writing to state variables that are hidden within the physical plant being controlled. Titan executes an RMPL program using extensive component-based declarative models of the plant to track states, analyze anomalous situations, and generate novel control sequences. Within its reactive control loop, Titan employs propositional inference to deduce the system's current and desired states, and it employs model-based reactive planning to move the plant from the current to the desired state.","1558-2256","","10.1109/JPROC.2002.805828","","https://ieeexplore.ieee.org/stamp/stamp.jsp?arnumber=1173215","","Intelligent robots;Space exploration;Robot programming;Intelligent systems;Embedded system;Orbital robotics;Intelligent sensors;Intelligent actuators;Robot sensing systems;Sensor systems","","98","","31","IEEE","29 Jan 2003","Jan. 2003","","IEEE","IEEE Journals"
"Timestamp Peripherals for Precise Real-Time Programming","J. Hui; K. J. Edwards; S. A. Edwards","Columbia University, New York, New York, USA; Columbia University, New York, New York, USA; Columbia University, New York, New York, USA",2023 21st ACM-IEEE International Symposium on Formal Methods and Models for System Design (MEMOCODE),"17 Nov 2023","2023","","","137","147","On microcontrollers, timer devices provide high-precision timing, but that precision is lost when using high-level languages without suitable abstractions for temporal behavior. So, for timing-sensitive applications, programmers resort to low-level languages like C which lack expressiveness and safety guarantees. Other programmers use specialized precision-timing hardware which is expensive and difficult to obtain.In this work, we achieve sub-microsecond precision from a high-level real-time programming language on the RP2040, a cheap, widely available microcontroller. Our work takes advantage of the RP2040’s Programmable I/O (PIO) devices, which are cycle-accurate coprocessors designed for implementing hardware protocols over the RP2040’s GPIO pins.We use the PIO devices to implement timestamp peripherals, which are input capture and output compare devices. We use timestamp peripherals to mediate I/O from programs written in Sslang, a real-time programming language with deterministic concurrency. We show that timestamp peripherals help Sslang programs achieve the precise timing behavior prescribed by Sslang’s Sparse Synchronous Programming model.","2832-6520","979-8-4007-0318-8","","","https://ieeexplore.ieee.org/stamp/stamp.jsp?arnumber=10316219","real time systems;concurrency control;computer languages;timing","Runtime;Uncertainty;Microcontrollers;Programming;Real-time systems;Software;Hardware","","2","","22","","17 Nov 2023","21-22 Sept. 2023","21-22 Sept. 2023","IEEE","IEEE Conferences"
"Context-Aware Task Handling in Resource-Constrained Robots with Virtualization","R. Hadidi; N. S. Ghaleshahi; B. Asgari; H. Kim",Rain AI; Georgia Tech; University of Maryland; Georgia Tech,2023 IEEE International Conference on Edge Computing and Communications (EDGE),"1 Sep 2023","2023","","","255","261","Intelligent mobile robots are critical in several scenarios. However, as their computational resources are limited, mobile robots struggle to handle several tasks concurrently while guaranteeing real timeliness. To address this challenge and improve the real-timeliness of critical tasks under resource constraints, we propose a fast context-aware task handling technique. To effectively handle tasks in real-time, our proposed context-aware technique comprises three main ingredients: (i) a dynamic time-sharing mechanism, coupled with (ii) an event-driven task scheduling using reactive programming paradigm to mindfully use the limited resources; and, (iii) a lightweight virtualized execution to easily integrate functionalities and their dependencies. We showcase our technique on a Raspberry-Pi-based robot with a variety of tasks such as Simultaneous localization and mapping (SLAM), sign detection, and speech recognition with a 42% speedup in total execution time compared to the common Linux scheduler.","2767-9918","979-8-3503-0483-1","10.1109/EDGE60047.2023.00047","","https://ieeexplore.ieee.org/stamp/stamp.jsp?arnumber=10234269","Edge AI;Software;Mobile Robots;Middleware and Programming Environments;Reactive and Sensor-Based Planning","Simultaneous localization and mapping;Processor scheduling;Linux;Image edge detection;Speech recognition;Programming;Dynamic scheduling","","1","","29","IEEE","1 Sep 2023","2-8 July 2023","2-8 July 2023","IEEE","IEEE Conferences"
"Performing causality analysis by bounded model checking","K. Schneider; J. Brandt","Embedded Systems Group, Department of Computer Science, University of Kaiserslautern, Germany; Embedded Systems Group, Department of Computer Science, University of Kaiserslautern, Germany",2008 8th International Conference on Application of Concurrency to System Design,"19 Sep 2008","2008","","","78","87","Synchronous systems can immediately react to the inputs of their environment which may lead to so-called causality cycles between actions and their trigger conditions. Systems with causality cycles may not be consistent or may become nondeterministic. For this reason, compilers for synchronous languages usually employ special analyses to guarantee a predictable runtime behavior of the considered programs. In this paper, we show how causality analysis can be formulated as a model checking problem, so that all of the sophisticated algorithms originally developed for model checking can now also be used for causality analysis. To this end, we model the dasiaemicro steppsila behavior of synchronous programs in terms of a transition relation that can be directly used for symbolic model checking. Moreover, we show that the obtained model checking problems can be even decided by bounded model-checking problems so that modern SAT-solvers can be used to efficiently solve the causality problem.","1550-4808","978-1-4244-1838-1","10.1109/ACSD.2008.4574599","","https://ieeexplore.ieee.org/stamp/stamp.jsp?arnumber=4574599","","Performance analysis;Algorithm design and analysis;Hardware;Data structures;Embedded system;Computer science;Program processors;Runtime;Feedback circuits;Feedback loop","","7","1","20","IEEE","19 Sep 2008","23-27 June 2008","23-27 June 2008","IEEE","IEEE Conferences"
"Modular Verification of Synchronous Programs","M. Gesell; K. Schneider","Embedded Systems Group, University of Kaiserslautern, Kaiserslautern, Germany; Embedded Systems Group, University of Kaiserslautern, Kaiserslautern, Germany",2013 13th International Conference on Application of Concurrency to System Design,"16 Sep 2013","2013","","","70","79","In this paper, we develop an approach to the modular verification of synchronous programs. To this end, we have to solve two major problems: First, if a synchronous module is verified without its later context, outputs may not be completely determined (since the calling module may add further actions on the outputs of the called module). It is not difficult to see that the open system obtained by modular compilation simulates the closed one obtained by the linker, and therefore, we can preserve all universal temporal properties. Second, a module call may replace the formal input parameters by expressions which corresponds with a substitution of variables in the symbolic transition relation. In particular, this affects the starting point and potential preemption conditions of the module and can therefore dramatically affect the behavior of the module. For this reason, we have to modify the temporal specifications accordingly. We prove a preservation result for this transformation that defines a simulation preorder modulo substitution. Our results finally determine a proof rule for the verification of module calls in imperative synchronous programs.","1550-4808","978-0-7695-5035-0","10.1109/ACSD.2013.10","","https://ieeexplore.ieee.org/stamp/stamp.jsp?arnumber=6598342","Modular Verification;Interactive Verification;Synchronous Languages","Context;Open systems;Model checking;Semantics;Concurrent computing;Explosions;Input variables","","3","","23","IEEE","16 Sep 2013","8-10 July 2013","8-10 July 2013","IEEE","IEEE Conferences"
"ILPc: A novel approach for scalable timing analysis of synchronous programs","J. J. Wang; P. S. Roop; S. Andalam",University of Auckland; University of Auckland; University of Auckland,"2013 International Conference on Compilers, Architecture and Synthesis for Embedded Systems (CASES)","14 Nov 2013","2013","","","1","10","Synchronous programs have been widely used in the design of safety critical systems such as the flight control of Airbus A-380. To validate the implementations of synchronous programs, it is necessary to map the program's logical time (measured in logical ticks) to physical time (the execution time on a given processor). The static computation of the worst case execution time of logical ticks is called Worst Case Reaction Time (WCRT) analysis. Several approaches for WCRT analysis exist: max-plus algebra, model checking, reachability and integer linear programming (ILP). Of these approaches, reachability, model checking and ILP provide reasonably precise worst case estimates at the expense of longer analysis time. Apart from max-plus based approaches, which can produce large overestimates, the existing approaches suffer from the state space explosion problem. In this paper, we develop a new ILP based approach, called ILPc-which exploits the concurrency explicitly in the ILP formulation to avoid the state space explosion problem. Through extensive bench-marking we demonstrate the efficacy of the approach: for complex programs, ILPc is often orders of magnitude faster compared to the existing approaches, while achieving same level of precision. Thus, this paper paves the way for scalable WCRT analysis of complex embedded systems designed using the synchronous approach.","","978-1-4799-1400-5","10.1109/CASES.2013.6662526","","https://ieeexplore.ieee.org/stamp/stamp.jsp?arnumber=6662526","Integer linear programming;Scability;Static timing analysis;Synchronous languages","Computational modeling;Instruction sets;Timing;Concurrent computing;Semantics;Model checking;Linear programming","","9","","19","IEEE","14 Nov 2013","29 Sept.-4 Oct. 2013","29 Sept.-4 Oct. 2013","IEEE","IEEE Conferences"
"Static data-flow analysis of synchronous programs","J. Brandt; K. Schneider","Department of Computer Science, University of Kaiserslautern, Germany; Department of Computer Science, University of Kaiserslautern, Germany",2009 7th IEEE/ACM International Conference on Formal Methods and Models for Co-Design,"7 Aug 2009","2009","","","161","170","Synchronous programming languages are well-suited for the design of safety-critical real-time embedded systems. However, the compilers and synthesis procedures are challenged by the synchronous programming paradigm and have to solve additional problems like causality and schizophrenia problems. Algorithms to solve these basic compilation problems have already become mature, but code optimization still lacks behind. Often, code optimization is left to the back-end tools like compilers for sequential software or hardware synthesis tools. In this paper, we develop a static analysis procedure to introduce code optimization techniques to synchronous languages. We develop specialized code optimization procedures that can be applied to all kinds of synchronous languages. Similar to the code optimization techniques used for the compilation of sequential software, our procedures are also based on a static data-flow analysis that is adapted to the synchronous programing model.","","978-1-4244-4806-7","10.1109/MEMCOD.2009.5185392","","https://ieeexplore.ieee.org/stamp/stamp.jsp?arnumber=5185392","","Data analysis;Hardware;Synchronous generators;Program processors;Embedded system;Optimizing compilers;Computer architecture;Real time systems;Computational modeling;Circuits","","5","","38","IEEE","7 Aug 2009","13-15 July 2009","13-15 July 2009","IEEE","IEEE Conferences"
"Polychronous Methodology For System Design: A True Concurrency Approach","S. Suhaib; D. Mathaikutty; S. Shukla; J. -p. Talpin","FERMAT Lab Virginia Tech Blacksburg, Blacksburg, USA; FERMAT Lab Virginia Tech Blacksburg, Blacksburg, USA; FERMAT Lab Virginia Tech Blacksburg, USA; INRIA-IRISA, Campus Universitaire de Beaulieu, Rennes, France",2006 IEEE International High Level Design Validation and Test Workshop,"26 Feb 2007","2006","","","211","214","As embedded systems have become pervasive and ubiquitous in contemporary technologies, their development requires highly reliable design approaches. One of these approaches is the so-called synchronous programming paradigm, where its mathematical basis provides the required formal concepts to satisfy correctness expectations. Among these synchronous programming concepts, the multi-clocked model of computation of polychrony stands out for its capability to give high-level and homogeneous descriptions of concurrent systems, where its concurrent parts may evolve asynchronously to each other and synchronize intermittently. In this paper, we propose a 'true concurrency' semantic model of polychrony using pomsets. This formulation of polychrony closes the gap between synchrony and asynchrony by giving a uniform characterization of both synchronous and asynchronous observations by considering the causality and functional dependency structure of a pomset. The results in this paper also show that the existing tagged-signal model for polychrony uses an unnecessary artifact namely, tags, which complicate the semantic theory unduly","1552-6674","1-4244-0679-X","10.1109/HLDVT.2006.319993","","https://ieeexplore.ieee.org/stamp/stamp.jsp?arnumber=4110092","","Concurrent computing;Synchronization;Computational modeling;Computer networks;Processor scheduling;System testing;Conferences;USA Councils;Embedded system;Mathematical programming","","2","","15","IEEE","26 Feb 2007","8-10 Nov. 2006","8-10 Nov. 2006","IEEE","IEEE Conferences"
"Specifying Robot Reactivity in Procedural Languages","G. Biggs; B. A. MacDonald","Electrical and Computer Engineering, University of Auckland, Auckland, New Zealand; Electrical and Computer Engineering, University of Auckland, Auckland, New Zealand",2006 IEEE/RSJ International Conference on Intelligent Robots and Systems,"15 Jan 2007","2006","","","3735","3740","A key part of programming a robotic system is specifying the responses to events that the robot may encounter. Existing methods of programming responses include event loops, reactive languages and hybrid architectures, none of which meet the specific needs of mobile robot programming. This work presents a design for new semantics for specifying reactivity in mobile robot programs, one that allows for effective specification of reactive behaviour within procedural robot programs. An initial evaluation version is implemented in Python. Events and responses are supported as program objects, and are connected together by new statements. Programmers specify connections between events and responses anywhere within the program code, so connections can easily be changed in response to changes in program and robot state","2153-0866","1-4244-0258-1","10.1109/IROS.2006.281755","","https://ieeexplore.ieee.org/stamp/stamp.jsp?arnumber=4058986","","Robot programming;Mobile robots;Intelligent robots;Human robot interaction;Embedded system;Programming profession;Visual BASIC;Application software;Computer architecture;Robustness","","6","","24","IEEE","15 Jan 2007","9-15 Oct. 2006","9-15 Oct. 2006","IEEE","IEEE Conferences"
"Schizophrenia and causality in the context of refined clocks","M. Gemünde; J. Brandt; K. Schneider","Embedded Systems Group, Department of Computer Science, University of Kaiserslautern, Germany; Embedded Systems Group, Department of Computer Science, University of Kaiserslautern, Germany; Embedded Systems Group, Department of Computer Science, University of Kaiserslautern, Germany",FDL 2011 Proceedings,"3 Nov 2011","2011","","","1","8","Temporal refinement of synchronous programs is a desirable transformation in many design flows, in particular, to combine modules that work at different levels of abstraction. In synchronous languages, this refinement can be represented in the programs by means of sub-clocks. While this introduction leads to convenient temporal refinement techniques, it significantly complicates the classic causality and reincarnation problems that have to be handled in compilers for imperative synchronous languages. In this paper, we first generalize previous solutions to schizophrenia problems of determining and replicating affected code parts to multiple clocks. Second, our compilation algorithm extracts data dependencies between different clock domains and inserts explicit appropriate synchronization in the intermediate format. Finally, we illustrate the feasibility of our approach with the help of a running example and show the usage by a hardware translation.","1636-9874","978-2-9530504-4-8","","","https://ieeexplore.ieee.org/stamp/stamp.jsp?arnumber=6069475","","Clocks;Computational modeling;Synchronization;Instruction sets;Hardware;Semantics;Context","","","","23","","3 Nov 2011","13-15 Sept. 2011","13-15 Sept. 2011","IEEE","IEEE Conferences"
"A formal approach to component based development of synchronous programs","P. S. Roop; A. Sowmya; S. Ramesh","School of Computer Science and Engineering, University of New South Wales, Sydney, Australia; School of Computer Science and Engineering, University of New South Wales, Sydney, Australia; Department of Computer Science and Engineering, Indian Institute of Technology, Mumbai, India",Proceedings of the ASP-DAC 2001. Asia and South Pacific Design Automation Conference 2001 (Cat. No.01EX455),"7 Aug 2002","2001","","","421","424","Synchronous languages may be used for specification and design of embedded systems. Assuming the availability of a library of synchronous programs, we propose a technique to enable reuse of these programs, via an algorithm for automatic matching of a design function to a program from the library. The algorithm, when successful, generates an interface which automatically adapts the program. The algorithm is based on a new simulation relation called synchronous forced simulation, which is shown to be necessary and sufficient for matching a given pair of function and program.","","0-7803-6633-6","10.1109/ASPDAC.2001.913344","","https://ieeexplore.ieee.org/stamp/stamp.jsp?arnumber=913344","","Embedded system;Libraries;Computer science;Design engineering;Databases;Algorithm design and analysis;Industrial relations;Time to market;Internet;Intellectual property","","","","7","IEEE","7 Aug 2002","2-2 Feb. 2001","2-2 Feb. 2001","IEEE","IEEE Conferences"
"A synchronous embedding of Antescofo, a domain-specific language for interactive mixed music","G. Baudart; F. Jacquemard; L. Mandel; M. Pouzet","Ecole Normale Superieure de Cachan, Cachan Cedex, FR; IRCAM Paris, INRIA Paris-Rocquencourt, France; NA; Sorbonne Universite Campus Pierre et Marie Curie, Paris, ÃŽle-de-France, FR",2013 Proceedings of the International Conference on Embedded Software (EMSOFT),"11 Nov 2013","2013","","","1","12","Antescofo is recently developed software for musical score following and mixed music: it automatically, and in real-time, synchronizes electronic instruments with a musician playing on a classical instrument. Therefore, it faces some of the same major challenges as embedded systems. The system provides a programming language used by composers to specify musical pieces that mix interacting electronic and classical instruments. This language is developed with and for musicians and it continues to evolve according to their needs. Yet its semantics has only recently been formally defined. This paper presents a synchronous semantics for the core language of Antescofo and an alternative implementation based on an embedding inside an existing synchronous language, namely ReactiveML. The semantics reduces to a few rules, is mathematically precise and leads to an interpretor of only a few hundred lines. The efficiency of this interpretor compares well with that of the actual implementation: on all musical pieces we have tested, response times have been less than the reaction time of the human ear. Moreover, this embedding permitted the prototyping of several new programming constructs, some of which are described in this paper.","","978-1-4799-1443-2","10.1109/EMSOFT.2013.6658579","","https://ieeexplore.ieee.org/stamp/stamp.jsp?arnumber=6658579","Synchronous Programming;Language Embedding;Error Handling and Synchronization Strategies;Mixed Music","Synchronization;Instruments;Delays;Semantics;Music;Computer languages;Programming","","1","","15","IEEE","11 Nov 2013","29 Sept.-4 Oct. 2013","29 Sept.-4 Oct. 2013","IEEE","IEEE Conferences"
"Response Time Analysis of the Abort-and-Restart Model under Symmetric Multiprocessing","J. Ras; A. M. K. Cheng","Department of Computer Science, University of Houston, TX, USA; Department of Computer Science, University of Houston, TX, USA",2010 10th IEEE International Conference on Computer and Information Technology,"16 Sep 2010","2010","","","1954","1961","The Priority-Based Functional Reactive Programming (P-FRP) paradigm, aims to improve the programming of embedded microcontrollers. The combination of purely functional programming and cleanly-abortable event handlers, communicating via transactional memory (TM), makes it possible to write programs as stateless collections of functions, thus making them amenable to proofs and type safety. P-FRP implements executions as function evaluations, therefore, there are no ""incomplete"" function evaluations, as in the case of a task's interruption. To use P-FRP in the SMP (Symmetric Multiprocessor) environment, we must first understand the response time of programs written in its anticipated multiprocessor extension. Therefore, the contribution of this paper is the response time analysis for the Abort-and-Restart (ANR) event handler semantics of P-FRP for SMP Real-Time systems. ANR is neither a synchronization protocol nor a true scheduling policy. Instead, it is a policy for running tasks where the most important task is scheduled first. Results are derived for both fixed-priority (i.e., Rate Monotonic) and dynamic-priority (i.e., Earliest Deadline First) scheduling. We can say that the Abort-and-Restart and the TM models are similar, but also distinct, thus allowing our results to be adaptable for the analysis of TM.","","978-1-4244-7548-3","10.1109/CIT.2010.332","","https://ieeexplore.ieee.org/stamp/stamp.jsp?arnumber=5577989","","Time factors;Processor scheduling;Servers;Interference;Computational modeling;Upper bound;Instruction sets","","5","","25","IEEE","16 Sep 2010","29 June-1 July 2010","29 June-1 July 2010","IEEE","IEEE Conferences"
"Compilation of imperative synchronous programs with refined clocks","M. Gemünde; J. Brandt; K. Schneider","Embedded Systems Group, Department of Computer Science, University of Kaiserslautern, Germany; Embedded Systems Group, Department of Computer Science, University of Kaiserslautern, Germany; Embedded Systems Group, Department of Computer Science, University of Kaiserslautern, Germany",Eighth ACM/IEEE International Conference on Formal Methods and Models for Codesign (MEMOCODE 2010),"26 Aug 2010","2010","","","209","218","To overcome over-synchronization in synchronous programs, we recently introduced clock refinement to our synchronous programming language Quartz. This extension basically allows programmers to refine reaction steps into smaller internal computation steps while maintaining the external behavior. In this paper, we consider the compilation of the extended Quartz programs to synchronous guarded actions. To this end, we first define an intermediate language supporting multiple clocks based on synchronous guarded actions which is the target of the front-end of the compiler and the source of back-end tools that perform efficient analysis and synthesis procedures. We moreover present a compilation scheme to translate the extended Quartz programs to the new intermediate language. We discuss important design considerations and illustrate our approach with the help of some small examples.","","978-1-4244-7886-6","10.1109/MEMCOD.2010.5558633","","https://ieeexplore.ieee.org/stamp/stamp.jsp?arnumber=5558633","","Clocks;Computational modeling;Instruction sets;Semantics;Synchronization;Integrated circuit modeling;Surface treatment","","1","","25","IEEE","26 Aug 2010","26-28 July 2010","26-28 July 2010","IEEE","IEEE Conferences"
"Timing analysis of esterel programs on general-purpose multiprocessors","L. Ju; B. K. Huynh; A. Roychoudhury; S. Chakraborty","Department of Computer Science, National University of Singapore, Singapore; Department of Computer Science, National University of Singapore, Singapore; Department of Computer Science, National University of Singapore, Singapore; Institute of Real-Time Computer Systems, Technical University Munich, Germany",Design Automation Conference,"26 Jul 2010","2010","","","48","51","Synchronous languages like Esterel have gained wide popularity in certain domains such as avionics. However, platform-specific timing analysis of code generated from Esterel-like specifications have mostly been neglected so far. The growing volume of electronics and software in domains like automotive, calls for formal-specification based code generation to replace manually written and optimized code. Such cost-sensitive domains require tight estimation of timing properties of the generated code. Towards this goal, we propose a scheme for generating C code from Esterel specifications for a multiprocessor platform, followed by timing analysis of the generated code. Due to dependencies across program fragments mapped onto different processors, traditional Worst-Case Execution Time (WCET) analysis techniques for sequential programs cannot applied be to this setting. Our proposed timing analysis technique is tailored to capture such inter-processor code dependencies. Our main novelty stems from how we detect and remove infeasible paths arising from a multiprocessor implementation during our timing analysis. We apply our timing analysis on a number of standard Esterel benchmarks, which show that performing the proposed inter-processor infeasible path elimination may lead to up to 14.3% tighter estimation of the WCRT, thereby leading to resource over-dimensioning and poor design.","0738-100X","978-1-4503-0002-5","","","https://ieeexplore.ieee.org/stamp/stamp.jsp?arnumber=5523307","Esterel;Synchronous language;Multiprocessor;Timing analysis","Timing;Performance analysis;Synchronous generators;Real time systems;Aerospace electronics;Automotive engineering;Embedded system;Certification;Permission;Synchronization","","2","","15","","26 Jul 2010","13-18 June 2010","13-18 June 2010","IEEE","IEEE Conferences"
"Separate compilation and execution of imperative synchronous modules","E. Vecchie; J. -P. Talpin; K. Schneider","INRIA Rennes Bretagne Atlantique, Rennes, France; INRIA Rennes Bretagne Atlantique, Rennes, France; University of Kaiserslautern, Kaiserslautern, Germany","2009 Design, Automation & Test in Europe Conference & Exhibition","23 Jun 2009","2009","","","1580","1583","The compilation of imperative synchronous languages like Esterel has been widely studied, the separate compilation of synchronous modules has not, and remains a challenge. We propose a new compilation method inspired by traditional sequential code generation techniques to produce coroutines whose hierarchical structure reflects the control flow of the original source code. A minimalistic runtime system executes separately compiled modules.","1558-1101","978-1-4244-3781-8","10.1109/DATE.2009.5090916","","https://ieeexplore.ieee.org/stamp/stamp.jsp?arnumber=5090916","","Yarn;Automata;Flow graphs;Computational modeling;Computer languages;Domain specific languages;Real time systems;Embedded system;Intellectual property;Virtual prototyping","","2","1","10","","23 Jun 2009","20-24 April 2009","20-24 April 2009","IEEE","IEEE Conferences"
"Synchronous control of reconfiguration in fractal component-based systems - A case study","T. Bouhadiba; Q. Sabah; G. Delaval; E. Rutten","LIG, INRIA Grenoble, Grenoble, France; LIG, INRIA, STMicroelectronics, France; LIG, University Grenoble, France; LIG, INRIA Grenoble, Grenoble, France",2011 Proceedings of the Ninth ACM International Conference on Embedded Software (EMSOFT),"31 Oct 2011","2011","","","309","318","In the context of component-based embedded systems, the management of dynamic reconfiguration in adaptive systems is an increasingly important feature. The Fractal component-based framework, and its industrial instantiation MIND, provide for support for control operations in the lifecycle of components. Nevertheless, the use of complex and integrated architectures make the management of this reconfiguration operations difficult to handle by programmers. To address this issue, we propose to use synchronous languages, which are a complete approach to the design of reactive systems, based on behavior models in the form of transition systems. Furthermore, the design of closed-loop reactive managers of reconfigurations can benefit from formal tools like Discrete Controller Synthesis. In this paper we describe an approach to concretely integrate synchronous reconfiguration managers in Fractal component-based systems. We describe how to model the state space of the control problem, and how to specify the control objectives. We describe the implementation of the resulting manager with the Fractal/Cecilia programming environment, taking advantage of the Comete distributed middleware. We illustrate and validate it with the case study of the Comanche HTTP server on a multi-core execution platform.","","978-1-4503-0714-7","","","https://ieeexplore.ieee.org/stamp/stamp.jsp?arnumber=6064539","Component-based systems;synchronous programming;reconfigurable systems;discrete controller synthesis","Fractals;Servers;Automata;Middleware;Computer architecture;Process control","","","","21","","31 Oct 2011","9-14 Oct. 2011","9-14 Oct. 2011","IEEE","IEEE Conferences"
"From Distributed Sensing to Virtual Sensors: a Domain-Specific Language for Reactive Centralized Edge-Fog-Cloud Computation","A. Damiani; M. Rabozzi; K. M. Chen; L. Di Tucci; M. D. Santambrogio","DEIB, Politecnico di Milano, Milan, Italy; Huxelerate Srl, Milan, Italy; Huxelerate Srl, Milan, Italy; Huxelerate Srl, Milan, Italy; DEIB, Politecnico di Milano, Milan, Italy",2022 IEEE 20th International Conference on Embedded and Ubiquitous Computing (EUC),"4 Apr 2023","2022","","","128","135","The widespread application of specialized embedded devices and their ever-growing sensing capabilities lead to an overload of raw data reaching the Cloud via the Internet of Things. Despite this massive amount of available data, data-driven applications still produce a limited impact on the real world. We argue that this limitation arises from the complexity the developers still face when engineering and deploying solutions on a plurality of embedded devices. Instead of focusing on constructing valuable information from raw data and designing algorithms to exploit it, the developers still have to figure out on their own: how to partition the computation between Edge, Fog, and Cloud; how to move partial results around in highly distributed solutions; how to create abstract interfaces to expose information-rich endpoints. This paper introduces the Virtual Sensor Domain-Specific Language (DSL), which builds the keystone for designing and developing powerful Computer-Aided Design tools and Integrated Development Environments to support the developers in focusing on information manipulation. The Virtual Sensor DSL is built on top of C++ to ease its adoption by the embedded development community. It introduces a reactive approach to data collection, technology mapping, and workload distribution. It allows the creation of adaptable Virtual Sensors, streaming processed information coming from the integration of multiple raw data streams, and it comes with integrated simulation capabilities, supporting prototyping. In this paper, we describe the entities the language offers, how the developers can exploit them, and analyze a real-world use case that benefitted from the Virtual Sensor DSL.","","979-8-3503-9635-5","10.1109/EUC57774.2022.00028","","https://ieeexplore.ieee.org/stamp/stamp.jsp?arnumber=10086215","domain-specific language;virtual sensor;reactive programming","Cloud computing;Soft sensors;Focusing;Programming;Ubiquitous computing;Partitioning algorithms;DSL","","1","","27","IEEE","4 Apr 2023","9-11 Dec. 2022","9-11 Dec. 2022","IEEE","IEEE Conferences"
"Precision Timed Embedded Systems Using TickPAD Memory","M. Kuo; P. Roop; S. Andalam; N. Patel","Department of Electrical and Computer Engineering, University of Auckland, New Zealand; Department of Electrical and Computer Engineering, University of Auckland, New Zealand; TUM CREATE, Singapore; Department of Electrical and Computer Engineering, University of Auckland, New Zealand",2013 13th International Conference on Application of Concurrency to System Design,"16 Sep 2013","2013","","","206","215","There has been a great deal of impetus for the design of predictable memory such as scratchpad memory. Moreover, static analysis of cache memory is an area of intense research activity. However, there has been minimal development of caches or scratchpads (SPMs) that can exploit the inherent concurrency in synchronous languages. In this paper, we have developed a new memory subsystem, called the TPM (TickPAD memory), for predictable and efficient execution of synchronous programs. TPMs are a hybrid between conventional caches and SPMs: they support dynamic loading of cache lines (like caches) and static allocation of program points (like SPMs). However, the dynamic loading is predictably managed through statically loaded TPM commands. Extensive benchmarking comparing TPMs to SPMs and direct mapped caches reveal that TPM achieves 8.5% WCRT reduction compared to locked SPMs, 12.3% WCRT reduction compared to thread multiplexed SPM and 13.4% WCRT reduction compared to direct mapped caches, while also keeping the analysis time comparatively small.","1550-4808","978-0-7695-5035-0","10.1109/ACSD.2013.30","","https://ieeexplore.ieee.org/stamp/stamp.jsp?arnumber=6598356","-Synchronous;Memory Hierarchy;Worst Case Analysis","Pipelines;Switches;Context;Resource management;Prefetching;Clocks","","2","","18","IEEE","16 Sep 2013","8-10 July 2013","8-10 July 2013","IEEE","IEEE Conferences"
"PyroFocus: A Deep Learning Approach to Real-Time Wildfire Detection in Multispectral Remote Sensing Imagery","M. Moussa; A. Williams; S. Roffe; D. Morton","NASA Goddard Space Flight Center, USA; NASA Goddard Space Flight Center, USA; NASA Goddard Space Flight Center, USA; NASA Goddard Space Flight Center, USA",2025 IEEE/CVF International Conference on Computer Vision Workshops (ICCVW),"23 Feb 2026","2025","","","2855","2864","Rapid and accurate wildfire detection and quantification are crucial for emergency response and environmental management. In airborne and spaceborne missions, it is useful for real-time detection algorithms to not only classify whether the observed area consists of no fire, active fire or post-fire, but also to discriminate among varying fire intensities. Hyperspectral and multispectral thermal imagers provide sufficient spectral information to address these challenges; however, high data dimensionality and limited onboard resources complicate real-time processing. With wildfires becoming more common, the need for real-time detection is crucial for successful wildfire management and damage mitigation. It is therefore imperative for on-board solutions to achieve both high accuracy and low inference latency at minimal computational cost. In this work, we present several contributions divided into two main parts. First, we systematically evaluate multiple cutting-edge deep learning architectures, such as custom Convolutional Neural Networks (CNN) and Transformer-based models for multi-class fire classification. Second, we propose a novel adaptation of a two-stage pipeline, which we call PyroFocus, consisting of classification of fires and fire radiative power (FRP) regression or image segmentation, designed to significantly reduce inference times and computational requirements for onboard wildfire detection in airborne and spaceborne applications. We evaluate model accuracy, inference latency, and computational cost to identify the most effective solution for resource-constrained environments. Our study leverages a dataset from NASA's MODIS/ASTER Airborne Simulator (MASTER), which provides data similar to that of an in-house next-generation fire detection sensor, NASA's Compact Fire Imager (CFI) [19]. Experimental results indicate that the proposed two-stage pipeline provides favorable trade-offs among inference speed and accuracy, demonstrating strong potential for edge deployment in future wildfire monitoring missions.","2473-9944","979-8-3315-8988-2","10.1109/ICCVW69036.2025.00298","","https://ieeexplore.ieee.org/stamp/stamp.jsp?arnumber=11375286","Deep learning;Machine learning;AI;ML;Artificial Intelligence;Remote Sensing;Wildfires","Adaptation models;Image segmentation;Wildfires;Accuracy;Computational modeling;Biological system modeling;Atmospheric modeling;Pipelines;NASA;Real-time systems","","3","","28","USGov","23 Feb 2026","19-20 Oct. 2025","19-20 Oct. 2025","IEEE","IEEE Conferences"
"Rule-Based Approaches for Equivalence Checking of SpecC Programs","S. Shankar; M. Fujita","CUNY, City University of New York, NY, USA; University of Tokyo, Tokyo, Japan",2008 6th ACM/IEEE International Conference on Formal Methods and Models for Co-Design,"20 Jun 2008","2008","","","39","48","This paper describes a rule-based approach for equivalence checking of reactive systems. The approach is based on new types of dependence and flow graphs that are more appropriate for reactive languages than traditional notions intended for transformational languages. Equivalence rules utilizing this static dependence and flow information are derived from language semantics. The rules are then applied in a bottom-up fashion, corresponding to the structures of the programs being checked, until equivalence is shown. A prototype toolset has been implemented, and results indicate speedups of several orders of magnitude over more traditional equivalence checkers. The paper describes our approach and tools, and also outlines how our methods can be used in a general equivalence checking system.","","978-1-4244-2417-7","10.1109/MEMCOD.2008.4547685","","https://ieeexplore.ieee.org/stamp/stamp.jsp?arnumber=4547685","","Prototypes;Embedded system;Software engineering;Hardware;Cities and towns;Flow graphs;System-level design;Control system synthesis;System-on-a-chip;Pattern recognition","","3","","20","IEEE","20 Jun 2008","5-7 June 2008","5-7 June 2008","IEEE","IEEE Conferences"
"SmartWall: An Infrastructure for Sensory and Computation-Capable Buildings Using Sustainable and Low-Cost Smart Materials","M. I. Hossain; S. N. Zisad; N. Uddin; R. Hasan","Dept. of Computer Science, University of Alabama at Birmingham, Birmingham, AL, USA; Dept. of Computer Science, University of Alabama at Birmingham, Birmingham, AL, USA; Dept. of Civil, Construction & Env. Eng., University of Alabama at Birmingham, Birmingham, AL, USA; Dept. of Computer Science, University of Alabama at Birmingham, Birmingham, AL, USA",2025 IEEE World Forum on Public Safety Technology (WF-PST),"4 Mar 2026","2025","","","166","171","As urban populations grow and climate-related risks intensify, the need for resilient, intelligent, and sustainable infrastructure has never been more critical. Traditional building systems often lack the real-time awareness and adaptability required to ensure safety, efficiency, and long-term sustainability. In this paper, we present the design and implementation of SmartWall - a sensory and compute-capable building construction component, developed using low-cost materials and equipped with multimodal IoT sensors to capture both environmental and structural data in real-time. These sensors monitor temperature, humidity, fire hazards, and movement through accelerometer and gyroscope readings. Sensor data is processed locally by a Raspberry Pi 5 unit and then wirelessly transmitted to a real-time dashboard for monitoring and intervention. This capability supports emergency decision-making and enhances situational awareness for public safety officials. To enhance power efficiency and integration, we introduce wireless charging via induction coils, eliminating the need for external wiring. Furthermore, we incorporate FRP (Fiber Reinforced Polymer) enclosures based on advanced 3D sandwich composite technology to encapsulate the sensing components. These enclosures offer superior protection against harsh environmental conditions such as fire, impact, and moisture, while allowing secure wire routing and sensor mounting for functionality and durability. We also address practical challenges such as power management, thermal buildup, and system resilience, proposing solutions that enhance the system's reliability. With SmartWall, we can build smart and affordable infrastructure systems to enhance sustainability and public safety in future smart cities.","","979-8-3315-8977-6","10.1109/WF-PST65083.2025.00032","","https://ieeexplore.ieee.org/stamp/stamp.jsp?arnumber=11415907","Smart Bricks;IoT Sensors;Real-time Monitoring;Public Safety","Temperature sensors;Temperature measurement;Smart cities;Prototypes;Humidity;Real-time systems;Public security;Sensors;Sustainable development;Intelligent sensors","","","","16","IEEE","4 Mar 2026","23-25 Sept. 2025","23-25 Sept. 2025","IEEE","IEEE Conferences"
"Running-modes of real-time systems: a case-study with mode-automata","F. Maraninchi; Y. Remond","VERIMAG Centre Equation, Vignate, Greece; VERIMAG Centre Equation, Vignate, Greece",Proceedings 12th Euromicro Conference on Real-Time Systems. Euromicro RTS 2000,"6 Aug 2002","2000","","","257","264","Real-time systems, in particular regulation systems, are often specified using the notion of running modes. On the other hand, the family of synchronous languages has been very successful in offering formally defined languages and programming environments for safety-critical systems. We are particularly interested in the data-flow language Lustre, which is well-suited for the description of regulation systems. We propose to extend Lustre with a new construct devoted to the description of running modes in regulation systems. This language extension is based upon the mathematical model of mode automata. We now have a running implementation of this extension. In this paper, we comment on a case study proposed by Saab, and argue for the introduction of language features that are devoted to the expression of modes, from different points of view: readability, efficiency of the compiled sequential code, ability to transmit hints to verification tools, accurate evaluation of the worst-case execution time (WCET), static analysis of the resources used, etc.","1068-3070","0-7695-0734-4","10.1109/EMRTS.2000.854014","","https://ieeexplore.ieee.org/stamp/stamp.jsp?arnumber=854014","","Real time systems;Mathematical model;Job shop scheduling;Equations;Cost accounting;Aircraft;Service robots;Documentation;Formal specifications;Embedded system","","2","","19","IEEE","6 Aug 2002","19-21 June 2000","19-21 June 2000","IEEE","IEEE Conferences"
"Design of an Autonomous Intelligent Vehicle Based on Nonlinear PID Control","C. Yu; Y. Li; T. Yan; J. Zhang","Shandong University, Qingdao, China; Shandong University, Qingdao, China; Shandong University, Qingdao, China; Shandong University, Qingdao, China","2025 IEEE 7th International Conference on Power, Intelligent Computing and Systems (ICPICS)","28 Jan 2026","2025","","","1788","1793","This paper proposes a hybrid control architecture for lightweight unmanned vehicle control systems, based on nonlinear control. The system employs a multithreaded programming model to achieve parallel processing of perception, recognition, and control tasks on resource-constrained platforms. The system uses a dual-camera coordination mechanism to divide image acquisition perspectives, enhancing image frame processing efficiency and recognition redundancy. To enhance the trajectory tracking stability of the system in complex paths, the software layer integrates image coordinate transformation and nonlinear control algorithms. At the same time, it integrates the HSV tuning tool and the image grayscale histogram enhancement module to improve the robustness and adaptability of target recognition. At the remote end, the system combines FRP intranet penetration with a 5G communication module to build a low-latency remote control platform, achieving stable remote control operations. On this basis, this paper constructs a complete hardware and software system and completes field verification based on a 400 -meter outdoor standard test site to validate the feasibility of the solution. The image processing and nonlinear PID control algorithm in this framework is expected to further advance the technology of autonomous intelligent vehicles.","2834-8567","979-8-3315-2633-7","10.1109/ICPICS66386.2025.11347258","Shandong University; ","https://ieeexplore.ieee.org/stamp/stamp.jsp?arnumber=11347258","Lightweight smart car;autonomous driving;multi-threaded parallel architecture;image recognition;remote control","PI control;Image recognition;Trajectory tracking;Target recognition;Software algorithms;PD control;Remote control;Autonomous vehicles;Tuning;Standards","","","","16","IEEE","28 Jan 2026","29-31 Aug. 2025","29-31 Aug. 2025","IEEE","IEEE Conferences"
"On-Chip Sparse Learning Acceleration With CMOS and Resistive Synaptic Devices","J. -s. Seo; B. Lin; M. Kim; P. -Y. Chen; D. Kadetotad; Z. Xu; A. Mohanty; S. Vrudhula; S. Yu; J. Ye; Y. Cao","Department of Electrical, Computer and Energy Engineering, Arizona State University, Tempe, AZ, USA; Department of Computational Medicine and Bioinformatics, University of Michigan, Ann Arbor, MI, USA; Department of Electrical, Computer and Energy Engineering, Arizona State University, Tempe, AZ, USA; Department of Electrical, Computer and Energy Engineering, Arizona State University, Tempe, AZ, USA; Department of Electrical, Computer and Energy Engineering, Arizona State University, Tempe, AZ, USA; Department of Electrical, Computer and Energy Engineering, Arizona State University, Tempe, AZ, USA; Department of Electrical, Computer and Energy Engineering, Arizona State University, Tempe, AZ, USA; School of Computing, Informatics and Decision System Engineering, Arizona State University, Tempe, AZ, USA; Department of Electrical, Computer and Energy Engineering, Arizona State University, Tempe, AZ, USA; Department of Computational Medicine and Bioinformatics, University of Michigan, Ann Arbor, MI, USA; Department of Electrical, Computer and Energy Engineering, Arizona State University, Tempe, AZ, USA",IEEE Transactions on Nanotechnology,"9 Nov 2015","2015","14","6","969","979","Many recent advances in sparse coding led its wide adoption in signal processing, pattern classification, and object recognition applications. Even with improved performance in state-of-the-art algorithms and the hardware platform of CPUs/GPUs, solving a sparse coding problem still requires expensive computations, making real-time large-scale learning a very challenging problem. In this paper, we cooptimize algorithm, architecture, circuit, and device for real-time energy-efficient on-chip hardware acceleration of sparse coding. The principle of hardware acceleration is to recognize the properties of learning algorithms, which involve many parallel operations of data fetch and matrix/vector multiplication/addition. Today's von Neumann architecture, however, is not suitable for such parallelization, due to the separation of memory and the computing unit that makes sequential operations inevitable. Such principle drives both the selection of algorithms and the design evolution from CPU to CMOS application-specific integrated circuits (ASIC) to parallel architecture with resistive crosspoint array (PARCA) that we propose. The CMOS ASIC scheme implements sparse coding with SRAM dictionaries and all-digital circuits, and PARCA employs resistive-RAM dictionaries with special read and write circuits. We show that 65 nm implementation of the CMOS ASIC and PARCA scheme accelerates sparse coding computation by $394$ and $2140\times$, respectively, compared to software running on a eight-core CPU. Simulated power for both hardware schemes lie in the milli-Watt range, making it viable for portable single-chip learning applications.","1941-0085","","10.1109/TNANO.2015.2478861","Raytheon through the US National Science Foundation (NSF); I/UCRC Center for Embedded Systems; Samsung GRO program; NSF PFI-BIC(grant numbers:1237856); NSF FRP(grant numbers:1230401); ","https://ieeexplore.ieee.org/stamp/stamp.jsp?arnumber=7268884","Crossbar array;hardware acceleration;low power;resistive memory;sparse coding;unsupervised learning;VLSI;Crossbar array;hardware acceleration;low power;resistive memory;sparse coding;unsupervised learning;VLSI","Dictionaries;Hardware;CMOS integrated circuits;Application specific integrated circuits;Unsupervised learning;Very large scale integration","","22","","34","IEEE","15 Sep 2015","Nov. 2015","","IEEE","IEEE Journals"
"Dual-layer Trading Mechanism in the Day-ahead Market Considering Energy Storage as Flexible Ramping Product","C. Cheng; Y. Zhang; Y. Zhou; J. Rong; Y. Qiao; M. Peng; H. Li","State Grid Sichuan Economic Research Institute, Chengdu, China; State Grid Sichuan Economic Research Institute, Chengdu, China; State Grid Sichuan Economic Research Institute, Chengdu, China; State Grid Sichuan Economic Research Institute, Chengdu, China; State Grid Sichuan Economic Research Institute, Chengdu, China; College of Electrical Engineering Sichuan University, Chengdu, China; College of Electrical Engineering Sichuan University, Chengdu, China",2024 4th International Conference on Intelligent Technology and Embedded Systems (ICITES),"11 Dec 2024","2024","","","84","92","With the large-scale integration of wind and solar power into the power grid, their volatility and uncertainty pose significant challenges to the flexible and safe operation of the power system. In order to achieve flexible operation of the power system and fully tap into the flexible regulation ability of the power system. A market trading mechanism model considering demand side flexibility resources has been proposed. Firstly, explore the potential and market behavior of demand side flexibility resources; Establish a game model that considers the participation of flexible ramping products(FRP) and new energy generation companies in the day ahead market by comprehensively analyzing and determining the providers of flexible ramping products; Finally, the effectiveness of the model was verified through case studies.","","979-8-3315-0629-2","10.1109/ICITES62688.2024.10777416","","https://ieeexplore.ieee.org/stamp/stamp.jsp?arnumber=10777416","Flexible ramping products;Wind power producer (WPP);Energy storage operator (ESO);Trading mechanism;Game theory","Analytical models;Uncertainty;Costs;Companies;Games;Wind power generation;Regulation;Power grids;Resource management;Energy storage","","1","","11","IEEE","11 Dec 2024","20-23 Sept. 2024","20-23 Sept. 2024","IEEE","IEEE Conferences"
"Development of a Fibre Reinforced Polymer-Based Robotic Exoskeleton for Assistive and Rehabilitation Mobility","L. V; S. Prabakar; S. R; Y. Senthilkumar; D. S. S; D. S","Dept. of Biomedical Engineering, Sona College of Technology, Salem, India; Dept. of Biomedical Engineering, Sona College of Technology, Salem, India; Dept. of Biomedical Engineering, Sona College of Technology, Salem, India; Dept. of Biomedical Engineering, Sona College of Technology, Salem, India; Dept. of Biomedical Engineering, Sona College of Technology, Salem, India; Dept. of Biomedical Engineering, Sona College of Technology, Salem, India",2026 4th International Conference on Artificial Intelligence and Machine Learning Applications Theme: Healthcare and Internet of Things (AIMLA),"22 May 2026","2026","","","1","6","The Lower-limb robotic exoskeletons are typically made from aluminium because of its strength and ease of manufacture; however, because of aluminium's relatively high density, using aluminium in construction of an exoskeleton will increase the overall weight of the exoskeleton making it less portable and increasing the amount of torque required to operate the actuators, thus, increasing the amount of energy consumed to operate as well as decreasing the level of comfort experienced by the user over a period of time. Therefore, the objective of this study was to investigate the possibility of using Fibre Reinforced Polymer (FRP) instead of aluminium as the main structural material for a 2-DOF robotic exoskeleton. FRP has a much better strength-to-weight ratio compared to aluminium, offers better resistance to corrosion, has a longer fatigue life and provides better ergonomic adaptability than traditional aluminium structures. The proposed frame constructed from FRP will greatly reduce the total structural weight of the developed prototype exoskeleton by approximately 1.4 kg, reducing the amount of loading on the actuators and improve the operational efficiency of the exoskeleton. The development of the microcontroller-based control system with wireless communication to two actuators (one at the hip and one at the knee) will enable smooth and accurate controlled flexion and extension on the hip and knee joints of the user. Overall, by using fibre reinforced polymer as the primary structural material, the proposed design will improve energy efficiency, user comfort, and durability of lower-limb exoskeletons through decreased mass and optimally designed torque requirements. Results of this study show that Fibre Reinforced Polymer (FRP) is a feasible and viable alternative material for constructing lightweight, portable and energy-efficient lower-limb exoskeletons for rehabilitation and assistive applications.","","979-8-3195-0634-4","10.1109/AIMLA67915.2026.11522472","","https://ieeexplore.ieee.org/stamp/stamp.jsp?arnumber=11522472","Robotic Exoskeleton;2-DOF;Fibre Reinforced;Polymer;Rehabilitation;Assistive System;Lightweight material;SolidWorks","Exoskeletons;Joints;Design methodology;2-DOF;Aluminum;Printing;Limbs;Materials;Loading;Actuators","","","","22","IEEE","22 May 2026","16-17 April 2026","16-17 April 2026","IEEE","IEEE Conferences"
"Worst-case execution times and schedulability analysis of statecharts models","E. Erpenbach; P. Altenbernd","C-Laboratories, Paderborn, Germany; C-Laboratories, Paderborn, Germany",Proceedings of 11th Euromicro Conference on Real-Time Systems. Euromicro RTS'99,"6 Aug 2002","1999","","","70","77","Synchronous languages have proven to be very adequate for the modeling of embedded systems. However, such languages assume that all responses to external stimuli are computed infinitely fast (in zero time). It is the task of lower design steps to ensure that timeliness requirements are met even when the actual execution time of the generated code on the target is taken into account. Being able to determine both the worst-case execution time (WCET) an the worst-case response time (WCRT) of synchronous models is therefore crucial for the design of real-rime applications. This paper focuses on the language statecharts, but describes a method for analyzing the real-time behavior of synchronous models in general. For this purpose, we take aspects specific to the semantics of synchronous languages into consideration to provide both an efficient and accurate analysis of tasks generated from synchronous models. This method has been integrated in a code generator for STATEMATE and experimental results are presented.","1068-3070","0-7695-0240-7","10.1109/EMRTS.1999.777452","","https://ieeexplore.ieee.org/stamp/stamp.jsp?arnumber=777452","","Testing;Timing;Computer architecture;Delay;Interference;State estimation;Yield estimation;Stability analysis","","8","","17","IEEE","6 Aug 2002","9-11 June 1999","9-11 June 1999","IEEE","IEEE Conferences"
"Parallel code generation of synchronous programs for a many-core architecture","A. Graillat; M. Moy; P. Raymond; B. D. de Dinechin","Kalray, France; LIP, Lyon, France; Verimag, Univ. Grenoble Alpes, France; Kalray, France","2018 Design, Automation & Test in Europe Conference & Exhibition (DATE)","23 Apr 2018","2018","","","1139","1142","Embedded systems tend to require more and more computational power. Many-core architectures are good candidates since they offer power and are considered more time predictable than classical multi-cores. Data-flow Synchronous languages such as Lustre or Scade are widely used for avionic critical software. Programs are described by networks of computational nodes. Implementation of such programs on a many-core architecture must ensure a bounded response time and preserve the functional behavior by taking interference into account. We consider the top-level node of a Lustre application as a software architecture description where each sub-node corresponds to a potential parallel task. Given a mapping (tasks to cores), we automatically generate code suitable for the targeted many-core architecture. This minimizes memory interferences and allows usage of a framework to compute the Worst-Case Response Time.","1558-1101","978-3-9819263-0-9","10.23919/DATE.2018.8342182","","https://ieeexplore.ieee.org/stamp/stamp.jsp?arnumber=8342182","","Task analysis;Computer architecture;Time factors;Schedules;Aerospace electronics;Interference;Delays","","10","","13","","23 Apr 2018","19-23 March 2018","19-23 March 2018","IEEE","IEEE Conferences"
"A demonstration of co-design and co-verification in a synchronous language","S. Singh","Xilinx, Inc., CA, USA","Proceedings Design, Automation and Test in Europe Conference and Exhibition","8 Mar 2004","2004","2","","1394","1395 Vol.2","This paper illustrates how the synchronous programming language Esterel [3] can be used to design and verify both hardware and software. Also illustrates that power of combining these two complementary technologies for the design and verification of embedded systems. Finally we show how the Esterel technique fits into a conventional system level design flow based on Xilinx's Virtex-II PRO FPGA and present several case studies and actual demonstration of a complete system from concept to implementation.","1530-1591","0-7695-2085-5","10.1109/DATE.2004.1269104","","https://ieeexplore.ieee.org/stamp/stamp.jsp?arnumber=1269104","","Hardware;System-level design;Field programmable gate arrays;Power system modeling;Portable computers;Control systems;Embedded software;Space exploration;Software safety;Logic programming","","","","7","IEEE","8 Mar 2004","16-20 Feb. 2004","16-20 Feb. 2004","IEEE","IEEE Conferences"
"Programming deterministic reactive systems with Synchronous Java","C. Motika; R. von Hanxleden; M. Heinold","Dept. of Computer Science Christian-Albrechts-Unversität zu Kiel, Kiel, Germany; Dept. of Computer Science Christian-Albrechts-Unversität zu Kiel, Kiel, Germany; Dept. of Computer Science Christian-Albrechts-Unversität zu Kiel, Kiel, Germany",16th IEEE International Symposium on Object/component/service-oriented Real-time distributed Computing (ISORC 2013),"2 Oct 2014","2013","","","1","8","A key issue in the development of reliable embedded software is the proper handling of reactive control-flow, which typically involves concurrency. Java and its thread concept have only limited provisions for implementing deterministic concurrency. Thus, as has been observed in the past, it is challenging to develop concurrent Java programs without any deadlocks or race conditions. To alleviate this situation, the Synchronous Java (SJ) approach presented here adopts the key concepts that have been established in the world of synchronous programming for handling reactive control-flow. Thus SJ not only provides deterministic concurrency, but also different variants of deterministic preemption. Furthermore SJ allows concurrent threads to communicate with Esterel-style signals. As a case study for an embedded system usage, we also report on how the SJ concepts have been ported to the ARM-based Lego Mindstorms NXT system.","2375-5261","978-1-4799-2111-9","10.1109/ISORC.2013.6913222","","https://ieeexplore.ieee.org/stamp/stamp.jsp?arnumber=6913222","","Java;Instruction sets;Monitoring;Concurrent computing;Switches;Synchronization;Real-time systems","","2","","26","IEEE","2 Oct 2014","19-21 June 2013","19-21 June 2013","IEEE","IEEE Conferences"
"Relaxing the synchronous approach for mixed-criticality systems","E. Yip; M. M. Y. Kuo; P. S. Roop; D. Broman","Department of ECE, University of Auckland, New Zealand; Department of ECE, University of Auckland, New Zealand; Department of ECE, University of Auckland, New Zealand; UC Berkeley, USA and Linköping University, Sweden",2014 IEEE 19th Real-Time and Embedded Technology and Applications Symposium (RTAS),"19 Jan 2015","2014","","","89","100","Synchronous languages are widely used to design safety-critical embedded systems. These languages are based on the synchrony hypothesis, asserting that all tasks must complete instantaneously at each logical time step. This assertion is, however, unsuitable for the design of mixed-criticality systems, where some tasks can tolerate missed deadlines. This paper proposes a novel extension to the synchronous approach for supporting three levels of task criticality: life, mission, and non-critical. We achieve this by relaxing the synchrony hypothesis to allow tasks that can tolerate bounded or unbounded deadline misses. We address the issue of task communication between multi-rate, mixed-criticality tasks, and propose a deterministic lossless communication model. To maximize system utilization, we present a hybrid static and dynamic scheduling approach that executes schedulable tasks during slack time. Extensive benchmarking shows that our approach can schedule up to 15% more task sets and achieve an average of 5.38% better system utilization than the Early-Release EDF (ER-EDF) approach. Tasks are scheduled fairer under our approach and achieve consistently higher execution frequencies, but require more preemptions.","1545-3421","978-1-4799-4829-1","10.1109/RTAS.2014.6925993","","https://ieeexplore.ieee.org/stamp/stamp.jsp?arnumber=6925993","","Schedules;Mission critical systems;Runtime;Time-frequency analysis;Timing;Processor scheduling;Dynamic scheduling","","17","","47","IEEE","19 Jan 2015","15-17 April 2014","15-17 April 2014","IEEE","IEEE Conferences"
"Sensor-Based Emotion Tracking System for Computer Games","W. R. M. G. K. Wickramasinghe; R. M. B. Devduni; D. T. C. B. Dasanayaka; M. N. N. Mohomed; S. Kumari; T. Dassanayake","Department of Information Technology, Sri Lanka Institute of Information Technology, Malabe, Sri Lanka; Department of Information Technology, Sri Lanka Institute of Information Technology, Malabe, Sri Lanka; Department of Information Technology, Sri Lanka Institute of Information Technology, Malabe, Sri Lanka; Department of Interactive Media, Sri Lanka Institute of Information Technology, Malabe, Sri Lanka; Department of Information Technology, Sri Lanka Institute of Information Technology, Malabe, Sri Lanka; Department of Computer Science and Software Engineering, Sri Lanka Institute of Information Technology, Malabe, Sri Lanka",2021 3rd International Conference on Advancements in Computing (ICAC),"11 Jan 2022","2021","","","389","394","The game development industry is among the leading industries globally, and in 2020, gaming emerged as a popular entertainment activity upon the COVID-19 outbreak. Thus, competition among gaming companies is high. Hence, they try to adopt new technologies often. Gaming brings multiple feelings for the gamer. At times, the conditions may get even worse from the game’s end where the gamer may end up venting out his rage and annoyance. Hence, there is a massive possibility for the gamer to switch to another game which may result in the company to lose its customers. In that scenario, this system can monitor the emotional states of the gamer while playing and manipulate the gaming environment, sound environment, enemy behavior, and gamer mechanism according to the emotional state of the gamer. The sensor-based emotion tracking system identifies the gamer’s emotional state using facial emotions, detected through a webcam and heart rate, detected through sensors. The development was carried out through the machine learning models, open cv, Arduino techniques, and reactive programming. The emotional state and facial emotions that will be tracked will count to an accuracy of above 95%. Through that, the target will be to make the gamer satisfied by building appreciation for the services given and by improving the gamer’s gaming experience and retain the gamer with the game provider.","","978-1-6654-0862-2","10.1109/ICAC54203.2021.9671181","","https://ieeexplore.ieee.org/stamp/stamp.jsp?arnumber=9671181","game;gamer;emotional state;detect;sensor","Target tracking;Webcams;Games;Companies;Switches;Machine learning;Programming","","1","","14","IEEE","11 Jan 2022","9-11 Dec. 2021","9-11 Dec. 2021","IEEE","IEEE Conferences"
"[Title page i]","",,2015 IEEE 21st International Conference on Embedded and Real-Time Computing Systems and Applications,"19 Oct 2015","2015","","","i","i","The following topics are dealt with: soft real-time optimality; fixed-priority global multiprocessor scheduling analysis; enhanced fault-tolerant fixed-priority scheduling; smart phones; cooperative code positioning; WCET minimization; performance-asymmetric multicore architecture; cloud-based offloading service; computation-intensive mobile applications; real-time system virtualization; bi-level deadline scaling; overhead-aware schedulability evaluation; hard real-time multiprocessor scheduling; component-based software development; memory access detection methodology; end-to-end timing analysis; legacy vehicular distributed embedded systems; reconfigurable communication middleware; ballroom intersection protocol; EDF schedulability analysis; automata product; priority-based functional reactive programming; job response-time information and EDF-PStream.","2325-1301","978-1-4673-7855-0","10.1109/RTCSA.2015.1","","https://ieeexplore.ieee.org/stamp/stamp.jsp?arnumber=7299751","","","","","","","IEEE","19 Oct 2015","19-21 Aug. 2015","19-21 Aug. 2015","IEEE","IEEE Conferences"
