database,source_row,source_id,title,authors,normalized_title,normalized_authors,year,doi,publication_title,document_type,url
scopus,2,2-s2.0-84952630628,Towards a verified compiler prototype for the synchronous language SIGNAL,Yang Z.; Bodeveix J.-P.; Filali M.; Hu K.; Zhao Y.; Ma D.,towards a verified compiler prototype for the synchronous language signal,yang z bodeveix j p filali m hu k zhao y ma d,2016,10.1007/s11704-015-4364-y,Frontiers of Computer Science,Article,https://www.scopus.com/pages/publications/84952630628?origin=resultslist
scopus,3,2-s2.0-0032024866,Formal semantics for Ward and Mellor's transformation schemas and its application to fault tolerant systems,Petersohn C.; Huizing C.; Peleska J.; De Roever W.-P.,formal semantics for ward and mellor s transformation schemas and its application to fault tolerant systems,petersohn c huizing c peleska j de roever w p,1998,,Computer Systems Science and Engineering,Article,https://www.scopus.com/pages/publications/0032024866?origin=resultslist
scopus,4,2-s2.0-80051869697,SMT-based optimization for synchronous programs,Bai Y.; Brandt J.; Schneider K.,smt based optimization for synchronous programs,bai y brandt j schneider k,2011,10.1145/1988932.1988935,"Proceedings of the 14th International Workshop on Software and Compilers for Embedded Systems, SCOPES 2011",Conference paper,https://www.scopus.com/pages/publications/80051869697?origin=resultslist
scopus,5,2-s2.0-79551607203,Determining actual response time in P-FRP,Belwal C.; Cheng A.M.K.,determining actual response time in p frp,belwal c cheng a m k,2011,10.1007/978-3-642-18378-2_20,Lecture Notes in Computer Science (including subseries Lecture Notes in Artificial Intelligence and Lecture Notes in Bioinformatics),Conference paper,https://www.scopus.com/pages/publications/79551607203?origin=resultslist
scopus,6,2-s2.0-84865688660,Clock-directed modular code generation for synchronous data-flow languages,Biernacki D.; Colaço J.-L.; Hamon G.; Pouzet M.,clock directed modular code generation for synchronous data flow languages,biernacki d colaço j l hamon g pouzet m,2008,10.1145/1375657.1375674,"Proceedings of the ACM SIGPLAN Conference on Languages, Compilers, and Tools for Embedded Systems (LCTES)",Conference paper,https://www.scopus.com/pages/publications/84865688660?origin=resultslist
scopus,7,2-s2.0-77954714002,A real-time architecture design language for multi-rate embedded control systems,Forget J.; Boniol F.; Lesens D.; Pagetti C.,a real time architecture design language for multi rate embedded control systems,forget j boniol f lesens d pagetti c,2010,10.1145/1774088.1774196,Proceedings of the ACM Symposium on Applied Computing,Conference paper,https://www.scopus.com/pages/publications/77954714002?origin=resultslist
scopus,8,2-s2.0-67649868329,Modular code generation from synchronous block diagrams: Modularity vs. code size,Lublinerman R.; Szegedy C.; Tripakis S.,modular code generation from synchronous block diagrams modularity vs code size,lublinerman r szegedy c tripakis s,2009,10.1145/1480881.1480893,Conference Record of the Annual ACM Symposium on Principles of Programming Languages,Conference paper,https://www.scopus.com/pages/publications/67649868329?origin=resultslist
scopus,9,2-s2.0-30644468037,A survey of desynchronization in a polychronous model of computation,Ouy J.,a survey of desynchronization in a polychronous model of computation,ouy j,2006,10.1016/j.entcs.2005.05.040,Electronic Notes in Theoretical Computer Science,Conference paper,https://www.scopus.com/pages/publications/30644468037?origin=resultslist
scopus,10,2-s2.0-85146980553,Reactive Programming on the Bare Metal: A Formal Model for a Low-Level Reactive Virtual Machine,Oeyen B.; De Koster J.; De Meuter W.,reactive programming on the bare metal a formal model for a low level reactive virtual machine,oeyen b de koster j de meuter w,2022,10.1145/3563837.3568342,"REBLS 2022 - Proceedings of the 9th ACM SIGPLAN International Workshop on Reactive and Event-Based Languages and Systems, co-located with SPLASH 2022",Conference paper,https://www.scopus.com/pages/publications/85146980553?origin=resultslist
scopus,11,2-s2.0-84947208083,Synchronous programming techniques for embedded systems: Present and future,Berry G.,synchronous programming techniques for embedded systems present and future,berry g,2001,10.1007/3-540-45449-7_4,Lecture Notes in Computer Science (including subseries Lecture Notes in Artificial Intelligence and Lecture Notes in Bioinformatics),Conference paper,https://www.scopus.com/pages/publications/84947208083?origin=resultslist
scopus,12,2-s2.0-85034029315,Embedded capacitance sensor array for structural health monitoring of pipeline systems,Weber J.; Shi J.; Zhang C.,embedded capacitance sensor array for structural health monitoring of pipeline systems,weber j shi j zhang c,2017,10.1115/PVP2017-65473,"American Society of Mechanical Engineers, Pressure Vessels and Piping Division (Publication) PVP",Conference paper,https://www.scopus.com/pages/publications/85034029315?origin=resultslist
scopus,13,2-s2.0-105040316890,Models and Tools for Complex Embedded Software and Systems,Di Natale M.; Zeng H.,models and tools for complex embedded software and systems,di natale m zeng h,2026,10.1201/9781003608721-10,"Electronic Design Automation for IC System Design, Verification, and Testing: Volume 1",Book chapter,https://www.scopus.com/pages/publications/105040316890?origin=resultslist
scopus,14,2-s2.0-85096120892,The Sparse Synchronous Model,Edwards S.A.; Hui J.,the sparse synchronous model,edwards s a hui j,2020,10.1109/FDL50818.2020.9232938,Forum on Specification and Design Languages,Conference paper,https://www.scopus.com/pages/publications/85096120892?origin=resultslist
scopus,15,2-s2.0-67650174011,Synchronous modeling and validation of priority inheritance schedulers,Jahier E.; Halbwachs N.; Raymond P.,synchronous modeling and validation of priority inheritance schedulers,jahier e halbwachs n raymond p,2009,10.1007/978-3-642-00593-0_10,Lecture Notes in Computer Science (including subseries Lecture Notes in Artificial Intelligence and Lecture Notes in Bioinformatics),Conference paper,https://www.scopus.com/pages/publications/67650174011?origin=resultslist
scopus,16,2-s2.0-85204038918,The Sparse Synchronous Model on Real Hardware,Hui J.; Edwards S.A.,the sparse synchronous model on real hardware,hui j edwards s a,2024,10.1145/3572920,ACM Transactions on Embedded Computing Systems,Article,https://www.scopus.com/pages/publications/85204038918?origin=resultslist
scopus,17,2-s2.0-84924223081,Light-weight Synchronous Java (SJL): An approach for programming deterministic reactive systems with Java,Motika C.; von Hanxleden R.,light weight synchronous java sjl an approach for programming deterministic reactive systems with java,motika c von hanxleden r,2015,10.1007/s00607-014-0416-7,Computing,Article,https://www.scopus.com/pages/publications/84924223081?origin=resultslist
scopus,18,2-s2.0-77955132528,"Proceedings of the 13th International Workshop on Software and Compilers for Embedded Systems, SCOPES 2010",,proceedings of the 13th international workshop on software and compilers for embedded systems scopes 2010,,2010,,"Proceedings of the 13th International Workshop on Software and Compilers for Embedded Systems, SCOPES 2010",Conference review,https://www.scopus.com/pages/publications/77955132528?origin=resultslist
scopus,19,2-s2.0-85057866948,Comparative assessment of the tensile behavior of steel and textile reinforced mortar systems,Menna C.; Balsamo A.; Maddaloni G.; Prota A.,comparative assessment of the tensile behavior of steel and textile reinforced mortar systems,menna c balsamo a maddaloni g prota a,2018,,"American Concrete Institute, ACI Special Publication",Conference paper,https://www.scopus.com/pages/publications/85057866948?origin=resultslist
scopus,20,2-s2.0-85037111104,FRP IoT Modules as a Scala DSL,Calus B.; Reynders B.; Devriese D.; Noorman J.; Piessens F.,frp iot modules as a scala dsl,calus b reynders b devriese d noorman j piessens f,2017,10.1145/3141858.3141861,"REBLS 2017 - Proceedings of the 4th ACM SIGPLAN International Workshop on Reactive and Event-Based Languages and Systems, co-located with SPLASH 2017",Conference paper,https://www.scopus.com/pages/publications/85037111104?origin=resultslist
scopus,21,2-s2.0-77957826479,Smart CFRP systems for the controlled retrofitting of reinforced concrete members,Schaller M.-B.; K̈seberg S.; Kuhnec M.,smart cfrp systems for the controlled retrofitting of reinforced concrete members,schaller m b k seberg s kuhnec m,2010,10.1117/12.864936,Proceedings of SPIE - The International Society for Optical Engineering,Conference paper,https://www.scopus.com/pages/publications/77957826479?origin=resultslist
scopus,22,2-s2.0-85173442400,Context-Aware Task Handling in Resource-Constrained Robots with Virtualization,Hadidi R.; Ghaleshahi N.S.; Asgari B.; Kim H.,context aware task handling in resource constrained robots with virtualization,hadidi r ghaleshahi n s asgari b kim h,2023,10.1109/EDGE60047.2023.00047,Proceedings - IEEE International Conference on Edge Computing,Conference paper,https://www.scopus.com/pages/publications/85173442400?origin=resultslist
scopus,23,2-s2.0-84994494333,A Scratchpad Memory-Based Execution Platform for Functional Reactive Systems and Its Static Timing Analysis,Kazemi Z.; Cheng A.M.K.,a scratchpad memory based execution platform for functional reactive systems and its static timing analysis,kazemi z cheng a m k,2016,10.1109/RTCSA.2016.43,"Proceedings - 2016 IEEE 22nd International Conference on Embedded and Real-Time Computing Systems and Applications, RTCSA 2016",Conference paper,https://www.scopus.com/pages/publications/84994494333?origin=resultslist
scopus,24,2-s2.0-85111002431,A Model-based Design Flow for Asynchronous Implementations from Synchronous Specifications,Bai Y.; Rafique O.; Schneider K.,a model based design flow for asynchronous implementations from synchronous specifications,bai y rafique o schneider k,2021,10.23919/DATE51398.2021.9474190,"Proceedings -Design, Automation and Test in Europe, DATE",Conference paper,https://www.scopus.com/pages/publications/85111002431?origin=resultslist
scopus,25,2-s2.0-85119692107,A functional reactive programming language for small-scale embedded systems with recursive data types,Yokoyama A.; Moriguchi S.; Watanabe T.,a functional reactive programming language for small scale embedded systems with recursive data types,yokoyama a moriguchi s watanabe t,2021,10.2197/IPSJJIP.29.685,Journal of Information Processing,Article,https://www.scopus.com/pages/publications/85119692107?origin=resultslist
scopus,26,2-s2.0-85084189766,"A memory-bounded, deterministic and terminating semantics for the synchronous programming language Céu",Santos R.C.M.; Lima G.F.; Sant'anna F.; Ierusalimschy R.; Haeusler E.H.,a memory bounded deterministic and terminating semantics for the synchronous programming language céu,santos r c m lima g f sant anna f ierusalimschy r haeusler e h,2018,10.1145/3211332.3211334,ACM SIGPLAN Notices,Article,https://www.scopus.com/pages/publications/85084189766?origin=resultslist
scopus,27,2-s2.0-50849107319,An ALU cluster intellectual property for magnetic RAM media applications platform,Liou C.-Y.; Chiueh H.,an alu cluster intellectual property for magnetic ram media applications platform,liou c y chiueh h,2007,10.1109/MTDT.2007.4547622,"Records of the IEEE International Workshop on Memory Technology, Design and Testing",Conference paper,https://www.scopus.com/pages/publications/50849107319?origin=resultslist
scopus,28,2-s2.0-18944383648,Programming autonomous robots in curry,Hanus M.; Höppner K.,programming autonomous robots in curry,hanus m höppner k,2002,10.1016/S1571-0661(04)80793-X,Electronic Notes in Theoretical Computer Science,Conference paper,https://www.scopus.com/pages/publications/18944383648?origin=resultslist
scopus,29,2-s2.0-0028094333,Simulation of temporal behaviour based on a synchronous language,Andre C.; Peraldi M.A.,simulation of temporal behaviour based on a synchronous language,andre c peraldi m a,1994,,"Proceedings of the IEEE International Workshop on Modeling, Analysis, and Simulation of Computer and Telecommunication Systems",Conference paper,https://www.scopus.com/pages/publications/0028094333?origin=resultslist
scopus,30,2-s2.0-105020266968,SCADE Model Checking Based on Program Transformation; [基于程序转化的SCADE模型检测],Ran D.; Chen Z.; Sun Y.; Yang Z.-B.,scade model checking based on program transformation 基于程序转化的scade模型检测,ran d chen z sun y yang z b,2021,10.11896/jsjkx.201100080,Computer Science,Article,https://www.scopus.com/pages/publications/105020266968?origin=resultslist
scopus,31,2-s2.0-84956602879,Incremental queries and transformations: From concepts to industrial applications,Varró D.,incremental queries and transformations from concepts to industrial applications,varró d,2016,10.1007/978-3-662-49192-8_5,Lecture Notes in Computer Science (including subseries Lecture Notes in Artificial Intelligence and Lecture Notes in Bioinformatics),Conference paper,https://www.scopus.com/pages/publications/84956602879?origin=resultslist
scopus,32,2-s2.0-84900437102,Utilisation bounds of P-FRP tasks,Belwal C.; Wen Y.; Cheng A.M.K.,utilisation bounds of p frp tasks,belwal c wen y cheng a m k,2014,10.1504/IJES.2014.060918,International Journal of Embedded Systems,Article,https://www.scopus.com/pages/publications/84900437102?origin=resultslist
scopus,33,2-s2.0-85084858798,Rhine: FRP with type-level clocks,Bärenz M.; Perez I.,rhine frp with type level clocks,bärenz m perez i,2018,10.1145/3242744.3242757,ACM SIGPLAN Notices,Article,https://www.scopus.com/pages/publications/85084858798?origin=resultslist
scopus,34,2-s2.0-85035324149,Quartz: A synchronous language for model-based design of reactive embedded systems,Schneider K.; Brandt J.,quartz a synchronous language for model based design of reactive embedded systems,schneider k brandt j,2017,10.1007/978-94-017-7267-9_3,Handbook of Hardware/Software Codesign,Book chapter,https://www.scopus.com/pages/publications/85035324149?origin=resultslist
scopus,35,2-s2.0-85057797617,"Blech, Imperative Synchronous Programming!",Gretz F.; Grosch F.-J.,blech imperative synchronous programming,gretz f grosch f j,2018,10.1109/FDL.2018.8524036,Forum on Specification and Design Languages,Conference paper,https://www.scopus.com/pages/publications/85057797617?origin=resultslist
scopus,36,2-s2.0-85067764778,Strengthening of shear-critical RC beams with cementbased composites: A pilot study,"Azam R.; Soudki K., Prof.",strengthening of shear critical rc beams with cementbased composites a pilot study,azam r soudki k prof,2014,,"Proceedings of the 7th International Conference on FRP Composites in Civil Engineering, CICE 2014",Conference paper,https://www.scopus.com/pages/publications/85067764778?origin=resultslist
scopus,37,2-s2.0-80155184199,Technological advances for improved performance and operation of fiber-reinforced polymer piping,Mertiny P.; Bashar M.; Parashar A.; Juss K.,technological advances for improved performance and operation of fiber reinforced polymer piping,mertiny p bashar m parashar a juss k,2010,10.1115/PVP2010-25146,"American Society of Mechanical Engineers, Pressure Vessels and Piping Division (Publication) PVP",Conference paper,https://www.scopus.com/pages/publications/80155184199?origin=resultslist
scopus,38,2-s2.0-33749557812,Research and practice of intelligent sensing technologies in civil structural health monitoring in the mainland of China,Ou J.,research and practice of intelligent sensing technologies in civil structural health monitoring in the mainland of china,ou j,2006,10.1117/12.663993,Proceedings of SPIE - The International Society for Optical Engineering,Conference paper,https://www.scopus.com/pages/publications/33749557812?origin=resultslist
scopus,39,2-s2.0-18944377419,Modeling of avionics applications and performance evaluation techniques using the synchronous language SIGNAL,Gamatié A.; Gautier T.; Besnard L.,modeling of avionics applications and performance evaluation techniques using the synchronous language signal,gamatié a gautier t besnard l,2004,10.1016/j.entcs.2003.05.002,Electronic Notes in Theoretical Computer Science,Conference paper,https://www.scopus.com/pages/publications/18944377419?origin=resultslist
scopus,40,2-s2.0-105035612081,SmartWall: An Infrastructure for Sensory and Computation-Capable Buildings Using Sustainable and Low-Cost Smart Materials,Hossain M.I.; Zisad S.N.; Uddin N.; Hasan R.,smartwall an infrastructure for sensory and computation capable buildings using sustainable and low cost smart materials,hossain m i zisad s n uddin n hasan r,2025,10.1109/WF-PST65083.2025.00032,"Proceedings - 2025 IEEE World Forum on Public Safety Technology, WF-PST 2025",Conference paper,https://www.scopus.com/pages/publications/105035612081?origin=resultslist
scopus,41,2-s2.0-85092195176,Structural health monitoring system for bridges using internet of things,Kaur P.; Bhardwaj L.; Tanwar R.,structural health monitoring system for bridges using internet of things,kaur p bhardwaj l tanwar r,2021,10.1007/978-981-15-7130-5_64,Lecture Notes in Networks and Systems,Conference paper,https://www.scopus.com/pages/publications/85092195176?origin=resultslist
scopus,42,2-s2.0-78249247711,Response time analysis of the Abort-and-Restart model under symmetric multiprocessing,Ras J.; Cheng A.M.K.,response time analysis of the abort and restart model under symmetric multiprocessing,ras j cheng a m k,2010,10.1109/CIT.2010.332,"Proceedings - 10th IEEE International Conference on Computer and Information Technology, CIT-2010, 7th IEEE International Conference on Embedded Software and Systems, ICESS-2010, ScalCom-2010",Conference paper,https://www.scopus.com/pages/publications/78249247711?origin=resultslist
scopus,43,2-s2.0-85041063222,On the construction of dependable embedded software by synchronous programming; [Zur konstruktion verlässlicher eingebetteter software durch synchrone programmierung],Budde R.; Poigné A.; Sylla K.-H.,on the construction of dependable embedded software by synchronous programming zur konstruktion verlässlicher eingebetteter software durch synchrone programmierung,budde r poigné a sylla k h,2003,10.1524/auto.51.8.368.20906,At-Automatisierungstechnik,Article,https://www.scopus.com/pages/publications/85041063222?origin=resultslist
scopus,44,2-s2.0-39349111802,Life cycle cost analysis of new FRP based solar parabolic trough collector hot water generation system,Valan Arasu A.; Sornakumar T.,life cycle cost analysis of new frp based solar parabolic trough collector hot water generation system,valan arasu a sornakumar t,2008,10.1631/jzus.A072134,Journal of Zhejiang University: Science A,Article,https://www.scopus.com/pages/publications/39349111802?origin=resultslist
scopus,45,2-s2.0-33745000700,Goto and Concurrency Introducing Safe Jumps in Esterel,Tardieu O.,goto and concurrency introducing safe jumps in esterel,tardieu o,2006,10.1016/j.entcs.2006.02.025,Electronic Notes in Theoretical Computer Science,Article,https://www.scopus.com/pages/publications/33745000700?origin=resultslist
scopus,46,2-s2.0-85182739871,Developing Distributed Systems with Multiparty Functional Reactive Programming,Moriguchi S.; Watanabe T.,developing distributed systems with multiparty functional reactive programming,moriguchi s watanabe t,2023,10.1145/3631991.3632000,ACM International Conference Proceeding Series,Conference paper,https://www.scopus.com/pages/publications/85182739871?origin=resultslist
scopus,47,2-s2.0-84899712809,A type-based analysis of causality loops in hybrid systems modelers,Benveniste A.; Bourke T.; Caillaud B.; Pagano B.; Pouzet M.,a type based analysis of causality loops in hybrid systems modelers,benveniste a bourke t caillaud b pagano b pouzet m,2014,10.1145/2562059.2562125,HSCC 2014 - Proceedings of the 17th International Conference on Hybrid Systems: Computation and Control (Part of CPS Week),Conference paper,https://www.scopus.com/pages/publications/84899712809?origin=resultslist
scopus,48,2-s2.0-85028755123,Towards Reflection in an FRP Language for Small-Scale Embedded Systems,Watanabe T.; Sawada K.,towards reflection in an frp language for small scale embedded systems,watanabe t sawada k,2017,10.1145/3079368.3079387,ACM International Conference Proceeding Series,Conference paper,https://www.scopus.com/pages/publications/85028755123?origin=resultslist
scopus,49,2-s2.0-77957578743,Automatic modular abstractions for template numerical constraints,Monniaux D.,automatic modular abstractions for template numerical constraints,monniaux d,2010,10.2168/lmcs-6(3:4)2010,Logical Methods in Computer Science,Article,https://www.scopus.com/pages/publications/77957578743?origin=resultslist
scopus,50,2-s2.0-79955657815,Divide and recycle: Types and compilation for a hybrid synchronous language,Benveniste A.; Bourke T.; Caillaud B.; Pouzet M.,divide and recycle types and compilation for a hybrid synchronous language,benveniste a bourke t caillaud b pouzet m,2011,10.1145/1967677.1967687,"Proceedings of the ACM SIGPLAN Conference on Languages, Compilers, and Tools for Embedded Systems (LCTES)",Conference paper,https://www.scopus.com/pages/publications/79955657815?origin=resultslist
scopus,51,2-s2.0-84908328531,Constructive polychronous systems,Talpin J.-P.; Brandt J.; Gemünde M.; Schneider K.; Shukla S.,constructive polychronous systems,talpin j p brandt j gemünde m schneider k shukla s,2014,10.1016/j.scico.2014.04.009,Science of Computer Programming,Conference paper,https://www.scopus.com/pages/publications/84908328531?origin=resultslist
scopus,52,2-s2.0-85061130867,Building iot systems using distributed first-class reactive programming,De Troyer C.; Nicolay J.; De Meuter W.,building iot systems using distributed first class reactive programming,de troyer c nicolay j de meuter w,2018,10.1109/CloudCom2018.2018.00045,"Proceedings of the International Conference on Cloud Computing Technology and Science, CloudCom",Conference paper,https://www.scopus.com/pages/publications/85061130867?origin=resultslist
scopus,53,2-s2.0-84910050386,Programming deterministic reactive systems with Synchronous Java,Motika C.; Von Hanxleden R.; Heinold M.,programming deterministic reactive systems with synchronous java,motika c von hanxleden r heinold m,2014,10.1109/ISORC.2013.6913222,"16th IEEE International Symposium on Object/Component/Service-Oriented Real-Time Distributed Computing, ISORC 2013",Conference paper,https://www.scopus.com/pages/publications/84910050386?origin=resultslist
scopus,54,2-s2.0-33751049657,"A domain-specific language for task handlers generation, applying discrete controller synthesis",Delaval G.; Rutten É.,a domain specific language for task handlers generation applying discrete controller synthesis,delaval g rutten é,2006,10.1145/1141277.1141487,Proceedings of the ACM Symposium on Applied Computing,Conference paper,https://www.scopus.com/pages/publications/33751049657?origin=resultslist
scopus,55,2-s2.0-84995468173,Energy and timing aware synchronous programming,Wang J.; Roop P.S.; Girault A.,energy and timing aware synchronous programming,wang j roop p s girault a,2016,10.1145/2968478.2968500,"Proceedings of the 13th International Conference on Embedded Software, EMSOFT 2016",Conference paper,https://www.scopus.com/pages/publications/84995468173?origin=resultslist
scopus,56,2-s2.0-85030688077,Runtime enforcement of cyber-physical systems,Pinisetty S.; Roop P.S.; Smyth S.; Allen N.; Tripakis S.; Von Hanxleden R.,runtime enforcement of cyber physical systems,pinisetty s roop p s smyth s allen n tripakis s von hanxleden r,2017,10.1145/3126500,ACM Transactions on Embedded Computing Systems,Conference paper,https://www.scopus.com/pages/publications/85030688077?origin=resultslist
scopus,57,2-s2.0-105009404317,Formal Foundations for Reowolf: Multi-party Sessions via Synchronous Protocol Programming,Esterhuyse C.A.; Lion B.; Hiep H.-D.A.; Arbab F.,formal foundations for reowolf multi party sessions via synchronous protocol programming,esterhuyse c a lion b hiep h d a arbab f,2025,10.1007/978-3-031-95589-1_1,Lecture Notes in Computer Science,Conference paper,https://www.scopus.com/pages/publications/105009404317?origin=resultslist
scopus,58,2-s2.0-105042449817,Towards Formal Verification of Hybrid Synchronous Programs with Refinement Types,Dane S.Z.; Chen J.; Pouzet M.; Jeannin J.-B.,towards formal verification of hybrid synchronous programs with refinement types,dane s z chen j pouzet m jeannin j b,2026,10.1007/978-3-032-28079-4_21,Lecture Notes in Computer Science,Conference paper,https://www.scopus.com/pages/publications/105042449817?origin=resultslist
scopus,59,2-s2.0-12744281445,Customizing processor cores to support reactivity,Salcic Z.; Roop P.,customizing processor cores to support reactivity,salcic z roop p,2004,,"Proceedings of the International Conference on Engineering of Reconfigurable Systems and Algorithms, ERSA'04",Conference paper,https://www.scopus.com/pages/publications/12744281445?origin=resultslist
scopus,60,2-s2.0-85032454030,System for logging acoustic emission signals from FRP reinforcing rods that is suitable for field and long term laboratory testing,Shateri M.; Thomson D.; Ghaib M.; Svecova D.,system for logging acoustic emission signals from frp reinforcing rods that is suitable for field and long term laboratory testing,shateri m thomson d ghaib m svecova d,2017,10.12783/shm2017/13990,"Structural Health Monitoring 2017: Real-Time Material State Awareness and Data-Driven Safety Assurance - Proceedings of the 11th International Workshop on Structural Health Monitoring, IWSHM 2017",Conference paper,https://www.scopus.com/pages/publications/85032454030?origin=resultslist
scopus,61,2-s2.0-84911479001,Multi-core code generation from polychronous programs with time-predictable properties,Yang Z.; Bodeveix J.-P.; Filali M.,multi core code generation from polychronous programs with time predictable properties,yang z bodeveix j p filali m,2014,,CEUR Workshop Proceedings,Conference paper,https://www.scopus.com/pages/publications/84911479001?origin=resultslist
scopus,62,2-s2.0-33750461233,Case studies with Lurette V2,Jahier E.; Raymond P.; Baufreton P.,case studies with lurette v2,jahier e raymond p baufreton p,2006,10.1007/s10009-006-0023-9,International Journal on Software Tools for Technology Transfer,Conference paper,https://www.scopus.com/pages/publications/33750461233?origin=resultslist
scopus,63,2-s2.0-85149385453,Incremental Security Enforcement for Cyber-Physical Systems,Panda A.; Baird A.; Pinisetty S.; Roop P.,incremental security enforcement for cyber physical systems,panda a baird a pinisetty s roop p,2023,10.1109/ACCESS.2023.3246121,IEEE Access,Article,https://www.scopus.com/pages/publications/85149385453?origin=resultslist
scopus,64,2-s2.0-85056707257,Rhine: FRP with type-level clocks,Bärenz M.; Perez I.,rhine frp with type level clocks,bärenz m perez i,2018,10.1145/3242744.3242757,"Haskell 2018 - Proceedings of the 11th ACM SIGPLAN International Symposium on Haskell, co-located with ICFP 2018",Conference paper,https://www.scopus.com/pages/publications/85056707257?origin=resultslist
scopus,65,2-s2.0-79956307917,Static and dynamic strain monitoring of GFRP composites using carbon nanotube thin films,Loyola B.R.; Loh K.J.; La Saponara V.,static and dynamic strain monitoring of gfrp composites using carbon nanotube thin films,loyola b r loh k j la saponara v,2011,10.1117/12.881006,Proceedings of SPIE - The International Society for Optical Engineering,Conference paper,https://www.scopus.com/pages/publications/79956307917?origin=resultslist
scopus,66,2-s2.0-70349706044,Model-based design of embedded control systems by means of a synchronous intermediate model,Alras M.; Caspi P.; Girault A.; Raymond P.,model based design of embedded control systems by means of a synchronous intermediate model,alras m caspi p girault a raymond p,2009,10.1109/ICESS.2009.36,"Proceedings - 2009 International Conference on Embedded Software and Systems, ICESS 2009",Conference paper,https://www.scopus.com/pages/publications/70349706044?origin=resultslist
scopus,67,2-s2.0-84965010183,MODULARITY Companion 2016 - Companion Proceedings of the 15th International Conference on Modularity,,modularity companion 2016 companion proceedings of the 15th international conference on modularity,,2016,,MODULARITY Companion 2016 - Companion Proceedings of the 15th International Conference on Modularity,Conference review,https://www.scopus.com/pages/publications/84965010183?origin=resultslist
scopus,68,2-s2.0-85056941288,Recent advances in low-power design and functional coverification automation from the earliest system-level design stages,Omnès T.J.-F.; Bouchebaba Y.; Kulkarni C.; Coelho F.,recent advances in low power design and functional coverification automation from the earliest system level design stages,omnès t j f bouchebaba y kulkarni c coelho f,2005,,Low-Power Processors and Systems on Chips,Book chapter,https://www.scopus.com/pages/publications/85056941288?origin=resultslist
scopus,69,2-s2.0-84926620015,A synchronous-based code generator for explicit hybrid systems languages,Bourke T.; Colaço J.-L.; Pagano B.; Pasteur C.; Pouzet M.,a synchronous based code generator for explicit hybrid systems languages,bourke t colaço j l pagano b pasteur c pouzet m,2015,10.1007/978-3-662-46663-6_4,Lecture Notes in Computer Science (including subseries Lecture Notes in Artificial Intelligence and Lecture Notes in Bioinformatics),Article,https://www.scopus.com/pages/publications/84926620015?origin=resultslist
scopus,70,2-s2.0-84885918845,Teaching cyber-physical systems: Programming approach,Bauer K.; Schneider K.,teaching cyber physical systems programming approach,bauer k schneider k,2013,10.1145/2530544.2530547,"Proceedings of the 2012 Workshop on Embedded and Cyber-Physical Systems Education, WESE 2012",Conference paper,https://www.scopus.com/pages/publications/84885918845?origin=resultslist
scopus,71,2-s2.0-84945932311,Validating real-time constraints in embedded systems,Shyamasundar R.K.; Aghav J.V.,validating real time constraints in embedded systems,shyamasundar r k aghav j v,2001,10.1109/PRDC.2001.992719,"Proceedings of IEEE Pacific Rim International Symposium on Dependable Computing, PRDC",Conference paper,https://www.scopus.com/pages/publications/84945932311?origin=resultslist
scopus,72,2-s2.0-105008419242,IoT-Web Smart Waste Management System for Environmental Sustainability in Smart Cities: An Integrated Approach Under Swachh Bharat Mission,Shwetank; Vishwakarma A.; Prajapati S.; Amrish; Kumar S.,iot web smart waste management system for environmental sustainability in smart cities an integrated approach under swachh bharat mission,shwetank vishwakarma a prajapati s amrish kumar s,2025,10.1109/IC3ECSBHI63591.2025.10991162,"2025 International Conference on Cognitive Computing in Engineering, Communications, Sciences and Biomedical Health Informatics, IC3ECSBHI 2025",Conference paper,https://www.scopus.com/pages/publications/105008419242?origin=resultslist
scopus,73,2-s2.0-29144484739,Causality analysis of synchronous programs with delayed actions,Schneider K.; Brandt J.; Schuele T.,causality analysis of synchronous programs with delayed actions,schneider k brandt j schuele t,2004,10.1145/1023833.1023859,"CASES 2004: International Conference on Compilers, Architecture, and Synthesis for Embedded Systems",Conference paper,https://www.scopus.com/pages/publications/29144484739?origin=resultslist
scopus,74,2-s2.0-21144434508,Formal models in industry standard tools: An Argos block within simulink,Bourke T.; Sowmya A.,formal models in industry standard tools an argos block within simulink,bourke t sowmya a,2005,10.1142/S0218194005002300,International Journal of Software Engineering and Knowledge Engineering,Article,https://www.scopus.com/pages/publications/21144434508?origin=resultslist
scopus,75,2-s2.0-105041146042,Integration of Organic-Electrochemical Transistors into Composite Material for Structural Health Monitoring,Bornemann S.; Polle C.; Bosse S.; May D.; Skowrons M.; Jakli A.; Lussem B.,integration of organic electrochemical transistors into composite material for structural health monitoring,bornemann s polle c bosse s may d skowrons m jakli a lussem b,2026,10.1016/j.procs.2026.02.016,Procedia Computer Science,Conference paper,https://www.scopus.com/pages/publications/105041146042?origin=resultslist
scopus,76,2-s2.0-85171337618,Programming microcontrollers through high-level abstractions: The OMicroB project,Varoumas S.; Pesin B.; Vaugon B.; Chailloux E.,programming microcontrollers through high level abstractions the omicrob project,varoumas s pesin b vaugon b chailloux e,2023,10.1016/j.cola.2023.101228,Journal of Computer Languages,Article,https://www.scopus.com/pages/publications/85171337618?origin=resultslist
scopus,77,2-s2.0-85092760877,"Hailstorm: A statically-typed, purely functional language for IoT applications",Sarkar A.; Sheeran M.,hailstorm a statically typed purely functional language for iot applications,sarkar a sheeran m,2020,10.1145/3414080.3414092,ACM International Conference Proceeding Series,Conference paper,https://www.scopus.com/pages/publications/85092760877?origin=resultslist
scopus,78,2-s2.0-85050102348,"A memory-Bounded, deterministic and terminating semantics for the synchronous programming language céu",Santos R.C.M.; Lima G.F.; Sant’Anna F.; Ierusalimschy R.; Haeusler E.H.,a memory bounded deterministic and terminating semantics for the synchronous programming language céu,santos r c m lima g f sant anna f ierusalimschy r haeusler e h,2018,10.1145/3211332.3211334,"Proceedings of the ACM SIGPLAN Conference on Languages, Compilers, and Tools for Embedded Systems (LCTES)",Conference paper,https://www.scopus.com/pages/publications/85050102348?origin=resultslist
scopus,79,2-s2.0-84930416943,Denotational fixed-point semantics for constructive scheduling of synchronous concurrency,Aguado J.; Mendler M.; von Hanxleden R.; Fuhrmann I.,denotational fixed point semantics for constructive scheduling of synchronous concurrency,aguado j mendler m von hanxleden r fuhrmann i,2015,10.1007/s00236-015-0238-x,Acta Informatica,Article,https://www.scopus.com/pages/publications/84930416943?origin=resultslist
scopus,80,2-s2.0-84887910786,A new method for compiling schizophrenic synchronous programs,Schneider K.; Wenz M.,a new method for compiling schizophrenic synchronous programs,schneider k wenz m,2001,10.1145/502217.502226,"CASES 2001 - Proceedings of the 2001 International Conference on Compilers, Architecture, and Synthesis for Embedded Systems",Conference paper,https://www.scopus.com/pages/publications/84887910786?origin=resultslist
scopus,81,2-s2.0-33846546600,Mapping Esterel onto a multi-threaded embedded processor,Li X.; Boldt M.; Von Hanxleden R.,mapping esterel onto a multi threaded embedded processor,li x boldt m von hanxleden r,2006,10.1145/1168918.1168896,ACM SIGPLAN Notices,Conference paper,https://www.scopus.com/pages/publications/33846546600?origin=resultslist
scopus,82,2-s2.0-85026513870,The design and implementation of the synchronous language CÉU,Sant’Anna F.; Ierusalimschy R.; Rodriguez N.; Rossetto S.; Branco A.,the design and implementation of the synchronous language céu,sant anna f ierusalimschy r rodriguez n rossetto s branco a,2017,10.1145/3035544,ACM Transactions on Embedded Computing Systems,Article,https://www.scopus.com/pages/publications/85026513870?origin=resultslist
scopus,83,2-s2.0-0036473766,An Esterel compiler for large control-dominated systems,Edwards S.A.,an esterel compiler for large control dominated systems,edwards s a,2002,10.1109/43.980257,IEEE Transactions on Computer-Aided Design of Integrated Circuits and Systems,Article,https://www.scopus.com/pages/publications/0036473766?origin=resultslist
scopus,84,2-s2.0-85057422216,Autonomic management of reconfigurations in DPR FPGA-based embedded system,Gueye S.M.-K.; Rutten É.; Diguet J.-P.,autonomic management of reconfigurations in dpr fpga based embedded system,gueye s m k rutten é diguet j p,2018,10.1109/HPCS.2018.00093,"Proceedings - 2018 International Conference on High Performance Computing and Simulation, HPCS 2018",Conference paper,https://www.scopus.com/pages/publications/85057422216?origin=resultslist
scopus,85,2-s2.0-0141727275,Model-based programming of intelligent embedded systems and robotic space explorers,Williams B.C.; Ingham M.D.; Chung S.H.; Elliott P.H.,model based programming of intelligent embedded systems and robotic space explorers,williams b c ingham m d chung s h elliott p h,2003,10.1109/JPROC.2002.805828,Proceedings of the IEEE,Article,https://www.scopus.com/pages/publications/0141727275?origin=resultslist
scopus,86,2-s2.0-84945278131,"4th International Conference on Foundations of Software Science and Computation Structures, FOSSACS 2001 Held as Part of the Joint European Conferences on Theory and Practice of Software, ETAPS 2001",,4th international conference on foundations of software science and computation structures fossacs 2001 held as part of the joint european conferences on theory and practice of software etaps 2001,,2001,,Lecture Notes in Computer Science (including subseries Lecture Notes in Artificial Intelligence and Lecture Notes in Bioinformatics),Conference review,https://www.scopus.com/pages/publications/84945278131?origin=resultslist
scopus,87,2-s2.0-84892320021,"Designing embedded systems with the SIGNAL programming language: Synchronous, reactive specification",Gamatie A.,designing embedded systems with the signal programming language synchronous reactive specification,gamatie a,2010,10.1007/978-1-4419-0941-1,"Designing Embedded Systems with the SIGNAL Programming Language: Synchronous, Reactive Specification",Book,https://www.scopus.com/pages/publications/84892320021?origin=resultslist
scopus,88,2-s2.0-105035171984,PyroFocus: A Deep Learning Approach to Real-Time Wildfire Detection in Multispectral Remote Sensing Imagery,Moussa M.; Williams A.; Roffe S.; Morton D.,pyrofocus a deep learning approach to real time wildfire detection in multispectral remote sensing imagery,moussa m williams a roffe s morton d,2025,10.1109/ICCVW69036.2025.00298,"Proceedings - 2025 IEEE/CVF International Conference on Computer Vision Workshops, ICCV-W 2025",Conference paper,https://www.scopus.com/pages/publications/105035171984?origin=resultslist
scopus,89,2-s2.0-85009727600,P-FRP task scheduling: A survey,Zou X.; Cheng A.M.K.; Jiang Y.,p frp task scheduling a survey,zou x cheng a m k jiang y,2016,10.1109/DCPS.2016.7588295,"2016 1st CPSWeek Workshop on Declarative Cyber-Physical Systems, DCPS 2016",Conference paper,https://www.scopus.com/pages/publications/85009727600?origin=resultslist
scopus,90,2-s2.0-85017180690,Juniper: A functional reactive programming language for the Arduino,Helbling C.; Guyer S.Z.,juniper a functional reactive programming language for the arduino,helbling c guyer s z,2016,10.1145/2975980.2975982,"FARM 2016 - Proceedings of the 4th International Workshop on Functional Art, Music, Modelling, and Design, co-located with ICFP 2016",Conference paper,https://www.scopus.com/pages/publications/85017180690?origin=resultslist
scopus,91,2-s2.0-77955146600,A higher-order extension for imperative synchronous languages,Vecchié E.; Talpin J.-P.; Boisgérault S.,a higher order extension for imperative synchronous languages,vecchié e talpin j p boisgérault s,2010,10.1145/1811212.1811222,"Proceedings of the 13th International Workshop on Software and Compilers for Embedded Systems, SCOPES 2010",Conference paper,https://www.scopus.com/pages/publications/77955146600?origin=resultslist
scopus,92,2-s2.0-33746067121,Synthesizing safe state machines from esterel,Prochnow S.; Traulsen C.; Von Hanxleden R.,synthesizing safe state machines from esterel,prochnow s traulsen c von hanxleden r,2006,10.1145/1134650.1134667,"Proceedings of the ACM SIGPLAN Conference on Languages, Compilers, and Tools for Embedded Systems (LCTES)",Conference paper,https://www.scopus.com/pages/publications/33746067121?origin=resultslist
scopus,93,2-s2.0-0034970841,A language for the rapid prototyping of mobile evolving agents,Mueller W.; Meyer A.; Zabel H.,a language for the rapid prototyping of mobile evolving agents,mueller w meyer a zabel h,2001,10.1109/HICSS.2001.926319,Proceedings of the Hawaii International Conference on System Sciences,Article,https://www.scopus.com/pages/publications/0034970841?origin=resultslist
scopus,94,2-s2.0-85103901775,Fuel Rail Pressure Control Characteristics of a GDI High-Pressure Fuel Pump Using a Newly Developed Experimental System Controlled with a Microcontroller,Lee B.J.; Lee C.H.,fuel rail pressure control characteristics of a gdi high pressure fuel pump using a newly developed experimental system controlled with a microcontroller,lee b j lee c h,2021,10.1007/s12239-021-0045-z,International Journal of Automotive Technology,Article,https://www.scopus.com/pages/publications/85103901775?origin=resultslist
scopus,95,2-s2.0-79955651690,Synchronous programming of device drivers for global resource control in embedded operating systems,Berthier N.; Maraninchi F.; Mounier L.,synchronous programming of device drivers for global resource control in embedded operating systems,berthier n maraninchi f mounier l,2011,10.1145/1967677.1967689,"Proceedings of the ACM SIGPLAN Conference on Languages, Compilers, and Tools for Embedded Systems (LCTES)",Conference paper,https://www.scopus.com/pages/publications/79955651690?origin=resultslist
scopus,96,2-s2.0-85158909686,The polychronous model of computation and Kahn process networks,Gautier T.; Le Guernic P.; Besnard L.; Talpin J.-P.,the polychronous model of computation and kahn process networks,gautier t le guernic p besnard l talpin j p,2023,10.1016/j.scico.2023.102958,Science of Computer Programming,Article,https://www.scopus.com/pages/publications/85158909686?origin=resultslist
scopus,97,2-s2.0-85077508573,"Blech, imperative synchronous programming!",Gretz F.; Grosch F.-J.,blech imperative synchronous programming,gretz f grosch f j,2020,10.1007/978-3-030-31585-6_9,Lecture Notes in Electrical Engineering,Book chapter,https://www.scopus.com/pages/publications/85077508573?origin=resultslist
scopus,98,2-s2.0-67649859656,Automatic modular abstractions for linear constraints,Monniaux D.,automatic modular abstractions for linear constraints,monniaux d,2009,10.1145/1480881.1480899,Conference Record of the Annual ACM Symposium on Principles of Programming Languages,Conference paper,https://www.scopus.com/pages/publications/67649859656?origin=resultslist
scopus,99,2-s2.0-85055868193,"Proceedings of the 10th International Workshop on Context-Oriented Programming: Advanced Modularity for Run-time Composition, COP 2018 - Co-located with the European Conference on Object-Oriented Programming",,proceedings of the 10th international workshop on context oriented programming advanced modularity for run time composition cop 2018 co located with the european conference on object oriented programming,,2018,,"Proceedings of the 10th International Workshop on Context-Oriented Programming: Advanced Modularity for Run-time Composition, COP 2018 - Co-located with the European Conference on Object-Oriented Programming",Conference review,https://www.scopus.com/pages/publications/85055868193?origin=resultslist
scopus,100,2-s2.0-85071630168,ON RAPID DEVELOPMENT OF REACTIVE WIRELESS SENSOR SYSTEMS,Gburzyński P.; Kopciuszewska E.,on rapid development of reactive wireless sensor systems,gburzyński p kopciuszewska e,2019,10.2478/czoto-2019-0073,System Safety: Human - Technical Facility - Environment,Conference paper,https://www.scopus.com/pages/publications/85071630168?origin=resultslist
scopus,101,2-s2.0-77957879241,SystemJ: A GALS language for system level design,Malik A.; Salcic Z.; Roop P.S.; Girault A.,systemj a gals language for system level design,malik a salcic z roop p s girault a,2010,10.1016/j.cl.2010.01.001,"Computer Languages, Systems and Structures",Article,https://www.scopus.com/pages/publications/77957879241?origin=resultslist
scopus,102,2-s2.0-84963722735,Numerical simulation of concrete beams reinforced with composite GFRP-Steel bars under three points bending,Elamary A.S.; Abd-Elwahab R.K.,numerical simulation of concrete beams reinforced with composite gfrp steel bars under three points bending,elamary a s abd elwahab r k,2016,10.12989/sem.2016.57.5.937,Structural Engineering and Mechanics,Article,https://www.scopus.com/pages/publications/84963722735?origin=resultslist
scopus,103,2-s2.0-84994035707,Formally unifying modeling and design for embedded systems - A personal view,Berry G.,formally unifying modeling and design for embedded systems a personal view,berry g,2016,10.1007/978-3-319-47169-3_11,Lecture Notes in Computer Science (including subseries Lecture Notes in Artificial Intelligence and Lecture Notes in Bioinformatics),Conference paper,https://www.scopus.com/pages/publications/84994035707?origin=resultslist
scopus,104,2-s2.0-0030151597,Predictability of a RTX2000-based implementation,André C.; Péraldi M.-A.,predictability of a rtx2000 based implementation,andré c péraldi m a,1996,10.1007/bf00383386,Real-Time Systems,Article,https://www.scopus.com/pages/publications/0030151597?origin=resultslist
scopus,105,2-s2.0-47949095171,Model-driven test generation for system level validation,Mathaikutty D.A.; Ahuja S.; Dingankar A.; Shukla S.,model driven test generation for system level validation,mathaikutty d a ahuja s dingankar a shukla s,2007,10.1109/HLDVT.2007.4392792,"Proceedings - IEEE International High-Level Design Validation and Test Workshop, HLDVT",Conference paper,https://www.scopus.com/pages/publications/47949095171?origin=resultslist
scopus,106,2-s2.0-33744523955,The synchronous hypothesis and synchronous languages,Potop-Butucaru D.; De Simone R.; Talpin J.-P.,the synchronous hypothesis and synchronous languages,potop butucaru d de simone r talpin j p,2005,10.1201/9781420038163,Embedded Systems: Handbook,Book chapter,https://www.scopus.com/pages/publications/33744523955?origin=resultslist
scopus,107,2-s2.0-0034592459,Efficient compilation of Esterel for real-time embedded systems,Well D.; Bertin V.; Closse E.; Poize M.; Venier P.; Pulou J.,efficient compilation of esterel for real time embedded systems,well d bertin v closse e poize m venier p pulou j,2000,,"Proceedings of the International Conference on Compilers, Architecture and Synthesis for Embedded Systems",Conference paper,https://www.scopus.com/pages/publications/0034592459?origin=resultslist
scopus,108,2-s2.0-85003422131,Stride: A declarative and reactive language for sound synthesis and beyond,Tilbian J.; Cabrera A.,stride a declarative and reactive language for sound synthesis and beyond,tilbian j cabrera a,2016,,"ICMC 2016 - 42nd International Computer Music Conference, Proceedings",Conference paper,https://www.scopus.com/pages/publications/85003422131?origin=resultslist
scopus,109,2-s2.0-33646800850,The synchronous languages 12 years later,Benveniste A.; Caspi P.; Edwards S.A.; Halbwachs N.; Le Guernic P.; De Simone R.,the synchronous languages 12 years later,benveniste a caspi p edwards s a halbwachs n le guernic p de simone r,2003,10.1109/JPROC.2002.805826,Proceedings of the IEEE,Review,https://www.scopus.com/pages/publications/33646800850?origin=resultslist
scopus,110,2-s2.0-85195385238,Switching Mechanism for Update Timing of Time-Varying Values in an FRP Language for Small-Scale Embedded Systems,Yokoyama A.; Moriguchi S.; Watanabe T.,switching mechanism for update timing of time varying values in an frp language for small scale embedded systems,yokoyama a moriguchi s watanabe t,2024,10.1145/3651781.3651789,ACM International Conference Proceeding Series,Conference paper,https://www.scopus.com/pages/publications/85195385238?origin=resultslist
scopus,111,2-s2.0-70449478475,Separate compilation for synchronous programs,Brandt J.; Schneider K.,separate compilation for synchronous programs,brandt j schneider k,2009,10.1145/1543820.1543822,ACM International Conference Proceeding Series,Conference paper,https://www.scopus.com/pages/publications/70449478475?origin=resultslist
scopus,112,2-s2.0-85010375480,The ForeC Synchronous Deterministic Parallel Programming Language for Multicores,Yip E.; Girault A.; Roop P.S.; Biglari-Abhari M.,the forec synchronous deterministic parallel programming language for multicores,yip e girault a roop p s biglari abhari m,2016,10.1109/MCSoC.2016.13,"Proceedings - IEEE 10th International Symposium on Embedded Multicore/Many-Core Systems-on-Chip, MCSoC 2016",Conference paper,https://www.scopus.com/pages/publications/85010375480?origin=resultslist
scopus,113,2-s2.0-85115685429,Distributed synchronous processes,Boniol F.,distributed synchronous processes,boniol f,2007,10.1142/9789812708472_0002,"Real-time Systems: Modeling, Design And Applications",Book chapter,https://www.scopus.com/pages/publications/85115685429?origin=resultslist
scopus,114,2-s2.0-0037332776,Mode-automata: A new domain-specific construct for the development of safe critical systems,Maraninchi F.; Rémond Y.,mode automata a new domain specific construct for the development of safe critical systems,maraninchi f rémond y,2003,10.1016/S0167-6423(02)00093-X,Science of Computer Programming,Conference paper,https://www.scopus.com/pages/publications/0037332776?origin=resultslist
scopus,115,2-s2.0-85177702419,"REBLS 2023 - Proceedings of the 10th ACM SIGPLAN International Workshop on Reactive and Event-Based Languages and Systems, Co-located with: SPLASH 2023",,rebls 2023 proceedings of the 10th acm sigplan international workshop on reactive and event based languages and systems co located with splash 2023,,2023,,"REBLS 2023 - Proceedings of the 10th ACM SIGPLAN International Workshop on Reactive and Event-Based Languages and Systems, Co-located with: SPLASH 2023",Conference review,https://www.scopus.com/pages/publications/85177702419?origin=resultslist
scopus,116,2-s2.0-84984982086,Robotics reactive programming with F#/Mono,Kirsanov A.; Kirilenko I.; Melentyev K.,robotics reactive programming with f mono,kirsanov a kirilenko i melentyev k,2014,10.1145/2687233.2687249,ACM International Conference Proceeding Series,Conference paper,https://www.scopus.com/pages/publications/84984982086?origin=resultslist
scopus,117,2-s2.0-70350324681,Modular code generation from synchronous block diagrams: Modularity vs. Code size,Lublinerman R.; Szegedy C.; Tripakis S.,modular code generation from synchronous block diagrams modularity vs code size,lublinerman r szegedy c tripakis s,2009,,ACM SIGPLAN Notices,Conference paper,https://www.scopus.com/pages/publications/70350324681?origin=resultslist
scopus,118,2-s2.0-0035298857,Specification and validation of embedded systems using LUSTRE and ARGOS. Case study: The automatic headlight leveling system,Gmehlich R.,specification and validation of embedded systems using lustre and argos case study the automatic headlight leveling system,gmehlich r,2001,10.1023/A:1011237030847,Design Automation for Embedded Systems,Article,https://www.scopus.com/pages/publications/0035298857?origin=resultslist
scopus,119,2-s2.0-85017092425,"FARM 2016 - Proceedings of the 4th International Workshop on Functional Art, Music, Modelling, and Design, co-located with ICFP 2016",,farm 2016 proceedings of the 4th international workshop on functional art music modelling and design co located with icfp 2016,,2016,,"FARM 2016 - Proceedings of the 4th International Workshop on Functional Art, Music, Modelling, and Design, co-located with ICFP 2016",Conference review,https://www.scopus.com/pages/publications/85017092425?origin=resultslist
scopus,120,2-s2.0-80455164815,Synchronous control of reconfiguration in fractal component-based systems - A case study,Bouhadiba T.; Sabah Q.; Delaval G.; Rutten E.,synchronous control of reconfiguration in fractal component based systems a case study,bouhadiba t sabah q delaval g rutten e,2011,10.1145/2038642.2038690,"Embedded Systems Week 2011, ESWEEK 2011 - Proceedings of the 9th ACM International Conference on Embedded Software, EMSOFT'11",Conference paper,https://www.scopus.com/pages/publications/80455164815?origin=resultslist
scopus,121,2-s2.0-85084944609,Exploring the potentialities of a new type of CFRP laminate for the simultaneous flexural and shear strengthening of RC beams: Numerical research,Rezazadeh M.; Baghi H.; Barros J.; Laranjeira J.,exploring the potentialities of a new type of cfrp laminate for the simultaneous flexural and shear strengthening of rc beams numerical research,rezazadeh m baghi h barros j laranjeira j,2015,,"FRPRCS-12/APFIS-2015 - Joint Conference of the 12th International Symposium on Fiber Reinforced Polymers for Reinforced Concrete Structures, FRPRCS 2015 and the 5th Asia-Pacific Conference on Fiber Reinforced Polymers in Structures, APFIS 2015",Conference paper,https://www.scopus.com/pages/publications/85084944609?origin=resultslist
scopus,122,2-s2.0-85136967764,"6th International Conference on Mechanical Engineering Research, ICMER 2021",,6th international conference on mechanical engineering research icmer 2021,,2023,,Lecture Notes in Electrical Engineering,Conference review,https://www.scopus.com/pages/publications/85136967764?origin=resultslist
scopus,123,2-s2.0-84979017206,Hybrid lustre,Yuan Z.; Zhou T.; Liu J.; Luo J.; Zhang Y.; Chen X.,hybrid lustre,yuan z zhou t liu j luo j zhang y chen x,2016,10.1007/978-3-319-41579-6_25,Lecture Notes in Computer Science (including subseries Lecture Notes in Artificial Intelligence and Lecture Notes in Bioinformatics),Conference paper,https://www.scopus.com/pages/publications/84979017206?origin=resultslist
scopus,124,2-s2.0-85035041985,Efficient functional reactive programming through incremental behaviors,Reynders B.; Devriese D.,efficient functional reactive programming through incremental behaviors,reynders b devriese d,2017,10.1007/978-3-319-71237-6_16,Lecture Notes in Computer Science (including subseries Lecture Notes in Artificial Intelligence and Lecture Notes in Bioinformatics),Conference paper,https://www.scopus.com/pages/publications/85035041985?origin=resultslist
scopus,125,2-s2.0-85112263958,Functional Reactive Programming for Embedded Systems with GPGPUs,Sakurai Y.; Moriguchi S.; Watanabe T.,functional reactive programming for embedded systems with gpgpus,sakurai y moriguchi s watanabe t,2021,10.1145/3457784.3457795,ACM International Conference Proceeding Series,Conference paper,https://www.scopus.com/pages/publications/85112263958?origin=resultslist
scopus,126,2-s2.0-85197071003,Deterministic Coordination across Multiple Timelines,Lohstroh M.; Bateni S.; Menard C.; Schulz-Rosengarten A.; Castrillon J.; Lee E.A.,deterministic coordination across multiple timelines,lohstroh m bateni s menard c schulz rosengarten a castrillon j lee e a,2024,10.1145/3615357,ACM Transactions on Embedded Computing Systems,Article,https://www.scopus.com/pages/publications/85197071003?origin=resultslist
scopus,127,2-s2.0-84858930401,Recent advances in low-power design and functional coverification automation from the earliest system-level design stages,Omnès T.J.-F.; Bouchebaba Y.; Kulkarni C.; Coelho F.,recent advances in low power design and functional coverification automation from the earliest system level design stages,omnès t j f bouchebaba y kulkarni c coelho f,2004,,Low-Power Electronics Design,Book chapter,https://www.scopus.com/pages/publications/84858930401?origin=resultslist
scopus,128,2-s2.0-1442264243,From simulink to SCADE/Lustre to TTA: A layered approach for distributed embedded applications,Caspi P.; Curic A.; Maignan A.; Sofronis C.; Tripakis S.; Niebert P.,from simulink to scade lustre to tta a layered approach for distributed embedded applications,caspi p curic a maignan a sofronis c tripakis s niebert p,2003,10.1145/780731.780754,ACM SIGPLAN Notices,Conference paper,https://www.scopus.com/pages/publications/1442264243?origin=resultslist
scopus,129,2-s2.0-0028571334,Software scheduling in the co-synthesis of reactive real-time systems,Chou Pai; Borriello Gaetano,software scheduling in the co synthesis of reactive real time systems,chou pai borriello gaetano,1994,10.1145/196244.196247,Proceedings - Design Automation Conference,Conference paper,https://www.scopus.com/pages/publications/0028571334?origin=resultslist
scopus,130,2-s2.0-62149118311,A metamodel for the design of polychronous systems,Brunette C.; Talpin J.-P.; Gamatié A.; Gautier T.,a metamodel for the design of polychronous systems,brunette c talpin j p gamatié a gautier t,2009,10.1016/j.jlap.2008.11.005,Journal of Logic and Algebraic Programming,Article,https://www.scopus.com/pages/publications/62149118311?origin=resultslist
scopus,131,2-s2.0-85136538297,Topology-Level Reactivity in Distributed Reactive Programs Reactive Acquaintance Management using Flocks,Van den Vonder S.; Renaux T.; De Meuter W.,topology level reactivity in distributed reactive programs reactive acquaintance management using flocks,van den vonder s renaux t de meuter w,2022,10.22152/programming-journal.org/2022/6/14,"Art, Science, and Engineering of Programming",Article,https://www.scopus.com/pages/publications/85136538297?origin=resultslist
scopus,132,2-s2.0-85074886071,Towards object-oriented modeling in sccharts,Schulz-Rosengarten A.; Smyth S.; Mendler M.,towards object oriented modeling in sccharts,schulz rosengarten a smyth s mendler m,2019,10.1109/FDL.2019.8876901,"Proceedings of the 2019 Forum on Specification and Design Languages, FDL 2019",Conference paper,https://www.scopus.com/pages/publications/85074886071?origin=resultslist
scopus,133,2-s2.0-79955394580,Steel-FRP composite structural systems,Harries K.A.; El-Tawil S.,steel frp composite structural systems,harries k a el tawil s,2011,10.1061/41142(396)58,Composite Construction in Steel and Concrete VI - Proceedings of the 2008 Composite Construction in Steel and Concrete Conference,Conference paper,https://www.scopus.com/pages/publications/79955394580?origin=resultslist
scopus,134,2-s2.0-80455143364,A hybrid synchronous language with hierarchical automat,Benveniste A.; Bourke T.; Caillaud B.; Pouzet M.,a hybrid synchronous language with hierarchical automat,benveniste a bourke t caillaud b pouzet m,2011,10.1145/2038642.2038664,"Embedded Systems Week 2011, ESWEEK 2011 - Proceedings of the 9th ACM International Conference on Embedded Software, EMSOFT'11",Conference paper,https://www.scopus.com/pages/publications/80455143364?origin=resultslist
scopus,135,2-s2.0-84856204951,Feasibility interval for the transactional event handlers of P-FRP,Belwal C.; Cheng A.M.K.,feasibility interval for the transactional event handlers of p frp,belwal c cheng a m k,2011,10.1109/TrustCom.2011.133,"Proc. 10th IEEE Int. Conf. on Trust, Security and Privacy in Computing and Communications, TrustCom 2011, 8th IEEE Int. Conf. on Embedded Software and Systems, ICESS 2011, 6th Int. Conf. on FCST 2011",Conference paper,https://www.scopus.com/pages/publications/84856204951?origin=resultslist
scopus,136,2-s2.0-85055864497,A simple context-oriented programming extension to an frp language for small-scale embedded systems,Watanabe T.,a simple context oriented programming extension to an frp language for small scale embedded systems,watanabe t,2018,10.1145/3242921.3242925,"Proceedings of the 10th International Workshop on Context-Oriented Programming: Advanced Modularity for Run-time Composition, COP 2018 - Co-located with the European Conference on Object-Oriented Programming",Conference paper,https://www.scopus.com/pages/publications/85055864497?origin=resultslist
scopus,137,2-s2.0-85109262299,Prototyping Method for Complex-Shaped Textile Composite Panels Developing a digitally controlled reconfigurable mold,Ku K.; Gurjar S.,prototyping method for complex shaped textile composite panels developing a digitally controlled reconfigurable mold,ku k gurjar s,2018,,Proceedings of the International Conference on Education and Research in Computer Aided Architectural Design in Europe,Conference paper,https://www.scopus.com/pages/publications/85109262299?origin=resultslist
scopus,138,2-s2.0-67650164598,SACRES: A step ahead in the development of critical avionics applications,Baufreton P.,sacres a step ahead in the development of critical avionics applications,baufreton p,1999,10.1007/3-540-48983-5_1,Lecture Notes in Computer Science (including subseries Lecture Notes in Artificial Intelligence and Lecture Notes in Bioinformatics),Conference paper,https://www.scopus.com/pages/publications/67650164598?origin=resultslist
scopus,139,2-s2.0-85125009407,Sensor-Based Emotion Tracking System for Computer Games,Wickramasinghe W.R.M.G.K.; Devduni R.M.B.; Dasanayaka D.T.C.B.; Mohomed M.N.N.; Kumari S.; Dassanayake T.,sensor based emotion tracking system for computer games,wickramasinghe w r m g k devduni r m b dasanayaka d t c b mohomed m n n kumari s dassanayake t,2021,10.1109/ICAC54203.2021.9671181,"ICAC 2021 - 3rd International Conference on Advancements in Computing, Proceedings",Conference paper,https://www.scopus.com/pages/publications/85125009407?origin=resultslist
scopus,140,2-s2.0-46249103188,Polychronous methodology for system design: A true concurrency approach,Suhaib S.; Mathaikutty D.; Shukla S.; Talpin J.-P.,polychronous methodology for system design a true concurrency approach,suhaib s mathaikutty d shukla s talpin j p,2006,10.1109/HLDVT.2006.319993,"Proceedings - IEEE International High-Level Design Validation and Test Workshop, HLDVT",Conference paper,https://www.scopus.com/pages/publications/46249103188?origin=resultslist
scopus,141,2-s2.0-36749077142,"Proceedings of the 6th ACM and IEEE International Conference on Embedded Software, EMSOFT 2006",,proceedings of the 6th acm and ieee international conference on embedded software emsoft 2006,,2006,,"IEEE International Conference on Embedded Software, EMSOFT 2006",Conference review,https://www.scopus.com/pages/publications/36749077142?origin=resultslist
scopus,142,2-s2.0-85096034280,Online Signal Monitoring with Bounded Lag,Mamouras K.; Wang Z.,online signal monitoring with bounded lag,mamouras k wang z,2020,10.1109/TCAD.2020.3013053,IEEE Transactions on Computer-Aided Design of Integrated Circuits and Systems,Article,https://www.scopus.com/pages/publications/85096034280?origin=resultslist
scopus,143,2-s2.0-84958530990,Hop and hiphop: Multitier web orchestration,Berry G.; Serrano M.,hop and hiphop multitier web orchestration,berry g serrano m,2014,10.1007/978-3-319-04483-5_1,Lecture Notes in Computer Science (including subseries Lecture Notes in Artificial Intelligence and Lecture Notes in Bioinformatics),Conference paper,https://www.scopus.com/pages/publications/84958530990?origin=resultslist
scopus,144,2-s2.0-84887340425,Explicit precedence constraints in safety-critical Java,Puffitsch W.; Noulard E.; Pagetti C.,explicit precedence constraints in safety critical java,puffitsch w noulard e pagetti c,2013,10.1145/2512989.2512997,ACM International Conference Proceeding Series,Conference paper,https://www.scopus.com/pages/publications/84887340425?origin=resultslist
scopus,145,2-s2.0-84856652027,HipHop: A synchronous reactive extension for Hop,Berry G.; Nicolas C.; Serrano M.,hiphop a synchronous reactive extension for hop,berry g nicolas c serrano m,2011,10.1145/2093328.2093337,PLASTIC'11 - Proceedings of the 1st ACM SIGPLAN International Workshop on Programming Language and Systems Technologies for Internet Clients,Conference paper,https://www.scopus.com/pages/publications/84856652027?origin=resultslist
scopus,146,2-s2.0-85028772303,ACM International Conference Proceeding Series,,acm international conference proceeding series,,2017,,ACM International Conference Proceeding Series,Conference review,https://www.scopus.com/pages/publications/85028772303?origin=resultslist
scopus,147,2-s2.0-84925500268,Precautionary and operational costs of freight train delays: a case study of a Swedish grocery company,Krüger N.A.; Vierth I.,precautionary and operational costs of freight train delays a case study of a swedish grocery company,krüger n a vierth i,2015,10.1007/s12544-015-0155-7,Real-Time Systems,Article,https://www.scopus.com/pages/publications/84925500268?origin=resultslist
scopus,148,2-s2.0-85108307231,Negative moment region flexural strengthening system of RC T-beams with half-embedded NSM FRP rods: a parametric analytical approach,Haryanto Y.; Hu H.-T.; Han A.L.; Hsiao F.-P.; Teng C.-J.; Hidayat B.A.; Wariyatno N.G.,negative moment region flexural strengthening system of rc t beams with half embedded nsm frp rods a parametric analytical approach,haryanto y hu h t han a l hsiao f p teng c j hidayat b a wariyatno n g,2021,10.1080/02533839.2021.1936646,"Journal of the Chinese Institute of Engineers, Transactions of the Chinese Institute of Engineers,Series A",Article,https://www.scopus.com/pages/publications/85108307231?origin=resultslist
scopus,149,2-s2.0-85051496849,Faster function blocks for precision timed industrial automation,Pearce H.; Roop P.; Biglari-Abhari M.; Schoeberl M.,faster function blocks for precision timed industrial automation,pearce h roop p biglari abhari m schoeberl m,2018,10.1109/ISORC.2018.00017,"Proceedings - 2018 IEEE 21st International Symposium on Real-Time Computing, ISORC 2018",Conference paper,https://www.scopus.com/pages/publications/85051496849?origin=resultslist
scopus,150,2-s2.0-79955645946,Static analysis of synchronous programs in signal for efficient design of multi-clocked embedded systems,Gamatié A.; Gonnord L.,static analysis of synchronous programs in signal for efficient design of multi clocked embedded systems,gamatié a gonnord l,2011,10.1145/1967677.1967688,"Proceedings of the ACM SIGPLAN Conference on Languages, Compilers, and Tools for Embedded Systems (LCTES)",Conference paper,https://www.scopus.com/pages/publications/79955645946?origin=resultslist
scopus,151,2-s2.0-0033898505,ESTEREL: A formal method applied to avionic software development,Berry G.; Bouali A.; Fornari X.; Ledinot E.; Nassor E.; De Simone R.,esterel a formal method applied to avionic software development,berry g bouali a fornari x ledinot e nassor e de simone r,2000,10.1016/S0167-6423(99)00015-5,Science of Computer Programming,Article,https://www.scopus.com/pages/publications/0033898505?origin=resultslist
scopus,152,2-s2.0-79960066867,Multi-task implementation of multi-periodic synchronous programs,Pagetti C.; Forget J.; Boniol F.; Cordovilla M.; Lesens D.,multi task implementation of multi periodic synchronous programs,pagetti c forget j boniol f cordovilla m lesens d,2011,10.1007/s10626-011-0107-x,Discrete Event Dynamic Systems: Theory and Applications,Article,https://www.scopus.com/pages/publications/79960066867?origin=resultslist
scopus,153,2-s2.0-84955513098,Compilation of synchronous observers as code contracts,Dieumegard A.; Garoche P.-L.; Kahsai T.; Taillar A.; Thirioux X.,compilation of synchronous observers as code contracts,dieumegard a garoche p l kahsai t taillar a thirioux x,2015,10.1145/2695664.2695819,Proceedings of the ACM Symposium on Applied Computing,Conference paper,https://www.scopus.com/pages/publications/84955513098?origin=resultslist
scopus,154,2-s2.0-44849106998,Bridging the abstraction gap for the design of embedded reactive systems using esterel - A case study,Zauner M.; Kramer M.; Balog P.,bridging the abstraction gap for the design of embedded reactive systems using esterel a case study,zauner m kramer m balog p,2008,10.1115/DETC2007-34561,"2007 Proceedings of the ASME International Design Engineering Technical Conferences and Computers and Information in Engineering Conference, DETC2007",Conference paper,https://www.scopus.com/pages/publications/44849106998?origin=resultslist
scopus,155,2-s2.0-84926965335,The descendants of Centaur: A personal view on Gilles Kahn's work,Ledinot E.,the descendants of centaur a personal view on gilles kahn s work,ledinot e,2009,10.1017/CBO9780511770524.026,From Semantics to Computer Science: Essays in Honour of Gilles Kahn,Book chapter,https://www.scopus.com/pages/publications/84926965335?origin=resultslist
scopus,156,2-s2.0-85175233720,Development and Analysis of Novel IoT based Monitoring System for Fiber Reinforced Polymer (FRP) Dust Extraction System in an Industrial Environment 4.0,Prashanth S.; Balasundaram S.; Hariharan S.B.; Jegan Prabhu A.,development and analysis of novel iot based monitoring system for fiber reinforced polymer frp dust extraction system in an industrial environment 4 0,prashanth s balasundaram s hariharan s b jegan prabhu a,2023,10.1109/ICPCSN58827.2023.00227,"Proceedings - 2023 3rd International Conference on Pervasive Computing and Social Networking, ICPCSN 2023",Conference paper,https://www.scopus.com/pages/publications/85175233720?origin=resultslist
scopus,157,2-s2.0-33745376027,Software implementation of synchronous programs,André C.; Boulanger F.; Girault A.,software implementation of synchronous programs,andré c boulanger f girault a,2001,10.1109/CSD.2001.981771,"Proceedings - International Conference on Application of Concurrency to System Design, ACSD",Conference paper,https://www.scopus.com/pages/publications/33745376027?origin=resultslist
scopus,158,2-s2.0-85153849840,From Distributed Sensing to Virtual Sensors: A Domain-Specific Language for Reactive Centralized Edge-Fog-Cloud Computation,Damiani A.; Rabozzi M.; Chen K.M.; Di Tucci L.; Santambrogio M.D.,from distributed sensing to virtual sensors a domain specific language for reactive centralized edge fog cloud computation,damiani a rabozzi m chen k m di tucci l santambrogio m d,2022,10.1109/EUC57774.2022.00028,"Proceedings - 2022 IEEE 20th International Conference on Embedded and Ubiquitous Computing, EUC 2022",Conference paper,https://www.scopus.com/pages/publications/85153849840?origin=resultslist
scopus,159,2-s2.0-85089598005,Uniaxial experimental tests on full-scale limestone masonry columns confined with glass and basalt frcm systems,Di Ludovico M.; Cascardi A.; Balsamo A.; Aiello M.A.,uniaxial experimental tests on full scale limestone masonry columns confined with glass and basalt frcm systems,di ludovico m cascardi a balsamo a aiello m a,2020,10.1061/(ASCE)CC.1943-5614.0001061,Journal of Composites for Construction,Article,https://www.scopus.com/pages/publications/85089598005?origin=resultslist
scopus,160,2-s2.0-84855768254,Partitioned scheduling of P-FRP in symmetric homogenous multiprocessors,Belwal C.; Cheng A.M.K.,partitioned scheduling of p frp in symmetric homogenous multiprocessors,belwal c cheng a m k,2011,10.1109/EUC.2011.55,"Proceedings - 2011 IFIP 9th International Conference on Embedded and Ubiquitous Computing, EUC 2011",Conference paper,https://www.scopus.com/pages/publications/84855768254?origin=resultslist
scopus,161,2-s2.0-70350339814,Automatic modular abstractions for linear constraints,Monniaux D.,automatic modular abstractions for linear constraints,monniaux d,2009,10.1145/1594834.1480899,ACM SIGPLAN Notices,Conference paper,https://www.scopus.com/pages/publications/70350339814?origin=resultslist
scopus,162,2-s2.0-51849147407,"Structural performance of RC beams poststrengthened with carbon, aramid, and glass FRP systems",Garcez M.; Meneghetti L.; Da Silva Filho L.C.P.,structural performance of rc beams poststrengthened with carbon aramid and glass frp systems,garcez m meneghetti l da silva filho l c p,2008,10.1061/(ASCE)1090-0268(2008)12:5(522,Journal of Composites for Construction,Article,https://www.scopus.com/pages/publications/51849147407?origin=resultslist
scopus,163,2-s2.0-85071941548,Assessment of anchorage methods and FRP laminate strengthening configurations for URM walls under in-plane loading,Torres N.; Tumialan G.; Vega C.,assessment of anchorage methods and frp laminate strengthening configurations for urm walls under in plane loading,torres n tumialan g vega c,2017,,"American Concrete Institute, ACI Special Publication",Conference paper,https://www.scopus.com/pages/publications/85071941548?origin=resultslist
scopus,164,2-s2.0-84905692731,Safe System-level concurrency on resource-constrained nodes,Sant'Anna F.; Rodriguez N.; Ierusalimschy R.; Landsiedel O.; Tsigas P.,safe system level concurrency on resource constrained nodes,sant anna f rodriguez n ierusalimschy r landsiedel o tsigas p,2013,10.1145/2517351.2517360,SenSys 2013 - Proceedings of the 11th ACM Conference on Embedded Networked Sensor Systems,Conference paper,https://www.scopus.com/pages/publications/84905692731?origin=resultslist
scopus,165,2-s2.0-85108029654,Toward Object-oriented Modeling in SCCharts,Schulz-Rosengarten A.; Smyth S.; Mendler M.,toward object oriented modeling in sccharts,schulz rosengarten a smyth s mendler m,2021,10.1145/3453482,ACM Transactions on Embedded Computing Systems,Article,https://www.scopus.com/pages/publications/85108029654?origin=resultslist
scopus,166,2-s2.0-85176136799,Implementation and Evaluation of an Interpreter for Functional Reactive Programming on Small Embedded Devices,Suzuki G.; Watanabe T.; Moriguchi S.,implementation and evaluation of an interpreter for functional reactive programming on small embedded devices,suzuki g watanabe t moriguchi s,2023,10.1145/3594671.3594674,ACM International Conference Proceeding Series,Conference paper,https://www.scopus.com/pages/publications/85176136799?origin=resultslist
scopus,167,2-s2.0-85205028976,Pipit on the Post: Proving Pre- and Post-Conditions of Reactive Systems,Robinson A.; Potanin A.,pipit on the post proving pre and post conditions of reactive systems,robinson a potanin a,2024,10.4230/LIPIcs.ECOOP.2024.34,"Leibniz International Proceedings in Informatics, LIPIcs",Conference paper,https://www.scopus.com/pages/publications/85205028976?origin=resultslist
scopus,168,2-s2.0-85054127214,Towards a verified Lustre compiler with modular reset,Bourke T.; Brun L.; Pouzet M.,towards a verified lustre compiler with modular reset,bourke t brun l pouzet m,2018,10.1145/3207719.3207732,"Proceedings of the 21st International Workshop on Software and Compilers for Embedded Systems, SCOPES 2018",Conference paper,https://www.scopus.com/pages/publications/85054127214?origin=resultslist
scopus,169,2-s2.0-33746310585,Experimental research on strain monitoring in composite plates using embedded SMA wires,Qiu Z.-X.; Yao X.-T.; Yuan J.; Soutis C.,experimental research on strain monitoring in composite plates using embedded sma wires,qiu z x yao x t yuan j soutis c,2006,10.1088/0964-1726/15/4/018,Smart Materials and Structures,Article,https://www.scopus.com/pages/publications/33746310585?origin=resultslist
scopus,170,2-s2.0-85098089268,Programming microcontrollers through high-level abstractions,Varoumas S.; Pesin B.; Vaugon B.; Chailloux E.,programming microcontrollers through high level abstractions,varoumas s pesin b vaugon b chailloux e,2020,10.1145/3427765.3428495,"VMIL 2020 - Proceedings of the 12th ACM SIGPLAN International Workshop on Virtual Machines and Intermediate Languages, Co-located with SPLASH 2020",Conference paper,https://www.scopus.com/pages/publications/85098089268?origin=resultslist
scopus,171,2-s2.0-84927520180,Adaptivity in high-performance embedded systems: A reactive control model for reliable and flexible design,Yu H.; Gamatié A.; Rutten E.; Dekeyser J.-L.,adaptivity in high performance embedded systems a reactive control model for reliable and flexible design,yu h gamatié a rutten e dekeyser j l,2014,10.1017/S0269888914000150,Knowledge Engineering Review,Article,https://www.scopus.com/pages/publications/84927520180?origin=resultslist
scopus,172,2-s2.0-51349115980,On the deterministic multi-threaded software synthesis from polychronous specifications,Jose B.A.; Shukla S.K.; Patel H.D.; Talpin J.-P.,on the deterministic multi threaded software synthesis from polychronous specifications,jose b a shukla s k patel h d talpin j p,2008,10.1109/MEMCOD.2008.4547700,"Proceedings - 6th ACM and IEEE International Conference on Formal Methods and Models for Co-Design, MEMOCODE'08",Conference paper,https://www.scopus.com/pages/publications/51349115980?origin=resultslist
scopus,173,2-s2.0-21644438799,Teaching behavior based robotics through advanced robocamps,Krugman M.,teaching behavior based robotics through advanced robocamps,krugman m,2004,,"Proceedings - Frontiers in Education Conference, FIE",Conference paper,https://www.scopus.com/pages/publications/21644438799?origin=resultslist
scopus,174,2-s2.0-85073243278,Experimental bond behavior of Steel Reinforced Grout systems for strengthening concrete elements,Ascione F.; Lamberti M.; Napoli A.; Realfonzo R.,experimental bond behavior of steel reinforced grout systems for strengthening concrete elements,ascione f lamberti m napoli a realfonzo r,2020,10.1016/j.conbuildmat.2019.117105,Construction and Building Materials,Article,https://www.scopus.com/pages/publications/85073243278?origin=resultslist
scopus,175,2-s2.0-79952607925,Safe design of high-performance embedded systems in an MDE framework,Yu H.; Gamatié A.; Rutten É.; Dekeyser J.-L.,safe design of high performance embedded systems in an mde framework,yu h gamatié a rutten é dekeyser j l,2008,10.1007/s11334-008-0059-y,Innovations in Systems and Software Engineering,Article,https://www.scopus.com/pages/publications/79952607925?origin=resultslist
scopus,176,2-s2.0-39649123015,Integrated manufacturing system of high-pressure FRP pipes,You B.; Xu J.; Wang X.,integrated manufacturing system of high pressure frp pipes,you b xu j wang x,2007,10.1504/IJCAT.2007.017236,International Journal of Computer Applications in Technology,Article,https://www.scopus.com/pages/publications/39649123015?origin=resultslist
scopus,177,2-s2.0-23844532367,Slicing synchronous reactive programs,Ganapathy V.; Ramesh S.,slicing synchronous reactive programs,ganapathy v ramesh s,2002,10.1016/S1571-0661(05)80440-2,Electronic Notes in Theoretical Computer Science,Conference paper,https://www.scopus.com/pages/publications/23844532367?origin=resultslist
scopus,178,2-s2.0-16244413250,Encapsulation and behavioral inheritance in a synchronous model of computation for embedded system services adaptation,Kerbœuf M.; Talpin J.-P.,encapsulation and behavioral inheritance in a synchronous model of computation for embedded system services adaptation,kerbœuf m talpin j p,2005,10.1016/j.jlap.2004.05.005,Journal of Logic and Algebraic Programming,Article,https://www.scopus.com/pages/publications/16244413250?origin=resultslist
scopus,179,2-s2.0-85027080096,Experimental behavior of glass-FRCM Composites Applied onto Masonry and Concrete Substrates,Gonzalez-Libreros J.; D'Antino T.; Pellegrino C.,experimental behavior of glass frcm composites applied onto masonry and concrete substrates,gonzalez libreros j d antino t pellegrino c,2017,10.4028/www.scientific.net/KEM.747.390,Key Engineering Materials,Conference paper,https://www.scopus.com/pages/publications/85027080096?origin=resultslist
scopus,180,2-s2.0-84878503259,Synchronous programming of device drivers for global resource control in embedded operating systems,Berthier N.; Maraninchi F.; Mounier L.,synchronous programming of device drivers for global resource control in embedded operating systems,berthier n maraninchi f mounier l,2013,10.1145/2435227.2435235,Transactions on Embedded Computing Systems,Conference paper,https://www.scopus.com/pages/publications/84878503259?origin=resultslist
scopus,181,2-s2.0-0034297992,Implementation of constructive synchronous programs in POLIS,Berry G.; Sentovich E.M.,implementation of constructive synchronous programs in polis,berry g sentovich e m,2000,10.1023/A:1008796718837,Formal Methods in System Design,Article,https://www.scopus.com/pages/publications/0034297992?origin=resultslist
scopus,182,2-s2.0-85048807830,Parallel code generation of synchronous programs for a many-core architecture,Graillat A.; Moy M.; Raymond P.; De DInechin B.D.,parallel code generation of synchronous programs for a many core architecture,graillat a moy m raymond p de dinechin b d,2018,10.23919/DATE.2018.8342182,"Proceedings of the 2018 Design, Automation and Test in Europe Conference and Exhibition,  DATE 2018",Conference paper,https://www.scopus.com/pages/publications/85048807830?origin=resultslist
scopus,183,2-s2.0-85053769612,Building a Hybrid Systems Modeler on Synchronous Languages Principles,Benveniste A.; Bourke T.; Caillaud B.; Colaco J.-L.; Pasteur C.; Pouzet M.,building a hybrid systems modeler on synchronous languages principles,benveniste a bourke t caillaud b colaco j l pasteur c pouzet m,2018,10.1109/JPROC.2018.2858016,Proceedings of the IEEE,Article,https://www.scopus.com/pages/publications/85053769612?origin=resultslist
scopus,184,2-s2.0-72349088444,Response time analysis for the abort-and-restart event handlers of the Priority-Based Functional Reactive Programming (P-FRP) paradigm,Ras J.; Cheng A.M.K.,response time analysis for the abort and restart event handlers of the priority based functional reactive programming p frp paradigm,ras j cheng a m k,2009,10.1109/RTCSA.2009.64,"Proceedings - 15th IEEE International Conference on Embedded and Real-Time Computing Systems and Applications, RTCSA 2009",Conference paper,https://www.scopus.com/pages/publications/72349088444?origin=resultslist
scopus,185,2-s2.0-84865338143,Performance debugging of Esterel specifications,Ju L.; Huynh B.K.; Roychoudhury A.; Chakraborty S.,performance debugging of esterel specifications,ju l huynh b k roychoudhury a chakraborty s,2012,10.1007/s11241-012-9155-z,Real-Time Systems,Article,https://www.scopus.com/pages/publications/84865338143?origin=resultslist
scopus,186,2-s2.0-85147041586,Towards Introducing Asynchronous Tasks to an FRP Language for Small-Scale Embedded Systems,Yokoyama A.; Moriguchi S.; Watanabe T.,towards introducing asynchronous tasks to an frp language for small scale embedded systems,yokoyama a moriguchi s watanabe t,2022,10.1145/3563837.3568338,"REBLS 2022 - Proceedings of the 9th ACM SIGPLAN International Workshop on Reactive and Event-Based Languages and Systems, co-located with SPLASH 2022",Conference paper,https://www.scopus.com/pages/publications/85147041586?origin=resultslist
scopus,187,2-s2.0-85090856317,Model Checking Software in Cyberphysical Systems,Sirjani M.; Lee E.A.; Khamespanah E.,model checking software in cyberphysical systems,sirjani m lee e a khamespanah e,2020,10.1109/COMPSAC48688.2020.0-138,"Proceedings - 2020 IEEE 44th Annual Computers, Software, and Applications Conference, COMPSAC 2020",Conference paper,https://www.scopus.com/pages/publications/85090856317?origin=resultslist
scopus,188,2-s2.0-84974632955,RDBG: A reactive programs extensible debugger,Jahier E.,rdbg a reactive programs extensible debugger,jahier e,2016,10.1145/2906363.2906372,"Proceedings of the 19th International Workshop on Software and Compilers for Embedded Systems, SCOPES 2016",Conference paper,https://www.scopus.com/pages/publications/84974632955?origin=resultslist
scopus,189,2-s2.0-17744366819,A deterministic logical semantics for esterel,Tardieu O.,a deterministic logical semantics for esterel,tardieu o,2005,10.1016/j.entcs.2004.09.040,Electronic Notes in Theoretical Computer Science,Conference paper,https://www.scopus.com/pages/publications/17744366819?origin=resultslist
scopus,190,2-s2.0-29244481164,A conservative extension of synchronous data-flow with state machines,Colaço J.-L.; Pagano B.; Pouzet M.,a conservative extension of synchronous data flow with state machines,colaço j l pagano b pouzet m,2005,10.1145/1086228.1086261,"Proceedings of the 5th ACM International Conference on Embedded Software, EMSOFT 2005",Conference paper,https://www.scopus.com/pages/publications/29244481164?origin=resultslist
scopus,191,2-s2.0-85172568714,Forum on Specification and Design Languages,,forum on specification and design languages,,2017,,Forum on Specification and Design Languages,Conference review,https://www.scopus.com/pages/publications/85172568714?origin=resultslist
scopus,192,2-s2.0-84983162477,Minimal schedulability testing interval for real-time periodic tasks with arbitrary release offsets,Jiang Y.; Zhou Q.; Zou X.; Cheng A.M.K.,minimal schedulability testing interval for real time periodic tasks with arbitrary release offsets,jiang y zhou q zou x cheng a m k,2014,10.1109/HPCC.2014.93,"Proceedings - 16th IEEE International Conference on High Performance Computing and Communications, HPCC 2014, 11th IEEE International Conference on Embedded Software and Systems, ICESS 2014 and 6th International Symposium on Cyberspace Safety and Security, CSS 2014",Conference paper,https://www.scopus.com/pages/publications/84983162477?origin=resultslist
scopus,193,2-s2.0-80455173791,Towards a signal calculus for event-based synchronous languages,Zhao Y.; Jifeng H.,towards a signal calculus for event based synchronous languages,zhao y jifeng h,2011,10.1007/978-3-642-24559-6_1,Lecture Notes in Computer Science (including subseries Lecture Notes in Artificial Intelligence and Lecture Notes in Bioinformatics),Conference paper,https://www.scopus.com/pages/publications/80455173791?origin=resultslist
scopus,194,2-s2.0-85071650894,Model-driven engineering and formal validation of high-performance embedded systems,Gamatié A.; Rutten E.; Yu H.; Boulet P.; Dekeyser J.-L.,model driven engineering and formal validation of high performance embedded systems,gamatié a rutten e yu h boulet p dekeyser j l,2009,,Scalable Computing,Article,https://www.scopus.com/pages/publications/85071650894?origin=resultslist
scopus,195,2-s2.0-84862212667,Performance of end-anchorage systems for RC beams strengthened in shear with epoxy-bonded FRP,Mofidi A.; Chaallal O.; Benmokrane B.; Neale K.,performance of end anchorage systems for rc beams strengthened in shear with epoxy bonded frp,mofidi a chaallal o benmokrane b neale k,2012,10.1061/(ASCE)CC.1943-5614.0000263,Journal of Composites for Construction,Article,https://www.scopus.com/pages/publications/84862212667?origin=resultslist
scopus,196,2-s2.0-34547453769,A memory-optimal buffering protocol for preservation of synchronous semantics under preemptive scheduling,Sofronis C.; Tripakis S.; Caspi P.,a memory optimal buffering protocol for preservation of synchronous semantics under preemptive scheduling,sofronis c tripakis s caspi p,2006,10.1145/1176887.1176892,"IEEE International Conference on Embedded Software, EMSOFT 2006",Conference paper,https://www.scopus.com/pages/publications/34547453769?origin=resultslist
scopus,197,2-s2.0-84965004000,Emfrp: A functional reactive programming language for small-scale embedded systems,Sawada K.; Watanabe T.,emfrp a functional reactive programming language for small scale embedded systems,sawada k watanabe t,2016,10.1145/2892664.2892670,MODULARITY Companion 2016 - Companion Proceedings of the 15th International Conference on Modularity,Conference paper,https://www.scopus.com/pages/publications/84965004000?origin=resultslist
scopus,198,2-s2.0-34247859683,The SIGNAL approach to the design of system architectures,Gamatié A.; Gautier T.,the signal approach to the design of system architectures,gamatié a gautier t,2003,10.1109/ECBS.2003.1194786,"Proceedings - 10th IEEE International Conference and Workshop on the Engineering of Computer-Based Systems, ECBS 2003",Conference paper,https://www.scopus.com/pages/publications/34247859683?origin=resultslist
scopus,199,2-s2.0-72549094376,"SyncCharts in C: A proposal for light-weight, deterministic concurrency",Von Hanxleden R.,synccharts in c a proposal for light weight deterministic concurrency,von hanxleden r,2009,10.1145/1629335.1629366,"Embedded Systems Week 2009 - Proceedings of the 7th ACM International Conference on Embedded Software, EMSOFT '09",Conference paper,https://www.scopus.com/pages/publications/72549094376?origin=resultslist
scopus,200,2-s2.0-85143898257,Runtime Interchange of Enforcers for Adaptive Attacks: A Security Analysis Framework for Drones,Baird A.; Pearce H.; Pinisetty S.; Roop P.,runtime interchange of enforcers for adaptive attacks a security analysis framework for drones,baird a pearce h pinisetty s roop p,2022,10.1109/MEMOCODE57689.2022.9954593,"2022 20th ACM-IEEE International Conference on Formal Methods and Models for System Design, MEMOCODE 2022",Conference paper,https://www.scopus.com/pages/publications/85143898257?origin=resultslist
scopus,201,2-s2.0-84974530255,In-place update in a dataflow synchronous language: A retiming-enabled language experiment,Beaugnon U.; Cohen A.; Pouzet M.,in place update in a dataflow synchronous language a retiming enabled language experiment,beaugnon u cohen a pouzet m,2016,10.1145/2906363.2906379,"Proceedings of the 19th International Workshop on Software and Compilers for Embedded Systems, SCOPES 2016",Conference paper,https://www.scopus.com/pages/publications/84974530255?origin=resultslist
scopus,202,2-s2.0-70349709812,Model transformations from a data parallel formalism towards synchronous languages,Yu H.; Gamatié A.; Rutten E.; Dekeyser J.-L.,model transformations from a data parallel formalism towards synchronous languages,yu h gamatié a rutten e dekeyser j l,2008,10.1007/978-1-4020-8297-9_13,Lecture Notes in Electrical Engineering,Conference paper,https://www.scopus.com/pages/publications/70349709812?origin=resultslist
scopus,203,2-s2.0-85081544190,Push recovery control of quadruped robot using particle swarm optimization based structure specified mixed sensitivity H2/H∞ control,Sutyasadi P.; Parnichkun M.,push recovery control of quadruped robot using particle swarm optimization based structure specified mixed sensitivity h2 h control,sutyasadi p parnichkun m,2020,10.1108/IR-06-2019-0135,Industrial Robot,Article,https://www.scopus.com/pages/publications/85081544190?origin=resultslist
scopus,204,2-s2.0-85150989496,Mechanical and optical performance evaluations of embedded polyimide and PEEK coated distributed optical sensors in glass fibre reinforced composites with vinyl ester resin systems,Nagulapally P.; Shamsuddoha M.; Herath T.; Djukic L.; Prusty G.B.,mechanical and optical performance evaluations of embedded polyimide and peek coated distributed optical sensors in glass fibre reinforced composites with vinyl ester resin systems,nagulapally p shamsuddoha m herath t djukic l prusty g b,2023,10.1177/00219983231160866,Journal of Composite Materials,Article,https://www.scopus.com/pages/publications/85150989496?origin=resultslist
scopus,205,2-s2.0-85032882359,Autonomic management of missions and reconfigurations in FPGA-based embedded system,Gueye S.M.-K.; Rutten E.; Diguet J.-P.,autonomic management of missions and reconfigurations in fpga based embedded system,gueye s m k rutten e diguet j p,2017,10.1109/AHS.2017.8046358,"2017 NASA/ESA Conference on Adaptive Hardware and Systems, AHS 2017",Conference paper,https://www.scopus.com/pages/publications/85032882359?origin=resultslist
scopus,206,2-s2.0-84944056825,"5th International Conference on Coordination Models and Languages, COORDINATION 2002",,5th international conference on coordination models and languages coordination 2002,,2002,,Lecture Notes in Computer Science (including subseries Lecture Notes in Artificial Intelligence and Lecture Notes in Bioinformatics),Conference review,https://www.scopus.com/pages/publications/84944056825?origin=resultslist
scopus,207,2-s2.0-85010943866,A simulation approach for signal time model concern on multi-clock system,Wang Z.; Shen G.; Huang Z.; Si J.; Pan C.,a simulation approach for signal time model concern on multi clock system,wang z shen g huang z si j pan c,2016,10.1007/978-981-10-3482-4_3,Communications in Computer and Information Science,Conference paper,https://www.scopus.com/pages/publications/85010943866?origin=resultslist
scopus,208,2-s2.0-21044454583,Timed CCP compositionally embeds Argos and Lustre,Tini S.,timed ccp compositionally embeds argos and lustre,tini s,2004,10.1007/s00165-004-0041-x,Formal Aspects of Computing,Article,https://www.scopus.com/pages/publications/21044454583?origin=resultslist
scopus,209,2-s2.0-84865677598,A type system for the automatic distribution of higher-order synchronous dataflow programs,Delaval G.; Girault A.; Pouzet M.,a type system for the automatic distribution of higher order synchronous dataflow programs,delaval g girault a pouzet m,2008,10.1145/1375657.1375672,"Proceedings of the ACM SIGPLAN Conference on Languages, Compilers, and Tools for Embedded Systems (LCTES)",Conference paper,https://www.scopus.com/pages/publications/84865677598?origin=resultslist
scopus,210,2-s2.0-23844533716,Symbolic simulation of synchronous programs,Garriou D.,symbolic simulation of synchronous programs,garriou d,2002,10.1016/S1571-0661(05)80436-0,Electronic Notes in Theoretical Computer Science,Conference paper,https://www.scopus.com/pages/publications/23844533716?origin=resultslist
scopus,211,2-s2.0-85185379177,FACT: A Domain-Specific Language Based on a Functional Algebra for Continuous Time Modeling,Medeiros E.; Peixoto E.; Lemos E.,fact a domain specific language based on a functional algebra for continuous time modeling,medeiros e peixoto e lemos e,2023,10.1109/WSC60868.2023.10408703,Proceedings - Winter Simulation Conference,Conference paper,https://www.scopus.com/pages/publications/85185379177?origin=resultslist
scopus,212,2-s2.0-85057361478,A domain-specific language for autonomic managers in FPGA reconfigurable architectures,Gueye S.M.K.; Delaval G.; Rutten C.; Heller D.; Diguet J.-P.,a domain specific language for autonomic managers in fpga reconfigurable architectures,gueye s m k delaval g rutten c heller d diguet j p,2018,10.1109/ICAC.2018.00021,"Proceedings - 15th IEEE International Conference on Autonomic Computing, ICAC 2018",Conference paper,https://www.scopus.com/pages/publications/85057361478?origin=resultslist
scopus,213,2-s2.0-84962909425,"Proceedings - IEEE 21st International Conference on Embedded and Real-Time Computing Systems and Applications, RTCSA 2015",,proceedings ieee 21st international conference on embedded and real time computing systems and applications rtcsa 2015,,2015,,"Proceedings - IEEE 21st International Conference on Embedded and Real-Time Computing Systems and Applications, RTCSA 2015",Conference review,https://www.scopus.com/pages/publications/84962909425?origin=resultslist
scopus,214,2-s2.0-77951210013,Contracts for modular discrete controller synthesis,Delaval G.; Marchand H.; Rutten E.,contracts for modular discrete controller synthesis,delaval g marchand h rutten e,2010,10.1145/1755951.1755898,ACM SIGPLAN Notices,Article,https://www.scopus.com/pages/publications/77951210013?origin=resultslist
scopus,215,2-s2.0-84947286675,"1st International Workshop on Embedded Software, EMSOFT 2001",,1st international workshop on embedded software emsoft 2001,,2001,,Lecture Notes in Computer Science (including subseries Lecture Notes in Artificial Intelligence and Lecture Notes in Bioinformatics),Conference review,https://www.scopus.com/pages/publications/84947286675?origin=resultslist
scopus,216,2-s2.0-70449476657,Loops in Esterel,Tardieu O.; De Simone R.,loops in esterel,tardieu o de simone r,2005,10.1145/1113830.1113832,ACM Transactions on Embedded Computing Systems,Article,https://www.scopus.com/pages/publications/70449476657?origin=resultslist
scopus,217,2-s2.0-0348195768,Generating formal models for real-time verification by exact low-level runtime analysis of synchronous programs,Logothetis G.; Schneider K.; Metzler C.,generating formal models for real time verification by exact low level runtime analysis of synchronous programs,logothetis g schneider k metzler c,2003,,Proceedings - Real-Time Systems Symposium,Conference paper,https://www.scopus.com/pages/publications/0348195768?origin=resultslist
scopus,218,2-s2.0-84962888081,FPGA-based mixed-criticality execution platform for systemj and the Internet of Industrial Things,Packwood D.; Sharma M.; Ding D.; Park H.; Salcic Z.; Malik A.; Wang K.I.-K.,fpga based mixed criticality execution platform for systemj and the internet of industrial things,packwood d sharma m ding d park h salcic z malik a wang k i k,2015,10.1109/ISORC.2015.27,"Proceedings - 2015 IEEE 18th International Symposium on Real-Time Distributed Computing, ISORC 2015",Conference paper,https://www.scopus.com/pages/publications/84962888081?origin=resultslist
scopus,219,2-s2.0-77954509958,Translating concurrent action oriented specifications to synchronous guarded actions,Brandt J.; Schneider K.; Shukla S.K.,translating concurrent action oriented specifications to synchronous guarded actions,brandt j schneider k shukla s k,2010,10.1145/1755888.1755896,"Proceedings of the ACM SIGPLAN Conference on Languages, Compilers, and Tools for Embedded Systems (LCTES)",Conference paper,https://www.scopus.com/pages/publications/77954509958?origin=resultslist
scopus,220,2-s2.0-85027053955,Formal semantics for ward & Mellor’s transformation schemas and the specification of fault-tolerant systems,Petersohn C.; Huizing C.; Peleska J.; de Roever W.-P.,formal semantics for ward mellor s transformation schemas and the specification of fault tolerant systems,petersohn c huizing c peleska j de roever w p,1994,10.1007/3-540-58426-9_124,Lecture Notes in Computer Science (including subseries Lecture Notes in Artificial Intelligence and Lecture Notes in Bioinformatics),Conference paper,https://www.scopus.com/pages/publications/85027053955?origin=resultslist
scopus,221,2-s2.0-85051586695,Handbook of finite state based models and applications,Wang J.,handbook of finite state based models and applications,wang j,2016,,Handbook of Finite State Based Models and Applications,Book,https://www.scopus.com/pages/publications/85051586695?origin=resultslist
scopus,222,2-s2.0-70349671453,Distributed simulation of AADL specifications in a polychronous model of computation,Ma Y.; Talpin J.-P.; Shukla S.K.; Gautier T.,distributed simulation of aadl specifications in a polychronous model of computation,ma y talpin j p shukla s k gautier t,2009,10.1109/ICESS.2009.47,"Proceedings - 2009 International Conference on Embedded Software and Systems, ICESS 2009",Conference paper,https://www.scopus.com/pages/publications/70349671453?origin=resultslist
scopus,223,2-s2.0-84884632375,"Proceedings - 4th Euromicro Workshop on Real-Time Systems, ECRTS 1992",,proceedings 4th euromicro workshop on real time systems ecrts 1992,,1992,,Proceedings - Euromicro Conference on Real-Time Systems,Conference review,https://www.scopus.com/pages/publications/84884632375?origin=resultslist
scopus,224,2-s2.0-0034449844,Functional reactive programming from first principles,Wan Z.; Hudak P.,functional reactive programming from first principles,wan z hudak p,2000,10.1145/349299.349331,Proceedings of the ACM SIGPLAN Conference on Programming Language Design and Implementation (PLDI),Conference paper,https://www.scopus.com/pages/publications/0034449844?origin=resultslist
scopus,225,2-s2.0-85179625580,Timestamp Peripherals for Precise Real-Time Programming,Hui J.; Edwards K.J.; Edwards S.A.,timestamp peripherals for precise real time programming,hui j edwards k j edwards s a,2023,10.1145/3610579.3611084,"Proceedings - 2023 21st ACM/IEEE International Symposium on Formal Methods and Models for System Design, MEMOCODE 2023",Conference paper,https://www.scopus.com/pages/publications/85179625580?origin=resultslist
scopus,226,2-s2.0-85063871121,"A memory-bounded, deterministic and terminating semantics for the synchronous programming language CÉU",Lima G.F.; Santos R.C.M.; Ierusalimschy R.; Haeusler E.H.; Sant'Anna F.,a memory bounded deterministic and terminating semantics for the synchronous programming language céu,lima g f santos r c m ierusalimschy r haeusler e h sant anna f,2019,10.1016/j.sysarc.2019.01.014,Journal of Systems Architecture,Article,https://www.scopus.com/pages/publications/85063871121?origin=resultslist
scopus,227,2-s2.0-77954515732,Implantation multitâche de programmes synchrones multipé riodiques,Boniol F.; Cordovilla M.; Forget J.; Lesens D.; Pagetti C.,implantation multitâche de programmes synchrones multipé riodiques,boniol f cordovilla m forget j lesens d pagetti c,2009,10.3166/jesa.43.741-755,Journal Europeen des Systemes Automatises,Article,https://www.scopus.com/pages/publications/77954515732?origin=resultslist
scopus,228,2-s2.0-85021242814,Strengthening of shear-critical RC beams: Alternatives to externally bonded CFRP sheets,Azam R.; Soudki K.; West J.S.; Noël M.,strengthening of shear critical rc beams alternatives to externally bonded cfrp sheets,azam r soudki k west j s noël m,2017,10.1016/j.conbuildmat.2017.06.106,Construction and Building Materials,Article,https://www.scopus.com/pages/publications/85021242814?origin=resultslist
scopus,229,2-s2.0-84962802390,Priority-based Functional Reactive Programming (P-FRP) using deferred abort,Wong H.C.; Burns A.,priority based functional reactive programming p frp using deferred abort,wong h c burns a,2015,10.1109/RTCSA.2015.12,"Proceedings - IEEE 21st International Conference on Embedded and Real-Time Computing Systems and Applications, RTCSA 2015",Conference paper,https://www.scopus.com/pages/publications/84962802390?origin=resultslist
scopus,230,2-s2.0-84965130846,Time-predictable multi-threaded code generation with synchronous languages,Yang Z.-B.; Zhao Y.-W.; Huang Z.-Q.; Hu K.; Ma D.-F.; Bodeveix J.-P.; Filali M.,time predictable multi threaded code generation with synchronous languages,yang z b zhao y w huang z q hu k ma d f bodeveix j p filali m,2016,10.13328/j.cnki.jos.004984,Ruan Jian Xue Bao/Journal of Software,Article,https://www.scopus.com/pages/publications/84965130846?origin=resultslist
scopus,231,2-s2.0-105008160465,Real-Time Machine-Vision-System for an Automated Quality Monitoring in Mass Production of Multiaxial Non-crimp Fabrics,Schmitt R.; Fürtjes T.; Abbas B.; Abel P.; Kimmelmann W.; Kosse P.; Buratti A.,real time machine vision system for an automated quality monitoring in mass production of multiaxial non crimp fabrics,schmitt r fürtjes t abbas b abel p kimmelmann w kosse p buratti a,2016,10.1007/978-3-319-42620-4_59,"Automation, Communication and Cybernetics in Science and Engineering 2015/2016",Book chapter,https://www.scopus.com/pages/publications/105008160465?origin=resultslist
scopus,232,2-s2.0-84885656418,Discrete control for recon-gurable fpga-based embedded systems ?,An X.; Rutten E.; Diguet J.-P.; Le Griguer N.; Gamatié A.,discrete control for recon gurable fpga based embedded systems,an x rutten e diguet j p le griguer n gamatié a,2013,10.3182/20130904-3-UK-4041.00017,IFAC Proceedings Volumes (IFAC-PapersOnline),Conference paper,https://www.scopus.com/pages/publications/84885656418?origin=resultslist
scopus,233,2-s2.0-84974627260,"Proceedings of the 19th International Workshop on Software and Compilers for Embedded Systems, SCOPES 2016",,proceedings of the 19th international workshop on software and compilers for embedded systems scopes 2016,,2016,,"Proceedings of the 19th International Workshop on Software and Compilers for Embedded Systems, SCOPES 2016",Conference review,https://www.scopus.com/pages/publications/84974627260?origin=resultslist
scopus,234,2-s2.0-84893771512,Unifying operational semantics with algebraic semantics for instantaneous reactions,Wu C.; Zhao Y.; Zhu H.,unifying operational semantics with algebraic semantics for instantaneous reactions,wu c zhao y zhu h,2013,10.1007/978-3-642-35705-3_9,Lecture Notes in Computer Science (including subseries Lecture Notes in Artificial Intelligence and Lecture Notes in Bioinformatics),Conference paper,https://www.scopus.com/pages/publications/84893771512?origin=resultslist
scopus,235,2-s2.0-105041670029,DEVELOPMENT OF A FIBRE REINFORCED POLYMER-BASED ROBOTIC EXOSKELETON FOR ASSISTIVE AND REHABILITATION MOBILITY,Loganathan V.; Prabakar S.; Sujeet R.; Senthilkumar Y.; Darshan S.S.; Denis S.,development of a fibre reinforced polymer based robotic exoskeleton for assistive and rehabilitation mobility,loganathan v prabakar s sujeet r senthilkumar y darshan s s denis s,2026,10.1109/AIMLA67915.2026.11522472,"2026 4th International Conference on Artificial Intelligence and Machine Learning Applications: Healthcare and Internet of Things, AIMLA 2026",Conference paper,https://www.scopus.com/pages/publications/105041670029?origin=resultslist
scopus,236,2-s2.0-70450263665,Specification and verification of time requirements with CCSL and esterel,André C.; Mallet F.,specification and verification of time requirements with ccsl and esterel,andré c mallet f,2009,10.1145/1542452.1542475,"Proceedings of the ACM SIGPLAN Conference on Languages, Compilers, and Tools for Embedded Systems (LCTES)",Conference paper,https://www.scopus.com/pages/publications/70450263665?origin=resultslist
scopus,237,2-s2.0-85077185322,Towards a statically scheduled parallel execution of an FRP language for embedded systems,Sakurai Y.; Watanabe T.,towards a statically scheduled parallel execution of an frp language for embedded systems,sakurai y watanabe t,2019,10.1145/3358503.3361276,"REBLS 2019 - Proceedings of the 6th ACM SIGPLAN International Workshop on Reactive and Event-Based Languages and Systems, co-located with SPLASH 2019",Conference paper,https://www.scopus.com/pages/publications/85077185322?origin=resultslist
scopus,238,2-s2.0-34249088580,Self-sensing concrete-filled FRP tube using FBG strain sensor,Xin Y.; Hui L.,self sensing concrete filled frp tube using fbg strain sensor,xin y hui l,2007,10.1117/12.725928,Proceedings of SPIE - The International Society for Optical Engineering,Conference paper,https://www.scopus.com/pages/publications/34249088580?origin=resultslist
scopus,239,2-s2.0-33645735574,Bond of GFRPC ties in mortar,Straka V.A.,bond of gfrpc ties in mortar,straka v a,2003,,"Proceedings, Annual Conference - Canadian Society for Civil Engineering",Conference paper,https://www.scopus.com/pages/publications/33645735574?origin=resultslist
scopus,240,2-s2.0-85066783020,CFRP grid embedded in mortar for strengthening of shear-critical RC beams,Azam R.; Soudki K.; West J.; Noël M.,cfrp grid embedded in mortar for strengthening of shear critical rc beams,azam r soudki k west j noël m,2019,10.1680/jmacr.17.00398,Magazine of Concrete Research,Article,https://www.scopus.com/pages/publications/85066783020?origin=resultslist
scopus,241,2-s2.0-84953911550,Real-time machine vision system for an automated quality monitoring in mass production of multiaxial non-crimp fabrics,Schmitt R.; Fürtjes T.; Abbas B.; Abel P.; Kimmelmann W.; Kosse P.; Buratti A.,real time machine vision system for an automated quality monitoring in mass production of multiaxial non crimp fabrics,schmitt r fürtjes t abbas b abel p kimmelmann w kosse p buratti a,2015,10.1016/j.ifacol.2015.06.446,IFAC-PapersOnLine,Conference paper,https://www.scopus.com/pages/publications/84953911550?origin=resultslist
scopus,242,2-s2.0-23044527264,Pr/T-net based seamless design of embedded real-time systems,Rust C.; Tacken J.; Böke C.,pr t net based seamless design of embedded real time systems,rust c tacken j böke c,2001,10.1007/3-540-45740-2_20,Lecture Notes in Computer Science (including subseries Lecture Notes in Artificial Intelligence and Lecture Notes in Bioinformatics),Conference paper,https://www.scopus.com/pages/publications/23044527264?origin=resultslist
scopus,243,2-s2.0-84961291367,Building timing predictable embedded systems,Axer P.; Ernst R.; Falk H.; Girault A.; Grund D.; Guan N.; Jonsson B.; Marwedel P.; Reineke J.; Rochange C.; Sebastian M.; Von Hanxleden R.; Wilhelm R.; Yi W.,building timing predictable embedded systems,axer p ernst r falk h girault a grund d guan n jonsson b marwedel p reineke j rochange c sebastian m von hanxleden r wilhelm r yi w,2014,10.1145/2560033,ACM Transactions on Embedded Computing Systems,Article,https://www.scopus.com/pages/publications/84961291367?origin=resultslist
scopus,244,2-s2.0-85086731262,Compiling synchronous languages to optimal move code for exposed datapath architectures,Dahlem M.; Schneider K.,compiling synchronous languages to optimal move code for exposed datapath architectures,dahlem m schneider k,2020,10.1145/3378678.3391877,"Proceedings of the 23rd International Workshop on Software and Compilers for Embedded Systems, SCOPES 2020",Conference paper,https://www.scopus.com/pages/publications/85086731262?origin=resultslist
scopus,245,2-s2.0-84862237263,TimeSquare: Treat your models with logical time,DeAntoni J.; Mallet F.,timesquare treat your models with logical time,deantoni j mallet f,2012,10.1007/978-3-642-30561-0_4,Lecture Notes in Computer Science (including subseries Lecture Notes in Artificial Intelligence and Lecture Notes in Bioinformatics),Conference paper,https://www.scopus.com/pages/publications/84862237263?origin=resultslist
scopus,246,2-s2.0-23044531999,Model-based programming: Controlling embedded systems by reasoning about hidden state,Williams B.C.; Ingham M.D.,model based programming controlling embedded systems by reasoning about hidden state,williams b c ingham m d,2002,10.1007/3-540-46135-3_34,Lecture Notes in Computer Science (including subseries Lecture Notes in Artificial Intelligence and Lecture Notes in Bioinformatics),Conference paper,https://www.scopus.com/pages/publications/23044531999?origin=resultslist
scopus,247,2-s2.0-85049089554,Shear strengthening of RC deep beams with cement-based composites,Azam R.; Soudki K.; West J.S.; Noël M.,shear strengthening of rc deep beams with cement based composites,azam r soudki k west j s noël m,2018,10.1016/j.engstruct.2018.06.085,Engineering Structures,Article,https://www.scopus.com/pages/publications/85049089554?origin=resultslist
scopus,248,2-s2.0-85147017142,Synchronous Programming and Refinement Types in Robotics: From Verification to Implementation,Chen J.; De Mendonça J.L.V.; Jalili S.; Ayele B.; Bekele B.N.; Qu Z.; Sharma P.; Shiferaw T.; Zhang Y.; Jeannin J.-B.,synchronous programming and refinement types in robotics from verification to implementation,chen j de mendonça j l v jalili s ayele b bekele b n qu z sharma p shiferaw t zhang y jeannin j b,2022,10.1145/3563822.3568015,"FTSCS 2022 - Proceedings of the 8th ACM SIGPLAN International Workshop on Formal Techniques for Safety-Critical Systems, co-located with SPLASH 2022",Conference paper,https://www.scopus.com/pages/publications/85147017142?origin=resultslist
scopus,249,2-s2.0-84875226982,Feasibility interval for the transactional event handlers of P-FRP,Belwal C.; Cheng A.M.K.; Liu B.,feasibility interval for the transactional event handlers of p frp,belwal c cheng a m k liu b,2013,10.1016/j.jcss.2012.11.006,Journal of Computer and System Sciences,Article,https://www.scopus.com/pages/publications/84875226982?origin=resultslist
scopus,250,2-s2.0-85050129892,"Proceedings of the ACM SIGPLAN Conference on Languages, Compilers, and Tools for Embedded Systems (LCTES)",,proceedings of the acm sigplan conference on languages compilers and tools for embedded systems lctes,,2018,,"Proceedings of the ACM SIGPLAN Conference on Languages, Compilers, and Tools for Embedded Systems (LCTES)",Conference review,https://www.scopus.com/pages/publications/85050129892?origin=resultslist
scopus,251,2-s2.0-77951868387,Over-approximated control flow graph construction on pure Esterel,Kim C.-J.; Yun J.-H.; Kim S.; Choe K.-M.; Han T.,over approximated control flow graph construction on pure esterel,kim c j yun j h kim s choe k m han t,2010,10.1587/transinf.E93.D.985,IEICE Transactions on Information and Systems,Article,https://www.scopus.com/pages/publications/77951868387?origin=resultslist
scopus,252,2-s2.0-43949125871,Causality interfaces for actor networks,Zhou Y.; Lee E.A.,causality interfaces for actor networks,zhou y lee e a,2008,10.1145/1347375.1347382,Transactions on Embedded Computing Systems,Article,https://www.scopus.com/pages/publications/43949125871?origin=resultslist
scopus,253,2-s2.0-38849147599,Leveraging synchronous language principles for heterogeneous modeling and design of embedded systems,Lee E.A.; Zheng H.,leveraging synchronous language principles for heterogeneous modeling and design of embedded systems,lee e a zheng h,2007,10.1145/1289927.1289949,EMSOFT'07: Proceedings of the Seventh ACM and IEEE International Conference on Embedded Software,Conference paper,https://www.scopus.com/pages/publications/38849147599?origin=resultslist
scopus,254,2-s2.0-67650792460,Specification and verification of time requirements with CCSL and esterel,André C.; Mallet F.,specification and verification of time requirements with ccsl and esterel,andré c mallet f,2009,10.1145/1543136.1542475,ACM SIGPLAN Notices,Conference paper,https://www.scopus.com/pages/publications/67650792460?origin=resultslist
scopus,255,2-s2.0-85069211013,WCET of OCaML bytecode on microcontrollers: An automated method and its formalisation,Varoumas S.; Crolard T.,wcet of ocaml bytecode on microcontrollers an automated method and its formalisation,varoumas s crolard t,2019,10.4230/OASIcs.WCET.2019.5,OpenAccess Series in Informatics,Conference paper,https://www.scopus.com/pages/publications/85069211013?origin=resultslist
scopus,256,2-s2.0-84903592108,A predictable framework for safety-critical embedded systems,Andalam S.; Roop P.S.; Girault A.; Traulsen C.,a predictable framework for safety critical embedded systems,andalam s roop p s girault a traulsen c,2014,10.1109/TC.2013.28,IEEE Transactions on Computers,Article,https://www.scopus.com/pages/publications/84903592108?origin=resultslist
scopus,257,2-s2.0-85071519053,Functional Reactive EDSL with Asynchronous Execution for Resource-Constrained Embedded Systems,Wang S.; Watanabe T.,functional reactive edsl with asynchronous execution for resource constrained embedded systems,wang s watanabe t,2020,10.1007/978-3-030-26428-4_12,Studies in Computational Intelligence,Book chapter,https://www.scopus.com/pages/publications/85071519053?origin=resultslist
scopus,258,2-s2.0-85165701562,Synchronous Deterministic Parallel Programming for Multi-Cores with ForeC,Yip E.; Girault A.; Roop P.S.; Biglari-Abhari M.,synchronous deterministic parallel programming for multi cores with forec,yip e girault a roop p s biglari abhari m,2023,10.1145/3591594,ACM Transactions on Programming Languages and Systems,Article,https://www.scopus.com/pages/publications/85165701562?origin=resultslist
scopus,259,2-s2.0-38849146263,EMSOFT'07: Proceedings of the Seventh ACM and IEEE International Conference on Embedded Software,,emsoft 07 proceedings of the seventh acm and ieee international conference on embedded software,,2007,,EMSOFT'07: Proceedings of the Seventh ACM and IEEE International Conference on Embedded Software,Conference review,https://www.scopus.com/pages/publications/38849146263?origin=resultslist
scopus,260,2-s2.0-84899412011,Targeting different abstraction layers by model-based design methods for embedded systems: A case study,Rafique O.; Gesell M.; Schneider K.,targeting different abstraction layers by model based design methods for embedded systems a case study,rafique o gesell m schneider k,2013,10.1109/RTCSA.2013.6732235,"2013 IEEE 19th International Conference on Embedded and Real-Time Computing Systems and Applications, RTCSA 2013",Conference paper,https://www.scopus.com/pages/publications/84899412011?origin=resultslist
scopus,261,2-s2.0-34547345741,The reactive programming approach on top of Java/J2ME,Susini J.-F.,the reactive programming approach on top of java j2me,susini j f,2006,10.1145/1167999.1168037,ACM International Conference Proceeding Series,Conference paper,https://www.scopus.com/pages/publications/34547345741?origin=resultslist
scopus,262,2-s2.0-3042662119,A demonstration of co-design and co-verification in a synchronous language,Singh S.,a demonstration of co design and co verification in a synchronous language,singh s,2004,10.1109/DATE.2004.1269104,"Proceedings -Design, Automation and Test in Europe, DATE",Conference paper,https://www.scopus.com/pages/publications/3042662119?origin=resultslist
scopus,263,2-s2.0-85183942401,Scalable Security Enforcement for Cyber Physical Systems,Baird A.; Panda A.; Pearce H.; Pinisetty S.; Roop P.,scalable security enforcement for cyber physical systems,baird a panda a pearce h pinisetty s roop p,2024,10.1109/ACCESS.2024.3357714,IEEE Access,Article,https://www.scopus.com/pages/publications/85183942401?origin=resultslist
scopus,264,2-s2.0-67650831249,Synchronous objects with scheduling policies: Introducing safe shared memory in luster,Caspi P.; Colaço J.-L.; Gérard L.; Pouzet M.; Raymond P.,synchronous objects with scheduling policies introducing safe shared memory in luster,caspi p colaço j l gérard l pouzet m raymond p,2009,,ACM SIGPLAN Notices,Conference paper,https://www.scopus.com/pages/publications/67650831249?origin=resultslist
scopus,265,2-s2.0-33645891660,Synchronous languages and formalisms: Fundamentals; [Langages et formalismes synchrones Fondements],André C.,synchronous languages and formalisms fundamentals langages et formalismes synchrones fondements,andré c,2005,10.3166/jesa.39.15-30,Journal Europeen des Systemes Automatises,Conference paper,https://www.scopus.com/pages/publications/33645891660?origin=resultslist
scopus,266,2-s2.0-105034493497,Design of an Autonomous Intelligent Vehicle Based on Nonlinear PID Control,Yu C.; Li Y.; Yan T.; Zhang J.,design of an autonomous intelligent vehicle based on nonlinear pid control,yu c li y yan t zhang j,2025,10.1109/ICPICS66386.2025.11347258,"2025 IEEE 7th International Conference on Power, Intelligent Computing and Systems, ICPICS 2025",Conference paper,https://www.scopus.com/pages/publications/105034493497?origin=resultslist
scopus,267,2-s2.0-85118896449,Extracting mode diagrams from blech code,Lucas D.; Schulz-Rosengarten A.; Von Hanxleden R.; Gretz F.; Grosch F.-J.,extracting mode diagrams from blech code,lucas d schulz rosengarten a von hanxleden r gretz f grosch f j,2021,10.1109/FDL53530.2021.9568375,Forum on Specification and Design Languages,Conference paper,https://www.scopus.com/pages/publications/85118896449?origin=resultslist
scopus,268,2-s2.0-85021430888,Glass fabric reinforced cementitious matrix: Tensile properties and bond performance on masonry substrate,Leone M.; Aiello M.A.; Balsamo A.; Carozzi F.G.; Ceroni F.; Corradi M.; Gams M.; Garbin E.; Gattesco N.; Krajewski P.; Mazzotti C.; Oliveira D.; Papanicolaou C.; Ranocchiai G.; Roscini F.; Saenger D.,glass fabric reinforced cementitious matrix tensile properties and bond performance on masonry substrate,leone m aiello m a balsamo a carozzi f g ceroni f corradi m gams m garbin e gattesco n krajewski p mazzotti c oliveira d papanicolaou c ranocchiai g roscini f saenger d,2017,10.1016/j.compositesb.2017.06.028,Composites Part B: Engineering,Article,https://www.scopus.com/pages/publications/85021430888?origin=resultslist
scopus,269,2-s2.0-85076756495,An approach for persistent time-varying values,Kamina T.; Aotani T.,an approach for persistent time varying values,kamina t aotani t,2019,10.1145/3359591.3359730,"Onward! 2019 - Proceedings of the 2019 ACM SIGPLAN International Symposium on New Ideas, New Paradigms, and Reflections on Programming and Software, co-located with SPLASH 2019",Conference paper,https://www.scopus.com/pages/publications/85076756495?origin=resultslist
scopus,270,2-s2.0-70449563182,Evaluation of an esterel-based hardware/software co-design flow,Roessler P.; Zauner M.,evaluation of an esterel based hardware software co design flow,roessler p zauner m,2009,10.1109/SIES.2009.5196190,"Proceedings - 2009 IEEE International Symposium on Industrial Embedded Systems, SIES 2009",Conference paper,https://www.scopus.com/pages/publications/70449563182?origin=resultslist
scopus,271,2-s2.0-80054988357,Compiling esterel for multi-core execution,Yuan S.; Yoong L.H.; Roop P.S.,compiling esterel for multi core execution,yuan s yoong l h roop p s,2011,10.1109/DSD.2011.97,"Proceedings - 2011 14th Euromicro Conference on Digital System Design: Architectures, Methods and Tools, DSD 2011",Conference paper,https://www.scopus.com/pages/publications/80054988357?origin=resultslist
scopus,272,2-s2.0-35648963570,Embedded microcontroller networks: Acoustic materials health monitoring,Rye P.M.,embedded microcontroller networks acoustic materials health monitoring,rye p m,2007,10.1117/12.715213,Proceedings of SPIE - The International Society for Optical Engineering,Conference paper,https://www.scopus.com/pages/publications/35648963570?origin=resultslist
scopus,273,2-s2.0-85027030158,Confinement of full-scale masonry columns with FRCM systems,Maddaloni G.; Cascardi A.; Balsamo A.; Di Ludovico M.; Micelli F.; Aiello M.A.; Prota A.,confinement of full scale masonry columns with frcm systems,maddaloni g cascardi a balsamo a di ludovico m micelli f aiello m a prota a,2017,10.4028/www.scientific.net/KEM.747.374,Key Engineering Materials,Conference paper,https://www.scopus.com/pages/publications/85027030158?origin=resultslist
scopus,274,2-s2.0-80052670341,RJOP - A customized Java processor for reactive embedded systems,Nadeem M.; Biglari-Abhari M.; Salcic Z.,rjop a customized java processor for reactive embedded systems,nadeem m biglari abhari m salcic z,2011,,Proceedings - Design Automation Conference,Conference paper,https://www.scopus.com/pages/publications/80052670341?origin=resultslist
scopus,275,2-s2.0-84891456452,Variable voltage scheduling with the priority-based functional reactive programming language,Belwal C.; Cheng A.M.K.; Ras J.; Wen Y.,variable voltage scheduling with the priority based functional reactive programming language,belwal c cheng a m k ras j wen y,2013,10.1145/2513228.2513271,"Proceedings of the 2013 Research in Adaptive and Convergent Systems, RACS 2013",Conference paper,https://www.scopus.com/pages/publications/84891456452?origin=resultslist
scopus,276,2-s2.0-33646151169,"Towards a ""synchronous reactive"" UML profile?",de Simone R.; André C.,towards a synchronous reactive uml profile,de simone r andré c,2006,10.1007/s10009-005-0206-9,International Journal on Software Tools for Technology Transfer,Article,https://www.scopus.com/pages/publications/33646151169?origin=resultslist
scopus,277,2-s2.0-84855774984,A utilization based sufficient condition for P-FRP,Belwal C.; Cheng A.M.K.,a utilization based sufficient condition for p frp,belwal c cheng a m k,2011,10.1109/EUC.2011.11,"Proceedings - 2011 IFIP 9th International Conference on Embedded and Ubiquitous Computing, EUC 2011",Conference paper,https://www.scopus.com/pages/publications/84855774984?origin=resultslist
scopus,278,2-s2.0-84937577522,Relaxing the synchronous approach for mixed-criticality systems,Yip E.; Kuo M.M.Y.; Roop P.S.; Broman D.,relaxing the synchronous approach for mixed criticality systems,yip e kuo m m y roop p s broman d,2014,10.1109/RTAS.2014.6925993,Real-Time Technology and Applications - Proceedings,Conference paper,https://www.scopus.com/pages/publications/84937577522?origin=resultslist
scopus,279,2-s2.0-85037094299,First-class reactive programs for CPS,De Troyer C.; Nicolay J.; De Meuter W.,first class reactive programs for cps,de troyer c nicolay j de meuter w,2017,10.1145/3141858.3141862,"REBLS 2017 - Proceedings of the 4th ACM SIGPLAN International Workshop on Reactive and Event-Based Languages and Systems, co-located with SPLASH 2017",Conference paper,https://www.scopus.com/pages/publications/85037094299?origin=resultslist
scopus,280,2-s2.0-72249121011,Modular static scheduling of synchronous data-flow networks: An efficient symbolic representation,Pouzet M.; Raymond P.,modular static scheduling of synchronous data flow networks an efficient symbolic representation,pouzet m raymond p,2009,10.1145/1629335.1629365,"Embedded Systems Week 2009 - Proceedings of the 7th ACM International Conference on Embedded Software, EMSOFT '09",Conference paper,https://www.scopus.com/pages/publications/72249121011?origin=resultslist
scopus,281,2-s2.0-84952776677,"Proceedings - International Conference on Application of Concurrency to System Design, ACSD",,proceedings international conference on application of concurrency to system design acsd,,2001,,"Proceedings - International Conference on Application of Concurrency to System Design, ACSD",Conference review,https://www.scopus.com/pages/publications/84952776677?origin=resultslist
scopus,282,2-s2.0-84951843548,A comparison of OO and reactive based specifications on the design of embedded systems,Ito S.A.; De Mattos J.C.B.; Carro L.; Toscani S.S.,a comparison of oo and reactive based specifications on the design of embedded systems,ito s a de mattos j c b carro l toscani s s,2000,10.1109/SBCCI.2000.876060,Proceedings - 13th Symposium on Integrated Circuits and Systems Design,Conference paper,https://www.scopus.com/pages/publications/84951843548?origin=resultslist
scopus,283,2-s2.0-85038581301,ST-LUSTRE: A novel spatio-Temporal language towards safety-critical cyber-physical systems,Liu J.; Wang J.; Li Z.; Sun H.; Wang Y.; Du D.; Chen X.; Chen M.,st lustre a novel spatio temporal language towards safety critical cyber physical systems,liu j wang j li z sun h wang y du d chen x chen m,2017,10.23940/ijpe.17.08.p5.12191232,International Journal of Performability Engineering,Article,https://www.scopus.com/pages/publications/85038581301?origin=resultslist
scopus,284,2-s2.0-84885648298,Precision timed embedded systems using TickPAD memory,Kuo M.; Roop P.; Andalam S.; Patel N.,precision timed embedded systems using tickpad memory,kuo m roop p andalam s patel n,2013,10.1109/ACSD.2013.30,"Proceedings - International Conference on Application of Concurrency to System Design, ACSD",Conference paper,https://www.scopus.com/pages/publications/84885648298?origin=resultslist
scopus,285,2-s2.0-105030925365,Smart Structural Retrofit: Integrating CFRP Strengthening with IoT-Based Displacement Monitoring for Flexural Performance Assessment of Steel Beams,Parakhiya D.; Thoriya A.; Rangwala H.; Vora T.,smart structural retrofit integrating cfrp strengthening with iot based displacement monitoring for flexural performance assessment of steel beams,parakhiya d thoriya a rangwala h vora t,2025,10.1109/AISTS66100.2025.11233186,"2025 Artificial Intelligence and Smart Technologies for Sustainability Conference, AISTS 2025",Conference paper,https://www.scopus.com/pages/publications/105030925365?origin=resultslist
scopus,286,2-s2.0-85126232908,A Method for High Availability Software Programming and Testing,Huang J.; Pei X.; Ou D.; Wang J.,a method for high availability software programming and testing,huang j pei x ou d wang j,2022,10.1007/978-981-16-9909-2_3,Lecture Notes in Electrical Engineering,Conference paper,https://www.scopus.com/pages/publications/85126232908?origin=resultslist
scopus,287,2-s2.0-84863032719,The Time Model of logical clocks available in the OMG MARTE profile,André C.; Deantoni J.; Mallet F.; De Simone R.,the time model of logical clocks available in the omg marte profile,andré c deantoni j mallet f de simone r,2010,10.1007/978-1-4419-6400-7_7,Synthesis of Embedded Software: Frameworks and Methodologies for Correctness by Construction,Book chapter,https://www.scopus.com/pages/publications/84863032719?origin=resultslist
scopus,288,2-s2.0-70450237993,Synchronous objects with scheduling policies - Introducing safe shared memory in lustre,Caspi P.; Colaço J.-L.; Gérard L.; Pouzet M.; Raymond P.,synchronous objects with scheduling policies introducing safe shared memory in lustre,caspi p colaço j l gérard l pouzet m raymond p,2009,10.1145/1542452.1542455,"Proceedings of the ACM SIGPLAN Conference on Languages, Compilers, and Tools for Embedded Systems (LCTES)",Conference paper,https://www.scopus.com/pages/publications/70450237993?origin=resultslist
scopus,289,2-s2.0-85159775420,Semantics foundations of PsyC based on synchronous Logical Execution Time,Siron F.; Potop-Butucaru D.; De Simone R.; Chabrol D.; Methni A.,semantics foundations of psyc based on synchronous logical execution time,siron f potop butucaru d de simone r chabrol d methni a,2023,10.1145/3576914.3587495,ACM International Conference Proceeding Series,Conference paper,https://www.scopus.com/pages/publications/85159775420?origin=resultslist
scopus,290,2-s2.0-84892639459,ILPc: A novel approach for scalable timing analysis of synchronous programs,Wang J.J.; Roop P.S.; Andalam S.,ilpc a novel approach for scalable timing analysis of synchronous programs,wang j j roop p s andalam s,2013,10.1109/CASES.2013.6662526,"2013 International Conference on Compilers, Architecture and Synthesis for Embedded Systems, CASES 2013",Conference paper,https://www.scopus.com/pages/publications/84892639459?origin=resultslist
scopus,291,2-s2.0-72049128371,Tight WCRT analysis of synchronous C programs,Roop P.S.; Andalam S.; Von Hanxleden R.; Yuan S.; Traulsen C.,tight wcrt analysis of synchronous c programs,roop p s andalam s von hanxleden r yuan s traulsen c,2009,10.1145/1629395.1629424,"Embedded Systems Week 2009 - 2009 International Conference on Compilers, Architecture, and Synthesis for Embedded Systems, CASES'09",Conference paper,https://www.scopus.com/pages/publications/72049128371?origin=resultslist
scopus,292,2-s2.0-105043630369,"LCTES 2011 - Proceedings of the ACM SIGPLAN/SIGBED 2011 Conference on Languages, Compilers, Tools and Theory for Embedded Systems",,lctes 2011 proceedings of the acm sigplan sigbed 2011 conference on languages compilers tools and theory for embedded systems,,2011,,"Proceedings of the ACM SIGPLAN Conference on Languages, Compilers, and Tools for Embedded Systems (LCTES)",Conference review,https://www.scopus.com/pages/publications/105043630369?origin=resultslist
scopus,293,2-s2.0-84905270658,Smart FRP systems with embedded FBG for structural monitoring and retrofitting,Holschemacher K.; Käseberg S.,smart frp systems with embedded fbg for structural monitoring and retrofitting,holschemacher k käseberg s,2013,,"Proceedings of the 13th East Asia-Pacific Conference on Structural Engineering and Construction, EASEC 2013",Conference paper,https://www.scopus.com/pages/publications/84905270658?origin=resultslist
scopus,294,2-s2.0-58549096283,Abstraction of clocks in synchronous data-flow systems,Cohen A.; Mandel L.; Plateau F.; Pouzet M.,abstraction of clocks in synchronous data flow systems,cohen a mandel l plateau f pouzet m,2008,10.1007/978-3-540-89330-1_17,Lecture Notes in Computer Science (including subseries Lecture Notes in Artificial Intelligence and Lecture Notes in Bioinformatics),Conference paper,https://www.scopus.com/pages/publications/58549096283?origin=resultslist
scopus,295,2-s2.0-84995602188,Sequentially constructive concurrency - A conservative extension of the synchronous model of computation,Von Hanxleden R.; Mendler M.; Aguado J.; Duderstadt B.; Fuhrmann I.; Motika C.; Mercer S.; O'Brien O.; Roop P.,sequentially constructive concurrency a conservative extension of the synchronous model of computation,von hanxleden r mendler m aguado j duderstadt b fuhrmann i motika c mercer s o brien o roop p,2014,10.1145/2627350,ACM Transactions on Embedded Computing Systems,Conference paper,https://www.scopus.com/pages/publications/84995602188?origin=resultslist
scopus,296,2-s2.0-85151961651,"Simplifying CPS Application Development through Fine-grained, Automatic Timeout Predictions",Peros S.; Delbruel S.; Michiels S.; Joosen W.; Hughes D.,simplifying cps application development through fine grained automatic timeout predictions,peros s delbruel s michiels s joosen w hughes d,2020,10.1145/3385960,ACM Transactions on Internet of Things,Article,https://www.scopus.com/pages/publications/85151961651?origin=resultslist
scopus,297,2-s2.0-0242527400,From simulink to SCADE/Lustre to TTA: A layered approach for distributed embedded applications,Caspi P.; Curic A.; Maignan A.; Sofronis C.; Tripakis S.; Niebert P.,from simulink to scade lustre to tta a layered approach for distributed embedded applications,caspi p curic a maignan a sofronis c tripakis s niebert p,2003,,"Proceedings of the ACM SIGPLAN Conference on Languages, Compilers, and Tools for Embedded Systems (LCTES)",Conference paper,https://www.scopus.com/pages/publications/0242527400?origin=resultslist
scopus,298,2-s2.0-33745213154,Dynamic optimization for functional reactive programming using Generalized Algebraic Data Types,Nilsson H.,dynamic optimization for functional reactive programming using generalized algebraic data types,nilsson h,2005,10.1145/1090189.1086374,ACM SIGPLAN Notices,Article,https://www.scopus.com/pages/publications/33745213154?origin=resultslist
scopus,299,2-s2.0-85139189100,Multifunctional Composite Rebars for Distributed Structural Health Monitoring of Concrete Structures,Zhang Q.; Barri K.; Wang Z.L.; Alavi A.H.,multifunctional composite rebars for distributed structural health monitoring of concrete structures,zhang q barri k wang z l alavi a h,2021,,"Structural Health Monitoring 2021: Enabling Next-Generation SHM for Cyber-Physical Systems - Proceedings of the 13th International Workshop on Structural Health Monitoring, IWSHM 2021",Conference paper,https://www.scopus.com/pages/publications/85139189100?origin=resultslist
scopus,300,2-s2.0-82255171035,Compositional modeling of GALS architectures in a polychronous calculation model; [Modélisation compositionnelle d'architectures GALS dans un modèle de calcul polychrone],Ma Y.; Gautier T.; Talpin J.-P.; Le Guernic P.; Yu H.,compositional modeling of gals architectures in a polychronous calculation model modélisation compositionnelle d architectures gals dans un modèle de calcul polychrone,ma y gautier t talpin j p le guernic p yu h,2011,10.3166/JESA.45.61-76,Journal Europeen des Systemes Automatises,Article,https://www.scopus.com/pages/publications/82255171035?origin=resultslist
scopus,301,2-s2.0-85146995629,"REBLS 2022 - Proceedings of the 9th ACM SIGPLAN International Workshop on Reactive and Event-Based Languages and Systems, co-located with SPLASH 2022",,rebls 2022 proceedings of the 9th acm sigplan international workshop on reactive and event based languages and systems co located with splash 2022,,2022,,"REBLS 2022 - Proceedings of the 9th ACM SIGPLAN International Workshop on Reactive and Event-Based Languages and Systems, co-located with SPLASH 2022",Conference review,https://www.scopus.com/pages/publications/85146995629?origin=resultslist
scopus,302,2-s2.0-85177647045,Periodic and Aperiodic Task Description Mechanisms in an FRP Language for Small-Scale Embedded Systems,Sogo K.; Tsuji Y.; Moriguchi S.; Watanabe T.,periodic and aperiodic task description mechanisms in an frp language for small scale embedded systems,sogo k tsuji y moriguchi s watanabe t,2023,10.1145/3623506.3623578,"REBLS 2023 - Proceedings of the 10th ACM SIGPLAN International Workshop on Reactive and Event-Based Languages and Systems, Co-located with: SPLASH 2023",Conference paper,https://www.scopus.com/pages/publications/85177647045?origin=resultslist
scopus,303,2-s2.0-70450286358,Safe functional reactive programming through dependent types,Sculthorpe N.; Nilsson H.,safe functional reactive programming through dependent types,sculthorpe n nilsson h,2009,10.1145/1596550.1596558,"Proceedings of the ACM SIGPLAN International Conference on Functional Programming, ICFP",Conference paper,https://www.scopus.com/pages/publications/70450286358?origin=resultslist
scopus,304,2-s2.0-85063392010,A simulation environment for designing distributed reactid deliberative time-constrained applications,Adelantado M.; Boniol F.; Pinault D.,a simulation environment for designing distributed reactid deliberative time constrained applications,adelantado m boniol f pinault d,1995,10.1109/SIMSYM.1995.393581,"Proceedings of the 28th Annual Simulation Symposium, ANSS 1995",Conference paper,https://www.scopus.com/pages/publications/85063392010?origin=resultslist
scopus,305,2-s2.0-105013279576,Innovations in Embedded and Real-Time Systems Engineering for Communication,Virtanen S.,innovations in embedded and real time systems engineering for communication,virtanen s,2012,10.4018/978-1-4666-0912-9,Innovations in Embedded and Real-Time Systems Engineering for Communication,Book,https://www.scopus.com/pages/publications/105013279576?origin=resultslist
scopus,306,2-s2.0-84908883356,Formal Verification of Embedded Systems; [Formale Verifikation eingebetteter Systeme],Schmid D.; Schneider K.; Huhn M.; Logothetis G.; Sabelfeld V.,formal verification of embedded systems formale verifikation eingebetteter systeme,schmid d schneider k huhn m logothetis g sabelfeld v,1999,10.1524/itit.1999.41.2.12,IT - Information Technology,Article,https://www.scopus.com/pages/publications/84908883356?origin=resultslist
scopus,307,2-s2.0-77954523005,Contracts for modular discrete controller synthesis,Delaval G.; Marchand H.; Rutten E.,contracts for modular discrete controller synthesis,delaval g marchand h rutten e,2010,10.1145/1755888.1755898,"Proceedings of the ACM SIGPLAN Conference on Languages, Compilers, and Tools for Embedded Systems (LCTES)",Conference paper,https://www.scopus.com/pages/publications/77954523005?origin=resultslist
scopus,308,2-s2.0-21144449776,"Defining and translating a ""safe"" subset of simulink/stateflow into lustre",Scaife N.; Sofronis C.; Caspi P.; Tripakis S.; Maraninchi F.,defining and translating a safe subset of simulink stateflow into lustre,scaife n sofronis c caspi p tripakis s maraninchi f,2004,10.1145/1017753.1017795,EMSOFT 2004 - Fourth ACM International Conference on Embedded Software,Conference paper,https://www.scopus.com/pages/publications/21144449776?origin=resultslist
scopus,309,2-s2.0-27644457520,Loose synchronization of event-triggered networks for distribution of synchronous programs,Romberg J.; Bauer A.,loose synchronization of event triggered networks for distribution of synchronous programs,romberg j bauer a,2004,10.1145/1017753.1017786,EMSOFT 2004 - Fourth ACM International Conference on Embedded Software,Conference paper,https://www.scopus.com/pages/publications/27644457520?origin=resultslist
scopus,310,2-s2.0-84884659636,Synchronous programming of a real-time microcontroller,Andre C.; Peraldi M.-A.,synchronous programming of a real time microcontroller,andre c peraldi m a,1992,10.1109/EMWRT.1992.637472,Proceedings - Euromicro Conference on Real-Time Systems,Conference paper,https://www.scopus.com/pages/publications/84884659636?origin=resultslist
scopus,311,2-s2.0-85172393956,Development of a Multimodal Robot Controlled by Raspberry Pi Using Python-Based Graphical Programming Environment,Segura L.; Higuchi E.; Vinces L.; Oliden J.,development of a multimodal robot controlled by raspberry pi using python based graphical programming environment,segura l higuchi e vinces l oliden j,2023,,"Proceedings of the LACCEI international Multi-conference for Engineering, Education and Technology",Conference paper,https://www.scopus.com/pages/publications/85172393956?origin=resultslist
scopus,312,2-s2.0-84864150636,A modular memory optimization for synchronous data-flow languages: Application to arrays in a lustre compiler,Gérard L.; Guatto A.; Pasteur C.; Pouzet M.,a modular memory optimization for synchronous data flow languages application to arrays in a lustre compiler,gérard l guatto a pasteur c pouzet m,2012,10.1145/2248418.2248426,"Proceedings of the ACM SIGPLAN Conference on Languages, Compilers, and Tools for Embedded Systems (LCTES)",Conference paper,https://www.scopus.com/pages/publications/84864150636?origin=resultslist
scopus,313,2-s2.0-84962838943,Schedulability analysis for real-time P-FRP tasks under fixed priority scheduling,Jiang Y.; Cheng A.M.K.; Zou X.,schedulability analysis for real time p frp tasks under fixed priority scheduling,jiang y cheng a m k zou x,2015,10.1109/RTCSA.2015.28,"Proceedings - IEEE 21st International Conference on Embedded and Real-Time Computing Systems and Applications, RTCSA 2015",Conference paper,https://www.scopus.com/pages/publications/84962838943?origin=resultslist
scopus,314,2-s2.0-84927666180,A formal model for a hybrid programming language,Zhu L.; Xu Q.; He J.; Zhu H.,a formal model for a hybrid programming language,zhu l xu q he j zhu h,2015,10.1007/978-3-319-14806-9_7,Lecture Notes in Computer Science (including subseries Lecture Notes in Artificial Intelligence and Lecture Notes in Bioinformatics),Conference paper,https://www.scopus.com/pages/publications/84927666180?origin=resultslist
scopus,315,2-s2.0-33646950698,galsC: A language for event-driven embedded systems,Cheong E.; Liu J.,galsc a language for event driven embedded systems,cheong e liu j,2005,10.1109/DATE.2005.165,"Proceedings -Design, Automation and Test in Europe, DATE '05",Conference paper,https://www.scopus.com/pages/publications/33646950698?origin=resultslist
scopus,316,2-s2.0-33749001748,Synthesizing safe state machines from Esterel,Prochnow S.; Traulsen C.; Von Hanxleden R.,synthesizing safe state machines from esterel,prochnow s traulsen c von hanxleden r,2006,10.1145/1159974.1134667,ACM SIGPLAN Notices,Article,https://www.scopus.com/pages/publications/33749001748?origin=resultslist
scopus,317,2-s2.0-79955672574,"LCTES'11 - Proceedings of the ACM SIGPLAN/SIGBED 2011 Conference on Languages, Compilers, Tools and Theory for Embedded Systems",,lctes 11 proceedings of the acm sigplan sigbed 2011 conference on languages compilers tools and theory for embedded systems,,2011,,"Proceedings of the ACM SIGPLAN Conference on Languages, Compilers, and Tools for Embedded Systems (LCTES)",Conference review,https://www.scopus.com/pages/publications/79955672574?origin=resultslist
scopus,318,2-s2.0-84908626171,Times square - Marriage of real-time and logical-time in GALS and synchronous languages,Park H.; Malik A.; Salcic Z.,times square marriage of real time and logical time in gals and synchronous languages,park h malik a salcic z,2014,10.1109/RTCSA.2014.6910540,RTCSA 2014 - 20th IEEE International Conference on Embedded and Real-Time Computing Systems and Applications,Conference paper,https://www.scopus.com/pages/publications/84908626171?origin=resultslist
scopus,319,2-s2.0-105010205287,Dangerous Driving Behavior Monitoring System based on Raspberry PI 5,Liu T.; Ding L.; Yao Y.; Deng X.; Zhang Y.; Jiang K.,dangerous driving behavior monitoring system based on raspberry pi 5,liu t ding l yao y deng x zhang y jiang k,2025,10.1109/ISCAIT64916.2025.11010443,"2025 4th International Symposium on Computer Applications and Information Technology, ISCAIT 2025",Conference paper,https://www.scopus.com/pages/publications/105010205287?origin=resultslist
scopus,320,2-s2.0-85170034270,Considerations for integrating virtual threads in a Java framework: a Quarkus example in a resource-constrained environment,Navarro A.; Ponge J.; Le Mouël F.; Escoffier C.,considerations for integrating virtual threads in a java framework a quarkus example in a resource constrained environment,navarro a ponge j le mouël f escoffier c,2023,10.1145/3583678.3596895,DEBS 2023 - Proceedings of the 17th ACM International Conference on Distributed and Event-based Systems,Conference paper,https://www.scopus.com/pages/publications/85170034270?origin=resultslist
scopus,321,2-s2.0-84861438966,Forward symbolic model checking for real time systems,Logothetis G.,forward symbolic model checking for real time systems,logothetis g,2005,10.1145/1120725.1120820,"Proceedings of the Asia and South Pacific Design Automation Conference, ASP-DAC",Conference paper,https://www.scopus.com/pages/publications/84861438966?origin=resultslist
scopus,322,2-s2.0-84883088027,A formal approach to component based development of synchronous programs,Roop P.S.; Sowmya A.; Ramesh S.,a formal approach to component based development of synchronous programs,roop p s sowmya a ramesh s,2001,10.1109/ASPDAC.2001.913344,"Proceedings of the Asia and South Pacific Design Automation Conference, ASP-DAC",Conference paper,https://www.scopus.com/pages/publications/84883088027?origin=resultslist
scopus,323,2-s2.0-85074196190,Worst-case reaction time optimization on deterministic multi-core architectures with synchronous languages,Hili N.; Girault A.; Jenn E.,worst case reaction time optimization on deterministic multi core architectures with synchronous languages,hili n girault a jenn e,2019,10.1109/RTCSA.2019.8864570,"Proceedings - 2019 IEEE 25th International Conference on Embedded and Real-Time Computing Systems and Applications, RTCSA 2019",Conference paper,https://www.scopus.com/pages/publications/85074196190?origin=resultslist
scopus,324,2-s2.0-84885401004,Engineering functional requirements of reactive systems using synchronous languages,Jahier E.; Halbwachs N.; Raymond P.,engineering functional requirements of reactive systems using synchronous languages,jahier e halbwachs n raymond p,2013,10.1109/SIES.2013.6601486,"Proceedings of the 8th IEEE International Symposium on Industrial Embedded Systems, SIES 2013",Conference paper,https://www.scopus.com/pages/publications/84885401004?origin=resultslist
scopus,325,2-s2.0-84892653274,"A synchronous embedding of Antescofo, a domain-specific language for interactive mixed music",Baudart G.; Jacquemard F.; Mandel L.; Pouzet M.,a synchronous embedding of antescofo a domain specific language for interactive mixed music,baudart g jacquemard f mandel l pouzet m,2013,10.1109/EMSOFT.2013.6658579,"2013 Proceedings of the International Conference on Embedded Software, EMSOFT 2013",Conference paper,https://www.scopus.com/pages/publications/84892653274?origin=resultslist
scopus,326,2-s2.0-84961621637,Stream my models: Reactive peer-to-peer distributed models@run.time,Hartmann T.; Moawad A.; Fouquet F.; Nain G.; Klein J.; Le Traon Y.,stream my models reactive peer to peer distributed models run time,hartmann t moawad a fouquet f nain g klein j le traon y,2015,10.1109/MODELS.2015.7338238,"2015 ACM/IEEE 18th International Conference on Model Driven Engineering Languages and Systems, MODELS 2015 - Proceedings",Conference paper,https://www.scopus.com/pages/publications/84961621637?origin=resultslist
scopus,327,2-s2.0-63349087376,Performance debugging of Esterel specifications,Ju L.; Huynh B.K.; Roychoudhury A.; Chakraborty S.,performance debugging of esterel specifications,ju l huynh b k roychoudhury a chakraborty s,2008,10.1145/1450135.1450175,"Embedded Systems Week 2008 - Proceedings of the 6th IEEE/ACM/IFIP International Conference on Hardware/Software Codesign and System Synthesis, CODES+ISSS 2008",Conference paper,https://www.scopus.com/pages/publications/63349087376?origin=resultslist
scopus,328,2-s2.0-85195179570,Experimental and analytical analysis of the bond alteration of impregnated carbon fibre reinforcements embedded in alkali-activated concrete at elevated temperatures,Zhao J.; Signorini C.; Nobili A.; Liebscher M.; Kohout J.; Hájková P.; Mechtcherine V.,experimental and analytical analysis of the bond alteration of impregnated carbon fibre reinforcements embedded in alkali activated concrete at elevated temperatures,zhao j signorini c nobili a liebscher m kohout j hájková p mechtcherine v,2024,10.1016/j.conbuildmat.2024.136794,Construction and Building Materials,Article,https://www.scopus.com/pages/publications/85195179570?origin=resultslist
scopus,329,2-s2.0-85176089369,"Programming 2023 Companion - Proceedings of the 7th International Conference on the Art, Science, and Engineering of Programming",,programming 2023 companion proceedings of the 7th international conference on the art science and engineering of programming,,2023,,ACM International Conference Proceeding Series,Conference review,https://www.scopus.com/pages/publications/85176089369?origin=resultslist
scopus,330,2-s2.0-84883252193,Towards a modeling language for cyber-physical systems,Zhu L.; Zhao Y.; Zhu H.; Xu Q.,towards a modeling language for cyber physical systems,zhu l zhao y zhu h xu q,2013,10.1007/978-3-642-39698-4_24,Lecture Notes in Computer Science (including subseries Lecture Notes in Artificial Intelligence and Lecture Notes in Bioinformatics),Conference paper,https://www.scopus.com/pages/publications/84883252193?origin=resultslist
scopus,331,2-s2.0-70449116371,Safe functional reactive programming through dependent types,Sculthorpe N.; Nilsson H.,safe functional reactive programming through dependent types,sculthorpe n nilsson h,2009,10.1145/1631687.1596558,ACM SIGPLAN Notices,Conference paper,https://www.scopus.com/pages/publications/70449116371?origin=resultslist
scopus,332,2-s2.0-105001735893,Mode Management of Peripherals Based on State Transition Model in FRP Language for Embedded Systems; [組込みシステム向け FRP 言語における状態遷移モデルに基づいた周辺装置の状態制御],Takimoto S.; Moriguchi S.; Watanabe T.,mode management of peripherals based on state transition model in frp language for embedded systems 組込みシステム向け frp 言語における状態遷移モデルに基づいた周辺装置の状態制御,takimoto s moriguchi s watanabe t,2025,10.11309/jssst.42.1_40,Computer Software,Article,https://www.scopus.com/pages/publications/105001735893?origin=resultslist
scopus,333,2-s2.0-85178383980,A Functional Reactive Programming Language for Wirelessly Connected Shape-Changeable Chiplet-Based Computers,Izawa Y.; Kadomoto J.; Irie H.; Sakai S.,a functional reactive programming language for wirelessly connected shape changeable chiplet based computers,izawa y kadomoto j irie h sakai s,2023,10.1145/3618305.3623608,"SPLASH Companion 2023 - Companion Proceedings of the 2023 ACM SIGPLAN International Conference on Systems, Programming, Languages, and Applications: Software for Humanity",Conference paper,https://www.scopus.com/pages/publications/85178383980?origin=resultslist
scopus,334,2-s2.0-84893389023,Generating hardware specific code at different abstraction levels using averest,Rafique O.; Gesell M.; Schneider K.,generating hardware specific code at different abstraction levels using averest,rafique o gesell m schneider k,2013,10.1145/2463596.2486154,"Proceedings of the 16th International Workshop on Software and Compilers for Embedded Systems, M-SCOPES 2013",Conference paper,https://www.scopus.com/pages/publications/84893389023?origin=resultslist
scopus,335,2-s2.0-34547442921,Polychronous mode automata,Talpin J.-P.; Brunette C.; Gautier T.; Gamatié A.,polychronous mode automata,talpin j p brunette c gautier t gamatié a,2006,10.1145/1176887.1176900,"IEEE International Conference on Embedded Software, EMSOFT 2006",Conference paper,https://www.scopus.com/pages/publications/34547442921?origin=resultslist
scopus,336,2-s2.0-85172027299,Time: It is only Logical!,Mallet F.,time it is only logical,mallet f,2023,10.1007/978-3-031-40436-8_12,Lecture Notes in Computer Science (including subseries Lecture Notes in Artificial Intelligence and Lecture Notes in Bioinformatics),Book chapter,https://www.scopus.com/pages/publications/85172027299?origin=resultslist
scopus,337,2-s2.0-33744500364,Worst-case execution times and schedulability analysis of statecharts models,Erpenbach E.; Altenbernd P.,worst case execution times and schedulability analysis of statecharts models,erpenbach e altenbernd p,1999,10.1109/EMRTS.1999.777452,Proceedings - Euromicro Conference on Real-Time Systems,Conference paper,https://www.scopus.com/pages/publications/33744500364?origin=resultslist
scopus,338,2-s2.0-84908885997,A verified transformation: From polychronous programs to a variant of clocked guarded actions,Yang Z.; Bodeveix J.-P.; Filali M.; Hu K.; Ma D.,a verified transformation from polychronous programs to a variant of clocked guarded actions,yang z bodeveix j p filali m hu k ma d,2014,10.1145/2609248.2609259,"Proceedings of the 17th International Workshop on Software and Compilers for Embedded Systems, SCOPES 2014",Conference paper,https://www.scopus.com/pages/publications/84908885997?origin=resultslist
scopus,339,2-s2.0-85017612521,Smart CFRP systems with embedded fbg for structural monitoring and retrofitting,Schaller M.-B.; Kaeseberg S.; Thiel T.,smart cfrp systems with embedded fbg for structural monitoring and retrofitting,schaller m b kaeseberg s thiel t,2013,,Optical Fibers: New Developments,Book chapter,https://www.scopus.com/pages/publications/85017612521?origin=resultslist
scopus,340,2-s2.0-23844501128,SAXO-RT: Interpreting ESTEREL semantic on a sequential execution structure,Closse E.; Poize M.; Pulou J.; Venier P.; Weil D.,saxo rt interpreting esterel semantic on a sequential execution structure,closse e poize m pulou j venier p weil d,2002,10.1016/S1571-0661(05)80443-8,Electronic Notes in Theoretical Computer Science,Conference paper,https://www.scopus.com/pages/publications/23844501128?origin=resultslist
scopus,341,2-s2.0-70449502122,Static data-flow analysis of synchronous programs,Brandt J.; Schneider K.,static data flow analysis of synchronous programs,brandt j schneider k,2009,10.1109/MEMCOD.2009.5185392,"2009 7th IEEE-ACM International Conference on Formal Methods and Models for Co-Design, MEMOCODE '09",Conference paper,https://www.scopus.com/pages/publications/70449502122?origin=resultslist
scopus,342,2-s2.0-0035711501,Mixed models of computation in the design of automotive engine control,Balluchi A.; Di Benedetto M.D.; Pinello C.; Sangiovanni-Vincentelli A.L.,mixed models of computation in the design of automotive engine control,balluchi a di benedetto m d pinello c sangiovanni vincentelli a l,2001,,Proceedings of the IEEE Conference on Decision and Control,Conference paper,https://www.scopus.com/pages/publications/0035711501?origin=resultslist
scopus,343,2-s2.0-33745787935,Embedding dynamic dataflow in a call-by-value language,Cooper G.H.; Krishnamurthi S.,embedding dynamic dataflow in a call by value language,cooper g h krishnamurthi s,2006,10.1007/11693024_20,Lecture Notes in Computer Science (including subseries Lecture Notes in Artificial Intelligence and Lecture Notes in Bioinformatics),Conference paper,https://www.scopus.com/pages/publications/33745787935?origin=resultslist
scopus,344,2-s2.0-0033348896,On the compilation of statecharts models into target code for embedded systems,Erpenbach Edwin; Stroop Joachim; Rammig Franz J.,on the compilation of statecharts models into target code for embedded systems,erpenbach edwin stroop joachim rammig franz j,1999,,Proceedings of the IEEE International Symposium on Computer-Aided Control System Design,Conference paper,https://www.scopus.com/pages/publications/0033348896?origin=resultslist
scopus,345,2-s2.0-84952058820,Multi-rate system design through integrating synchronous components,Sun K.,multi rate system design through integrating synchronous components,sun k,2015,10.1007/978-3-319-25150-9_27,Lecture Notes in Computer Science (including subseries Lecture Notes in Artificial Intelligence and Lecture Notes in Bioinformatics),Conference paper,https://www.scopus.com/pages/publications/84952058820?origin=resultslist
