"Authors","Author full names","Author(s) ID","Title","Year","Source title","Volume","Issue","Art. No.","Page start","Page end","Cited by","DOI","Link","Affiliations","Authors with affiliations","Abstract","Author Keywords","Index Keywords","Correspondence Address","Editors","Publisher","ISSN","ISBN","CODEN","PubMed ID","Language of Original Document","Abbreviated Source Title","Document Type","Publication Stage","Open Access","Source","EID"
"Yang Z.; Bodeveix J.-P.; Filali M.; Hu K.; Zhao Y.; Ma D.","Yang, Zhibin (55716670400); Bodeveix, Jean-Paul (6506097960); Filali, Mamoun (7004744985); Hu, Kai (22979676500); Zhao, Yongwang (21744050500); Ma, Dianfu (7402075451)","55716670400; 6506097960; 7004744985; 22979676500; 21744050500; 7402075451","Towards a verified compiler prototype for the synchronous language SIGNAL","2016","Frontiers of Computer Science","10","1","","37","53","12","10.1007/s11704-015-4364-y","https://www.scopus.com/pages/publications/84952630628?origin=resultslist","College of Computer Science and Technology, Nanjing University of Aeronautics and Astronautics, Nanjing, 210016, China; IRIT-CNRS, Université de Toulouse, Toulouse, 31062, France; State Key Laboratory of Software Development Environment, Beihang University, Beijing, 100191, China","Yang Z., College of Computer Science and Technology, Nanjing University of Aeronautics and Astronautics, Nanjing, 210016, China, IRIT-CNRS, Université de Toulouse, Toulouse, 31062, France, State Key Laboratory of Software Development Environment, Beihang University, Beijing, 100191, China; Bodeveix J.-P., IRIT-CNRS, Université de Toulouse, Toulouse, 31062, France; Filali M., IRIT-CNRS, Université de Toulouse, Toulouse, 31062, France; Hu K., State Key Laboratory of Software Development Environment, Beihang University, Beijing, 100191, China; Zhao Y., State Key Laboratory of Software Development Environment, Beihang University, Beijing, 100191, China; Ma D., State Key Laboratory of Software Development Environment, Beihang University, Beijing, 100191, China","SIGNAL belongs to the synchronous languages family which are widely used in the design of safety-critical real-time systems such as avionics, space systems, and nuclear power plants. This paper reports a compiler prototype for SIGNAL. Compared with the existing SIGNAL compiler, we propose a new intermediate representation (named S-CGA, a variant of clocked guarded actions), to integrate more synchronous programs into our compiler prototype in the future. The front-end of the compiler, i.e., the translation from SIGNAL to S-CGA, is presented. As well, the proof of semantics preservation is mechanized in the theorem prover Coq. Moreover, we present the back-end of the compiler, including sequential code generation and multithreaded code generation with time-predictable properties. With the rising importance of multi-core processors in safety-critical embedded systems or cyber-physical systems (CPS), there is a growing need for model-driven generation of multithreaded code and thus mapping on multi-core. We propose a time-predictable multi-core architecture model in architecture analysis and design language (AADL), and map the multi-threaded code to this model. © 2016, Higher Education Press and Springer-Verlag Berlin Heidelberg.","architecture analysis and design language (AADL); Coq; guarded actions; SIGNAL; synchronous languages; verified compiler","Codes (symbols); Computational linguistics; Computer architecture; Embedded systems; Interactive computer systems; Java programming language; Multicore programming; Network components; Nuclear power plants; Real time systems; Semantics; Signaling; Theorem proving; Architecture analysis and design language (AADL); Coq; guarded actions; Synchronous languages; verified compiler; Program compilers","K. Hu; State Key Laboratory of Software Development Environment, Beihang University, Beijing, 100191, China; email: hukai@buaa.edu.cn","","Higher Education Press","20952228","","","","English","Front. Comput. Sci.","Article","Final","All Open Access; Green Open Access","Scopus","2-s2.0-84952630628"
"Petersohn C.; Huizing C.; Peleska J.; De Roever W.-P.","Petersohn, Carsta (6603040797); Huizing, Cornelis (7801363688); Peleska, Jan (7003303450); De Roever, Willem-Paul (57209857086)","6603040797; 7801363688; 7003303450; 57209857086","Formal semantics for Ward and Mellor's transformation schemas and its application to fault tolerant systems","1998","Computer Systems Science and Engineering","13","2","","131","136","1","","https://www.scopus.com/pages/publications/0032024866?origin=resultslist","Computer Science Department, Chrstn.-Albrechts University at Kiel, 24105 Kiel, Preußtr. 1-9, Germany; Eindhoven University of Technology, Eindhoven, Netherlands; DST Deutche System-Technik GmbH, 24145 Kiel, Edisonstraße 3, Germany","Petersohn C., Computer Science Department, Chrstn.-Albrechts University at Kiel, 24105 Kiel, Preußtr. 1-9, Germany; Huizing C., Eindhoven University of Technology, Eindhoven, Netherlands; Peleska J., DST Deutche System-Technik GmbH, 24145 Kiel, Edisonstraße 3, Germany; De Roever W.-P., Computer Science Department, Chrstn.-Albrechts University at Kiel, 24105 Kiel, Preußtr. 1-9, Germany","A family of formal semantics is given for the Essential Model of the Transformation Schema of Ward and Mellor1 using recent techniques developed for defining the semantics of Statecharts2 by Pnueli and Huizing. A number of ambiguities and inconsistencies in Ward and Mellor's original definition is resolved. The models developed closely resemble those used for synchronous languages3. Each model has its own application area, e.g. one fits best for fault-tolerant systems.","Berry's synchrony hypothesis; Formal semantics; Micro and macro steps; Real-time embedded systems and their design; Structured analysis and design methods; Synchronous languages; Transformation schema","Computer hardware description languages; Computer software; Fault tolerant computer systems; Berrys synchrony hypothesis; Formal semantics; Micro and macro steps; Real time embedded systems; Structured analysis and design method; Synchronous language; Transformation scheme; Formal languages","C. Petersohn; Computer Science Department, Chrstn.-Albrechts University at Kiel, 24105 Kiel, Preußtr. 1-9, Germany; email: cp@informatik.uni-kiel.d400.de","","","02676192","","CSSEE","","English","Comput Syst Sci Eng","Article","Final","","Scopus","2-s2.0-0032024866"
"Bai Y.; Brandt J.; Schneider K.","Bai, Yu (55382404100); Brandt, Jens (13609374600); Schneider, Klaus (58406421600)","55382404100; 13609374600; 58406421600","SMT-based optimization for synchronous programs","2011","Proceedings of the 14th International Workshop on Software and Compilers for Embedded Systems, SCOPES 2011","","","","11","20","1","10.1145/1988932.1988935","https://www.scopus.com/pages/publications/80051869697?origin=resultslist","Embedded Systems Group, Department of Computer Science, University of Kaiserslautern, Germany","Bai Y., Embedded Systems Group, Department of Computer Science, University of Kaiserslautern, Germany; Brandt J., Embedded Systems Group, Department of Computer Science, University of Kaiserslautern, Germany; Schneider K., Embedded Systems Group, Department of Computer Science, University of Kaiserslautern, Germany","In this paper, we present several optimization techniques to improve the runtime and size of the code generated from synchronous programs. These optimizations work on extended finite state machines (EFSMs) that can be used as intermediate representation for any synchronous system. Our optimizations consists of two phases: First, local optimization guides the EFSM generation and considers the states and edges separately. Second, global optimization is based on a dataflow analysis of the entire EFSM. For both phases, we employ an SMT (Satisfiability Modulo Theories) solver to verify the individual optimization steps. Our experiments show the potential of the presented optimizations: optimized programs generally have a smaller size and a better run-time performance. Copyright © 2011 ACM.","Code generation; Extended finite state machines; Satisfiability-modulo-theory; Synchronous languages","Data flow analysis; Embedded software; Embedded systems; Finite automata; Formal logic; Global optimization; Program compilers; Code Generation; Extended finite state machine; Intermediate representations; Local optimizations; Optimization techniques; Runtimes; Satisfiability modulo Theories; Satisfiability-modulo-theory; Synchronous languages; Synchronous program; Synchronous system; Optimization","","","","","978-145030763-5","","","English","Proc. Int. Workshop Softw. Compilers Embedded Syst., SCOPES","Conference paper","Final","","Scopus","2-s2.0-80051869697"
"Belwal C.; Cheng A.M.K.","Belwal, Chaitanya (6507996126); Cheng, Albert M. K. (7402075079)","6507996126; 7402075079","Determining actual response time in P-FRP","2011","Lecture Notes in Computer Science (including subseries Lecture Notes in Artificial Intelligence and Lecture Notes in Bioinformatics)","6539 LNCS","","","250","264","8","10.1007/978-3-642-18378-2_20","https://www.scopus.com/pages/publications/79551607203?origin=resultslist","Department of Computer Science, University of Houston, TX, United States","Belwal C., Department of Computer Science, University of Houston, TX, United States; Cheng A.M.K., Department of Computer Science, University of Houston, TX, United States","A purely functional model of computation, called Priority-based Functional Reactive Programming (P-FRP), has been introduced as a new paradigm for building real-time software. Unlike the classical preemptive model of real-time systems, preempted events in P-FRP are aborted and have to restart when higher priority events have completed, making the response time of events dependent on the execution pattern of higher priority events. Though methods to determine approximate values for the response time of P-FRP events have been presented, no convenient method has yet been established to determine actual response time. A common method for computing actual response time in the preemptive model does not give guaranteed results in P-FRP. A simulation based approach is computationally expensive and not feasible in most practical situations. We show that an exhaustive enumeration technique for idle periods is a more efficient technique, and can be easily adopted to determine actual response time in P-FRP. © 2011 Springer-Verlag.","embedded systems; functional programming; real-time systems; response time; schedulability analysis","Embedded systems; Functional programming; Response time (computer systems); Embedded systems; Functional programming; Interactive computer systems; Response time (computer systems); Exhaustive enumeration; Functional model; Priority-based; Reactive programming; Real-time software; response time; Schedulability analysis; Simulation-based; Exhaustive enumeration; Functional reactive programming; Idle periods; Priority-based; Purely functional; Real-time software; Schedulability analysis; Simulation based approaches; Real time systems; Real time systems","C. Belwal; Department of Computer Science, University of Houston, TX, United States; email: cbelwal@cs.uh.edu","","","16113349","978-364218377-5","","","English","Lect. Notes Comput. Sci.","Conference paper","Final","","Scopus","2-s2.0-79551607203"
"Biernacki D.; Colaço J.-L.; Hamon G.; Pouzet M.","Biernacki, Dariusz (8555890200); Colaço, Jean-Louis (10138798400); Hamon, Grégoire (56234111200); Pouzet, Marc (57202122440)","8555890200; 10138798400; 56234111200; 57202122440","Clock-directed modular code generation for synchronous data-flow languages","2008","Proceedings of the ACM SIGPLAN Conference on Languages, Compilers, and Tools for Embedded Systems (LCTES)","","","","121","130","65","10.1145/1375657.1375674","https://www.scopus.com/pages/publications/84865688660?origin=resultslist","Institute of Computer Science, University of Wroclaw, Wroclaw, Poland; Prover Technology, Toulouse, France; MathWorks, Boston, United States; LRI, Univ. Paris-Sud 11, INRIA, Orsay, France","Biernacki D., Institute of Computer Science, University of Wroclaw, Wroclaw, Poland; Colaço J.-L., Prover Technology, Toulouse, France; Hamon G., MathWorks, Boston, United States; Pouzet M., LRI, Univ. Paris-Sud 11, INRIA, Orsay, France","The compilation of synchronous block diagrams into sequential imperative code has been addressed in the early eighties and can now be considered as folklore. However, separate, or modular, code generation, though largely used in existing compilers and particularly in industrial ones, has never been precisely described or entirely formalized. Such a formalization is now fundamental in the long-term goal to develop a mathematically certified compiler for a synchronous language as well as in simplifying existing implementations. This article presents in full detail the modular compilation of synchronous block diagrams into sequential code. We consider a first-order functional language reminiscent of LUSTRE, which it extends with a general n-ary merge operator, a reset construct, and a richer notion of clocks. The clocks are used to express activation of computations in the program and are specifically taken into account during the compilation process to produce efficient imperative code. We introduce a generic machine-based intermediate language to represent transition functions, and we present a concise clock-directed translation from the source to this intermediate language. We address the target code generation phase by describing a translation from the intermediate language to JAVA and C. Copyright © 2008 ACM.","Compilation; Real-time systems; Semantics; Synchronous languages; Type systems","Clocks; Embedded systems; Java programming language; Network components; Program compilers; Real time systems; Semantics; Block diagrams; Code Generation; Compilation; Compilation process; First-order functional languages; Intermediate languages; Long-term goals; Merge operators; Synchronous data-flow languages; Synchronous languages; Target codes; Transition functions; Type systems; Translation (languages)","D. Biernacki; Institute of Computer Science, University of Wroclaw, Wroclaw, Poland; email: dabi@ii.uni.wroc.pl","","","","978-160558104-0","","","English","Proc. ACM SIGPLAN Conf. Lang. Compilers Tools Embedded Syst.","Conference paper","Final","","Scopus","2-s2.0-84865688660"
"Forget J.; Boniol F.; Lesens D.; Pagetti C.","Forget, Julien (25960555900); Boniol, Frédéric (6507057555); Lesens, David (14045456200); Pagetti, Claire (55922785400)","25960555900; 6507057555; 14045456200; 55922785400","A real-time architecture design language for multi-rate embedded control systems","2010","Proceedings of the ACM Symposium on Applied Computing","","","","527","534","19","10.1145/1774088.1774196","https://www.scopus.com/pages/publications/77954714002?origin=resultslist","ONERA, Toulouse, France; EADS Astrium Space Transportation, Les Mureaux, France","Forget J., ONERA, Toulouse, France; Boniol F., ONERA, Toulouse, France; Lesens D., EADS Astrium Space Transportation, Les Mureaux, France; Pagetti C., ONERA, Toulouse, France","This paper presents a language dedicated to the description of the software architecture of complex embedded control systems. The language relies on the synchronous approach but extends it to support efficiently systems with multiple real-time constraints, such as deadline constraints or periodicity constraints. It provides a high-level of abstraction and benefits from the formal properties of synchronous languages. The language defines a small set of rate transition operators, which enable the description of user-defined deterministic multi-rate communication patterns between components of different rates. The compiler of the language automatically translates a program into a set of communicating real-time tasks implemented as concurrent C threads that can be executed on a standard real-time operating system. © 2010 ACM.","compilation; real-time systems; scheduling; synchronous","Computer operating systems; Concurrency control; Control systems; Embedded software; Embedded systems; High level languages; Linguistics; Program compilers; Query languages; Scheduling; Software architecture; Deadline constraint; Embedded control systems; Formal properties; Level of abstraction; Multi rate; Multirate communications; Real time constraints; Real time operating system; Real-time architecture; Real-time tasks; Synchronous languages; Transition operators; Real time systems","J. Forget; ONERA, Toulouse, France; email: julien.forget@onera.fr","","","","978-160558638-0","","","English","Proc ACM Symp Appl Computing","Conference paper","Final","","Scopus","2-s2.0-77954714002"
"Lublinerman R.; Szegedy C.; Tripakis S.","Lublinerman, Roberto (15623422700); Szegedy, Christian (60472274400); Tripakis, Stavros (6701546551)","15623422700; 60472274400; 6701546551","Modular code generation from synchronous block diagrams: Modularity vs. code size","2009","Conference Record of the Annual ACM Symposium on Principles of Programming Languages","","","","78","89","27","10.1145/1480881.1480893","https://www.scopus.com/pages/publications/67649868329?origin=resultslist","Computer Science and Engineering, Pennsylvania State University, United States; Cadence Research Laboratories, Cadence Design Systems, United States; Cadence Research Laboratories and Verimag Laboratory, CNRS, France","Lublinerman R., Computer Science and Engineering, Pennsylvania State University, United States; Szegedy C., Cadence Research Laboratories, Cadence Design Systems, United States; Tripakis S., Cadence Research Laboratories and Verimag Laboratory, CNRS, France","We study modular, automatic code generation from hierarchical block diagrams with synchronous semantics. Such diagrams are the fundamental model behind widespread tools in the embedded software domain, such as Simulink and SCADE. Code is modular in the sense that it is generated for a given composite block independently from context (i.e., without knowing in which diagrams the block is to be used) and using minimal information about the internals of the block. In previous work, we have shown how modular code can be generated by computing a set of interface functions for each block and a set of dependencies between these functions that is exported along with the interface.We have also introduced a quantified notion of modularity in terms of the number of interface functions generated per block, and showed how to minimize this number, which is essential for scalability. Finally, we have exposed the fundamental trade-off between modularity and reusability (set of diagrams the block can be used in). In this paper we explore another trade-off: modularity vs. code size. We show that our previous technique, although it achieves maximal reusability and is optimal in terms of modularity, may result in code replication and therefore large code sizes, something often unacceptable in an embedded system context. We propose to remedy this by generating code with no replication, and show that this generally results in some loss of modularity.We show that optimizing modularity while maintaining maximal reusability and zero replication is an intractable problem (NP-complete). We also show that this problem can be solved using a simple iterative procedure that checks satisfiability of a sequence of propositional formulas. We report on a new prototype implementation and experimental results. The latter demonstrate the practical interest in our methods. Copyright© 2009 ACM.","Block diagrams; Clustering; Code generation; Embedded software; NP-complete; Synchronous languages","Embedded software; Embedded systems; Graphic methods; Linguistics; Network components; Number theory; Problem oriented languages; Reusability; Set theory; Software prototyping; Block diagrams; Clustering; Code generation; NP-complete; Synchronous languages; Automatic programming","R. Lublinerman; Computer Science and Engineering, Pennsylvania State University, United States; email: rluble@psu.edu","","","07308566","978-160558379-2","CRLAD","","English","Conf Rec Annu ACM Symp Princ Program Lang","Conference paper","Final","","Scopus","2-s2.0-67649868329"
"Ouy J.","Ouy, Julien (23568553800)","23568553800","A survey of desynchronization in a polychronous model of computation","2006","Electronic Notes in Theoretical Computer Science","146","2","","151","167","2","10.1016/j.entcs.2005.05.040","https://www.scopus.com/pages/publications/30644468037?origin=resultslist","IRISA, Université de Rennes I, France","Ouy J., IRISA, Université de Rennes I, France","The synchronous hypothesis arose in the late Eighties as a conceptual framework for the computer-aided design of embedded systems. Along with this framework, the issue of desynchronization was simultaneously raised as the major topic of mapping the ideal communication and computation model of synchrony on realistic and distributed computer architectures. The aim of the present article is to survey the development of this topics in the particular yet promising model of one of the prominent environments that were build along these principles: Signal and its polychronous (synchronous multi-clocked) model of computation, before to give some hints and ideas about ongoing research addressing this issue. © 2006 Elsevier B.V. All rights reserved.","Desynchronization; Endochrony and isochrony; GALS design; Synchronous programming","Communication; Computer programming; Distributed computer systems; Embedded systems; Mapping; Synchronization; Desynchronization; Endochrony and isochrony; GALS design; Synchronous programming; Computer aided design","J. Ouy; IRISA, Université de Rennes I, France; email: Julien.Ouy@irisa.fr","","","15710661","","","","English","Electron. Notes Theor. Comput. Sci.","Conference paper","Final","All Open Access; Gold Open Access","Scopus","2-s2.0-30644468037"
"Oeyen B.; De Koster J.; De Meuter W.","Oeyen, Bjarno (57206670827); De Koster, Joeri (55105023900); De Meuter, Wolfgang (16306490800)","57206670827; 55105023900; 16306490800","Reactive Programming on the Bare Metal: A Formal Model for a Low-Level Reactive Virtual Machine","2022","REBLS 2022 - Proceedings of the 9th ACM SIGPLAN International Workshop on Reactive and Event-Based Languages and Systems, co-located with SPLASH 2022","","","","50","62","1","10.1145/3563837.3568342","https://www.scopus.com/pages/publications/85146980553?origin=resultslist","Vrije Universiteit Brussel, Brussel, Belgium","Oeyen B., Vrije Universiteit Brussel, Brussel, Belgium; De Koster J., Vrije Universiteit Brussel, Brussel, Belgium; De Meuter W., Vrije Universiteit Brussel, Brussel, Belgium","Reactive programming has many applications for embedded devices in IoT and other application domains. For these constrained devices it is crucial to bound the overhead of the execution of non-functional concerns such as glitch freedom. Reactive programming languages with static dependency graphs can implement glitch freedom by topologically sorting the dependency graph ahead of time. However, for more traditional reactive programming languages that support a dependency graph that can dynamically change, glitch freedom is typically implemented using a priority queue in which signals are enqueued according to their location in the graph. This is undesirable for embedded devices, as dynamically updating this priority queue has an undesirable, and sometimes unbounded, overhead. In this paper, we present a small-step operational semantics of a virtual machine specialised for running reactive programs that combines static ahead-of-time compilation of reactive programs into topologically sorted dependancy graphs while maintaining support for dynamic modifications to those dependency graphs. © 2022 ACM.","Internet-of-Things; Memory Consumption; Operational Semantics; Reactive Programming","Computer programming languages; Network security; Semantic Web; Semantics; Topology; Virtual machine; Bare metals; Dependency graphs; Embedded device; Formal modeling; Memory consumption; Metals A; Operational semantics; Priority queues; Reactive programming; Reactive programs; Internet of things","","De Meuter W.; Eugster P.; Eugster P.; Salvaneschi G.; Sant'Anna F.; Ziarek L.; Weisenburger P.","Association for Computing Machinery, Inc","","978-145039911-1","","","English","REBLS - Proc. ACM SIGPLAN Int. Workshop Reactive Event-Based Lang. Syst., co-located SPLASH","Conference paper","Final","","Scopus","2-s2.0-85146980553"
"Berry G.","Berry, Gérard (7202085820)","7202085820","Synchronous programming techniques for embedded systems: Present and future","2001","Lecture Notes in Computer Science (including subseries Lecture Notes in Artificial Intelligence and Lecture Notes in Bioinformatics)","2211","","","50","","0","10.1007/3-540-45449-7_4","https://www.scopus.com/pages/publications/84947208083?origin=resultslist","Esterel Technologies, France","Berry G., Esterel Technologies, France","The synchronous programming methodology for reactive systems has been developed since the beginning of the 80’s and it is currently used in numerous critical embedded systems projetcs. The methodolody is based on a strong mathematical framework that rigorously established the semantics of synchronous formalisms. The main industrial tools are Scade (Telelogic), Esterel Studio (Esterel Technologies), and Sildex (TNI). Current applications concern avionics, transportation systems, energy, telecom and wireless systems, etc. We present the general synchronous framework and the formalisms tailored to data-flow or control-flow dominated applications. We discuss the main issues in efficient code generation and formal property verification (safety, timing, etc.). We discuss the strength and limits of the basic synchronous paradigms, and present new ways of designing globally asynchronous/locally synchronous (GALS) systems. © Springer-Verlag Berlin Heidelberg 2001.","","Embedded software; Esters; Semantics; Esterel Technologies; Formal property verification; Mathematical frameworks; Synchronous framework; Synchronous paradigm; Synchronous programming; Transportation system; Wireless systems; Embedded systems","G. Berry; Esterel Technologies, France; email: Gerard.Berry@esterel-technologies.com","Henzinger T.A.; Kirsch C.M.","Springer Verlag","03029743","3540426736; 978-354042673-8","","","English","Lect. Notes Comput. Sci.","Conference paper","Final","","Scopus","2-s2.0-84947208083"
"Weber J.; Shi J.; Zhang C.","Weber, Jarod (57197704774); Shi, Jianfeng (55491830500); Zhang, Chuck (55605776068)","57197704774; 55491830500; 55605776068","Embedded capacitance sensor array for structural health monitoring of pipeline systems","2017","American Society of Mechanical Engineers, Pressure Vessels and Piping Division (Publication) PVP","5","","","","","1","10.1115/PVP2017-65473","https://www.scopus.com/pages/publications/85034029315?origin=resultslist","Georgia Tech Manufacturing Institute, Georgia Institute of Technology, Atlanta, 30332, GA, United States; Institute of Process Equipment, Zhejiang University, Hangzhou, Zhejiang, 310027, China; H. Milton Stewart School of Industrial and Systems Engineering, Georgia Institute of Technology, Atlanta, 30332, GA, United States","Weber J., Georgia Tech Manufacturing Institute, Georgia Institute of Technology, Atlanta, 30332, GA, United States; Shi J., Georgia Tech Manufacturing Institute, Georgia Institute of Technology, Atlanta, 30332, GA, United States, Institute of Process Equipment, Zhejiang University, Hangzhou, Zhejiang, 310027, China; Zhang C., Georgia Tech Manufacturing Institute, Georgia Institute of Technology, Atlanta, 30332, GA, United States, H. Milton Stewart School of Industrial and Systems Engineering, Georgia Institute of Technology, Atlanta, 30332, GA, United States","Embedded capacitance sensor arrays for Structural Health Monitoring (SHM) of piping is explored. Using a capacitive electrode layer system embedded within Fiber Reinforced Polymer (FRP) layers, to detect potential damage and loading conditions. The sensors are comprised of an electrode array, and allow changes in system capacitance to be monitored. Combined with baseline data points, subsequent measurements can provide indication of applied force changes within composite patched or composite reinforced piping, allowing for repair or reinforcement health status monitoring. Unlike traditional sensors which only measure a single point, the proposed approach incorporates an electrode array technique, while capacitive sensing affords the ability to detect minuscule changes in force on the whole pipe surface. Thus, providing detection and monitoring capabilities beyond those currently employed by industry such as optical fiber or strain gauge. © 2017 ASME.","","Capacitance; Capacitive sensors; Electrodes; Embedded systems; Fiber reinforced plastics; Nondestructive examination; Optical fibers; Pressure vessels; Reinforcement; Strain gages; Capacitance sensors; Capacitive electrodes; Capacitive sensing; Fiber reinforced polymers; Loading condition; Monitoring capabilities; Pipe-line systems; Structural health monitoring (SHM); Structural health monitoring","","","American Society of Mechanical Engineers (ASME)","0277027X","978-079185798-4","APVPD","","English","ASME Pressure Vessels Piping Div. Publ. PVP","Conference paper","Final","","Scopus","2-s2.0-85034029315"
"Di Natale M.; Zeng H.","Di Natale, Marco (7006960620); Zeng, Haibo (35191392200)","7006960620; 35191392200","Models and Tools for Complex Embedded Software and Systems","2026","Electronic Design Automation for IC System Design, Verification, and Testing: Volume 1","","","","148","206","0","10.1201/9781003608721-10","https://www.scopus.com/pages/publications/105040316890?origin=resultslist","Bradley Department of Electrical and Computer Engineering, Virginia Tech, Blacksburg, VA, United States","Di Natale M.; Zeng H., Bradley Department of Electrical and Computer Engineering, Virginia Tech, Blacksburg, VA, United States","The development of correct complex software for embedded systems requires the verification of properties by formal analysis or by simulation and testing. Reduced time to market, increased complexity, and model properties also demand the reuse of composable software components. Currently, no language (or design methodology) provides all the desirable features for distributed embedded systems. Languages and modeling standards are catching up with the need for a separation of concerns between the model of the functionality, the model of the platform, and the description of the functional implementation or mapping. Also, verification and automatic generation of semantics-preserving implementations require a strong semantic characterization of the modeling language. This chapter provides an overview of existing models and tools for complex embedded software and systems, with a focus on reactive systems. It starts with an introduction to the fundamental concepts and the basic theory of existing models of computation, both synchronous and asynchronous. It also features an introduction to the Unified Modeling Language (UML), the Systems Modeling Language (SysML), the synchronous languages Esterel and Lustre, and the commercial Simulink/Stateflow tools. Finally, this chapter provides a quick peek at research work in software models and tools to give a firm understanding of future trends and currently unsolved issues. © 2026 selection and editorial matter, Luciano Lavagno, Grant E. Martin, Igor L. Markov and Louis K. Scheffer; individual chapters, the contributors.","","Computation theory; Computer simulation languages; Computer software reusability; Distributed computer systems; Embedded software; Engineering research; Semantics; Software testing; Unified Modeling Language; Verification; Complex software; Composable; Embedded-system; Formal analysis; Model properties; Property; Reuse; Simulation and testing; Software-component; Time to market; Embedded systems","","","CRC Press","","978-104054594-2; 978-104100213-0","","","English","Electronic Design Automation for IC System Design, Verification, and Test.: Volume 1","Book chapter","Final","","Scopus","2-s2.0-105040316890"
"Edwards S.A.; Hui J.","Edwards, Stephen A. (7401520724); Hui, John (57223732651)","7401520724; 57223732651","The Sparse Synchronous Model","2020","Forum on Specification and Design Languages","2020-September","","9232938","","","15","10.1109/FDL50818.2020.9232938","https://www.scopus.com/pages/publications/85096120892?origin=resultslist","Columbia University, Department of Computer Science, New York, United States","Edwards S.A., Columbia University, Department of Computer Science, New York, United States; Hui J., Columbia University, Department of Computer Science, New York, United States","We present the Sparse Synchronous model (SSM) of computation, which allows a programmer to specify software timing more precisely than the traditional 'heartbeat' of mainstream operating systems or the synchronous languages. SSM is a mix of semantics inspired by discrete event simulators and the synchronous languages designed to operate in resource-constrained environments such as microcontrollers. SSM provides precise timing prescriptions, concurrency, and determinism. We present SSM, its motivations, and details of a lightweight runtime system upon which a future language will be built.  © 2020 IEEE.","computer languages; concurrency control; real time systems; timing","Semantics; Discrete-event simulators; Runtime systems; Synchronous languages; Synchronous models; Specifications","","","IEEE Computer Society","16369874","978-172818928-4","","","English","Forum Specifi. Des. Lang.","Conference paper","Final","","Scopus","2-s2.0-85096120892"
"Jahier E.; Halbwachs N.; Raymond P.","Jahier, Erwan (55879824500); Halbwachs, Nicolas (6701491398); Raymond, Pascal (14014305600)","55879824500; 6701491398; 14014305600","Synchronous modeling and validation of priority inheritance schedulers","2009","Lecture Notes in Computer Science (including subseries Lecture Notes in Artificial Intelligence and Lecture Notes in Bioinformatics)","5503","","","140","154","3","10.1007/978-3-642-00593-0_10","https://www.scopus.com/pages/publications/67650174011?origin=resultslist","VERIMAG (CNRS, UJF, INPG), Grenoble, France","Jahier E., VERIMAG (CNRS, UJF, INPG), Grenoble, France; Halbwachs N., VERIMAG (CNRS, UJF, INPG), Grenoble, France; Raymond P., VERIMAG (CNRS, UJF, INPG), Grenoble, France","Architecture Description Languages (ADLs) allow embedded systems to be described as assemblies of hardware and software components. It is attractive to use such a global modelling as a basis for early system analysis. However, in such descriptions, the applicative software is often abstracted away, and is supposed to be developed in some host programming language. This forbids to take the applicative software into account in such early validation. To overcome this limitation, a solution consists in translating the ADL description into an executable model, which can be simulated and validated together with the software. In a previous paper [1], we proposed such a translation of Aadl (Architecture Analysis & Design Language) specifications into an executable synchronous model. The present paper is a continuation of this work, and deals with expressing the behavior of complex scheduling policies managing shared resources. We provide a synchronous specification for two shared resource scheduling protocols: the well-known basic priority inheritance protocol (BIP), and the priority ceiling protocol (PCP). This results in an automated translation of Aadl models into a purely Boolean synchronous (Lustre) scheduler, that can be directly model-checked, possibly with the actual software.","Architecture description languages; Embedded systems; Formal verification; Scheduling; Simulation; Synchronous languages","Computer simulation languages; Computer software selection and evaluation; Embedded software; Embedded systems; Formal logic; Large scale systems; Linguistics; Query languages; Scheduling; Simulators; Software engineering; Specifications; Translation (languages); Computer simulation languages; Embedded systems; Formal verification; Scheduling; Software engineering; Specifications; Architecture analysis; Architecture description languages; Automated translation; Complex scheduling; Design languages; Directly model; Executable model; Formal verification; Hardware and software components; Modeling and validation; Priority ceiling protocols; Programming language; Shared resources; Simulation; Synchronous languages; Synchronous models; Synchronous specification; System analysis; Architecture analysis; Architecture description languages; Automated translation; Hardware and software components; Priority ceiling protocols; Simulation; Synchronous languages; Synchronous specification; Software architecture; Translation (languages)","E. Jahier; VERIMAG (CNRS, UJF, INPG), Grenoble, France; email: Erwan.Jahier@imag.fr","","","16113349","978-364200592-3","","","English","Lect. Notes Comput. Sci.","Conference paper","Final","All Open Access; Green Open Access","Scopus","2-s2.0-67650174011"
"Hui J.; Edwards S.A.","Hui, John (57223732651); Edwards, Stephen A. (7401520724)","57223732651; 7401520724","The Sparse Synchronous Model on Real Hardware","2024","ACM Transactions on Embedded Computing Systems","23","5","69","","","3","10.1145/3572920","https://www.scopus.com/pages/publications/85204038918?origin=resultslist","Columbia University, 500 West 120 Street, MC0401, New York, 10027, United States","Hui J., Columbia University, 500 West 120 Street, MC0401, New York, 10027, United States; Edwards S.A., Columbia University, 500 West 120 Street, MC0401, New York, 10027, United States","We present the Sparse Synchronous model (SSM) of computation, which allows a programmer to specify software timing more precisely than the traditional ""heartbeat""of mainstream operating systems or the synchronous languages. SSM is a mix of semantics inspired by discrete event simulators and the synchronous languages designed to operate in resource-constrained environments such as microcontrollers. SSM provides precise timing prescriptions, concurrency, and determinism. We implement SSM in SSML, a toy language along with a runtime system that includes a scheduler, memory manager, and an interface that works with a real-time operating system to keep the model synchronized with the real world. Experimentally, we find our implementation is able to perform jitter-free I/O in the 10s of kHz on a microcontroller. © 2024 Association for Computing Machinery.","computer languages; concurrency control; Real time systems; timing","Computer hardware description languages; Computer operating systems; Concurrency control; Real time control; Timing jitter; Discrete-event simulators; Memory manager; Model of computation; Real - Time system; Real-world; Real.time operating system; Run- time systems; Synchronous languages; Synchronous models; Timing; Microcontrollers","J. Hui; Columbia University, New York, 500 West 120 Street, MC0401, 10027, United States; email: j-hui@cs.columbia.edu","","Association for Computing Machinery","15399087","","","","English","ACM Trans. Embedded Comput. Syst.","Article","Final","All Open Access; Bronze Open Access","Scopus","2-s2.0-85204038918"
"Motika C.; von Hanxleden R.","Motika, Christian (55447052600); von Hanxleden, Reinhard (10045077200)","55447052600; 10045077200","Light-weight Synchronous Java (SJL): An approach for programming deterministic reactive systems with Java","2015","Computing","97","3","","281","307","1","10.1007/s00607-014-0416-7","https://www.scopus.com/pages/publications/84924223081?origin=resultslist","Department of Computer Science, Christian-Albrechts-Unversität zu Kiel, Kiel, 24098, Germany","Motika C., Department of Computer Science, Christian-Albrechts-Unversität zu Kiel, Kiel, 24098, Germany; von Hanxleden R., Department of Computer Science, Christian-Albrechts-Unversität zu Kiel, Kiel, 24098, Germany","A key issue in the development of reliable embedded software is the proper handling of reactive control-flow, which typically involves concurrency. Java and its thread concept have only limited provisions for implementing deterministic concurrency. Thus, as has been observed in the past, it is challenging to develop concurrent Java programs without any deadlocks or race conditions. To alleviate this situation, the Light-weight Synchronous Java (SJL) approach presented here adopts the key concepts that have been established in the world of synchronous programming for handling reactive control-flow. Thus SJL not only provides deterministic concurrency, but also different variants of deterministic preemption. Furthermore SJL allows concurrent threads to communicate with Esterel-style signals. As a case study for an embedded system usage, we also report on how the SJL concepts have been ported to the ARM-based Lego Mindstorms NXT system. We evaluated the SJL approach to be efficient and provide experimental results comparing it to Java threads. © 2014, Springer-Verlag Wien.","Deterministic concurrency; Deterministic preemption; Java; Light-weight scheduling; Reactive systems; Synchronous programming","Computer software; Java programming language; Deterministic concurrency; Deterministic preemption; Java; Light weight; Reactive system; Synchronous programming; Concurrency control","","","Springer-Verlag Wien","0010485X","","CMPTA","","English","Comput.","Article","Final","","Scopus","2-s2.0-84924223081"
"","","","Proceedings of the 13th International Workshop on Software and Compilers for Embedded Systems, SCOPES 2010","2010","Proceedings of the 13th International Workshop on Software and Compilers for Embedded Systems, SCOPES 2010","","","","","","0","","https://www.scopus.com/pages/publications/77955132528?origin=resultslist","","","The proceedings contain 8 papers. The topics discussed include: parallel copy motion; B2P2: bounds based procedure placement for instruction TLB power reduction in embedded systems; interval analysis of microcontroller code using abstract interpretation of hardware and software; a compiler-based infrastructure for fault-tolerant co-design; workload characterization supporting the development of domain-specific compiler optimizations using decision trees for data mining; modeling shared cache and bus in multi-cores for timing analysis; a higher-order extension for imperative synchronous languages; supporting islands of coherency for highly-parallel embedded architectures using compile-time virtualisation; and system level MPSoC design: a bright future for compiler technology?.","","","","","","","978-145030084-1","","","English","Proc. Int. Workshop Softw. Compilers Embedded Syst., SCOPES","Conference review","Final","","Scopus","2-s2.0-77955132528"
"Menna C.; Balsamo A.; Maddaloni G.; Prota A.","Menna, Costantino (37561907900); Balsamo, Alberto (23988640600); Maddaloni, Gennaro (55258117300); Prota, Andrea (6603458266)","37561907900; 23988640600; 55258117300; 6603458266","Comparative assessment of the tensile behavior of steel and textile reinforced mortar systems","2018","American Concrete Institute, ACI Special Publication","2017-March","SP 324","","","","8","","https://www.scopus.com/pages/publications/85057866948?origin=resultslist","Department of Structures for Engineering and Architecture, University of Naples Federico II, Naples, Italy","Menna C., Department of Structures for Engineering and Architecture, University of Naples Federico II, Naples, Italy; Balsamo A., Department of Structures for Engineering and Architecture, University of Naples Federico II, Naples, Italy; Maddaloni G., Department of Structures for Engineering and Architecture, University of Naples Federico II, Naples, Italy; Prota A., Department of Structures for Engineering and Architecture, University of Naples Federico II, Naples, Italy","Steel reinforced grout (SRG) systems consist of high strength steel cords or fabrics embedded in a mortar or grout matrix; these are typically utilized as external reinforcement of existing reinforced concrete (RC) or masonry structures. Despite extensive experimental investigations conducted so far, reliable answers concerning their tensile, bond strength, strain to failure and stiffness properties seem still incomplete mainly due to their heterogeneous nature; this represents a limit for the design, standardization process and applications of such a system. These limiting aspects are also of a major interest in comparison with similar strengthening systems, namely textile reinforced matrix (TRM), in which the reinforcing system is typically made of a fiber reinforced polymer (FRP) bi-directional grid rather than steel cords. This study deals with an experimental investigation on the tensile behavior of SRG and TRM systems, focusing on the mechanical aspects related to the different scales of the strengthening system itself, i.e. reinforcement and composite system. The tensile tests are carried out on two different SRG systems manufactured with two different matrix types. Typical glass TRM systems are also considered in this study for comparison purposes. Based on the experimental outcomes, some analytical interpretations are provided.","Glass fibers; Steel fabric; Steel reinforced grouts (SRGs); Tensile behavior; Textile reinforced mortars (TRMs)","Concrete beams and girders; Embedded systems; Fiber reinforced plastics; Glass fibers; Grouting; High strength steel; Reinforced concrete; Reinforced plastics; Steel fibers; Strengthening (metal); Structural design; Tensile strength; Tensile testing; Textiles; Comparative assessment; Existing reinforced concrete; Experimental investigations; Fiber reinforced polymers; Standardization process; Steel reinforced grout; Tensile behaviors; Textile-reinforced mortars; Mortar","","De Felice G.; Sneed L.H.; Nanni A.","American Concrete Institute","01932527","","","","English","Am. Concr. Inst. ACI Spec. Publ.","Conference paper","Final","","Scopus","2-s2.0-85057866948"
"Calus B.; Reynders B.; Devriese D.; Noorman J.; Piessens F.","Calus, Ben (57198803595); Reynders, Bob (56418336400); Devriese, Dominique (36198086100); Noorman, Job (55447479800); Piessens, Frank (6602153049)","57198803595; 56418336400; 36198086100; 55447479800; 6602153049","FRP IoT Modules as a Scala DSL","2017","REBLS 2017 - Proceedings of the 4th ACM SIGPLAN International Workshop on Reactive and Event-Based Languages and Systems, co-located with SPLASH 2017","","","","15","20","9","10.1145/3141858.3141861","https://www.scopus.com/pages/publications/85037111104?origin=resultslist","Imec-DistriNet, KU Leuven, Leuven, 3001, Belgium","Calus B., Imec-DistriNet, KU Leuven, Leuven, 3001, Belgium; Reynders B., Imec-DistriNet, KU Leuven, Leuven, 3001, Belgium; Devriese D., Imec-DistriNet, KU Leuven, Leuven, 3001, Belgium; Noorman J., Imec-DistriNet, KU Leuven, Leuven, 3001, Belgium; Piessens F., Imec-DistriNet, KU Leuven, Leuven, 3001, Belgium","With Internet of Things applications growing in size and popularity, physical sensor networks are more often running multiple complex applications. It becomes increasingly important to maintain these event-driven programs on embedded systems. Traditionally, event-driven applications such as sensor network applications are written using an imperative style of programming where different callback routines are registered to handle events. As the application complexity grows, the inverted control flow and reliance on shared global state makes this style of programming hard to maintain. Furthermore, sensor network applications are inherently distributed and are written by manually managing code-bases of sub-Applications that go on all nodes separately. If security is important, the programmer needs to manually interface with low-level security primitives because there is no built-in notion of components. We propose a more maintainable approach where the developer essentially writes a first-order FRP program, containing code fragments in an embedded subset of C. From this FRP program, we generate efficient C code to be run on every node. Every module of the FRP program is compiled to a separate C module, making it easy to deploy modules to different nodes, and to enhance the security of the application by isolating modules from other software running on the nodes. Our implementation is based on a Scala EDSL that we use to let the user conveniently embed fragments of C code. The annotated C code gets compiled to Sancus, a security architecture for IoT nodes that supports the secure and distributed execution of the generated modules. © 2017 Association for Computing Machinery.","DSL; Functional Reactive Programming; Scala","Application programs; Codes (symbols); Complex networks; Computer systems programming; Digital subscriber lines; DSL; Embedded systems; Functional programming; Internet of things; Sensor networks; Sensor nodes; Application complexity; Complex applications; Event driven applications; Functional reactive programming; Scala; Security Architecture; Security primitives; Sensor network applications; C (programming language)","","Eugster P.; Salvaneschi G.; De Meuter W.; Ziarek L.","Association for Computing Machinery, Inc","","978-145035515-5","","","English","REBLS - Proc. ACM SIGPLAN Int. Workshop React. Event-Based Lang. Syst., co-located SPLASH","Conference paper","Final","All Open Access; Green Open Access","Scopus","2-s2.0-85037111104"
"Schaller M.-B.; K̈seberg S.; Kuhnec M.","Schaller, M.-B. (57192960014); K̈seberg, S. (36606424100); Kuhnec, M. (36606352600)","57192960014; 36606424100; 36606352600","Smart CFRP systems for the controlled retrofitting of reinforced concrete members","2010","Proceedings of SPIE - The International Society for Optical Engineering","7653","","76533C","","","4","10.1117/12.864936","https://www.scopus.com/pages/publications/77957826479?origin=resultslist","Gesellschaft für Geomechanik und Baumesstechnik (GGB) MbH, 04579 Espenhain, Germany; Institute of Concrete Construction, HTWK Leipzig, 04251 Leipzig, Germany; Materials Research and Testing, Bauhaus-University Weimar, 99423 Weimar, Germany","Schaller M.-B., Gesellschaft für Geomechanik und Baumesstechnik (GGB) MbH, 04579 Espenhain, Germany; K̈seberg S., Institute of Concrete Construction, HTWK Leipzig, 04251 Leipzig, Germany; Kuhnec M., Materials Research and Testing, Bauhaus-University Weimar, 99423 Weimar, Germany","During the last ten years an increasing amount of Carbon Fiber Reinforced Polymer (CFRP) applications to rehabilitate damaged concrete elements was observed. Thereby some important disadvantages of the brittle materials must be considered, for example the low ductility of the bond between CFRP and concrete and brittle failure of FRP. With embedded sensor systems it is possible to measure crack propagation and strains. In this paper a sensor based CFRP system will be presented, that can be used for strengthening and measuring. The used optical fibers with Fiber Bragg Gratings (FBG) have a large number of advantages in opposite to electrical measuring methods. Examples are small dimensions, low weight as well as high static and dynamic resolution of measured values. The main problem during the investigations was the fixing of the glass fiber and the small FBG at the designated position. In this paper the possibility of setting the glass fiber with embroidery at the reinforcing fiber material will be presented. On the basis of four point bending tests on beams (dimensions of 700 × 150 × 150 mm) and tests on wrapped columns the potential of the Smart CFRP system is introduced. © 2010 SPIE.","CFRP; Embroidery; FBG; Optical fiber; Smart composite; Structural health monitoring","Carbon Fibers; Composites; Fiber Optics; Fibers; Glass Fibers; Monitoring; Printing; Reinforced Concrete; Sensors; Textiles; Bending tests; Carbon fiber reinforced plastics; Carbon fibers; Embedded systems; Fiber optics; Fibers; Glass fibers; Monitoring; Optical fibers; Reinforced concrete; Retrofitting; Sensors; Structural health monitoring; Textile printing; CFRP; Embroidery; FBG; Smart composites; Structural health; Fiber Bragg gratings","","","","0277786X","978-081948083-5","PSISD","","English","Proc SPIE Int Soc Opt Eng","Conference paper","Final","","Scopus","2-s2.0-77957826479"
"Hadidi R.; Ghaleshahi N.S.; Asgari B.; Kim H.","Hadidi, Ramyad (57194285399); Ghaleshahi, Nima Shoghi (57220179211); Asgari, Bahar (57209458621); Kim, Hyesoon (8851882000)","57194285399; 57220179211; 57209458621; 8851882000","Context-Aware Task Handling in Resource-Constrained Robots with Virtualization","2023","Proceedings - IEEE International Conference on Edge Computing","2023-July","","","255","261","0","10.1109/EDGE60047.2023.00047","https://www.scopus.com/pages/publications/85173442400?origin=resultslist","Rain Ai; Georgia Tech, United States; University of Maryland, United States","Hadidi R., Rain Ai; Ghaleshahi N.S., Georgia Tech, United States; Asgari B., University of Maryland, United States; Kim H., Georgia Tech, United States","Intelligent mobile robots are critical in several scenarios. However, as their computational resources are limited, mobile robots struggle to handle several tasks concurrently while guaranteeing real timeliness. To address this challenge and improve the real-timeliness of critical tasks under resource constraints, we propose a fast context-aware task handling technique. To effectively handle tasks in real-time, our proposed context-aware technique comprises three main ingredients: (i) a dynamic time-sharing mechanism, coupled with (ii) an event-driven task scheduling using reactive programming paradigm to mindfully use the limited resources; and, (iii) a lightweight virtualized execution to easily integrate functionalities and their dependencies. We showcase our technique on a Raspberry-Pi-based robot with a variety of tasks such as Simultaneous localization and mapping (SLAM), sign detection, and speech recognition with a 42% speedup in total execution time compared to the common Linux scheduler.  © 2023 IEEE.","Edge AI; Middleware and Programming Environments; Mobile Robots; Reactive and Sensor-Based Planning; Software","Computer operating systems; Intelligent robots; Middleware; Robot Operating System; Robot programming; Speech recognition; Virtualization; Constrained robots; Context-Aware; Edge AI; Middleware and programming environment; Programming environment; Reactive and sensor-based planning; Real timeliness; Sensor-based planning; Software; Virtualizations; Mobile robots","R. Hadidi; Rain Ai; email: ramyad@rain.ai","Ardagna C.; Awaysheh F.; Bian H.; Chang C.K.; Chang R.N.; Delicato F.; Desai N.; Fan J.; Fox G.C.; Goscinski A.; Jin Z.; Kobusinska A.; Rana O.","Institute of Electrical and Electronics Engineers Inc.","27679918","979-835030483-1","","","English","Proc. IEEE Int. Conf. Edge Comput.","Conference paper","Final","","Scopus","2-s2.0-85173442400"
"Kazemi Z.; Cheng A.M.K.","Kazemi, Zeinab (57191891754); Cheng, Albert M.K. (7402075079)","57191891754; 7402075079","A Scratchpad Memory-Based Execution Platform for Functional Reactive Systems and Its Static Timing Analysis","2016","Proceedings - 2016 IEEE 22nd International Conference on Embedded and Real-Time Computing Systems and Applications, RTCSA 2016","","","7579953","176","181","1","10.1109/RTCSA.2016.43","https://www.scopus.com/pages/publications/84994494333?origin=resultslist","Department of Computer Science, University of Houston, Houston, TX, United States","Kazemi Z., Department of Computer Science, University of Houston, Houston, TX, United States; Cheng A.M.K., Department of Computer Science, University of Houston, Houston, TX, United States","Priority-based Functional Reactive Programming (P-FRP) is a new variant of FRP to model reactive applications in real-time systems. In P-FRP, when the currently running task is preempted by an arriving higher-priority task, the lower-priority running task is aborted and the higher-priority task will execute. The lower-priority task restarts when the higher-priority one completes. However, unlike the preemptive model, when a task aborts, all the changes made by this task are discarded. That is to say, when an aborted ask restarts, it should execute from the beginning. In order to provide a realistic Worst-Case Response Time (WCRT) of the tasks in P-FRP, it is therefore mandatory to derive a realistic Worst Case Execution Time (WCET) of each task. Previous studies have ignored memory latency in the derivation of the WCRT, making the resulting estimate inaccurate and unrealistic. Furthermore, these studies have also assumed that the WCET of each task is known a priori. In this paper, we introduce a scratchpad memory (SPM)-based platform for executing P-FRP tasks and an approach to determine the WCET of the tasks by considering the memory cost of the aborted tasks. We first compute the WCET of a task in a P-FRP system, and then calculate the memory penalty caused by preemption. In the next step, we derive the WCRT of the task sets in P-FRP by considering memory latency in the proposed platform. Experimental results from the derivations of the WCET and WCRT using task sets from the SNU real-time benchmarks and randomly generated tasks are presented to validate this approach. © 2016 IEEE.","Architecture; FRP; Functional Reactive Programming; Functional Reactive Systems; P-FRP; Response Time; Scratchpad Memory; Timing Analysis","Architecture; Computer systems programming; Embedded systems; Functional programming; Interactive computer systems; Memory architecture; Response time (computer systems); Timing circuits; Execution platforms; Functional reactive programming; Reactive system; Scratch pad memory; Static timing analysis; Timing Analysis; Worst case response time; Worst-case execution time; Real time systems","","","Institute of Electrical and Electronics Engineers Inc.","","978-150902479-7","","","English","Proc. - IEEE Int. Conf. Embed. Real-Time Comput. Syst. Appl., RTCSA","Conference paper","Final","","Scopus","2-s2.0-84994494333"
"Bai Y.; Rafique O.; Schneider K.","Bai, Yu (57226482984); Rafique, Omair (56024076100); Schneider, Klaus (58406421600)","57226482984; 56024076100; 58406421600","A Model-based Design Flow for Asynchronous Implementations from Synchronous Specifications","2021","Proceedings -Design, Automation and Test in Europe, DATE","2021-February","","9474190","862","867","0","10.23919/DATE51398.2021.9474190","https://www.scopus.com/pages/publications/85111002431?origin=resultslist","Hebei University of Science Annd Technology, Shijiazhuang, China; University of Kaiserslautern, Department of Computer Science, Germany","Bai Y., Hebei University of Science Annd Technology, Shijiazhuang, China; Rafique O., University of Kaiserslautern, Department of Computer Science, Germany; Schneider K., University of Kaiserslautern, Department of Computer Science, Germany","The synthesis of distributed embedded systems from dataflow models like Kahn Process Networks (KPN) has to deal with particular problems like absence of deadlocks and buffer overflows. However, the verification of the absence of these problems for a KPN model is in general not decidable. Starting with synchronous models, desynchronization avoids such design difficulties by generating sound dataflow networks by correctness of construction. In this paper, we present a design flow following such an approach. Our design flow differs from previous work in the following aspects: The synchronous models are specified by an imperative synchronous language and are therefore better suited for control-intensive applications. Verification of desynchro-nization criteria is carried out efficiently with the help of model checking and SAT-solving, ensuring the compliance of the functional behavior. Qualified code is translated automatically into the KPN model. Finally, the KPN model is automatically synthesized to the open computing language (OpenCL) based implementation which is platform independent and can be executed on various commercial off-the-shelf target platforms.  © 2021 EDAA.","","Compliance control; Data flow analysis; Embedded systems; Buffer overflows; Data flow modeling; Design flows; Desynchronization; Distributed embedded system; Kahn process networks; Model-based design; Network models; Synchronous models; Synchronous specification; Model checking","","","Institute of Electrical and Electronics Engineers Inc.","15301591","978-398192635-4","","","English","Proc. Des. Autom. Test Eur. DATE","Conference paper","Final","","Scopus","2-s2.0-85111002431"
"Yokoyama A.; Moriguchi S.; Watanabe T.","Yokoyama, Akihiko (57350883100); Moriguchi, Sosuke (55735588400); Watanabe, Takuo (36931774900)","57350883100; 55735588400; 36931774900","A functional reactive programming language for small-scale embedded systems with recursive data types","2021","Journal of Information Processing","29","","","685","706","3","10.2197/IPSJJIP.29.685","https://www.scopus.com/pages/publications/85119692107?origin=resultslist","Department of Computer Science, School of Computing, Tokyo Institute of Technology, Tokyo, 152–8552, Japan","Yokoyama A., Department of Computer Science, School of Computing, Tokyo Institute of Technology, Tokyo, 152–8552, Japan; Moriguchi S., Department of Computer Science, School of Computing, Tokyo Institute of Technology, Tokyo, 152–8552, Japan; Watanabe T., Department of Computer Science, School of Computing, Tokyo Institute of Technology, Tokyo, 152–8552, Japan","We introduce a new type system to Emfrp, a functional reactive programming (FRP) language designed for resource-constrained embedded systems. Functional reactive programming is a programming paradigm that allows concise descriptions of reactive systems such as GUIs by combining time-varying values that express values changing over time. Emfrp is a domain-specific language based on FRP, designed and developed for small-scale embedded systems. Because the language can statically determine the amount of runtime memory and guarantee the termination of reactive actions, a program written in Emfrp can safely continue reactive behaviors in resource-constrained environments. To ensure these properties, Emfrp disallows the use of recursive data types and functions. However, such restrictions often impose unnatural representations of data structures like lists or trees. The declarative characteristic of FRP and these restrictions impel us to write poorly maintainable redundant codes or deter us from writing certain types of programs. In this paper, we propose EmfrpBCT, an extended Emfrp with size-annotated recursive data types, to overcome this problem. The proposed system is more expressive than Emfrp, yet, it retains the aforementioned static properties. After explaining that through examples, we describe the features of EmfrpBCT, formalize the language, present an algorithm for statically computing the runtime memory bounds, and prove its soundness. Moreover, we implemented a compiler from EmfrpBCT to C, measured the translation time, and evaluated runtime overhead. © 2021 Information Processing Society of Japan.","Embedded systems; Functional reactive programming; Type systems","","","","Information Processing Society of Japan","03875806","","","","English","J. Info. Process.","Article","Final","All Open Access; Gold Open Access","Scopus","2-s2.0-85119692107"
"Santos R.C.M.; Lima G.F.; Sant'anna F.; Ierusalimschy R.; Haeusler E.H.","Santos, Rodrigo C. M. (49962320300); Lima, Guilherme F. (55954219800); Sant'anna, Francisco (35183862400); Ierusalimschy, Roberto (55925861600); Haeusler, Edward H. (6603717884)","49962320300; 55954219800; 35183862400; 55925861600; 6603717884","A memory-bounded, deterministic and terminating semantics for the synchronous programming language Céu","2018","ACM SIGPLAN Notices","53","6","","1","18","0","10.1145/3211332.3211334","https://www.scopus.com/pages/publications/85084189766?origin=resultslist","PUC-Rio, Brazil; UERJ, Brazil","Santos R.C.M., PUC-Rio, Brazil; Lima G.F., PUC-Rio, Brazil; Sant'anna F., UERJ, Brazil; Ierusalimschy R., PUC-Rio, Brazil; Haeusler E.H., PUC-Rio, Brazil","Céu is a synchronous programming language for embedded soft real-time systems. It focuses on control-flow safety features, such as safe shared-memory concurrency and safe abortion of lines of execution, while enforcing memory bounded, deterministic, and terminating reactions to the environment. In this work, we present a small-step structural operational semantics for Céu and a proof that reactions have the properties enumerated above: that for a given arbitrary timeline of input events, multiple executions of the same program always react in bounded time and arrive at the same final finite memory state. © 2018 ACM.","Determinism; Operational semantics; Synchronous languages; Termination","Concurrency control; Embedded systems; Interactive computer systems; Real time systems; Semantics; Control flows; Finite memory; Language c; Safety features; Shared memory; Soft real-time systems; Structural operational semantics; Synchronous programming; C (programming language)","","","Association for Computing Machinery","15232867","978-145034911-6","","","English","ACM SIGPLAN Not.","Article","Final","","Scopus","2-s2.0-85084189766"
"Liou C.-Y.; Chiueh H.","Liou, Chia-Yi (24758999100); Chiueh, Herming (6602443367)","24758999100; 6602443367","An ALU cluster intellectual property for magnetic RAM media applications platform","2007","Records of the IEEE International Workshop on Memory Technology, Design and Testing","","","4547622","67","70","0","10.1109/MTDT.2007.4547622","https://www.scopus.com/pages/publications/50849107319?origin=resultslist","Department of Communication Engineering, National Chiao Tung University, Hsinchu, Taiwan","Liou C.-Y., Department of Communication Engineering, National Chiao Tung University, Hsinchu, Taiwan; Chiueh H., Department of Communication Engineering, National Chiao Tung University, Hsinchu, Taiwan","The next generation memory, Magnetic Random Access Memory (MRAM), is a high-profile choice of embedded memory in modern applications. Features of the novel memory make it suitable for universal memory applications. Besides, as the evolution of information technology, embedded systems with media applications for portable devices are more important in modern life. In both of the perspectives mentioned above, a processing element called Arithmetic Logic Unit (ALU) cluster Intellectual Property (IP) is designed and implemented to be integrated with MRAM and the platform baseboard in this work. To stack these components such as an ALU cluster, MRAM and versatile baseboard provides a development, verification and demonstration platform for the highly-expected MRAM. The proposed ALU cluster IP with Advanced Microcontroller Bus Architecture (AMBA) interface is taped out using TSMC 0.15um technology and operates at 100MHz. The chip area is 3.9*3.9 mm2 and gate count is 0.2 million. A 4-layer FRP printed circuit board (PCB) is designed and fabricated as the daughter card for system integration. The daughter card carries the designed chip is integrated to ARM versatile platform board and the PCB of MRAM as the system integration and application development environment. ©2007 IEEE.","","Applications; Chlorine compounds; Computer networks; Embedded systems; Integrated circuits; Intellectual property; Internet protocols; Magnetic storage; Network architecture; Random access storage; Media applications; Memory applications; Memory technology; Technology","C.-Y. Liou; Department of Communication Engineering, National Chiao Tung University, Hsinchu, Taiwan; email: cliou.cm96g@nctu.edu.tw","","","10874852","978-142441656-1","","","English","Rec. IEEE Int. Workshop Mem. Technol. Des. Test.","Conference paper","Final","","Scopus","2-s2.0-50849107319"
"Hanus M.; Höppner K.","Hanus, Michael (7005963146); Höppner, Klaus (8382817500)","7005963146; 8382817500","Programming autonomous robots in curry","2002","Electronic Notes in Theoretical Computer Science","76","","","178","196","5","10.1016/S1571-0661(04)80793-X","https://www.scopus.com/pages/publications/18944383648?origin=resultslist","Institut für Informatik, CAU Kiel, D-24098 Kiel, Germany","Hanus M., Institut für Informatik, CAU Kiel, D-24098 Kiel, Germany; Höppner K., Institut für Informatik, CAU Kiel, D-24098 Kiel, Germany","In this paper we present a framework to program autonomous robots in the declarative multi-paradigm language Curry. This is an experiment to use high-level declarative programming languages for the programming of embedded systems. Our programming model is based on a recent proposal to integrate a process-oriented specification language in Curry. We show the basic ideas of our framework and demonstrate its application to robot programming. © 2002 Published by Elsevier Science B.V.","","Actuators; Computer programming languages; Computer software; Embedded systems; Liquid crystal displays; Mathematical models; Microprocessor chips; Random access storage; Robot applications; Reactive programming; Robotic command explorer; Robotics invention system (RIS); Visual programming languages; Robot programming","M. Hanus; Institut für Informatik, CAU Kiel, D-24098 Kiel, Germany; email: mh@informatik.uni-kiel.de","","Elsevier","15710661","","","","English","Electron. Notes Theor. Comput. Sci.","Conference paper","Final","All Open Access; Gold Open Access","Scopus","2-s2.0-18944383648"
"Andre C.; Peraldi M.A.","Andre, C. (56212847900); Peraldi, M.A. (24438178200)","56212847900; 24438178200","Simulation of temporal behaviour based on a synchronous language","1994","Proceedings of the IEEE International Workshop on Modeling, Analysis, and Simulation of Computer and Telecommunication Systems","","","","147","157","0","","https://www.scopus.com/pages/publications/0028094333?origin=resultslist","Universite de Nice-Sophia, Antipolis/CNRS, Nice, France","Andre C., Universite de Nice-Sophia, Antipolis/CNRS, Nice, France; Peraldi M.A., Universite de Nice-Sophia, Antipolis/CNRS, Nice, France","This paper deals with the simulation of the temporal behaviour of 'real time systems'. First, we characterize a class of applications: 'interrupt-driven systems with complex pre-emption mechanisms' and we explain why classical analysis and simulation methods are not sufficient. Then, we introduce a new approach to realistic and efficient simulations of the temporal behaviour of interrupt-driven systems. This approach combines an Object-Oriented General Purpose Language (C++) and an imperative Synchronous Language (Esterel).","","C (programming language); Computer architecture; Computer hardware; Computer programming languages; Computer simulation; Computer software; Control systems; Object oriented programming; Petri nets; Discrete event systems; Dolling; Interrupt driven systems; Microcontrollers; Programmable interrupt controller; Real time reactive systems; Synchronous language; Vectoring; Real time systems","","","Publ by IEEE","","0818652926","00157","","English","Proc IEEE Int Workshop Model Anal Simul Comput Telecommun Syst","Conference paper","Final","","Scopus","2-s2.0-0028094333"
"Ran D.; Chen Z.; Sun Y.; Yang Z.-B.","Ran, Dan (59941447400); Chen, Zhe (56931685300); Sun, Yi (60163055900); Yang, Zhi-Bin (55716670400)","59941447400; 56931685300; 60163055900; 55716670400","SCADE Model Checking Based on Program Transformation; [基于程序转化的SCADE模型检测]","2021","Computer Science","48","12","","125","130","7","10.11896/jsjkx.201100080","https://www.scopus.com/pages/publications/105020266968?origin=resultslist","College of Computer Science and Technology, Nanjing University of Aeronautics and Astronautics, Nanjing 211106, China Shanghai Key Laboratory of Trustworthy Computing, East China Normal University, Shanghai 200062, China State Key Laboratory for Novel Software Technology, Nanjing University, Nanjing 210093, China Supported by:Joint Research Funds of National Natural Science Foundation of China and Civil Aviation Administration of China(U1533130), Fundamental Research Funds for AI(NZ2020019) and Open Project of Shanghai Key Laboratory of Trustworthy Computing, Open Project of State Key Laboratory for Novel Software Technology(KFKT2020B10).","Ran D., College of Computer Science and Technology, Nanjing University of Aeronautics and Astronautics, Nanjing 211106, China Shanghai Key Laboratory of Trustworthy Computing, East China Normal University, Shanghai 200062, China State Key Laboratory for Novel Software Technology, Nanjing University, Nanjing 210093, China Supported by:Joint Research Funds of National Natural Science Foundation of China and Civil Aviation Administration of China(U1533130), Fundamental Research Funds for AI(NZ2020019) and Open Project of Shanghai Key Laboratory of Trustworthy Computing, Open Project of State Key Laboratory for Novel Software Technology(KFKT2020B10).; Chen Z., College of Computer Science and Technology, Nanjing University of Aeronautics and Astronautics, Nanjing 211106, China Shanghai Key Laboratory of Trustworthy Computing, East China Normal University, Shanghai 200062, China State Key Laboratory for Novel Software Technology, Nanjing University, Nanjing 210093, China Supported by:Joint Research Funds of National Natural Science Foundation of China and Civil Aviation Administration of China(U1533130), Fundamental Research Funds for AI(NZ2020019) and Open Project of Shanghai Key Laboratory of Trustworthy Computing, Open Project of State Key Laboratory for Novel Software Technology(KFKT2020B10).; Sun Y., College of Computer Science and Technology, Nanjing University of Aeronautics and Astronautics, Nanjing 211106, China Shanghai Key Laboratory of Trustworthy Computing, East China Normal University, Shanghai 200062, China State Key Laboratory for Novel Software Technology, Nanjing University, Nanjing 210093, China Supported by:Joint Research Funds of National Natural Science Foundation of China and Civil Aviation Administration of China(U1533130), Fundamental Research Funds for AI(NZ2020019) and Open Project of Shanghai Key Laboratory of Trustworthy Computing, Open Project of State Key Laboratory for Novel Software Technology(KFKT2020B10).; Yang Z.-B., College of Computer Science and Technology, Nanjing University of Aeronautics and Astronautics, Nanjing 211106, China Shanghai Key Laboratory of Trustworthy Computing, East China Normal University, Shanghai 200062, China State Key Laboratory for Novel Software Technology, Nanjing University, Nanjing 210093, China Supported by:Joint Research Funds of National Natural Science Foundation of China and Civil Aviation Administration of China(U1533130), Fundamental Research Funds for AI(NZ2020019) and Open Project of Shanghai Key Laboratory of Trustworthy Computing, Open Project of State Key Laboratory for Novel Software Technology(KFKT2020B10).","SCADE synchronization language is a common programming language for embedded system. It is often used to realize real-time embedded automatic control system in the research of equipment in aviation, aerospace, transportation and other safety critical fields. SCADE synchronization language is derived from the Lustre language, which adds more language structure to simplify source code. However, compared with Lustre language, the development of model checking technology of SCADE synchronous language is relatively backward. In this paper, we introduce a method and suite for model checking of SCADE programs. The core idea of the method is based on program transformation, that is, the SCADE program is finally transformed into equivalent Lustre program after lexical analysis, syntax analysis, abstract syntax tree generation, simplification, and then use JKind to complete the model checking. Moreover, we prove the correctness of the suite's model checking result by theoretical deduction and a large number of experiments. Experimental results show that the SCADE and Lustre programs with the same function produce the same model checking results, but the efficiency of SCADE is lower. © 2021 Editorial office of Computer Science. All rights reserved.","Abstract syntax tree; JKind; Lexical analysis; Model checking; Safe state machine; Syntax analysis","","Z. Chen; email: zhechen@nuaa.edu.cn","","Editorial office of Computer Science","1002137X","","","","Chinese","Comput. Sci.","Article","Final","","Scopus","2-s2.0-105020266968"
"Varró D.","Varró, Dániel (57203069783)","57203069783","Incremental queries and transformations: From concepts to industrial applications","2016","Lecture Notes in Computer Science (including subseries Lecture Notes in Artificial Intelligence and Lecture Notes in Bioinformatics)","9587","","","51","59","5","10.1007/978-3-662-49192-8_5","https://www.scopus.com/pages/publications/84956602879?origin=resultslist","Department of Measurement and Information Systems, Budapest University of Technology and Economics, Magyar tudósok krt. 2, Budapest, 1117, Hungary","Varró D., Department of Measurement and Information Systems, Budapest University of Technology and Economics, Magyar tudósok krt. 2, Budapest, 1117, Hungary","Model-driven engineering (MDE) is widely used nowadays in the design of embedded systems, especially in the automotive, avionics or telecommunication domain. Behind the scenes, design and verification tools in these domains frequently exploit advanced model query and transformation techniques to support various rich tool features. The rapid increase in the size and complexity of system models has drawn significant attention to incremental model query and transformation approaches, which enable fast and incremental reactions to model changes caused by systems engineers or automated design steps. In this paper, I overview two open source Eclipse projects, EMF-IncQuery and Viatra, which have been actively used as a basis for developing various academic and industrial tools for critical systems. © Springer-Verlag Berlin Heidelberg 2016.","Incremental evaluation; Model queries; Model transformations; Reactive programming; Software tool qualification","Design; Open source software; Open systems; Systems analysis; Incremental evaluation; Incremental modeling; Model transformation; Model-driven Engineering; Reactive programming; Tool qualifications; Transformation techniques; Verification tools; Embedded systems","D. Varró; Department of Measurement and Information Systems, Budapest University of Technology and Economics, Budapest, Magyar tudósok krt. 2, 1117, Hungary; email: varro@mit.bme.hu","Freivalds R.M.; Engels G.; Catania B.","Springer Verlag","03029743","978-366249191-1","","","English","Lect. Notes Comput. Sci.","Conference paper","Final","","Scopus","2-s2.0-84956602879"
"Belwal C.; Wen Y.; Cheng A.M.K.","Belwal, Chaitanya (6507996126); Wen, Yuanfeng (55479880700); Cheng, Albert M.K. (7402075079)","6507996126; 55479880700; 7402075079","Utilisation bounds of P-FRP tasks","2014","International Journal of Embedded Systems","6","1","","61","72","0","10.1504/IJES.2014.060918","https://www.scopus.com/pages/publications/84900437102?origin=resultslist","Department of Computer Science, University of Houston, 501 Philip G. Hoffman Hall, Houston, TX 77204-3010, United States","Belwal C., Department of Computer Science, University of Houston, 501 Philip G. Hoffman Hall, Houston, TX 77204-3010, United States; Wen Y., Department of Computer Science, University of Houston, 501 Philip G. Hoffman Hall, Houston, TX 77204-3010, United States; Cheng A.M.K., Department of Computer Science, University of Houston, 501 Philip G. Hoffman Hall, Houston, TX 77204-3010, United States","Priority-based functional reactive programming (P-FRP) is a new functional programming formalism for developing safety-critical embedded systems. P-FRP allows static priority assignment and guarantees real-time response by preempting lower priority tasks. Due to the state-less nature of functional programmes, preempted tasks in P-FRP are aborted and have to restart after the higher priority tasks have completed execution. Since the execution semantics of P-FRP are different from the classical preemptive model of execution, existing utilisation-based sufficient conditions cannot be applied. In this paper, we derive a new utilisation-based sufficient schedulability condition for P-FRP, and validate it using experimental task sets. We then compare the sufficient schedulability condition of P-FRP with that of the preemptive model to demonstrate the severe restrictions on task set sizes in P-FRP. Effect on the utilisation bound under conditional preemption has also been analysed. Copyright © 2014 Inderscience Enterprises Ltd.","Functional programming; Schedulability analysis; Sufficient test; Utilisation bound; WCRT; Worst-case response time","Embedded systems; Information services; Safety engineering; Semantics; Schedulability analysis; Sufficient tests; Utilisation bound; WCRT; Worst case response time; Functional programming","C. Belwal; Department of Computer Science, University of Houston, 501 Philip G. Hoffman Hall, Houston, TX 77204-3010, United States; email: cbelwal@cs.uh.edu","","Inderscience Publishers","17411068","","","","English","Int. J. Embedded Syst.","Article","Final","","Scopus","2-s2.0-84900437102"
"Bärenz M.; Perez I.","Bärenz, Manuel (57197833955); Perez, Ivan (57189301965)","57197833955; 57189301965","Rhine: FRP with type-level clocks","2018","ACM SIGPLAN Notices","53","7","","145","157","8","10.1145/3242744.3242757","https://www.scopus.com/pages/publications/85084858798?origin=resultslist","Mathematische Fakultät, Universität Wien, Österreich, Austria; National Institute of Aerospace, United States","Bärenz M., Mathematische Fakultät, Universität Wien, Österreich, Austria; Perez I., National Institute of Aerospace, United States","Processing data at different rates is generally a hard problem in reactive programming. Buffering problems, lags, and concurrency issues often occur. Many of these problems are clock errors, where data at different rates is combined incorrectly. Techniques to avoid clock errors, such as type-level clocks and deterministic scheduling, exist in the field of synchronous programming, but are not implemented in general-purpose languages like Haskell. Rhine is a clock-safe library for synchronous and asynchronous Functional Reactive Programming (FRP). It separates the aspects of clocking, scheduling and resampling from each other, and ensures clock-safety at the type level. Concurrent communication is encapsulated safely. Diverse reactive subsystems can be combined in a coherent, declarative data-flow framework, while correct interoperability of data at different rates is guaranteed by type-level clocks. This provides a general-purpose framework that simplifies multi-rate FRP systems and can be used for game development, media applications, GUIs and embedded systems, through a flexible API with many reusable components. © 2018 ACM.","Asynchronous programming; Functional reactive programming; Haskell; Reactive programming","Data handling; Embedded systems; Functional programming; Scheduling; Deterministic scheduling; Functional reactive programming; General purpose framework; General purpose languages; Media application; Reactive programming; Reusable components; Synchronous programming; Clocks","","","Association for Computing Machinery","15232867","978-145034911-6","","","English","ACM SIGPLAN Not.","Article","Final","","Scopus","2-s2.0-85084858798"
"Schneider K.; Brandt J.","Schneider, Klaus (58406421600); Brandt, Jens (13609374600)","58406421600; 13609374600","Quartz: A synchronous language for model-based design of reactive embedded systems","2017","Handbook of Hardware/Software Codesign","","","","29","58","9","10.1007/978-94-017-7267-9_3","https://www.scopus.com/pages/publications/85035324149?origin=resultslist","Embedded Systems Group, University of Kaiserslautern, Kaiserslautern, Germany; Faculty of Electrical Engineering and Computer Science, Hochschule Niederrhein, Krefeld, Germany","Schneider K., Embedded Systems Group, University of Kaiserslautern, Kaiserslautern, Germany; Brandt J., Faculty of Electrical Engineering and Computer Science, Hochschule Niederrhein, Krefeld, Germany","Since the synchronous model of computation is shared between synchronous languages and synchronous hardware circuits, synchronous languages lend themselves well for hardware/software codesign in the sense that from the same synchronous program both hardware and software can be generated. In this chapter, we informally describe the syntax and semantics of the imperative synchronous language Quartz and explain how these programs are first analyzed and then compiled to hardware and software: To this end, the programs are translated to synchronous guarded actions whose causality has to be ensured as a major consistency analysis of the compiler. We then explain the synthesis of hardware circuits and sequential programs from synchronous guarded actions and briefly look at extensions of the Quartz language in the conclusions. © Springer Science+Business Media Dordrecht 2017. All Rights Reserved.","","Hardware; Hardware-software codesign; Program compilers; Quartz; Semantics; Consistency analysis; Hardware and software; Imperative synchronous languages; Model- based designs; Sequential programs; Synchronous languages; Synchronous models; Synchronous program; Embedded systems","K. Schneider; Embedded Systems Group, University of Kaiserslautern, Kaiserslautern, Germany; email: schneider@cs.uni-kl.de","","Springer Netherlands","","978-940177267-9; 978-940177266-2","","","English","Handb. of Hardw./Softw. Codesign","Book chapter","Final","","Scopus","2-s2.0-85035324149"
"Gretz F.; Grosch F.-J.","Gretz, Friedrich (55515344300); Grosch, Franz-Josef (57195952201)","55515344300; 57195952201","Blech, Imperative Synchronous Programming!","2018","Forum on Specification and Design Languages","2018-September","","8524036","","","5","10.1109/FDL.2018.8524036","https://www.scopus.com/pages/publications/85057797617?origin=resultslist","Robert Bosch GmbH, Corporate Research, Renningen, Germany","Gretz F., Robert Bosch GmbH, Corporate Research, Renningen, Germany; Grosch F.-J., Robert Bosch GmbH, Corporate Research, Renningen, Germany","We discuss how separate compilation and usage of structured data can be achieved in a synchronous imperative programming language for embedded systems. Our focus is on the practical aspects of these questions regarding expressiveness in programs as well as causality analysis and code generation. The approach is illustrated by means of examples written in our new language 'Blech'. © 2018 IEEE.","causality analysis; embedded software; separate compilation; structured data; synchronous programming languages","Embedded software; Specifications; Causality analysis; Code Generation; Imperative programming languages; Separate compilation; Structured data; Synchronous programming; Embedded systems","","","IEEE Computer Society","16369874","978-153866418-6","","","English","Forum Specifi. Des. Lang.","Conference paper","Final","","Scopus","2-s2.0-85057797617"
"Azam R.; Soudki K., Prof.","Azam, Rizwan (55233372900); Soudki, Khaled (7003507840)","55233372900; 7003507840","Strengthening of shear-critical RC beams with cementbased composites: A pilot study","2014","Proceedings of the 7th International Conference on FRP Composites in Civil Engineering, CICE 2014","","","","","","1","","https://www.scopus.com/pages/publications/85067764778?origin=resultslist","University of Waterloo, Canada","Azam R., University of Waterloo, Canada; Soudki K., Prof., University of Waterloo, Canada","A cement-based composite system is an innovative strengthening system that has similar benefits (such as light weight, ease of installation and non-corroding) to fiber reinforced polymer (FRP) systems but overcomes some of the draw backs (such as poor compatibility with concrete substrate, lack of vapour permeability and fire resistance) of using epoxy as bonding agent in FRP systems. A cementbased composite replaces epoxy with cementitious mortar and fiber sheets are replaced with fiber textiles or grids. The current paper presents the results of a pilot study conducted to investigate the effectiveness of cement-based composite system to strengthen shear-critical reinforced concrete (RC) beams. Two types of cement-based composite systems were used in this study: carbon fibre textile embedded in mortar, and carbon fibre reinforced polymer (CFRP) grid embedded in mortar. The results showed that the cement-based systems are effective in enhancing the load carrying capacity of shear-critical RC beams. In addition, CFRP grid embedded in mortar exhibited better performance compared to carbon fibre textile embedded in mortar.","","Beams and girders; Carbon; Carbon fiber reinforced plastics; Carbon fibers; Concrete beams and girders; Concretes; Embedded systems; Fiber bonding; Fiber reinforced plastics; Fibers; Fire resistance; Mortar; Reinforced concrete; Reinforced plastics; Shear flow; Steel beams and girders; Textiles; Better performance; Carbon fibre reinforced polymer; Cement based composites; Cementitious mortars; Concrete substrates; Fiber reinforced polymers; Reinforced concrete beams; Strengthening systems; Cements","","El-Hacha R.; University of Calgary, Department of Civil Engineering, 2500 University Dr. NW, Calgary, AB","International Institute for FRP in Construction (IIFC)","","978-177136308-2","","","English","Proc. Int. Conf. FRP Composit. Civil Eng., CICE","Conference paper","Final","","Scopus","2-s2.0-85067764778"
"Mertiny P.; Bashar M.; Parashar A.; Juss K.","Mertiny, Pierre (6506323314); Bashar, Mohammad (36672492400); Parashar, Avinash (23668772300); Juss, Kulvinder (27667693600)","6506323314; 36672492400; 23668772300; 27667693600","Technological advances for improved performance and operation of fiber-reinforced polymer piping","2010","American Society of Mechanical Engineers, Pressure Vessels and Piping Division (Publication) PVP","3","","","31","36","0","10.1115/PVP2010-25146","https://www.scopus.com/pages/publications/80155184199?origin=resultslist","University of Alberta, 4-9 Mechanical Engineering Building, Edmonton, AB T6G 2G8, Canada; Canusa-CPS, Toronto, ON M9W 1M7, 25 Bethridge Road, Canada","Mertiny P., University of Alberta, 4-9 Mechanical Engineering Building, Edmonton, AB T6G 2G8, Canada; Bashar M., University of Alberta, 4-9 Mechanical Engineering Building, Edmonton, AB T6G 2G8, Canada; Parashar A., University of Alberta, 4-9 Mechanical Engineering Building, Edmonton, AB T6G 2G8, Canada; Juss K., Canusa-CPS, Toronto, ON M9W 1M7, 25 Bethridge Road, Canada","Fiber-reinforced polymer (FRP) piping has been recognized for excellent corrosion resistance and high specific properties such as its strength-to-weight ratio. Despite the positive characteristics, FRP piping has limited, albeit growing utilization in industrial service. This is in part due to initial cost when compared to conventional metallic pipe. Reduced life cycle expenditures in conjunction with operational advantages may foster an increased implementation of FRP piping. This may be achieved through installation procedures, longevity and operational capabilities that are superior to those related to metallic piping. The present article reviews recent technological advances relating to these attributes, namely improved joining methods; enhanced wear, corrosion and damage resistance; and embedded monitoring systems for wear and other parameters. Copyright © 2010 by ASME.","Composite piping; Fiber-reinforced polymer piping; Performance and operation","Corrosion resistance; Embedded systems; Fiber reinforced plastics; Pressure vessels; Reinforced plastics; Composite piping; Damage resistance; Excellent corrosion resistances; Fiber reinforced polymers; Industrial services; Initial costs; Installation procedures; Joining method; Metallic pipes; Monitoring system; Operational capabilities; Performance and operation; Strength to weight ratio; Technological advances; Polymers","P. Mertiny; University of Alberta, 4-9 Mechanical Engineering Building, Edmonton, AB T6G 2G8, Canada; email: pmertiny@ualberta.ca","","","0277027X","978-079184922-4","APVPD","","English","ASME Pressure Vessels Piping Div. Publ. PVP","Conference paper","Final","","Scopus","2-s2.0-80155184199"
"Ou J.","Ou, Jinping (7202845830)","7202845830","Research and practice of intelligent sensing technologies in civil structural health monitoring in the mainland of China","2006","Proceedings of SPIE - The International Society for Optical Engineering","6176","","61761D","","","14","10.1117/12.663993","https://www.scopus.com/pages/publications/33749557812?origin=resultslist","School of Civil Engineering, Harbin Institute of Technology, Harbin, 150001, China","Ou J., School of Civil Engineering, Harbin Institute of Technology, Harbin, 150001, China","Intelligent sensing technologies have developed rapidly recent years, which meet the requirement of structural health monitoring (SHM). A number of types of intelligent sensing technologies have been developed in the mainland of China, such as optical fiber sensing technology, piezoelectric sensing technology, self-sensing smart materials, wireless sensors and sensor networks, CCD, GPS and so on. In this paper, various optical fiber sensors are introduced, including optical fiber sensors, six kinds of optical fiber Bragg grating (OFBG)- based sensors, fiber reinforced bars embedded with OFBG sensors (FRP-OFBG), OFBG-based smart cables, OFBG-based weighbridge, PVDF-based strain gauge and crack meter, shape memory alloy-based displacement transducer, self-sensing cement-based strain gauge, wireless accelerometers and sensor networks, wireless strain sensors and sensor networks, and GPS. The performance of various sensors mentioned above is also experimentally investigated, in particular sensing property, durability, fatigue and corrosion resistant performance. Additionally, applications of the sensors have also been carried out in the mainland of China. The full implementation of sensors in SHM systems for offshore platforms, long-span bridges, large-span domes, tall buildings and so on are also introduced in this paper.","Civil infrastructure; Health monitoring; Intelligent sensing technology; Smart sensors","Civil engineering; Embedded systems; Fatigue of materials; Fiber Bragg gratings; Intelligent control; Piezoelectric devices; Structural analysis; Civil infrastructure; Health monitoring; Intelligent sensing technology; Smart sensors; Fiber optic sensors","J. Ou; School of Civil Engineering, Harbin Institute of Technology, Harbin, 150001, China; email: oujinping@hit.edu.cn","","","0277786X","0819462292; 978-081946229-9","PSISD","","English","Proc SPIE Int Soc Opt Eng","Conference paper","Final","","Scopus","2-s2.0-33749557812"
"Gamatié A.; Gautier T.; Besnard L.","Gamatié, Abdoulaye (16301118500); Gautier, Thierry (35953675000); Besnard, Loïc (55884178800)","16301118500; 35953675000; 55884178800","Modeling of avionics applications and performance evaluation techniques using the synchronous language SIGNAL","2004","Electronic Notes in Theoretical Computer Science","88","","","87","103","5","10.1016/j.entcs.2003.05.002","https://www.scopus.com/pages/publications/18944377419?origin=resultslist","IRISA, INRIA, Campus de Beaulieu, 35042 Rennes Cedex, France; IRISA, CNRS, Campus de Beaulieu, 35042 Rennes Cedex, France","Gamatié A., IRISA, INRIA, Campus de Beaulieu, 35042 Rennes Cedex, France; Gautier T., IRISA, INRIA, Campus de Beaulieu, 35042 Rennes Cedex, France; Besnard L., IRISA, CNRS, Campus de Beaulieu, 35042 Rennes Cedex, France","Modeling is widely accepted to be essential to design activity. A major benefit is the use of formal methods for analysis and predictability. In POLYCHRONY, the tool-set of the SIGNAL language, a component-based approach have been defined to model avionics applications. This approach uses SIGNAL models of so-called APEX services based on the avionics standard ARINC 653. This gives access to the formal tools and techniques available within POLYCHRONY for verification and analysis. In this paper, we illustrate the approach by considering a small example of avionics application. We show how an associated SIGNAL model is obtained for the purpose of temporal validation. This brings out the capability of the SIGNAL to seamlessly address critical issues in real-time system design. © 2004 Elsevier B.V. All rights reserved.","ARINC; Avionics applications; Performance evaluation; SIGNAL; Synchronous modeling of asynchrony","Avionics; Codes (symbols); Computer simulation; Embedded systems; Mathematical models; Real time systems; Signal processing; ARINC; Avionics applications; Performance evaluation; SIGNAL; Synchronous modeling of asynchrony; Computer programming languages","A. Gamatié; IRISA, INRIA, Campus de Beaulieu, 35042 Rennes Cedex, France; email: agamatie@irisa.fr","","","15710661","","","","English","Electron. Notes Theor. Comput. Sci.","Conference paper","Final","All Open Access; Gold Open Access","Scopus","2-s2.0-18944377419"
"Hossain M.I.; Zisad S.N.; Uddin N.; Hasan R.","Hossain, Md Ismail (58657804400); Zisad, Sharif Noor (57219315682); Uddin, Nasim (7003593965); Hasan, Ragib (8529353900)","58657804400; 57219315682; 7003593965; 8529353900","SmartWall: An Infrastructure for Sensory and Computation-Capable Buildings Using Sustainable and Low-Cost Smart Materials","2025","Proceedings - 2025 IEEE World Forum on Public Safety Technology, WF-PST 2025","","","","166","171","0","10.1109/WF-PST65083.2025.00032","https://www.scopus.com/pages/publications/105035612081?origin=resultslist","University of Alabama at Birmingham, Dept. of Computer Science, Birmingham, 35294, AL, United States; University of Alabama at Birmingham, Dept. of Civil, Construction & Env. Eng., Birmingham, 35294, AL, United States","Hossain M.I., University of Alabama at Birmingham, Dept. of Computer Science, Birmingham, 35294, AL, United States; Zisad S.N., University of Alabama at Birmingham, Dept. of Computer Science, Birmingham, 35294, AL, United States; Uddin N., University of Alabama at Birmingham, Dept. of Civil, Construction & Env. Eng., Birmingham, 35294, AL, United States; Hasan R., University of Alabama at Birmingham, Dept. of Computer Science, Birmingham, 35294, AL, United States","As urban populations grow and climate-related risks intensify, the need for resilient, intelligent, and sustainable infrastructure has never been more critical. Traditional building systems often lack the real-time awareness and adaptability required to ensure safety, efficiency, and long-term sustainability. In this paper, we present the design and implementation of SmartWall - a sensory and compute-capable building construction component, developed using low-cost materials and equipped with multimodal IoT sensors to capture both environmental and structural data in real-time. These sensors monitor temperature, humidity, fire hazards, and movement through accelerometer and gyroscope readings. Sensor data is processed locally by a Raspberry Pi 5 unit and then wirelessly transmitted to a real-time dashboard for monitoring and intervention. This capability supports emergency decision-making and enhances situational awareness for public safety officials. To enhance power efficiency and integration, we introduce wireless charging via induction coils, eliminating the need for external wiring. Furthermore, we incorporate FRP (Fiber Reinforced Polymer) enclosures based on advanced 3D sandwich composite technology to encapsulate the sensing components. These enclosures offer superior protection against harsh environmental conditions such as fire, impact, and moisture, while allowing secure wire routing and sensor mounting for functionality and durability. We also address practical challenges such as power management, thermal buildup, and system resilience, proposing solutions that enhance the system's reliability. With SmartWall, we can build smart and affordable infrastructure systems to enhance sustainability and public safety in future smart cities.  © 2025 IEEE.","IoT Sensors; Public Safety; Real-time Monitoring; Smart Bricks","Building materials; Costs; Decision making; Fire protection; Internet of things; Smart city; Sustainable building; Climate related risks; Intelligent infrastructures; IoT sensor; Low-costs; Public safety; Real time monitoring; Real- time; Smart brick; Sustainable infrastructure; Urban population; Efficiency","M.I. Hossain; University of Alabama at Birmingham, Dept. of Computer Science, Birmingham, 35294, United States; email: mhossai4@uab.edu","","Institute of Electrical and Electronics Engineers Inc.","","979-833158977-6","","","English","Proc. - IEEE World Forum Public Saf. Technol., WF-PST","Conference paper","Final","","Scopus","2-s2.0-105035612081"
"Kaur P.; Bhardwaj L.; Tanwar R.","Kaur, Pravleen (57219315547); Bhardwaj, Lakshya (57219315255); Tanwar, Rohit (56154913500)","57219315547; 57219315255; 56154913500","Structural health monitoring system for bridges using internet of things","2021","Lecture Notes in Networks and Systems","140","","","781","790","0","10.1007/978-981-15-7130-5_64","https://www.scopus.com/pages/publications/85092195176?origin=resultslist","School of Computer Science, University of Petroleum and Energy Studies, Dehradun, India","Kaur P., School of Computer Science, University of Petroleum and Energy Studies, Dehradun, India; Bhardwaj L., School of Computer Science, University of Petroleum and Energy Studies, Dehradun, India; Tanwar R., School of Computer Science, University of Petroleum and Energy Studies, Dehradun, India","Many bridges in India as well as in the world are on the edge of deteriorating, and their life span is already finished and yet they are still in use. These bridges are a risk to many lives. There are many factors which contribute in making these existing bridges dangerous which are heavy load of vehicles on a single bridge, high-level water or pressure, and heavy rains. With recent advancements in Internet of things (IOT) and other technologies integrated with wireless sensor devices, structural monitoring of bridges can be done using structural health monitoring (SHM) systems. Nowadays, wireless sensors can process real-time data and measure the parameters like displacement and hence can be useful in detecting the damage of the structure; the results are sent through a standard protocol to the servers on the Internet, i.e., cloud. In this paper, we suggest SHM damage detection technique via various sensors such as piezoelectric sensor and the usage of self -healing material Epoxy filled fiber-reinforced polymer (FRP). SHM system proposed in this paper consists of raspberry pi, analog-to-digital converter, Wi-Fi module, and various sensors to measure the various parameters of the bridge. © The Editor(s) (if applicable) and The Author(s), under exclusive license to Springer Nature Singapore Pte Ltd 2021.","","","R. Tanwar; School of Computer Science, University of Petroleum and Energy Studies, Dehradun, India; email: rohit.tanwar.cse@gmail.com","Marriwala N.; Tripathi C.C.; Kumar D.; Jain S.","Springer Science and Business Media Deutschland GmbH","23673370","978-981157129-9","","","English","Lect. Notes Networks Syst.","Conference paper","Final","","Scopus","2-s2.0-85092195176"
"Ras J.; Cheng A.M.K.","Ras, Jim (26427784400); Cheng, Albert M. K. (7402075079)","26427784400; 7402075079","Response time analysis of the Abort-and-Restart model under symmetric multiprocessing","2010","Proceedings - 10th IEEE International Conference on Computer and Information Technology, CIT-2010, 7th IEEE International Conference on Embedded Software and Systems, ICESS-2010, ScalCom-2010","","","5577989","1954","1961","9","10.1109/CIT.2010.332","https://www.scopus.com/pages/publications/78249247711?origin=resultslist","Department of Computer Science, University of Houston, TX 77004, United States","Ras J., Department of Computer Science, University of Houston, TX 77004, United States; Cheng A.M.K., Department of Computer Science, University of Houston, TX 77004, United States","The Priority-Based Functional Reactive Programming (P-FRP) paradigm, aims to improve the programming of embedded microcontrollers. The combination of purely functional programming and cleanly-abortable event handlers, communicating via transactional memory (TM), makes it possible to write programs as stateless collections of functions, thus making them amenable to proofs and type safety. P-FRP implements executions as function evaluations, therefore, there are no ""incomplete"" function evaluations, as in the case of a task's interruption. To use P-FRP in the SMP (Symmetric Multiprocessor) environment, we must first understand the response time of programs written in its anticipated multiprocessor extension. Therefore, the contribution of this paper is the response time analysis for the Abort-and-Restart (ANR) event handler semantics of P-FRP for SMP Real-Time systems. ANR is neither a synchronization protocol nor a true scheduling policy. Instead, it is a policy for running tasks where the most important task is scheduled first. Results are derived for both fixed-priority (i.e., Rate Monotonic) and dynamic-priority (i.e., Earliest Deadline First) scheduling. We can say that the Abortand- Restart and the TM models are similar, but also distinct, thus allowing our results to be adaptable for the analysis of TM. 1. © 2010 IEEE.","","Embedded software; Embedded systems; Function evaluation; Functional programming; Information technology; Multiprocessing systems; Response time (computer systems); Scheduling; Earliest deadline first; Embedded microcontroller; Event-handlers; Priority-based; Rate-monotonic; Reactive programming; Response time; Response-time analysis; Running tasks; Scheduling policies; Symmetric multi processing; Symmetric multi-processors; Synchronization protocols; Transactional memory; Type safety; Real time systems","","","","","978-076954108-2","","","English","Proc. - IEEE Int. Conf. Comput. Inf. Technol., CIT, IEEE Int. Conf. Embedded Softw. Syst., ICESS, ScalCom","Conference paper","Final","","Scopus","2-s2.0-78249247711"
"Budde R.; Poigné A.; Sylla K.-H.","Budde, Reinhard (7006696035); Poigné, Axel (6603543841); Sylla, Karl-Heinz (57193438794)","7006696035; 6603543841; 57193438794","On the construction of dependable embedded software by synchronous programming; [Zur konstruktion verlässlicher eingebetteter software durch synchrone programmierung]","2003","At-Automatisierungstechnik","51","8","","368","376","0","10.1524/auto.51.8.368.20906","https://www.scopus.com/pages/publications/85041063222?origin=resultslist","Fraunhofer-Institut Autonome Intelligente Systeme, Sankt Augustin, D-53754, Germany","Budde R., Fraunhofer-Institut Autonome Intelligente Systeme, Sankt Augustin, D-53754, Germany; Poigné A., Fraunhofer-Institut Autonome Intelligente Systeme, Sankt Augustin, D-53754, Germany; Sylla K.-H., Fraunhofer-Institut Autonome Intelligente Systeme, Sankt Augustin, D-53754, Germany","Simple examples are used to demonstrate how functional and non-functional properties of synchronous programs can be validated. For deeper insight we at first present a compiling techniques for synchronous languages on which the close interaction of program and validation is based. The focus of this article is on pragmatic techniques for improving dependability that are accessible for the non-specialist. © Oldenbourg Verlag.","Dependabilty; Embedded systems; Hard real-time systems; Model checking; Object-oriented real-time programming; Synchronous programming","","","","","01782312","","","","German","At-Automatisierungstechnik","Article","Final","","Scopus","2-s2.0-85041063222"
"Valan Arasu A.; Sornakumar T.","Valan Arasu, A. (21834926400); Sornakumar, T. (6602471253)","21834926400; 6602471253","Life cycle cost analysis of new FRP based solar parabolic trough collector hot water generation system","2008","Journal of Zhejiang University: Science A","9","3","","416","422","16","10.1631/jzus.A072134","https://www.scopus.com/pages/publications/39349111802?origin=resultslist","Faculty of Mechanical Engineering, Thiagarajar College of Engineering, Madurai 625 015, India","Valan Arasu A., Faculty of Mechanical Engineering, Thiagarajar College of Engineering, Madurai 625 015, India; Sornakumar T., Faculty of Mechanical Engineering, Thiagarajar College of Engineering, Madurai 625 015, India","Parabolic trough collectors (PTCs) are employed for a variety of applications including steam generation and hot water generation. This paper deals with the experimental results and an economic analysis of a new fibre reinforced plastic (FRP) based solar PTC with an embedded electronic controlled tracking system designed and developed for hot water generation in a restaurant in Madurai, India. The new collector performance has been tested according to ASHRAE Standard 93 (1986). The performance of a new PTC hot water generation system with a well mixed hot water storage tank is investigated by a series of extensive tests over ten months period. The average maximum storage tank water temperature observed was 74.91 °C, when no energy is withdrawn from the tank to the load during the collection period. The total cost of the new economic FRP based solar PTC for hot water generation with an embedded electronic controlled tracking system is Rs. 25000 (US$ 573) only. In the present work, life cycle savings (LCS) method is employed for a detailed economic analysis of the PTC system. A computer program is used as a tool for the economic analysis. The present worth of life cycle solar savings is evaluated for the new solar PTC hot water generation system that replaces an existing electric water heating system in the restaurant and attains a value of Rs. 23171.66 after 15 years, which is a significant saving. The LCS method and the MATLAB computer simulation program presented in this paper can be used to estimate the LCS of other renewable energy systems. © 2007 Springer-Verlag.","Economic analysis; Life cycle cost (LCS); Life cycle savings; Parabolic trough collector (PTC); Solar water heating system (SWHS)","Economic analysis; Embedded systems; Life cycle; MATLAB; Solar collectors; Hot water generation system; Life cycle cost (LCS); Life cycle savings; Parabolic trough collectors (PTCs); Solar water heating system (SWHS); Fiber reinforced plastics","A. Valan Arasu; Faculty of Mechanical Engineering, Thiagarajar College of Engineering, Madurai 625 015, India; email: a_valanarasu@yahoo.com","","","18621775","","","","English","J. Zhejiang Univ. Sci. A","Article","Final","","Scopus","2-s2.0-39349111802"
"Tardieu O.","Tardieu, Olivier (10144733900)","10144733900","Goto and Concurrency Introducing Safe Jumps in Esterel","2006","Electronic Notes in Theoretical Computer Science","153","4","","55","70","0","10.1016/j.entcs.2006.02.025","https://www.scopus.com/pages/publications/33745000700?origin=resultslist","INRIA Sophia Antipolis, France","Tardieu O., INRIA Sophia Antipolis, France","Esterel is a design language for the specification of real time embedded systems. Based on the synchronous concurrency paradigm, its semantics describes execution as a succession of instants of computation. In this work, we consider the introduction of a new gotopause instruction in the language, which acts as a non-instantaneous jump instruction compatible with concurrency. It allows the programmer to activate state control points anywhere in the program, from where the execution is resumed in the next instant. In order to provide the formal semantics of the extended language, we first define a state semantics of Esterel, which we prove observationally equivalent to the original logical behavioral semantics. Including gotopause in the state semantics is then straightforward. We sketch two key applications of our new primitive: a direct encoding of automata and a quasi-linear rewriting of programs eliminating schizophrenic behaviors. © 2006 Elsevier B.V. All rights reserved.","program transformations; synchronous languages","Automata theory; Embedded systems; Linear systems; Real time systems; Semantics; Esterel; Program transformations; Synchronous languages; Concurrency control","O. Tardieu; INRIA Sophia Antipolis, France; email: olivier.tardieu@sophia.inria.fr","","","15710661","","","","English","Electron. Notes Theor. Comput. Sci.","Article","Final","All Open Access; Gold Open Access","Scopus","2-s2.0-33745000700"
"Moriguchi S.; Watanabe T.","Moriguchi, Sosuke (55735588400); Watanabe, Takuo (36931774900)","55735588400; 36931774900","Developing Distributed Systems with Multiparty Functional Reactive Programming","2023","ACM International Conference Proceeding Series","","","","61","66","1","10.1145/3631991.3632000","https://www.scopus.com/pages/publications/85182739871?origin=resultslist","Tokyo Institute of Technology, Tokyo, Japan","Moriguchi S., Tokyo Institute of Technology, Tokyo, Japan; Watanabe T., Tokyo Institute of Technology, Tokyo, Japan","Functional Reactive Programming (FRP) is a programming paradigm that describes a system as a data flow between time-varying values, a concept that abstracts values that change over time. It helps describe embedded systems and GUIs. FRP is also useful for describing distributed applications, but avoiding glitches is more complicated. Glitches are inconsistencies between time-varying values caused by differences in update timing and are unavoidable in distributed systems where communication delays are inevitable. Existing methods to avoid glitching incur high communication overhead to ensure consistency among the system’s time-varying values. To address this problem, we propose the concept of multiparty FRP and a language MPFRP based on it. A party is a subset of the time-varying values that make up the system and are updated independently. We propose avoiding glitches with small communication overhead by guaranteeing consistency within each party. © 2023 Copyright held by the owner/author(s).","dataflow programming; distributed systems; functional reactive programming; glitch avoidance","Distributed computer systems; Functional programming; Change-over time; Communication overheads; Dataflow; Dataflow programming; Distributed systems; Embedded-system; Functional reactive programming; Glitch avoidance; Programming paradigms; Time varying; Embedded systems","","","Association for Computing Machinery","","979-840070805-3","","","English","ACM Int. Conf. Proc. Ser.","Conference paper","Final","All Open Access; Gold Open Access","Scopus","2-s2.0-85182739871"
"Benveniste A.; Bourke T.; Caillaud B.; Pagano B.; Pouzet M.","Benveniste, Albert (7004977693); Bourke, Timothy (18036559300); Caillaud, Benoit (55605009400); Pagano, Bruno (6507602202); Pouzet, Marc (57202122440)","7004977693; 18036559300; 55605009400; 6507602202; 57202122440","A type-based analysis of causality loops in hybrid systems modelers","2014","HSCC 2014 - Proceedings of the 17th International Conference on Hybrid Systems: Computation and Control (Part of CPS Week)","","","","71","81","10","10.1145/2562059.2562125","https://www.scopus.com/pages/publications/84899712809?origin=resultslist","INRIA, Rennes, France; UPMC, ENS/DI, INRIA, Paris, France; Esterel-Technologies, Toulouse, France","Benveniste A., INRIA, Rennes, France; Bourke T., UPMC, ENS/DI, INRIA, Paris, France; Caillaud B., INRIA, Rennes, France; Pagano B., Esterel-Technologies, Toulouse, France; Pouzet M., UPMC, ENS/DI, INRIA, Paris, France","Explicit hybrid systems modelers like Simulink/Stateow allow for programming both discrete- and continuous-time behaviors with complex interactions between them. A key issue in their compilation is the static detection of algebraic or causality loops. Such loops can cause simulations to deadlock and prevent the generation of statically scheduled code. This paper addresses this issue for a hybrid modeling language that combines synchronous data-flow equations with Ordinary Differential Equations (ODEs). We introduce the operator last(x) for the left-limit of a signal x. This operator is used to break causality loops and permits a uniform treatment of discrete and continuous state variables. The semantics relies on non-standard analysis, defining an execution as a sequence of infinitesimally small steps. A signal is deemed causally correct when it can be computed sequentially and only changes infinitesimally outside of announced discrete events like zero-crossings. The causality analysis takes the form of a type system that expresses dependences between signals. In well-typed programs, signals are provably continuous during integration provided that imported external functions are also continuous. The effectiveness of this system is illustrated with several examples written in Zélus, a Lustre-like synchronous language extended with hierarchical automata and ODEs. Copyright is held by the owner/author(s).","Block diagrams; Hybrid systems; Static analysis; Synchronous programming languages; Type systems","Automata theory; Computer simulation languages; Embedded systems; Ordinary differential equations; Semantics; Static analysis; Block diagrams; Causality analysis; Hybrid modeling language; Synchronous data flow; Synchronous languages; Synchronous programming; Type systems; Type-based analysis; Hybrid systems","","","Association for Computing Machinery","","","","","English","HSCC - Proc. Int. Conf. Hybrid Syst.: Comput. Control (Part CPS Week)","Conference paper","Final","","Scopus","2-s2.0-84899712809"
"Watanabe T.; Sawada K.","Watanabe, Takuo (36931774900); Sawada, Kensuke (36945398700)","36931774900; 36945398700","Towards Reflection in an FRP Language for Small-Scale Embedded Systems","2017","ACM International Conference Proceeding Series","Part F129681","","a10","","","2","10.1145/3079368.3079387","https://www.scopus.com/pages/publications/85028755123?origin=resultslist","Department of Computer Science, Tokyo Institute of Technology, Japan","Watanabe T., Department of Computer Science, Tokyo Institute of Technology, Japan; Sawada K., Department of Computer Science, Tokyo Institute of Technology, Japan","This paper describes a reflective extension to Emfrp, a functional reactive programming language designed for resource-constrained embedded systems. The primary purpose of introducing reflection is to provide a certain degree of flexibility and adaptability to the statically designed runtime system of the language. We propose a simple mechanism that allows accessing the internals of the runtime via time-varying values. Thus the reflective operations are also reactive. In this paper, we present a conceptual implementation idea towards the proposed reflection mechanism and show, as an example, an adaptive runtime that eliminates unnecessary evaluations. © 2017 ACM.","Embedded systems; Functional reactive programming; Reflection","Functional programming; Reflection; Adaptive runtime; Degree of flexibility; Functional reactive programming; Reflection mechanism; Resource-constrained embedded systems; Runtime systems; Small scale; Time varying; Embedded systems","","D'Hondt T.; Sartor J.B.; De Meuter W.","Association for Computing Machinery","","978-145034836-2","","","English","ACM Int. Conf. Proc. Ser.","Conference paper","Final","","Scopus","2-s2.0-85028755123"
"Monniaux D.","Monniaux, David (7003603592)","7003603592","Automatic modular abstractions for template numerical constraints","2010","Logical Methods in Computer Science","6","3","","1","50","24","10.2168/lmcs-6(3:4)2010","https://www.scopus.com/pages/publications/77957578743?origin=resultslist","CNRS / VERIMAG, Centre Équation, 38610 Gièeres cedex, 2, avenue de Vignate, France","Monniaux D., CNRS / VERIMAG, Centre Équation, 38610 Gièeres cedex, 2, avenue de Vignate, France","We propose a method for automatically generating abstract transformers for static analysis by abstract interpretation. The method focuses on linear constraints on programs operating on rational, real or floating-point variables and containing linear assignments and tests. Given the specification of an abstract domain, and a program block, our method automatically outputs an implementation of the corresponding abstract transformer. It is thus a form of program transformation. In addition to loop-free code, the same method also applies for obtaining leasted points as functions of the precondition, which permits the analysis of loops and recursive functions. The motivation of our work is data-flow synchronous programming languages, used for building control-command embedded systems, but it also applies to imperative and functional programming. Our algorithms are based on quantifier elimination and symbolic manipulation techniques over linear arithmetic formulas. We also give less general results for nonlinear constraints and nonlinear program constructs. © David Monniaux.","","Data flow analysis; Digital arithmetic; Functional programming; Linear transformations; Abstract domains; Abstract interpretations; Floating points; Linear assignment; Linear constraints; Modulars; Numerical constraints; Point variables; Program block; Rational points; Recursive functions","D. Monniaux; CNRS / VERIMAG, Centre Équation, 38610 Gièeres cedex, 2, avenue de Vignate, France; email: David.Monniaux@imag.fr","","Logical Methods in Computer Science","18605974","","","","English","Log. Methods Comp. Sci.","Article","Final","All Open Access; Gold Open Access; Green Open Access","Scopus","2-s2.0-77957578743"
"Benveniste A.; Bourke T.; Caillaud B.; Pouzet M.","Benveniste, Albert (7004977693); Bourke, Timothy (18036559300); Caillaud, Benoît (55605009400); Pouzet, Marc (57202122440)","7004977693; 18036559300; 55605009400; 57202122440","Divide and recycle: Types and compilation for a hybrid synchronous language","2011","Proceedings of the ACM SIGPLAN Conference on Languages, Compilers, and Tools for Embedded Systems (LCTES)","","","","61","70","17","10.1145/1967677.1967687","https://www.scopus.com/pages/publications/79955657815?origin=resultslist","INRIA Rennes, France; Univ. Pierre et Marie Curie LIENS, École Normale Supérieure, France","Benveniste A., INRIA Rennes, France; Bourke T., INRIA Rennes, France; Caillaud B., INRIA Rennes, France; Pouzet M., Univ. Pierre et Marie Curie LIENS, École Normale Supérieure, France","Hybrid modelers such as SIMULINK have become corner stones of embedded systems development. They allow both discrete controllers and their continuous environments to be expressed in a single language. Despite the availability of such tools, there remain a number of issues related to the lack of reproducibility of simulations and to the separation of the continuous part, which has to be exercised by a numerical solver, from the discrete part, which must be guaranteed not to evolve during a step. Starting from a minimal, yet full-featured, LUSTRE-like synchronous language, this paper presents a conservative extension where data-flow equations can be mixed with ordinary differential equations (ODEs) with possible reset. A type system is proposed to statically distinguish discrete computations from continuous ones and to ensure that signals are used in their proper domains. We propose a semantics based on non-standard analysis which gives a synchronous interpretation to the whole language, clarifies the discrete/continuous interaction and the treatment of zero-crossings, and also allows the correctness of the type system to be established. The extended data-flow language is realized through a sourceto-source transformation into a synchronous subset, which can then be compiled using existing tools into routines that are both efficient and bounded in their use of memory. These routines are orchestrated with a single off-the-shelf numerical solver using a simple but precise algorithm which treats causally-related cascades of zero-crossings. We have validated the viability of the approach through experiments with the SUNDIALS library. Copyright © 2011 ACM.","Block diagrams; Compilation; Hybrid systems; Real-time systems; Semantics; Synchronous languages; Type systems","Hybrid computers; Hybrid systems; Metadata; Ordinary differential equations; Program compilers; Real time systems; Semantics; Data flow analysis; Data transfer; Embedded systems; Interactive computer systems; Ordinary differential equations; Real time systems; Block diagrams; Compilation; Conservative extensions; Data flow language; Dataflow; Discrete controllers; Discrete/continuous; Numerical solvers; Reproducibilities; Simulink; Source-to-source transformations; Standard analysis; Synchronous languages; Systems development; Type systems; Zero-crossings; Block diagrams; Compilation; Discrete controllers; Embedded system development; Numerical solvers; Real - Time system; Simulink; Synchronous languages; Type systems; Zero-crossings; Embedded systems; Hybrid systems; Semantics","A. Benveniste; INRIA Rennes, France; email: Albert.Benveniste@irisa.fr","","","","978-145030555-6","","","English","Proc. ACM SIGPLAN Conf. Lang. Compilers Tools Embedded Syst.","Conference paper","Final","","Scopus","2-s2.0-79955657815"
"Talpin J.-P.; Brandt J.; Gemünde M.; Schneider K.; Shukla S.","Talpin, Jean-Pierre (6602090161); Brandt, Jens (13609374600); Gemünde, Mike (35310049100); Schneider, Klaus (58406421600); Shukla, Sandeep (7202528532)","6602090161; 13609374600; 35310049100; 58406421600; 7202528532","Constructive polychronous systems","2014","Science of Computer Programming","96","P3","","377","394","12","10.1016/j.scico.2014.04.009","https://www.scopus.com/pages/publications/84908328531?origin=resultslist","INRIA Rennes-Bretagne-Atlantique, France; University of Kaiserslautern, Germany; Virginia Tech, United States","Talpin J.-P., INRIA Rennes-Bretagne-Atlantique, France; Brandt J., University of Kaiserslautern, Germany; Gemünde M., University of Kaiserslautern, Germany; Schneider K., University of Kaiserslautern, Germany; Shukla S., Virginia Tech, United States","The synchronous paradigm provides a logical abstraction of time for reactive system design which allows automatic synthesis of embedded systems that behave in a predictable, timely, and reactive manner. According to the synchrony hypothesis, a synchronous model reacts to inputs by generating outputs that are immediately made available to the environment. While synchrony greatly simplifies the design of complex systems in general, it can sometimes lead to causal cycles. In these cases, constructiveness is a key property to guarantee that the output of each reaction can still be always algorithmically determined. Polychrony deviates from perfect synchrony by using a partially ordered, i.e., a relational model of time. It encompasses the behaviors of (implicitly) multi-clocked data-flow networks of synchronous modules and can analyze and synthesize them as GALS systems or Kahn process networks (KPNs). In this paper, we present a unified constructive semantic framework using structured operational semantics, which encompasses both the constructive behavior of synchronous modules and the multi-clocked behavior of polychronous networks. Along the way, we define the very first executable operational semantics of the polychronous language Signal. © 2014 Elsevier B.V.","Constructive systems; Fixpoint theory; Operational semantics; Program verification; Synchronous programming","Clocks; Computer programming languages; Semantics; Constructive systems; Fixpoints; Operational semantics; Program Verification; Synchronous programming; Embedded systems","","","Elsevier B.V.","01676423","","SCPGD","","English","Sci Comput Program","Conference paper","Final","","Scopus","2-s2.0-84908328531"
"De Troyer C.; Nicolay J.; De Meuter W.","De Troyer, Christophe (57195556375); Nicolay, Jens (54406023600); De Meuter, Wolfgang (16306490800)","57195556375; 54406023600; 16306490800","Building iot systems using distributed first-class reactive programming","2018","Proceedings of the International Conference on Cloud Computing Technology and Science, CloudCom","2018-December","","8591014","185","192","10","10.1109/CloudCom2018.2018.00045","https://www.scopus.com/pages/publications/85061130867?origin=resultslist","Software Languages Lab, Vrije Universiteit Brussel, Brussels, Belgium","De Troyer C., Software Languages Lab, Vrije Universiteit Brussel, Brussels, Belgium; Nicolay J., Software Languages Lab, Vrije Universiteit Brussel, Brussels, Belgium; De Meuter W., Software Languages Lab, Vrije Universiteit Brussel, Brussels, Belgium","Contemporary IoT systems are challenging to develop, deploy, and maintain. This is because of their ever-increasing scale, dynamic network topologies, heterogeneity and resource constraints of the involved devices, and failures that may occur as a result of these characteristics. Existing approaches are either not at the right level of abstraction, require developers to learn specialized languages, or miss certain key features to address all these challenges in a uniform manner. In this paper we leverage reactive programming and code mobility to support the entire life-cycle of large-scale IoT systems. Our approach is based on existing programming technologies and offers simple and composable abstractions to developers. We implemented our approach in a middleware called Potato and used it to develop and deploy an IoT application on a Raspberry Pi cluster. We found that using Potato reduces much of the accidental complexity associated with developing and deploying IoT systems, resulting in clean and maintainable programs. © 2018 IEEE.","Code mobility; Iot; Observables; Reactive programming","Abstracting; Cloud computing; Life cycle; Middleware; Code mobility; Dynamic network topology; Entire life cycles; Level of abstraction; Observables; Programming technology; Reactive programming; Resource Constraint; Internet of things","","","IEEE Computer Society","23302194","978-153867899-2","","","English","Proc. Int. Conf. Cloud Comput. Technol. Sci., CloudCom","Conference paper","Final","","Scopus","2-s2.0-85061130867"
"Motika C.; Von Hanxleden R.; Heinold M.","Motika, Christian (55447052600); Von Hanxleden, Reinhard (10045077200); Heinold, Mirko (56415088100)","55447052600; 10045077200; 56415088100","Programming deterministic reactive systems with Synchronous Java","2014","16th IEEE International Symposium on Object/Component/Service-Oriented Real-Time Distributed Computing, ISORC 2013","","","6913222","","","0","10.1109/ISORC.2013.6913222","https://www.scopus.com/pages/publications/84910050386?origin=resultslist","Dept. of Computer Science, Christian-Albrechts-Unversität zu Kiel, Kiel, 24098, Germany","Motika C., Dept. of Computer Science, Christian-Albrechts-Unversität zu Kiel, Kiel, 24098, Germany; Von Hanxleden R., Dept. of Computer Science, Christian-Albrechts-Unversität zu Kiel, Kiel, 24098, Germany; Heinold M., Dept. of Computer Science, Christian-Albrechts-Unversität zu Kiel, Kiel, 24098, Germany","A key issue in the development of reliable embedded software is the proper handling of reactive control-flow, which typically involves concurrency. Java and its thread concept have only limited provisions for implementing deterministic concurrency. Thus, as has been observed in the past, it is challenging to develop concurrent Java programs without any deadlocks or race conditions. To alleviate this situation, the Synchronous Java (SJ) approach presented here adopts the key concepts that have been established in the world of synchronous programming for handling reactive control-flow. Thus SJ not only provides deterministic concurrency, but also different variants of deterministic preemption. Furthermore SJ allows concurrent threads to communicate with Esterel-style signals. As a case study for an embedded system usage, we also report on how the SJ concepts have been ported to the ARM-based Lego Mindstorms NXT system. © 2013 IEEE.","","Computer software; Distributed computer systems; Java programming language; Concurrent Java programs; Concurrent threads; Esterel; Key Issues; Lego mindstorms nxt; Reactive control; Reactive system; Synchronous programming; Concurrency control","","","Institute of Electrical and Electronics Engineers Inc.","","978-147992111-9","","","English","IEEE Int. Symp. Object/Compon./Serv.-Oriented Real-Time Distrib. Comput., ISORC","Conference paper","Final","","Scopus","2-s2.0-84910050386"
"Delaval G.; Rutten É.","Delaval, Gwenaël (15064030600); Rutten, Éric (56276265500)","15064030600; 56276265500","A domain-specific language for task handlers generation, applying discrete controller synthesis","2006","Proceedings of the ACM Symposium on Applied Computing","1","","","901","905","1","10.1145/1141277.1141487","https://www.scopus.com/pages/publications/33751049657?origin=resultslist","INRIA Rhône-Alpes, POP ART, 38330 Montbonnot, France; INRIA Futurs / LIFL, DaRT / WEST USTL, 59655 Villeneuve d'Ascq, France","Delaval G., INRIA Rhône-Alpes, POP ART, 38330 Montbonnot, France; Rutten É., INRIA Futurs / LIFL, DaRT / WEST USTL, 59655 Villeneuve d'Ascq, France","We propose a simple programming language, called Nemo, specific to the domain of multi-task real-time embedded systems, such as in robotic, automotive or avionics systems. It can be used to specify a set of resources with usage constraints, a set of tasks that consume them according to various modes, and applications sequencing the tasks. We obtain automatically an application-specific task handler that correctly manages the constraints (if there exists one), through a compilation-like process including a phase of discrete controller synthesis. This way, this formal technique contributes to the safety of the designed systems, while being encapsulated in a tool that makes it usable by end-users and application experts. Our approach is based on the synchronous modelling techniques, languages and tools. Copyright 2006 ACM.","Discrete control synthesis; Domain-specific language; Real-time systems; Safe design; Synchronous programming","Computer programming languages; Constraint theory; Encapsulation; Mathematical models; Program compilers; Real time systems; Discrete control synthesis; Domain specific language; Safe design; Synchronous programming; Discrete time control systems","G. Delaval; INRIA Rhône-Alpes, POP ART, 38330 Montbonnot, France; email: Gwenael.Delaval@inrialpes.fr","","Association for Computing Machinery","","1595931082; 978-159593108-5","","","English","Proc ACM Symp Appl Computing","Conference paper","Final","All Open Access; Green Open Access","Scopus","2-s2.0-33751049657"
"Wang J.; Roop P.S.; Girault A.","Wang, Jiajie (56008371300); Roop, Patha S. (6602395877); Girault, Alain (7005652499)","56008371300; 6602395877; 7005652499","Energy and timing aware synchronous programming","2016","Proceedings of the 13th International Conference on Embedded Software, EMSOFT 2016","","","a1","","","3","10.1145/2968478.2968500","https://www.scopus.com/pages/publications/84995468173?origin=resultslist","Department of Electrical and Computer Engineering, University of Auckland, New Zealand; Univ. Grenoble Alpes, France","Wang J., Department of Electrical and Computer Engineering, University of Auckland, New Zealand; Roop P.S., Department of Electrical and Computer Engineering, University of Auckland, New Zealand; Girault A., Univ. Grenoble Alpes, France","The synchronous paradigm is widely used for the design of safety critical systems. Such systems, especially in the medical devices domain, must meet strict timing requirements while also ensuring long battery life. As a consequence, they are subject to very strict constraint both regarding their WCRT (Worst-Case Reaction Time) and their WCEC (Worst-Case Energy Consumption, the equivalent constraint for the energy consumption). Many techniques exist to compute an upper bound on the WCRT, but few techniques exist that address both the WCRT and the WCEC. We propose here a static analysis framework where conventional WCRT analysis interacts with a DVFS (Dynamic Voltage Frequency Scaling) algorithm to minimize also the WCEC of the given synchronous program. Our algorithm is able to compute the Pareto front of non-dominated solutions in the (WCRT, WCEC) space. Experimental results reveal that the proposed approach is scalable in terms of analysis time while providing more non-dominated solutions compared to two existing approaches. To the best of our knowledge, the proposed approach is the first to produce energy and timing aware synchronous programs.","","Biomedical equipment; Dynamic frequency scaling; Embedded software; Embedded systems; Energy utilization; Safety engineering; Timing circuits; Voltage scaling; Analysis frameworks; Dynamic voltage frequency scaling; Equivalent constraints; Nondominated solutions; Safety critical systems; Synchronous paradigm; Synchronous program; Synchronous programming; Static analysis","J. Wang; Department of Electrical and Computer Engineering, University of Auckland, New Zealand; email: jwan232@aucklanduni.ac.nz","","Association for Computing Machinery, Inc","","978-145034485-2","","","English","Proc. Int. Conf. Embed. Softw., EMSOFT","Conference paper","Final","All Open Access; Green Open Access","Scopus","2-s2.0-84995468173"
"Pinisetty S.; Roop P.S.; Smyth S.; Allen N.; Tripakis S.; Von Hanxleden R.","Pinisetty, Srinivas (55568660700); Roop, Partha S. (6602395877); Smyth, Steven (57191920926); Allen, Nathan (57189641013); Tripakis, Stavros (6701546551); Von Hanxleden, Reinhard (57192869992)","55568660700; 6602395877; 57191920926; 57189641013; 6701546551; 57192869992","Runtime enforcement of cyber-physical systems","2017","ACM Transactions on Embedded Computing Systems","16","5s","178","","","51","10.1145/3126500","https://www.scopus.com/pages/publications/85030688077?origin=resultslist","Department of Computer Science and Engineering, Chalmers University of Technology, Gothenburg, SE-41296, Sweden; Department of Electrical and Computer Engineering, University of Auckland, Private Bag 92019, Auckland, New Zealand; Christian-Albrechts-Universitat zu Kiel, Institut fur Informatik, Olshausenstr. 40, Kiel, 24098, Germany; Department of Computer Science, Aalto University, Konemiehentie 2, Espoo, 02150, Finland; University of Gothenburg, Sweden; Kiel University, Germany","Pinisetty S., Department of Computer Science and Engineering, Chalmers University of Technology, Gothenburg, SE-41296, Sweden, University of Gothenburg, Sweden; Roop P.S., Department of Electrical and Computer Engineering, University of Auckland, Private Bag 92019, Auckland, New Zealand; Smyth S., Christian-Albrechts-Universitat zu Kiel, Institut fur Informatik, Olshausenstr. 40, Kiel, 24098, Germany, Kiel University, Germany; Allen N., Department of Electrical and Computer Engineering, University of Auckland, Private Bag 92019, Auckland, New Zealand; Tripakis S., Department of Computer Science, Aalto University, Konemiehentie 2, Espoo, 02150, Finland; Von Hanxleden R., Christian-Albrechts-Universitat zu Kiel, Institut fur Informatik, Olshausenstr. 40, Kiel, 24098, Germany, Kiel University, Germany","Many implantable medical devices, such as pacemakers, have been recalled due to failure of their embedded software. This motivates rethinking their design and certification processes. We propose, for the first time, an additional layer of safety by formalising the problem of run-time enforcement of implantable pacemakers. While recent work has formalised run-time enforcement of reactive systems, the proposed framework generalises existing work along the following directions: (1) we develop bi-directional enforcement, where the enforced policies depend not only on the status of the pacemaker (the controller) but also of the heart (the plant), thus formalising the run-time enforcement problem for cyber-physical systems (2) we express policies using a variant of discrete timed automata (DTA), which can cover all regular properties unlike earlier frameworks limited to safety properties, (3) we are able to ensure the timing safety of implantable devices through the proposed enforcement, and (4) we show that the DTA-based approach is efficient relative to its dense time variant while ensuring that the discretisation error is relatively small and bounded. The developed approach is validated through a prototype system implemented using the open source KIELER framework. The experiments show that the framework incurs minimal runtime overhead. © 2017 ACM.","Automata; Cyber-physical systems; Runtime enforcement; Runtime monitoring; SCCharts; Synchronous programming; Timed properties","Automata theory; Biomedical equipment; Computer system firewalls; Cyber Physical System; Embedded systems; Implants (surgical); Open source software; Pacemakers; Automata; Runtime enforcements; Runtime Monitoring; SCCharts; Synchronous programming; Timed properties; Open systems","","","Association for Computing Machinery","15399087","","","","English","ACM Trans. Embedded Comput. Syst.","Conference paper","Final","All Open Access; Green Open Access","Scopus","2-s2.0-85030688077"
"Esterhuyse C.A.; Lion B.; Hiep H.-D.A.; Arbab F.","Esterhuyse, Christopher A. (57215409344); Lion, Benjamin (57207859391); Hiep, Hans-Dieter A. (57212535193); Arbab, Farhad (56912054400)","57215409344; 57207859391; 57212535193; 56912054400","Formal Foundations for Reowolf: Multi-party Sessions via Synchronous Protocol Programming","2025","Lecture Notes in Computer Science","15731 LNCS","","","3","29","0","10.1007/978-3-031-95589-1_1","https://www.scopus.com/pages/publications/105009404317?origin=resultslist","University of Amsterdam, Amsterdam, Netherlands; INRIA, Rennes, France; NLNet Foundation, Amsterdam, Netherlands; Leiden Institute of Advanced Computer Science (LIACS), Leiden, Netherlands; CWI, Amsterdam, Netherlands","Esterhuyse C.A., University of Amsterdam, Amsterdam, Netherlands; Lion B., INRIA, Rennes, France; Hiep H.-D.A., NLNet Foundation, Amsterdam, Netherlands, Leiden Institute of Advanced Computer Science (LIACS), Leiden, Netherlands; Arbab F., CWI, Amsterdam, Netherlands","The Reowolf project developed connectors as a replacement of two-party network sockets for multi-party communication in next-generation internet applications. Users control connectors via protocols in the bespoke protocol description language (PDL), which is based on synchronous languages such as Reo and Esterel. The novelty lies in the emphasis on dynamism: users refine protocols throughout their execution. We formalise the semantics of PDL, distinguishing dual notions of protocol behaviour: accepted behaviour is highly (de)compositional and specifies what communication is allowed, while constructed behaviour arises from protocol execution and accounts for how execution steps interdepend and interleave via messages sent and received. Toward machine-checking the correctness of the connector runtime reference implementation, we specify the API and correctness criteria of PDL runtime systems. © IFIP International Federation for Information Processing 2025.","communication; composition; distributed computing; formal specification; message passing; protocol; synchronous languages","Embedded systems; Formal languages; Internet protocols; Message passing; Next generation networks; Semantics; Description languages; Formal foundation; Internet application; Message-passing; Multi-party communication; Network sockets; Next generation Internet; Protocol description; Synchronous languages; Synchronous protocols; Formal specification","C.A. Esterhuyse; University of Amsterdam, Amsterdam, Netherlands; email: c.a.esterhuyse@uva.nl","Di Giusto C.; Ravara A.","Springer Science and Business Media Deutschland GmbH","03029743","978-303195588-4","","","English","Lect. Notes Comput. Sci.","Conference paper","Final","All Open Access; Green Open Access","Scopus","2-s2.0-105009404317"
"Dane S.Z.; Chen J.; Pouzet M.; Jeannin J.-B.","Dane, Serra Z. (60674791700); Chen, Jiawei (57987630300); Pouzet, Marc (57202122440); Jeannin, Jean-Baptiste (53877887000)","60674791700; 57987630300; 57202122440; 53877887000","Towards Formal Verification of Hybrid Synchronous Programs with Refinement Types","2026","Lecture Notes in Computer Science","16622 LNCS","","","456","476","0","10.1007/978-3-032-28079-4_21","https://www.scopus.com/pages/publications/105042449817?origin=resultslist","University of Michigan, Ann Arbor, MI, United States; ENS, PSL University and INRIA, Paris, France","Dane S.Z., University of Michigan, Ann Arbor, MI, United States; Chen J., University of Michigan, Ann Arbor, MI, United States; Pouzet M., ENS, PSL University and INRIA, Paris, France; Jeannin J.-B., University of Michigan, Ann Arbor, MI, United States","Cyber-physical systems (CPS) such as autonomous cars, aircraft, and robots are often also safety-critical; thus it is imperative that they operate as intended with a high degree of certainty. Formal verification has been employed to verify the software controlling these systems, but due to their complexity, is usually performed on an abstract model rather than the executable code. Synchronous programming languages extended with differential equations promise both rigorous modeling and sufficient expressiveness to implement executable controller code, and recent developments have introduced formal verification of strictly discrete-time programs. Extending these verification techniques to hybrid systems enables precise modeling of the environment for a wider variety of programs to be both verified and executed. We formalize the operational semantics of initial value problems and zero-crossing detection expressed in a synchronous programming language, extend its type system for verification thereof, and prove its soundness. © The Author(s), under exclusive license to Springer Nature Switzerland AG 2026.","Cyber-Physical Systems; Hybrid Systems; Semantics; Synchronous Programming; Type Theory","Computer programming languages; Cyber Physical System; Discrete time control systems; Embedded systems; Formal verification; Initial value problems; Modeling languages; Safety engineering; Abstract modeling; Autonomous car; Cybe-physical systems; Cyber-physical systems; Degree of certainty; Executable codes; Rigorous model; Synchronous program; Synchronous programming; Type theory; Hybrid systems; Semantics","S.Z. Dane; University of Michigan, Ann Arbor, United States; email: sdane@umich.edu","Deshmukh J.; Havelund K.; Pinto A.","Springer Science and Business Media Deutschland GmbH","03029743","978-303228078-7","","","English","Lect. Notes Comput. Sci.","Conference paper","Final","","Scopus","2-s2.0-105042449817"
"Salcic Z.; Roop P.","Salcic, Zoran (7003306034); Roop, Partha (6602395877)","7003306034; 6602395877","Customizing processor cores to support reactivity","2004","Proceedings of the International Conference on Engineering of Reconfigurable Systems and Algorithms, ERSA'04","","","","194","200","3","","https://www.scopus.com/pages/publications/12744281445?origin=resultslist","Department of Electrical Engineering, University of Auckland, New Zealand","Salcic Z., Department of Electrical Engineering, University of Auckland, New Zealand; Roop P., Department of Electrical Engineering, University of Auckland, New Zealand","Control-dominated embedded systems require efficient interaction with the external environment, which is defined as reactivity. Conventional support for reactivity in processors is through standard interrupts and polling, both of which are generic and not so efficient mechanisms. This paper suggests an alternative by supporting reactivity through the instruction set and the processor interface. The proposed approach is illustrated through customisable processors and well known microcontrollers into which such reactivity is embedded. These modified reactive processors are then used to illustrate the advantages of reactivity in applications such as efficient mapping of control-dominated systems and direct execution of reactive languages. Benchmarking results show that the proposed approach leads to a drastic reduction in code size and increase in performance.","","Application specific integrated circuits; Field programmable gate arrays; Mapping; Microcontrollers; Program processors; Signal processing; Control-dominated systems; Instruction set architecture (ISA); Software synthesis; Embedded systems","Z. Salcic; Department of Electrical Engineering, University of Auckland, Auckland, New Zealand; email: z.salcic@auckland.ac.nz","","","","1932415424; 978-193241542-1","","","English","Proc. Int. Conf. Eng. Reconfigurable Syst. Algorithms ERSA","Conference paper","Final","","Scopus","2-s2.0-12744281445"
"Shateri M.; Thomson D.; Ghaib M.; Svecova D.","Shateri, Mohammadhadi (57194072483); Thomson, Douglas (13310318900); Ghaib, Maha (57194069027); Svecova, Dagmar (7004169623)","57194072483; 13310318900; 57194069027; 7004169623","System for logging acoustic emission signals from FRP reinforcing rods that is suitable for field and long term laboratory testing","2017","Structural Health Monitoring 2017: Real-Time Material State Awareness and Data-Driven Safety Assurance - Proceedings of the 11th International Workshop on Structural Health Monitoring, IWSHM 2017","1","","","1220","1227","1","10.12783/shm2017/13990","https://www.scopus.com/pages/publications/85032454030?origin=resultslist","Department of Electrical and Computer Engineering, University of Manitoba, 66 Chancellors Cir, Winnipeg, MB, Canada; Department of Civil Engineering, University of Manitoba, 66 Chancellors Cir, Winnipeg, MB, Canada","Shateri M., Department of Electrical and Computer Engineering, University of Manitoba, 66 Chancellors Cir, Winnipeg, MB, Canada; Thomson D., Department of Electrical and Computer Engineering, University of Manitoba, 66 Chancellors Cir, Winnipeg, MB, Canada; Ghaib M., Department of Civil Engineering, University of Manitoba, 66 Chancellors Cir, Winnipeg, MB, Canada; Svecova D., Department of Civil Engineering, University of Manitoba, 66 Chancellors Cir, Winnipeg, MB, Canada","Fibre reinforced polymer (FRP) rods have seen increasing use in civil infrastructure applications. FRP rods are corrosion resistant and are easier to handle than steel. They have been used in over 190 projects including many bridge decks and traffic barriers. However, at sufficiently high loads (more than ∼25% of the ultimate load) FRP rods can become susceptible to creep failure. In addition, FRP rods have linear stress strain relationships up to failure and hence mechanical property changes to do provide a reliable indicator of failure. To study and monitor failure in FRP rods acoustic emission has been used as a diagnostic tool. Acoustic emission signals characteristics can be correlated with the level of stress within the FRP rod. For example, signal entropy has proven to be a good indicator of the stress level in glass and carbon FRP rods. However, due to the high sampling rates in AE signal acquisition, signal analysis has required post processing of signals. For longer term field and long-term laboratory studies, it is not practical to record and post process the data from the AE signals, which is produced at several megabytes per second. In this work we describe a system that uses triggered recording of the AE signals so that only the signal for a few milliseconds are logged in the vicinity of each AE event. The system is microcontroller based and allows for sampling at ∼700k samples per second, with logging to SD cards. The system is suitable for deployment at a large number of nodes. Examples of the system being applied to AE monitoring of glass FRP rods will be shown. The system will be used for longterm laboratory studies of FRP rods at low load levels (less than 50% of ultimate).","","Acoustic logging; Corrosion resistance; Fiber reinforced plastics; Glass; Safety engineering; Signal processing; Steel corrosion; Stress-strain curves; Structural health monitoring; Acoustic emission signal; Civil infrastructures; Corrosion-resistant; Fibre reinforced polymers; High sampling rates; Laboratory studies; Linear stress strain relationship; Microcontroller-based; Acoustic emission testing","","Chang F.-K.; Kopsaftopoulos F.","DEStech Publications","","978-160595330-4","","","English","Struct. Health Monit.: Real-Time Mater. State Aware. Data-Driven Safety Assur. - Proc. Int. Workshop on Struct. Health Monit., IWSHM","Conference paper","Final","","Scopus","2-s2.0-85032454030"
"Yang Z.; Bodeveix J.-P.; Filali M.","Yang, Zhibin (55716670400); Bodeveix, Jean-Paul (6506097960); Filali, Mamoun (7004744985)","55716670400; 6506097960; 7004744985","Multi-core code generation from polychronous programs with time-predictable properties","2014","CEUR Workshop Proceedings","1233","","","","","0","","https://www.scopus.com/pages/publications/84911479001?origin=resultslist","IRIT-CNRS, Université de Toulouse, France","Yang Z., IRIT-CNRS, Université de Toulouse, France; Bodeveix J.-P., IRIT-CNRS, Université de Toulouse, France; Filali M., IRIT-CNRS, Université de Toulouse, France","Synchronous programming models capture concurrency in computation quite naturally, especially in its dataflow multi-clock (polychronous) flavor. With the rising importance of multi-core processors in safety-critical embedded systems or cyber-physical systems (CPS), there is a growing need for model-driven generation of multi-threaded code for multi-core systems. This paper proposes a build method of time-predictable system on multi-core, based on synchronous-model development. At the modeling level, the synchronous abstraction allows deterministic time semantics. Thus synchronous programming is a good choice for time-predictable system design. At the compiler level, the veriéd compiler from the synchronous language SIGNAL to our intermediate representation (S-CGA, a variant of guarded actions) and to multi-threaded code, preserves the time predictability. At the platform level, we propose a time-predictable multi-core architecture model in AADL (Architecture Analysis and Design Language), and then we map the multi-threaded code to this model. Therefore, our method integrates time predictability across several design layers.","AADL; Guarded actions; Multi-core; SIGNAL; Synchronous languages; Time predictability; Veriéd compiler","Codes (symbols); Computer architecture; Data flow analysis; Design; Embedded systems; Microprocessor chips; Program compilers; Semantics; Signaling; Systems analysis; AADL; Guarded actions; Multi core; Synchronous languages; Time predictabilities; Multicore programming","","Feiler P.; Delange J.","CEUR-WS","16130073","","","","English","CEUR Workshop Proc.","Conference paper","Final","","Scopus","2-s2.0-84911479001"
"Jahier E.; Raymond P.; Baufreton P.","Jahier, Erwan (55879824500); Raymond, Pascal (14014305600); Baufreton, Philippe (15047555300)","55879824500; 14014305600; 15047555300","Case studies with Lurette V2","2006","International Journal on Software Tools for Technology Transfer","8","6","","517","530","19","10.1007/s10009-006-0023-9","https://www.scopus.com/pages/publications/33750461233?origin=resultslist","VERIMAG, CNRS, Grenoble, France; Hispano Suiza-Moissy, Cramayel, France","Jahier E., VERIMAG, CNRS, Grenoble, France; Raymond P., VERIMAG, CNRS, Grenoble, France; Baufreton P., Hispano Suiza-Moissy, Cramayel, France","Lurette is an automated testing tool dedicated to reactive programs. The test process is automated at two levels: given a formal description of the System Under Test (SUT) environment, Lurette generates realistic input sequences; and, given a formal description of expected properties, Lurette performs the test results analysis. Lurette has been re-implemented from scratch. In this new version, the main novelty lies in the way the SUT environment is described. This is done by means of a new language called Lucky, dedicated to the programming of probabilistic reactive systems. This article recalls the principles of Lurette, briefly presents the Lucky language, and describes some case studies from the IST project Safeair II. The objective is to illustrate the usefulness of Lurette on real case studies, and the expressiveness of Lucky in accurately describing SUT environments. We show in particular how Lurette can be used to test a typical fault-tolerant system; we also present case studies conducted with Hispano-Suiza and Renault. © Springer-Verlag 2006.","Automated testing; Reactive programs; Real-time embedded systems; Stochastic machines; Synchronous languages; Tool environment","","E. Jahier; VERIMAG, CNRS, Grenoble, France; email: erwan.jahier@imag.fr","","","14332787","","","","English","Int. J. Softw. Tools Technol. Trans.","Conference paper","Final","All Open Access; Green Open Access","Scopus","2-s2.0-33750461233"
"Panda A.; Baird A.; Pinisetty S.; Roop P.","Panda, Abhinandan (57211976873); Baird, Alex (58003044900); Pinisetty, Srinivas (55568660700); Roop, Partha (6602395877)","57211976873; 58003044900; 55568660700; 6602395877","Incremental Security Enforcement for Cyber-Physical Systems","2023","IEEE Access","11","","","18475","18498","8","10.1109/ACCESS.2023.3246121","https://www.scopus.com/pages/publications/85149385453?origin=resultslist","Indian Institute of Technology (IIT) Bhubaneswar, School of Electrical Sciences, Bhubaneswar, 752050, India; The University of Auckland, Department of Electrical and Computer Engineering, Auckland, 1010, New Zealand","Panda A., Indian Institute of Technology (IIT) Bhubaneswar, School of Electrical Sciences, Bhubaneswar, 752050, India; Baird A., The University of Auckland, Department of Electrical and Computer Engineering, Auckland, 1010, New Zealand; Pinisetty S., Indian Institute of Technology (IIT) Bhubaneswar, School of Electrical Sciences, Bhubaneswar, 752050, India; Roop P., The University of Auckland, Department of Electrical and Computer Engineering, Auckland, 1010, New Zealand","Cyber-Physical attacks (CP-attacks) are launched either from the cyber-space or from the physical-space to take control of a Cyber-Physical System (CPS). Unlike conventional cyber-attacks, which are prevented through new security patches as new attacks emerge, there are no known mechanisms for incrementally patching CPS in the event of new attacks. To this end, we develop a novel approach based on recent advances in mitigating CP-attacks using run-time enforcement (RE). RE-methods have been developed for CPS, such as industrial processes and pacemakers. However, the proposed solutions are not developed considering the need for future patching as new attacks emerge. To this end, we develop the first compositional RE framework, which is specifically developed to be able to add new security patches as new security policies are added. We illustrate our approach using the case study of a drone swarm. The experimental results show that the proposed compositional/incremental approach does not suffer from the state space explosion, unlike the monolithic composition. We demonstrate a linear relationship between compile time, compile size, and execution time as the number of policies increases in the proposed compositional scheme.  © 2013 IEEE.","Cyber-physical systems; runtime enforcement; security; synchronous programming","Computer crime; Crime; Cyber attacks; Drones; Embedded systems; Network security; Bidirectional control; Cybe-physical systems; Cyber-attacks; Cyber-physical systems; Runtime enforcements; Runtimes; Security; Synchronous programming; Cyber Physical System","A. Panda; Indian Institute of Technology (IIT) Bhubaneswar, School of Electrical Sciences, Bhubaneswar, 752050, India; email: ap53@iitbbs.ac.in; S. Pinisetty; Indian Institute of Technology (IIT) Bhubaneswar, School of Electrical Sciences, Bhubaneswar, 752050, India; email: spinisetty@iitbbs.ac.in","","Institute of Electrical and Electronics Engineers Inc.","21693536","","","","English","IEEE Access","Article","Final","All Open Access; Gold Open Access; Green Open Access","Scopus","2-s2.0-85149385453"
"Bärenz M.; Perez I.","Bärenz, Manuel (57197833955); Perez, Ivan (57189301965)","57197833955; 57189301965","Rhine: FRP with type-level clocks","2018","Haskell 2018 - Proceedings of the 11th ACM SIGPLAN International Symposium on Haskell, co-located with ICFP 2018","","","","145","157","10","10.1145/3242744.3242757","https://www.scopus.com/pages/publications/85056707257?origin=resultslist","Mathematische Fakultät Universität Wien, Österreich; National Institute of Aerospace, United States","Bärenz M., Mathematische Fakultät Universität Wien, Österreich; Perez I., National Institute of Aerospace, United States","Processing data at different rates is generally a hard problem in reactive programming. Buffering problems, lags, and concurrency issues often occur. Many of these problems are clock errors, where data at different rates is combined incorrectly. Techniques to avoid clock errors, such as type-level clocks and deterministic scheduling, exist in the field of synchronous programming, but are not implemented in general-purpose languages like Haskell. Rhine is a clock-safe library for synchronous and asynchronous Functional Reactive Programming (FRP). It separates the aspects of clocking, scheduling and resampling from each other, and ensures clock-safety at the type level. Concurrent communication is encapsulated safely. Diverse reactive subsystems can be combined in a coherent, declarative data-flow framework, while correct interoperability of data at different rates is guaranteed by type-level clocks. This provides a general-purpose framework that simplifies multi-rate FRP systems and can be used for game development, media applications, GUIs and embedded systems, through a flexible API with many reusable components. © 2018 Copyright held by the owner/author(s). Publication rights licensed to ACM.","Asynchronous programming; Functional reactive programming; Haskell; Reactive programming","Data handling; Embedded systems; Functional programming; Scheduling; Asynchronous programming; Deterministic scheduling; Functional reactive programming; General purpose framework; General purpose languages; Haskell; Reactive programming; Synchronous programming; Clocks","","Wu N.","Association for Computing Machinery, Inc","","978-145035835-4","","","English","Haskell - Proc. ACM SIGPLAN Int. Symp. Haskell, co-located ICFP","Conference paper","Final","","Scopus","2-s2.0-85056707257"
"Loyola B.R.; Loh K.J.; La Saponara V.","Loyola, Bryan R. (14829260000); Loh, Kenneth J. (14039180400); La Saponara, Valeria (57192987905)","14829260000; 14039180400; 57192987905","Static and dynamic strain monitoring of GFRP composites using carbon nanotube thin films","2011","Proceedings of SPIE - The International Society for Optical Engineering","7981","","798108","","","9","10.1117/12.881006","https://www.scopus.com/pages/publications/79956307917?origin=resultslist","Mechanical and Aerospace Engineering, University of California, Davis, CA 95616, United States; Civil and Environmental Engineering, University of California, Davis, CA 95616, United States","Loyola B.R., Mechanical and Aerospace Engineering, University of California, Davis, CA 95616, United States; Loh K.J., Civil and Environmental Engineering, University of California, Davis, CA 95616, United States; La Saponara V., Mechanical and Aerospace Engineering, University of California, Davis, CA 95616, United States","Fiber-reinforced polymers (FRP) composites are widely used in aerospace and civil structures due to its unique material properties. However, damage can still occur and typically manifests itself from within the composite material that is invisible to the naked eye. So as to be able to monitor the performance of FRPs, numerous sensing systems have been proposed for embedment within FRP composites. One such methodology involves the embedment of carbon nanotube-based thin films within FRP laminates for strain monitoring and potentially even damage detection. Unlike other sensors, these piezoresistive thin films possess small form factors (and thus do not serve as stress concentration or damage initiation points) and can be easily integrated during composite manufacturing. In this study, a series of laboratory tests have been conducted to characterize the static and dynamic strain sensing performance of these nanocomposites for monitoring glass fiber-reinforced polymer (GFRP) components. Specifically, monotonic uniaxial, cyclic, and fatigue tests have been conducted, while both time- and frequency-domain measurements have also been obtained. The characterization results obtained from this study indicates bi-functional strain sensitivity to monotonic loading until failure, which is found to be reproducible in cyclic dynamic loadings to amplitudes in both functional ranges. © 2011 Copyright Society of Photo-Optical Instrumentation Engineers (SPIE).","carbon nanotube; electrical impedance spectroscopy; embedded sensing; equivalent circuit; glass fiberreinforced polymer composites; layer-by-layer; strain sensing; thin film","Approximation theory; Carbon fibers; Carbon films; Carbon nanotubes; Damage detection; Dynamic loads; Dynamics; Embedded systems; Fatigue testing; Fiber reinforced plastics; Glass fibers; Laminates; Loading; Mechanical properties; Monitoring; Nanocomposites; Polymer films; Polymers; Reinforced plastics; Sensors; Stress concentration; Thin films; electrical impedance spectroscopy; embedded sensing; glass fiberreinforced polymer composites; Layer-by-layers; strain sensing; Nanocomposite films","","","","0277786X","978-081948543-4","PSISD","","English","Proc SPIE Int Soc Opt Eng","Conference paper","Final","","Scopus","2-s2.0-79956307917"
"Alras M.; Caspi P.; Girault A.; Raymond P.","Alras, Mouaiad (35078123500); Caspi, Paul (7003700523); Girault, Alain (7005652499); Raymond, Pascal (14014305600)","35078123500; 7003700523; 7005652499; 14014305600","Model-based design of embedded control systems by means of a synchronous intermediate model","2009","Proceedings - 2009 International Conference on Embedded Software and Systems, ICESS 2009","","","5066624","3","10","11","10.1109/ICESS.2009.36","https://www.scopus.com/pages/publications/70349706044?origin=resultslist","Verimag-CNRS, University of Grenoble, France; INRIA, Grenoble Rhône-Alpes, France","Alras M., Verimag-CNRS, University of Grenoble, France, INRIA, Grenoble Rhône-Alpes, France; Caspi P., Verimag-CNRS, University of Grenoble, France, INRIA, Grenoble Rhône-Alpes, France; Girault A., Verimag-CNRS, University of Grenoble, France, INRIA, Grenoble Rhône-Alpes, France; Raymond P., Verimag-CNRS, University of Grenoble, France, INRIA, Grenoble Rhône-Alpes, France","Model-based design (MBD) involves designing a model of a control system, simulating and debugging it with dedicated tools, and finally generating automatically code corresponding to this model. In the domain of embedded systems, it offers the huge advantage of avoiding the timeconsuming and error-prone final coding phase. The main issue raised by MBD is the faithfulness of the generated code with respect to the initial model, the latter being defined by the simulation semantics. To bridge the gap between the high-level model and the low-level implementation, we use the synchronous programming language Lustre as an intermediate formal model. Concretely, starting from a highlevel model specified in the de-facto standard Simulink, we first generate Lustre code along with some structured ""glue code"", and then we generate embedded real-time code for the Xenomai RTOS. Thanks to Lustre's clean mathematical semantics, we are able to guarantee the faithfulness of the generated multi-tasked real-time code.","","Belt drives; Embedded systems; High level languages; Semantics; Time measurement; De facto standard; Embedded control systems; Error prones; Formal model; Glue-codes; High-level models; Intermediate model; Mathematical semantics; Model-based design; Real-time codes; Simulink; Synchronous programming; Embedded software","","","","","978-076953678-1","","","English","Proc. - Int. Conf. Embedded Softw. Syst., ICESS","Conference paper","Final","All Open Access; Green Open Access","Scopus","2-s2.0-70349706044"
"","","","MODULARITY Companion 2016 - Companion Proceedings of the 15th International Conference on Modularity","2016","MODULARITY Companion 2016 - Companion Proceedings of the 15th International Conference on Modularity","","","","","","0","","https://www.scopus.com/pages/publications/84965010183?origin=resultslist","","","The proceedings contain 44 papers. The topics discussed include: tool support for component-based semantics; development environment for literal inter-language use case driven modularization; dynamic software evolution through interpreter adaptation; selective process instrumentation in virtual machine; language oriented modularity: from theory to practice; the modularity of object propositions; reactive object queries: consistent views in object-oriented languages; reactive programming with reactive variables; toward a new constraint imperative programming language for interactive graphics; Emfrp: a functional reactive programming language for small-scale embedded systems; and a library-based approach to context-dependent computation with reactive values: suppressing reactions of context-dependent functions using dynamic binding.","","","","Batory D.; Fuentes L.; Czarnecki K.","Association for Computing Machinery, Inc","","978-145034033-5","","","English","MODULARITY Companion - Companion Proc. Int. Conf. Modul.","Conference review","Final","","Scopus","2-s2.0-84965010183"
"Omnès T.J.-F.; Bouchebaba Y.; Kulkarni C.; Coelho F.","Omnès, Thierry J.-F. (6507997993); Bouchebaba, Youcef (15076728300); Kulkarni, Chidamber (7003817618); Coelho, Fabien (56273978100)","6507997993; 15076728300; 7003817618; 56273978100","Recent advances in low-power design and functional coverification automation from the earliest system-level design stages","2005","Low-Power Processors and Systems on Chips","","","","20","1","0","","https://www.scopus.com/pages/publications/85056941288?origin=resultslist","Philips Semiconductors Eindhoven, Eindhoven, Netherlands; University of Nantes, Nantes, France; University of California–Berkeley, Berkeley, CA, United States; Ecole des Mines Paris, Paris, France","Omnès T.J.-F., Philips Semiconductors Eindhoven, Eindhoven, Netherlands; Bouchebaba Y., University of Nantes, Nantes, France; Kulkarni C., University of California–Berkeley, Berkeley, CA, United States; Coelho F., Ecole des Mines Paris, Paris, France","To meet the cost, power, performance, and programmability constraints of next-generation multimedia devices and platforms in a reasonable design and veriﬁcation time, introducing a system speciﬁcation cleaning engine so-called the software washing machine by IMEC’s Hugo de Man is key [23]. At this highest level (and ﬁrst step) in the overall system-level design and veriﬁcation ﬂow, automation is a very difﬁcult problem because system architects typically prefer the expressiveness of C/C++ to the powerful semantics of synchronous languages [6] such as Esterel [16], Lustre [32], and Signal [49], using tools such as Esterel Studio [26], Polychrony [42], and Simulink. They also prefer the expressiveness of C/C++ to the powerful mathematics of geometric data-ﬂow modeling available from languages such as Fortran, Alpha [21], and tools such as paralléliseur interprocedural de programmes scientiﬁques (PIPS) [37] and MMAlpha [47]. Because data access and transfer have the biggest impact on the cost, power, and performance of embedded systems, bridging the gap between geometric data-ﬂow modeling and C/C++ requires special attention. Section 20.2 tours basic geometric transformations to motivate the introduction of a novel and advanced low-power optimization engine, based on PIPS, with the ability to take restricted but still C code as input. Beyond the productivity gain achieved by automation, we observe superior power savings than typically obtained using the systematic but manual code rewriting techniques that stand for best practice in this ﬁeld today. © 2006 by Taylor & Francis Group, LLC.","","","","","CRC Press","","978-142003720-3; 978-084936700-7","","","English","Low-Power Processors and Systems on Chips","Book chapter","Final","","Scopus","2-s2.0-85056941288"
"Bourke T.; Colaço J.-L.; Pagano B.; Pasteur C.; Pouzet M.","Bourke, Timothy (18036559300); Colaço, Jean-Louis (10138798400); Pagano, Bruno (6507602202); Pasteur, Cédric (36464217100); Pouzet, Marc (57202122440)","18036559300; 10138798400; 6507602202; 36464217100; 57202122440","A synchronous-based code generator for explicit hybrid systems languages","2015","Lecture Notes in Computer Science (including subseries Lecture Notes in Artificial Intelligence and Lecture Notes in Bioinformatics)","9031","","","69","88","9","10.1007/978-3-662-46663-6_4","https://www.scopus.com/pages/publications/84926620015?origin=resultslist","INRIA Paris-Rocquencourt, France; ANSYS/Esterel-Technologies, Toulouse, France; DI, Ècole normale supèrieure, Paris, France; Universitè Pierre et Marie Curie, Paris, France","Bourke T., INRIA Paris-Rocquencourt, France, DI, Ècole normale supèrieure, Paris, France; Colaço J.-L., ANSYS/Esterel-Technologies, Toulouse, France; Pagano B., ANSYS/Esterel-Technologies, Toulouse, France; Pasteur C., ANSYS/Esterel-Technologies, Toulouse, France; Pouzet M., INRIA Paris-Rocquencourt, France, DI, Ècole normale supèrieure, Paris, France, Universitè Pierre et Marie Curie, Paris, France","Modeling languages for hybrid systems are cornerstones of embedded systems development in which software interacts with a physical environment. Sequential code generation from such languages is important for simulation efficiency and for producing code for embedded targets. Despite being routinely used in industrial compilers, code generation is rarely, if ever, described in full detail, much less formalized. Yet formalization is an essential step in building trustable compilers for critical embedded software development. This paper presents a novel approach for generating code from a hybrid systems modeling language. By building on top of an existing synchronous language and compiler, it reuses almost all the existing infrastructure with only a few modifications. Starting from an existing synchronous data-flow language conservatively extended with Ordinary Differential Equations (ODEs), this paper details the sequence of source-tosource transformations that ultimately yield sequential code. A generic intermediate language is introduced to represent transition functions. The versatility of this approach is exhibited by treating two classical simulation targets: code that complies with the FMI standard and code directly linked with an off-the-shelf numerical solver (Sundials CVODE). The presented material has been implemented in the Zélus compiler and the industrial Scade Suite KCG code generator of Scade 6. © Springer-Verlag Berlin Heidelberg 2015.","","Automatic programming; Codes (symbols); Computational linguistics; Data flow analysis; Differential equations; Embedded systems; Hybrid systems; Modeling languages; Network components; Ordinary differential equations; Signal encoding; Software design; Classical simulation; Intermediate languages; Physical environments; Simulation efficiency; Synchronous data-flow languages; Synchronous languages; Systems modeling languages; Transition functions; Program compilers","","Franke B.","Springer Verlag","03029743","978-366246662-9","","","English","Lect. Notes Comput. Sci.","Article","Final","","Scopus","2-s2.0-84926620015"
"Bauer K.; Schneider K.","Bauer, Kerstin (56220477600); Schneider, Klaus (58406421600)","56220477600; 58406421600","Teaching cyber-physical systems: Programming approach","2013","Proceedings of the 2012 Workshop on Embedded and Cyber-Physical Systems Education, WESE 2012","","","3","","","13","10.1145/2530544.2530547","https://www.scopus.com/pages/publications/84885918845?origin=resultslist","Department of Computer Science, University of Kaiserslautern, Germany","Bauer K., Department of Computer Science, University of Kaiserslautern, Germany; Schneider K., Department of Computer Science, University of Kaiserslautern, Germany","One major problem for the design of cyber-physical systems is the understanding of problems that can arise from the interaction of discrete and continuous behaviors, i.e., the behaviors of hybrid systems whose discrete states enable attached differential equations. Tools like Simulink, Labview, Scicos, and Dymola are powerful choices for the simulation of such systems. However, the modeling capabilities of these tools are limited to a composition of given blackbox modules, so that they miss the notion of typical programs. To make use of algorithmic models, we recently proposed an extension of the synchronous programming language Quartz to model, simulate, and verify cyber-physical systems. We developed an operational semantics of this language that formally species a simulator, and we also defined a translation to hybrid state transition systems for the formal verification of these systems. In this paper, we describe how our Quartz language and the related Averest toolset can be used for teaching cyberphysical systems. We present the concept of an introductory course for modeling, simulation, and verification of these systems in a Master program in Computer Science. The goal of the lecture is to provide a broad overview to introduce the students to the main research areas in this field. Besides a theoretical foundation, we emphasize the combination of lecture courses with practical exercises using our Averest tools for simulation and verification. This way, we show our students several effects that may occur in the design of cyber-physical systems like zeno behaviors, urgent transitions, real-time requirements, etc. Copyright 2012 ACM.","Cyber-physical systems; Modeling and verification","Computer programming languages; Differential equations; Education computing; Hybrid systems; Models; Problem oriented languages; Quartz; Students; Tools; Cyber physical systems (CPSs); Formal verifications; Introductory course; Modeling and verifications; Operational semantics; Real time requirement; Synchronous programming; Theoretical foundations; Embedded systems","","","","","978-145031765-8","","","English","Proc. Workshop Embedded Cyber-Phys. Syst. Educ., WESE","Conference paper","Final","","Scopus","2-s2.0-84885918845"
"Shyamasundar R.K.; Aghav J.V.","Shyamasundar, R.K. (7004591075); Aghav, J.V. (48861137300)","7004591075; 48861137300","Validating real-time constraints in embedded systems","2001","Proceedings of IEEE Pacific Rim International Symposium on Dependable Computing, PRDC","2001-January","","992719","347","355","5","10.1109/PRDC.2001.992719","https://www.scopus.com/pages/publications/84945932311?origin=resultslist","Tata Institute of Fundamental Research, Homi Bhabha Road, Mumbai, 400 005, India","Shyamasundar R.K., Tata Institute of Fundamental Research, Homi Bhabha Road, Mumbai, 400 005, India; Aghav J.V., Tata Institute of Fundamental Research, Homi Bhabha Road, Mumbai, 400 005, India","There is a growing demand for software tools that can assist in designing, analyzing and validating embedded real-time system applications. ESTEREL a synchronous language, is widely used in the development of embedded systems and hardware/software codesign. In this paper, we describe a method that uses timed annotations for Es-TEREL programs that makes it possible to predict the timing constraints required to be satisfied by the embedded system. Using the specified annotations and the programming environment of ESTEREL we describe a method and a tool for validating the concrete realization relative to timeannotated ESTEREL specifications. Also, the method derives time constraints to be satisfied by the concrete architectures for realizing the logical specification. We shall illustrate the technique with examples as well as the structure of the tool implemented. © 2001 IEEE.","Embedded systems; Esterel; Real-time systems; Synchronous languages; Validation & verification","Application programs; Computational linguistics; Concretes; Embedded systems; Esters; Hardware-software codesign; Interactive computer systems; Specifications; Concrete architecture; Embedded real time systems; Esterel; Logical specifications; Programming environment; Real time constraints; Synchronous languages; Timing constraints; Real time systems","","","IEEE Computer Society","15410110","0769514146","","","English","Proc. IEEE Pac. Rim Int. Symp. Dependable Comput., PRDC","Conference paper","Final","","Scopus","2-s2.0-84945932311"
"Shwetank; Vishwakarma A.; Prajapati S.; Amrish; Kumar S.","Shwetank (59951706600); Vishwakarma, Aakash (58881785800); Prajapati, Shivam (59951615300); Amrish (59951805800); Kumar, Sheetal (59951674500)","59951706600; 58881785800; 59951615300; 59951805800; 59951674500","IoT-Web Smart Waste Management System for Environmental Sustainability in Smart Cities: An Integrated Approach Under Swachh Bharat Mission","2025","2025 International Conference on Cognitive Computing in Engineering, Communications, Sciences and Biomedical Health Informatics, IC3ECSBHI 2025","","","","369","373","3","10.1109/IC3ECSBHI63591.2025.10991162","https://www.scopus.com/pages/publications/105008419242?origin=resultslist","Dcs, GK(DU), Uttarakhand, Haridwar, India; Csa, Coer University, Uttarakhand, Roorkee, India","Shwetank, Dcs, GK(DU), Uttarakhand, Haridwar, India; Vishwakarma A., Dcs, GK(DU), Uttarakhand, Haridwar, India; Prajapati S., Dcs, GK(DU), Uttarakhand, Haridwar, India; Amrish, Csa, Coer University, Uttarakhand, Roorkee, India; Kumar S., Dcs, GK(DU), Uttarakhand, Haridwar, India","Waste management commonly employs the Internet of Things (IoT) to enhance and refine the processes of waste collection, disposal, and recycling. The present work introduces an IoT-Web Smart Waste Management System (SWMS) under the 'Swachh Bharat Mission' for smart cities. This study aims to promote sustainable waste management practices that maintain a clean, eco-friendly environment. We achieve this by integrating robust FRP (fiber-reinforced plastic) with laser sensors (VL53LOX) for accurate garbage level monitoring, load sensors for weight measurement, and microcontrollers (Node-MCU2ESP32 and Arduino) for various tasks. Additionally, an MQ-2 gas sensor identifies unhealthy and flammable gases, signaling the need to clean the bin. The bin lives with a servomotor (MG995), battery, and buzzer. When in operation mode, the lid automatically opens upon an approaching person and closes upon the proper placement of waste. It also prevents overflow by staying shut when it is full. Operators can access real-time data remotely by channelizing and hosting the smart bin on a web server. This cloud-based web application makes it convenient for users to track waste levels, receive alerts when the bin is full, and take timely action, all from the comfort of their home. This IoT and web approach improves waste management by allowing users to make proactive decisions on live data. This model can also be implemented in commercial applications such as schools, colleges, universities, railways, airports, shopping malls, car parks, hospitals, and other public places. This model not only engages children but also makes waste disposal more exciting, thereby promoting better waste management practices. This study is to present an IoT-Web Smart Waste Management System to improve efficiency, reduce costs, and enhance environmental sustainability. © 2025 IEEE.","Environment; IoT; Microcontroller; Sustainability; Waste Management","Bins; Decision making; Electronic Waste; Environmental management; Fiber reinforced plastics; Integrated control; Mechanical variables measurement; Smart city; Solid wastes; Waste disposal; Weighing; Eco-friendly; Environment; Environmental sustainability; Fibre-reinforced; Integrated approach; Sustainable waste management; Waste collection; Waste management practices; Waste management systems; Wastes recycling; Internet of things; Microcontrollers; Sustainable development","","Ansari M.A.; Pal K.; Kumar S.; Baghel A.S.; Ashraf M.T.","Institute of Electrical and Electronics Engineers Inc.","","979-833151852-3","","","English","Int. Conf. Cogn. Comput. Eng., Commun., Sci. Biomed. Health Informatics, IC3ECSBHI","Conference paper","Final","","Scopus","2-s2.0-105008419242"
"Schneider K.; Brandt J.; Schuele T.","Schneider, K. (58406421600); Brandt, J. (13609374600); Schuele, T. (9638988200)","58406421600; 13609374600; 9638988200","Causality analysis of synchronous programs with delayed actions","2004","CASES 2004: International Conference on Compilers, Architecture, and Synthesis for Embedded Systems","","","","179","189","33","10.1145/1023833.1023859","https://www.scopus.com/pages/publications/29144484739?origin=resultslist","University of Kaiserslautern, Department of Computer Science, Reactive Systems Group, 67653 Kaiserslautern, P.O. Box 3049, Germany","Schneider K., University of Kaiserslautern, Department of Computer Science, Reactive Systems Group, 67653 Kaiserslautern, P.O. Box 3049, Germany; Brandt J., University of Kaiserslautern, Department of Computer Science, Reactive Systems Group, 67653 Kaiserslautern, P.O. Box 3049, Germany; Schuele T., University of Kaiserslautern, Department of Computer Science, Reactive Systems Group, 67653 Kaiserslautern, P.O. Box 3049, Germany","Synchronous programs are well-suited for the implementation of real-time embedded systems. However, their compilation is difficult due to the paradigm that microsteps are executed in zero time. This can yield cyclic dependencies that must be resolved to generate single-threaded code. State of the art techniques are based on a fixpoint computation at compile time that 'simulates' the microstep execution. However, existing procedures do not consider delayed actions that have been recently introduced in synchronous languages. In this paper, we show that the analysis of programs with delayed actions can be performed by two fixpoint computations, one for the initialization and one for the transitions of the system. Moreover, we discuss an implementation using BDDs that is based on dual rail encoding. Copyright 2004 ACM.","Causality; Fixpoints; Synchronous Languages; Ternary Logic","Codes (symbols); Computer programming languages; Embedded systems; Encoding (symbols); Formal logic; Program compilers; Real time systems; Causality; Fixpoints; Synchronous languages; Ternary logic; Computer programming","","","Association for Computing Machinery (ACM)","","1581138903; 978-158113890-0","","","English","CASES Int. Conf. Compilers Archit. Synth. Embedded Syst.","Conference paper","Final","","Scopus","2-s2.0-29144484739"
"Bourke T.; Sowmya A.","Bourke, T. (18036559300); Sowmya, A. (6603623225)","18036559300; 6603623225","Formal models in industry standard tools: An Argos block within simulink","2005","International Journal of Software Engineering and Knowledge Engineering","15","2","","389","395","3","10.1142/S0218194005002300","https://www.scopus.com/pages/publications/21144434508?origin=resultslist","School of Computer Science and Engineer, University of NSW, NICTA, Australia, Sydney, NSW 2052, Australia","Bourke T., School of Computer Science and Engineer, University of NSW, NICTA, Australia, Sydney, NSW 2052, Australia; Sowmya A., School of Computer Science and Engineer, University of NSW, NICTA, Australia, Sydney, NSW 2052, Australia","Simulink is widely used within the industry for simulation and model-driven development, and reactive behaviors are often modeled using an add-on called Stateflow. Argos is one of the synchronous languages that have been proposed for the specification, validation and implementation of reactive systems. It is a rigorously defined graphical notation which, though not as powerful as Stateflow, is much less complicated. This paper describes the implementation of an Argos block for Simulink. © World Scientific Publishing Company.","Argos; Reactive systems; Simulink; Stateflow; Synchronous languages","Codes (symbols); Computer graphics; Computer programming languages; Control equipment; Discrete time control systems; Embedded systems; Semantics; Argos; Reactive systems; Simulink; Stateflow; Synchronous languages; Computer simulation","T. Bourke; School of Computer Science and Engineer, University of NSW, NICTA, Australia, Sydney, NSW 2052, Australia; email: tbourke@cse.unsw.edu.au","","","02181940","","ISEKE","","English","Int. J. Software Engineer. Knowledge Engineer.","Article","Final","","Scopus","2-s2.0-21144434508"
"Bornemann S.; Polle C.; Bosse S.; May D.; Skowrons M.; Jakli A.; Lussem B.","Bornemann, Sarah (57350973100); Polle, Christoph (57889516300); Bosse, Stefan (6603212412); May, David (57959761400); Skowrons, Michael (57457971400); Jakli, Antal (7004859470); Lussem, Björn (8623437600)","57350973100; 57889516300; 6603212412; 57959761400; 57457971400; 7004859470; 8623437600","Integration of Organic-Electrochemical Transistors into Composite Material for Structural Health Monitoring","2026","Procedia Computer Science","276","","","126","137","0","10.1016/j.procs.2026.02.016","https://www.scopus.com/pages/publications/105041146042?origin=resultslist","Institute for Microsensors, Actuators and Systems, Universität Bremen, Bremen, 28359, Germany; Faserinstitut Bremen e.V. (FIBRE), Universität Bremen, Bremen, 28359, Germany; Dept. of Computer Science, University of Koblenz, Koblenz, 56070, Germany; Department of Physics, Kent State University, Kent, 44242, OH, United States; MAPEX Center for Materials and Processes, University of Bremen, Bremen, 28359, Germany","Bornemann S., Institute for Microsensors, Actuators and Systems, Universität Bremen, Bremen, 28359, Germany; Polle C., Faserinstitut Bremen e.V. (FIBRE), Universität Bremen, Bremen, 28359, Germany; Bosse S., Dept. of Computer Science, University of Koblenz, Koblenz, 56070, Germany; May D., Faserinstitut Bremen e.V. (FIBRE), Universität Bremen, Bremen, 28359, Germany, MAPEX Center for Materials and Processes, University of Bremen, Bremen, 28359, Germany; Skowrons M., Department of Physics, Kent State University, Kent, 44242, OH, United States; Jakli A., Department of Physics, Kent State University, Kent, 44242, OH, United States; Lussem B., Institute for Microsensors, Actuators and Systems, Universität Bremen, Bremen, 28359, Germany, MAPEX Center for Materials and Processes, University of Bremen, Bremen, 28359, Germany","Monitoring the structural health of composite materials such as fiber-laminates is essential for the safe use of these materials e.g. in the aviation or building sector. Thin and flexible sensors as well as signal processing circuits based on organic-electrochemical transistors (OECTs) can potentially be embedded into composite materials, providing a means of sensing and data processing inside the material, which can be used to monitor for potential damage. In the current work, OECTs are investigated for their potential to be integrated into composite panels. Specifically, we investigate the stability of OECTs inside fiber laminates and the influence of processing conditions (temperature, pressure) on the device performance. During processing of composite plates, the devices will be exposed to high temperatures and high pressures, which can lead to a change in the properties of the OECTs, potentially damaging the devices. Besides investigating the integration and technological challenges, simulation of OECT devices using Verilog-A models and the Spice3 simulator as well as a composition of a small signal processing circuit are studied. The parametrizable simulation model is fitted to experimental OECT output curves. The goal is to integrate the entire information and communication technology in analog electronics providing advantages in power consumption and component density compared to digital and microcontroller circuits commonly used in sensor nodes. We investigate the behavior of real devices as well as electronic simulation using Verilog-A device models based on physical models and experimental data. A simple OECT difference amplifier circuit is analyzed. In this work we outline the roadmap to fully integrated smart sensors and sensor networks using additive technologies and in-sensor analog signal and information processing. © 2025 The Authors. Published by Elsevier B.V.","embedded computing; FRP; in-sensor signal processing; network; OECT; sensor; SHM; smart","Composite materials; Data handling; Embedded systems; Flexible electronics; Green computing; Laminates; SPICE; Composites material; Embedded computing; FRP; In-sensor signal processing; Network; Organic electrochemical transistors; Sensor signals; SHM; Signal-processing; Smart; Sensor nodes; Structural health monitoring","S. Bornemann; Institute for Microsensors, Actuators and Systems, Universität Bremen, Bremen, 28359, Germany; email: sbornemann@imsas.uni-bremen.de","Bosse S.; Lehmhus D.","Elsevier B.V.","18770509","","","","English","Procedia Comput. Sci.","Conference paper","Final","All Open Access; Gold Open Access","Scopus","2-s2.0-105041146042"
"Varoumas S.; Pesin B.; Vaugon B.; Chailloux E.","Varoumas, Steven (57209978416); Pesin, Basile (57218576816); Vaugon, Benoît (56974483200); Chailloux, Emmanuel (6506184041)","57209978416; 57218576816; 56974483200; 6506184041","Programming microcontrollers through high-level abstractions: The OMicroB project","2023","Journal of Computer Languages","77","","101228","","","2","10.1016/j.cola.2023.101228","https://www.scopus.com/pages/publications/85171337618?origin=resultslist","Huawei Technologies Research & Development UK, Cambridge, United Kingdom; INRIA Paris, Parkas, France; Armadillo, Vanves, 92170, France; Sorbonne Université, CNRS, LIP6, Paris, F-75005, France","Varoumas S., Huawei Technologies Research & Development UK, Cambridge, United Kingdom; Pesin B., INRIA Paris, Parkas, France; Vaugon B., Armadillo, Vanves, 92170, France; Chailloux E., Sorbonne Université, CNRS, LIP6, Paris, F-75005, France","In this paper, we present an approach for programming microcontrollers that provides more expressivity and safety than the low-level language approach traditionally used to program such devices. To this end, we provide various abstraction layers (abstraction of the microcontroller, of the electronic components of the circuit, and of concurrency) which, while being adapted to the scarce resources of the hardware, offer high-level programming traits for the development of embedded applications. The various presented abstractions make use of an OCaml virtual machine, called OMicroB, which is able to run on devices with limited resources. These take advantage of the expressivity and safety of the OCaml language (parameterized modules, advanced type system). Its extensibility allows to define a synchronous extension to manage concurrency while keeping a good level of efficiency at execution. We illustrate the value of our work on both entertainment applications and embedded software examples. © 2023 Elsevier Ltd","Functors; High-level programming; Microcontrollers; OCaml; Synchronous programming; Virtual machine","Abstracting; Application programs; Controllers; High level languages; Microcontrollers; Network security; Abstraction layer; Electronic component; Functors; High-level abstraction; High-level programming; Higher-level abstraction; Low-level language; Ocaml; Scarce resources; Synchronous programming; Virtual machine","E. Chailloux; Sorbonne Université, CNRS, LIP6, Paris, F-75005, France; email: emmanuel.chailloux@lip6.fr","","Elsevier Ltd","26659182","","","","English","J. Com. Lan.","Article","Final","All Open Access; Green Open Access","Scopus","2-s2.0-85171337618"
"Sarkar A.; Sheeran M.","Sarkar, Abhiroop (57219448989); Sheeran, Mary (55883770900)","57219448989; 55883770900","Hailstorm: A statically-typed, purely functional language for IoT applications","2020","ACM International Conference Proceeding Series","","","3414092","","","11","10.1145/3414080.3414092","https://www.scopus.com/pages/publications/85092760877?origin=resultslist","Chalmers University, Chal mers, Sweden","Sarkar A., Chalmers University, Chal mers, Sweden; Sheeran M., Chalmers University, Chal mers, Sweden","With the growing ubiquity of Internet of Things (IoT), more complex logic is being programmed on resource-constrained IoT devices, almost exclusively using the C programming language. While C provides low-level control over memory, it lacks a number of high-level programming abstractions such as higher-order functions, polymorphism, strong static typing, memory safety, and automatic memory management. We present Hailstorm, a statically-typed, purely functional programming language that attempts to address the above problem. It is a high-level programming language with a strict typing discipline. It supports features like higher-order functions, tail-recursion, and automatic memory management, to program IoT devices in a declarative manner. Applications running on these devices tend to be heavily dominated by I/O. Hailstorm tracks side effects like I/O in its type system using resource types. This choice allowed us to explore the design of a purely functional standalone language, in an area where it is more common to embed a functional core in an imperative shell. The language borrows the combinators of arrowized FRP, but has discrete-time semantics. The design of the full set of combinators is work in progress, driven by examples. So far, we have evaluated Hailstorm by writing standard examples from the literature (earthquake detection, a railway crossing system and various other clocked systems), and also running examples on the GRiSP embedded systems board, through generation of Erlang.  © 2020 ACM.","compilers; embedded systems; functional programming; IoT","Ada (programming language); Embedded systems; Internet of things; Logic programming; Semantics; Storms; Automatic memory management; Earthquake detection; High-level programming; High-level programming language; Higher order functions; Internet of Things (IOT); Low level control; Purely functional; Functional programming","","","Association for Computing Machinery","","978-145038821-4","","","English","ACM Int. Conf. Proc. Ser.","Conference paper","Final","All Open Access; Green Open Access","Scopus","2-s2.0-85092760877"
"Santos R.C.M.; Lima G.F.; Sant’Anna F.; Ierusalimschy R.; Haeusler E.H.","Santos, Rodrigo C.M. (49962320300); Lima, Guilherme F. (55954219800); Sant’Anna, Francisco (35183862400); Ierusalimschy, Roberto (55925861600); Haeusler, Edward H. (6603717884)","49962320300; 55954219800; 35183862400; 55925861600; 6603717884","A memory-Bounded, deterministic and terminating semantics for the synchronous programming language céu","2018","Proceedings of the ACM SIGPLAN Conference on Languages, Compilers, and Tools for Embedded Systems (LCTES)","","","","1","18","2","10.1145/3211332.3211334","https://www.scopus.com/pages/publications/85050102348?origin=resultslist","PUC-Rio, Brazil; UERJ, Brazil","Santos R.C.M., PUC-Rio, Brazil; Lima G.F., PUC-Rio, Brazil; Sant’Anna F., UERJ, Brazil; Ierusalimschy R., PUC-Rio, Brazil; Haeusler E.H., PUC-Rio, Brazil","Céu is a synchronous programming language for embedded soft real-time systems. It focuses on control-flow safety features, such as safe shared-memory concurrency and safe abortion of lines of execution, while enforcing memory-bounded, deterministic, and terminating reactions to the environment. In this work, we present a small-step structural operational semantics for Céu and a proof that reactions have the properties enumerated above: that for a given arbitrary timeline of input events, multiple executions of the same program always react in bounded time and arrive at the same final finite memory state. © 2018 Association for Computing Machinery.","Determinism; Operational semantics; Synchronous languages; Termination","Concurrency control; Embedded systems; Interactive computer systems; Program compilers; Real time systems; Semantics; Determinism; Operational semantics; Safety features; Soft real-time systems; Structural operational semantics; Synchronous languages; Synchronous programming; Termination; C (programming language)","","Dubach C.; Zhang Z.","Association for Computing Machinery","","978-145035803-3","","","English","Proc. ACM SIGPLAN Conf. Lang. Compilers Tools Embedded Syst.","Conference paper","Final","","Scopus","2-s2.0-85050102348"
"Aguado J.; Mendler M.; von Hanxleden R.; Fuhrmann I.","Aguado, Joaquín (8409620700); Mendler, Michael (55881981000); von Hanxleden, Reinhard (10045077200); Fuhrmann, Insa (55884604800)","8409620700; 55881981000; 10045077200; 55884604800","Denotational fixed-point semantics for constructive scheduling of synchronous concurrency","2015","Acta Informatica","52","4-5","","393","442","8","10.1007/s00236-015-0238-x","https://www.scopus.com/pages/publications/84930416943?origin=resultslist","Bamberg University, Bamberg, Germany; Department of Computer Science, Kiel University, Kiel, Germany","Aguado J., Bamberg University, Bamberg, Germany; Mendler M., Bamberg University, Bamberg, Germany; von Hanxleden R., Department of Computer Science, Kiel University, Kiel, Germany; Fuhrmann I., Department of Computer Science, Kiel University, Kiel, Germany","The synchronous model of concurrent computation (SMoCC) is well established for programming languages in the domain of safety-critical reactive and embedded systems. Translated into mainstream C/Java programming, the SMoCC corresponds to a cyclic execution model in which concurrent threads are synchronised on a logical clock that cuts system computation into a sequence of macro-steps. A causality analysis verifies the existence of a schedule on memory accesses to ensure each macro-step is deadlock-free and determinate. We introduce an abstract semantic domain $$I(\mathbb {D}, \mathbb {P})$$I(D,P) and an associated denotational fixed-point semantics for reasoning about concurrent and sequential variable accesses within a synchronous cycle-based model of computation. We use this domain for a new and extended behavioural definition of Berry’s causality analysis in terms of approximation intervals. The domain $$I(\mathbb {D}, \mathbb {P})$$I(D,P) extends the domain $$I(\mathbb {D})$$I(D) from our previous work and fixes a mistake in the treatment of initialisations. Based on this fixed-point semantics we propose the notion of Input Berry-constructiveness (IBC) for synchronous programs. This new IBC class lies properly between strong (SBC) and normal Berry-constructiveness (BC) defined in previous work. SBC and BC are two ways to interpret the standard constructive semantics of synchronous programming, as exemplified by imperative SMoCC languages such as Esterel or Quartz. SBC is often too restrictive as it requires all variables to be initialised by the program. BC can be too permissive because it initialises all variables to a fixed value, by default. Where the initialisation happens through the memory, e.g., when carrying values from one synchronous tick to the next, then IBC is more appropriate. IBC links two levels of execution, the macro-step level and the micro-step level. We prove that the denotational fixed-point analysis for IBC, and hence Berry’s causality analysis, is sound with respect to operational micro-level scheduling. The denotational model can thus be viewed as a compositional presentation of a synchronous scheduling strategy that ensures reactiveness and determinacy for imperative concurrent programming. © 2015, Springer-Verlag Berlin Heidelberg.","","Computational linguistics; Computer programming; Embedded systems; Fruits; Quartz; Scheduling; Semantics; Concurrent computation; Concurrent programming; Constructive semantics; Denotational models; Fixed point analysis; Model of computation; Scheduling strategies; Synchronous programming; C (programming language)","","","Springer Verlag","00015903","","AINFA","","English","Acta Inform.","Article","Final","","Scopus","2-s2.0-84930416943"
"Schneider K.; Wenz M.","Schneider, K. (58406421600); Wenz, M. (57190916940)","58406421600; 57190916940","A new method for compiling schizophrenic synchronous programs","2001","CASES 2001 - Proceedings of the 2001 International Conference on Compilers, Architecture, and Synthesis for Embedded Systems","","","","49","58","21","10.1145/502217.502226","https://www.scopus.com/pages/publications/84887910786?origin=resultslist","University of Karlsruhe, Institute for Computer Design and Fault Tolerance, Germany","Schneider K., University of Karlsruhe, Institute for Computer Design and Fault Tolerance, Germany; Wenz M., University of Karlsruhe, Institute for Computer Design and Fault Tolerance, Germany","Synchronous programming languages have proved to be advantageous for designing software and hardware for embedded systems. Despite their clear semantics, their compilation is remarkably difficult: In particular, one has to take care of potential schizophrenia problems. Although these problems are correctly translated with existing compilers, there is still a need for clean algorithms. In this paper, we present the first solution to eliminate schizophrenia problems by program transformations. These transformations are used for compilation, but also for increasing the readability of programs. Copyright 2001 ACM.","Code generation; Reactive systems; Synchronous languages","Diseases; Problem oriented languages; Program compilers; Semantics; CLEAN algorithms; Code Generation; Designing softwares; Program transformations; Reactive system; Synchronous languages; Synchronous program; Synchronous programming; Embedded systems","","","Association for Computing Machinery, Inc","","1581133995; 978-158113399-8","","","English","CASES - Proc. Int. Conf. Compil., Archit., Synth. Embed. Syst.","Conference paper","Final","","Scopus","2-s2.0-84887910786"
"Li X.; Boldt M.; Von Hanxleden R.","Li, Xin (57775480800); Boldt, Marian (10044296100); Von Hanxleden, Reinhard (10045077200)","57775480800; 10044296100; 10045077200","Mapping Esterel onto a multi-threaded embedded processor","2006","ACM SIGPLAN Notices","41","11","","303","314","2","10.1145/1168918.1168896","https://www.scopus.com/pages/publications/33846546600?origin=resultslist","Real-Time and Embedded Systems Group, Department of Computer Science, Christian-Albrechts-Universität zu Kiel, D-24098 Kiel, Olshausenstr. 40, Germany","Li X., Real-Time and Embedded Systems Group, Department of Computer Science, Christian-Albrechts-Universität zu Kiel, D-24098 Kiel, Olshausenstr. 40, Germany; Boldt M., Real-Time and Embedded Systems Group, Department of Computer Science, Christian-Albrechts-Universität zu Kiel, D-24098 Kiel, Olshausenstr. 40, Germany; Von Hanxleden R., Real-Time and Embedded Systems Group, Department of Computer Science, Christian-Albrechts-Universität zu Kiel, D-24098 Kiel, Olshausenstr. 40, Germany","The synchronous language Esterel is well-suited for programming control-dominated reactive systems at the system level. It provides non-traditional control structures, in particular concurrency and various forms of preemption, which allow to concisely express reactive behavior. As these control structures cannot be mapped easily onto traditional, sequential processors, an alternative approach that has emerged recently makes use of special-purpose reactive processors. However, the designs proposed so far have limitations regarding completeness of the language support, and did not really take advantage of compile-time knowledge to optimize resource usage. This paper presents a reactive processor, the Kiel Esterel Processor 3a (KEP3a), and its compiler. The KEP3a improves on earlier designs in several areas; most notable are the support for exception handling and the provision of context-dependent preemption handling instructions. The KEP3a compiler presented here is to our knowledge the first for multi-threaded reactive processors. The translation of Esterel's preemption constructs onto KEP3a assembler is straightforward; however, a challenge is the correct and efficient representation of Esterel's concurrency. The compiler generates code that respects data and control dependencies using the KEP3a priority-based scheduling mechanism. We present a priority assignment approach that makes use of a novel concurrent control flow graph and has a complexity that in practice tends to be linear in the size of the program. Unlike earlier Esterel compilation schemes, this approach avoids unnecessary context switches by considering each thread's actual execution state at run time. Furthermore, it avoids code replication present in other approaches.and embedded systems; D.3.4 [PROGRAMMING LANGUAGES] : Processors - Compilers, Optimization Copyright © 2006 ACM.","Concurrency; Esterel; Low-power processing; Multi-threading; Reactive systems","Concurrency control; Control systems; Embedded systems; Program compilers; Program processors; Esterel; Low-power processing; Multi-threading; Reactive systems; Computer programming languages","X. Li; Real-Time and Embedded Systems Group, Department of Computer Science, Christian-Albrechts-Universität zu Kiel, D-24098 Kiel, Olshausenstr. 40, Germany; email: xli@informatik.uni-kiel.de","","Association for Computing Machinery (ACM)","15232867","","","","English","ACM SIGPLAN Not.","Conference paper","Final","","Scopus","2-s2.0-33846546600"
"Sant’Anna F.; Ierusalimschy R.; Rodriguez N.; Rossetto S.; Branco A.","Sant’Anna, Francisco (35183862400); Ierusalimschy, Roberto (55925861600); Rodriguez, Noemi (7103138636); Rossetto, Silvana (21743607300); Branco, Adriano (56147589500)","35183862400; 55925861600; 7103138636; 21743607300; 56147589500","The design and implementation of the synchronous language CÉU","2017","ACM Transactions on Embedded Computing Systems","16","4","98","","","15","10.1145/3035544","https://www.scopus.com/pages/publications/85026513870?origin=resultslist","UERJ, Rua São Francisco Xavier, 524, Pavilhão Reitor João Lyra Filho, 6? andar - Diretoria - Sala 6019 - Bloco B, Rio de Janeiro, CEP: 20550-900, Brazil; PUC–Rio, Departamento de Informática, Rua Marquês de São Vicente 225, Rio de Janeiro, 22451-900, Brazil; UFRJ, Departamento de Ciência da Computação, Instituto de Matemática, Universidade Federal do Rio de Janeiro, Caixa Postal 68.530, Rio de Janeiro, CEP 21941-590, Brazil","Sant’Anna F., UERJ, Rua São Francisco Xavier, 524, Pavilhão Reitor João Lyra Filho, 6? andar - Diretoria - Sala 6019 - Bloco B, Rio de Janeiro, CEP: 20550-900, Brazil; Ierusalimschy R., PUC–Rio, Departamento de Informática, Rua Marquês de São Vicente 225, Rio de Janeiro, 22451-900, Brazil; Rodriguez N., PUC–Rio, Departamento de Informática, Rua Marquês de São Vicente 225, Rio de Janeiro, 22451-900, Brazil; Rossetto S., UFRJ, Departamento de Ciência da Computação, Instituto de Matemática, Universidade Federal do Rio de Janeiro, Caixa Postal 68.530, Rio de Janeiro, CEP 21941-590, Brazil; Branco A., PUC–Rio, Departamento de Informática, Rua Marquês de São Vicente 225, Rio de Janeiro, 22451-900, Brazil","CÉU is a synchronous language targeting soft real-time systems. It is inspired by Esterel and has a simple semantics with fine-grain control over program execution. CÉU uses an event-triggered notion of time that enables compile-time checks to detect conflicting concurrent statements, resulting in deterministic and concurrency-safe programs. We present the particularities of our design in comparison to Esterel, such as stack-based internal events, concurrency checks, safe integration with C, and first-class timers. We also present two implementation back ends: one aiming for resource efficiency and interoperability with C, and another as a virtual machine that allows remote reprogramming. © 2017 ACM","Concurrency; Determinism; Embedded systems; Esterel; Reactivity; Synchronous","Concurrency control; Embedded systems; Esters; Interactive computer systems; Reactivity (nuclear); Real time systems; Semantics; Concurrency; Design and implementations; Determinism; Esterel; Resource efficiencies; Soft real-time systems; Synchronous; Synchronous languages; C (programming language)","","","Association for Computing Machinery","15399087","","","","English","ACM Trans. Embedded Comput. Syst.","Article","Final","","Scopus","2-s2.0-85026513870"
"Edwards S.A.","Edwards, Stephen A. (7401520724)","7401520724","An Esterel compiler for large control-dominated systems","2002","IEEE Transactions on Computer-Aided Design of Integrated Circuits and Systems","21","2","","169","183","65","10.1109/43.980257","https://www.scopus.com/pages/publications/0036473766?origin=resultslist","IEEE, United States; Synopsys, Inc., Mountain View, CA, United States; Department of Computer Science, Columbia University, New York, NY 10027, United States","Edwards S.A., IEEE, United States, Synopsys, Inc., Mountain View, CA, United States, Department of Computer Science, Columbia University, New York, NY 10027, United States","Embedded hard real-time software systems often need fine-grained parallelism and precise control of timing, things typical real-time operating systems do not provide. The Esterel language has both, but compiling large Esterel programs has been challenging, producing either needlessly slow or large code. This paper presents the first Esterel compiler able to compile large Esterel programs into fast, small code. By choosing a concurrent control-flow graph (CCFG) as its intermediate representation, it preserves many of the control constructs to produce code that can be 100 times faster and half the size than code from other compilers with similar capacity. The primary contribution is an algorithm that generates efficient sequential code from a CCFG. While developed specifically for compiling Esterel, the algorithm could be used to compile other synchronous languages with fine-grained parallelism.","Code generation; Compilers; Concurrency; Embedded systems; Esterel; Reactive; Real-time language; Synchronous","Algorithms; Concurrency control; Embedded systems; Graph theory; High level languages; Real time systems; Code generation; Concurrent control flow graph; Esterel compiler; Program compilers","S.A. Edwards; Department of Computer Science, Columbia University, New York, NY 10027, United States; email: sedwards@cs.columbia.edu","","","02780070","","ITCSD","","English","IEEE Trans Comput Aided Des Integr Circuits Syst","Article","Final","","Scopus","2-s2.0-0036473766"
"Gueye S.M.-K.; Rutten É.; Diguet J.-P.","Gueye, Soguy Mak-Kare (55605210300); Rutten, Eric (56276265500); Diguet, Jean-Philippe (35614416800)","55605210300; 56276265500; 35614416800","Autonomic management of reconfigurations in DPR FPGA-based embedded system","2018","Proceedings - 2018 International Conference on High Performance Computing and Simulation, HPCS 2018","","","8514398","557","558","0","10.1109/HPCS.2018.00093","https://www.scopus.com/pages/publications/85057422216?origin=resultslist","Univ. Grenoble Alpes, Inria, Grenoble INP, Grenoble, F-38000, France; CNRS, Université Bretagne Sud, LAB-STICC, Lorient, F-56321, France","Gueye S.M.-K., Univ. Grenoble Alpes, Inria, Grenoble INP, Grenoble, F-38000, France; Rutten É., Univ. Grenoble Alpes, Inria, Grenoble INP, Grenoble, F-38000, France; Diguet J.-P., CNRS, Université Bretagne Sud, LAB-STICC, Lorient, F-56321, France","Implementing self-Adaptive embedded systems, such as UAVs, involves an offline provisioning of the several implementations of the embedded functionalities with different characteristics in resource usage and performance in order for the system to dynamically adapt itself under uncertainties. FPGA-based architectures offer for support for high flexibility with dynamic reconfiguration features. We propose an autonomic control architecture for self-Adaptive and self-reconfigurable FPGA-based embedded systems. The control architecture is structured in three layers: A mission manager, a reconfiguration manager and a scheduling manager. In this work we focus on the design of the reconfiguration manager. We propose a design approach using automata-based discrete control. It involves reactive programming that provides formal semantics, and discrete controller synthesis from declarative objectives. © 2018 IEEE.","","Adaptive control systems; Dynamic models; Embedded systems; Field programmable gate arrays (FPGA); Formal methods; Integrated circuit design; Managers; Reconfigurable architectures; Semantics; Autonomic management; Control architecture; Discrete controller synthesis; Dynamic re-configuration; FPGA-based architectures; Reactive programming; Reconfiguration manager; Self-reconfigurable; Reconfigurable hardware","","Zine-Dine K.; Smari W.W.","Institute of Electrical and Electronics Engineers Inc.","","978-153867878-7","","","English","Proc. - Int. Conf. High Perform. Comput. Simul., HPCS","Conference paper","Final","All Open Access; Green Open Access","Scopus","2-s2.0-85057422216"
"Williams B.C.; Ingham M.D.; Chung S.H.; Elliott P.H.","Williams, Brian C. (7404502203); Ingham, Michel D. (7004330449); Chung, Seung H. (55220387800); Elliott, Paul H. (26660964200)","7404502203; 7004330449; 55220387800; 26660964200","Model-based programming of intelligent embedded systems and robotic space explorers","2003","Proceedings of the IEEE","91","1","","212","236","137","10.1109/JPROC.2002.805828","https://www.scopus.com/pages/publications/0141727275?origin=resultslist","IEEE, United States; Space Systems and Artificial Intelligence Laboratories, Massachusetts Institute of Technology, Cambridge, MA 02139, United States; MIT, United States; Advisory Council, NASA Jet Propulsion Laboratory, Pasadena, CA, United States; MIT, Space Systems Laboratory, United States; Artificial Intelligence Group, NASA Jet Propulsion Laboratory, United States","Williams B.C., IEEE, United States, Space Systems and Artificial Intelligence Laboratories, Massachusetts Institute of Technology, Cambridge, MA 02139, United States, MIT, United States, Advisory Council, NASA Jet Propulsion Laboratory, Pasadena, CA, United States; Ingham M.D., Space Systems and Artificial Intelligence Laboratories, Massachusetts Institute of Technology, Cambridge, MA 02139, United States, MIT, United States, MIT, Space Systems Laboratory, United States, Artificial Intelligence Group, NASA Jet Propulsion Laboratory, United States; Chung S.H., Space Systems and Artificial Intelligence Laboratories, Massachusetts Institute of Technology, Cambridge, MA 02139, United States; Elliott P.H., Space Systems and Artificial Intelligence Laboratories, Massachusetts Institute of Technology, Cambridge, MA 02139, United States","Programming complex embedded systems involves reasoning through intricate system interactions along lengthy paths between sensors, actuators, and control processors. This is a challenging, time-consuming, and error-prone process requiring significant interaction between engineers and software programmers. Furthermore, the resulting code generally lacks modularity and robustness in the presence of failure. Model-based programming addresses these limitations, allowing engineers to program reactive systems by specifying high-level control strategies and by assembling commonsense models of the system hardware and software. In executing a control strategy, model-based executives reason about the models ""on the fly,"" to track system state, diagnose faults, and perform reconfigurations. This paper develops the Reactive Model-Based Programming Language (RMPL) and its executive, called Titan. RMPL provides the features of synchronous, reactive languages, with the added ability of reading and writing to state variables that are hidden within the physical plant being controlled. Titan executes an RMPL program using extensive component-based declarative models of the plant to track states, analyze anomalous situations, and generate novel control sequences. Within its reactive control loop, Titan employs prepositional inference to deduce the system's current and desired states, and it employs model-based reactive planning to move the plant from the current to the desired state. © 2003 IEEE.","Constraint programming; Model-based autonomy; Model-based execution; Model-based programming; Model-based reasoning; Robotic execution; Synchronous programming","Actuators; Embedded systems; Planning; Robotics; Robustness (control systems); Sensors; Component-based declarative models; Model-Based Programming Language; Reactive control loop; Computer programming","B.C. Williams; MIT, Cambridge, MA, United States; email: williams@mit.edu","","Institute of Electrical and Electronics Engineers Inc.","00189219","","IEEPA","","English","Proc. IEEE","Article","Final","","Scopus","2-s2.0-0141727275"
"","","","4th International Conference on Foundations of Software Science and Computation Structures, FOSSACS 2001 Held as Part of the Joint European Conferences on Theory and Practice of Software, ETAPS 2001","2001","Lecture Notes in Computer Science (including subseries Lecture Notes in Artificial Intelligence and Lecture Notes in Bioinformatics)","2030","","","1","412","0","","https://www.scopus.com/pages/publications/84945278131?origin=resultslist","","","The proceedings contain 27 papers. The special focus in this conference is on Foundations of Software Science and Computation Structures. The topics include: Secrecy types for asymmetric communication; type isomorphisms and proof reuse in dependent type theory; on the duality between observability and reachability; the finite graph problem for two-way alternating automata; high-level Petri nets as type theories in the join calculus; temporary data in shared dataspace coordination languages; the complexity of model checking mobile ambients; synchronized tree languages revisited and new applications; computational completeness of programming languages based on graph transformation; class analysis of object-oriented programs through abstract interpretation; foundations for a graph-based approach to the specification of access control policies; categories of processes enriched in final coalgebras; on regular message sequence chart languages and relationships to mazurkiewicz trace theory; decidability of weak bisimilarity for a subset of basic parallel processes; an axiomatic semantics for the synchronous language gentzen and MARRELLA and the verification of an embedded system.","","","","Università di Udine, Dipartimento di Matematica e Informatica, Via delle Scienze 206, Udine, 33100; Honsell F.; Miculan M.","Springer Verlag","03029743","3540418644","","","English","Lect. Notes Comput. Sci.","Conference review","Final","","Scopus","2-s2.0-84945278131"
"Gamatie A.","Gamatie, Abdoulaye (16301118500)","16301118500","Designing embedded systems with the SIGNAL programming language: Synchronous, reactive specification","2010","Designing Embedded Systems with the SIGNAL Programming Language: Synchronous, Reactive Specification","","","","1","259","41","10.1007/978-1-4419-0941-1","https://www.scopus.com/pages/publications/84892320021?origin=resultslist","CNRS-UMR 8022 (LIFL), INRIA Lille-Nord Europe, Parc Scientifique de la Haute Borne, Villeneuve d'Ascq 59650, avenue Halle 40, France","Gamatie A., CNRS-UMR 8022 (LIFL), INRIA Lille-Nord Europe, Parc Scientifique de la Haute Borne, Villeneuve d'Ascq 59650, avenue Halle 40, France","This book is about synchronous programming for the design of, safety critical, embedded systems, such as automotive systems, avionics, nuclear power plants and telecommunication systems. The techniques presented promote the use of formal concepts, i.e. those having a mathematically sound basis. Such concepts enable non ambiguous and rigorous reasoning about the critical properties of addressed systems in order to ensure their reliability. The synchronous programming language, SIGNAL, is used to demonstrate the pragmatic design of embedded systems. This is an invaluable tutorial/reference for scientists, practitioners and students. •Presents the best pedagogical illustration of embedded system design with a synchronous dataflow programming language; •Offers a complete overview of a language and its associated analysis techniques for the design of multi-clocked embedded systems; •Describes a formal specification language that provides users with design and analysis tools to guarantee the reliability of safety-critical, embedded systems; •Enables ""correct-by-construction"" designs for modern embedded systems, built on distributed architectures. Among synchronous programming paradigms, Polychrony stands out for its ability to specify dataflow relationally, its freedom from single clock driven semantics, and its clock calculus that allows one to infer when single clock driven sequential software implementation is implied by the specification, and when refinements are required for such implementation. The SIGNAL language embodies Polychrony. There has been a void in the literature for a good single source which researchers can refer to, for learning the SIGNAL language, its semantics, and its usage. Abdoulaye Gamatié has successfully used the SIGNAL language and the Polychrony toolset to implement realistic designs in the past. I believe that his book on the SIGNAL language will certainly be a very valuable resource for anyone interested in learning the SIGNAL language and its multi-clock semantics, and how to use it to specify and implement embedded software in a refinement methodology supported by extensive theory and tools developed at INRIA, Rennes. Sandeep Shukla, Virginia Polytechnic and State University. © Springer Science+Business Media, LLC 2010. All rights reserved.","","","A. Gamatie; CNRS-UMR 8022 (LIFL), INRIA Lille-Nord Europe, Parc Scientifique de la Haute Borne, Villeneuve d'Ascq 59650, avenue Halle 40, France; email: abdoulaye.gamatie@lifl.fr","","Springer New York","","978-144190940-4","","","English","Des. Embedded Syst. with the Sign. Program. Language: Synchronous, Reactive Specification","Book","Final","","Scopus","2-s2.0-84892320021"
"Moussa M.; Williams A.; Roffe S.; Morton D.","Moussa, Mark (58736031700); Williams, Andre (60245662500); Roffe, Seth (57219402800); Morton, Douglas (57203078013)","58736031700; 60245662500; 57219402800; 57203078013","PyroFocus: A Deep Learning Approach to Real-Time Wildfire Detection in Multispectral Remote Sensing Imagery","2025","Proceedings - 2025 IEEE/CVF International Conference on Computer Vision Workshops, ICCV-W 2025","","","","2855","2864","2","10.1109/ICCVW69036.2025.00298","https://www.scopus.com/pages/publications/105035171984?origin=resultslist","Nasa Goddard Space Flight Center, United States","Moussa M., Nasa Goddard Space Flight Center, United States; Williams A., Nasa Goddard Space Flight Center, United States; Roffe S., Nasa Goddard Space Flight Center, United States; Morton D., Nasa Goddard Space Flight Center, United States","Rapid and accurate wildfire detection and quantification are crucial for emergency response and environmental management. In airborne and spaceborne missions, it is useful for real-time detection algorithms to not only classify whether the observed area consists of no fire, active fire or post-fire, but also to discriminate among varying fire intensities. Hyperspectral and multispectral thermal imagers provide sufficient spectral information to address these challenges; however, high data dimensionality and limited onboard resources complicate real-time processing. With wildfires becoming more common, the need for real-time detection is crucial for successful wildfire management and damage mitigation. It is therefore imperative for on-board solutions to achieve both high accuracy and low inference latency at minimal computational cost. In this work, we present several contributions divided into two main parts. First, we systematically evaluate multiple cutting-edge deep learning architectures, such as custom Convolutional Neural Networks (CNN) and Transformer-based models for multi-class fire classification. Second, we propose a novel adaptation of a two-stage pipeline, which we call PyroFocus, consisting of classification of fires and fire radiative power (FRP) regression or image segmentation, designed to significantly reduce inference times and computational requirements for onboard wildfire detection in airborne and spaceborne applications. We evaluate model accuracy, inference latency, and computational cost to identify the most effective solution for resource-constrained environments. Our study leverages a dataset from NASA's MODIS/ASTER Airborne Simulator (MASTER), which provides data similar to that of an in-house next-generation fire detection sensor, NASA's Compact Fire Imager (CFI) [19]. Experimental results indicate that the proposed two-stage pipeline provides favorable trade-offs among inference speed and accuracy, demonstrating strong potential for edge deployment in future wildfire monitoring missions. © 2025 IEEE.","AI; Artificial Intelligence; Deep learning; Machine learning; ML; Remote Sensing; Wildfires","Convolutional neural networks; Damage detection; Deep neural networks; Emergency services; Environmental management; Fire detectors; Fires; Learning systems; NASA; Pipelines; Space applications; Space optics; Computational costs; Deep learning; Learning approach; Machine-learning; ML; Real- time; Real-time detection; Remote-sensing; Wildfire; Wildfire detection; Economic and social effects; Remote sensing","","","Institute of Electrical and Electronics Engineers Inc.","","979-833158988-2","","","English","Proc. - IEEE/CVF Int. Conf. Computer Vis. Workshops, ICCV-W","Conference paper","Final","","Scopus","2-s2.0-105035171984"
"Zou X.; Cheng A.M.K.; Jiang Y.","Zou, Xingliang (56637540500); Cheng, Albert M.K. (7402075079); Jiang, Yu (57192978212)","56637540500; 7402075079; 57192978212","P-FRP task scheduling: A survey","2016","2016 1st CPSWeek Workshop on Declarative Cyber-Physical Systems, DCPS 2016","","","7588295","","","6","10.1109/DCPS.2016.7588295","https://www.scopus.com/pages/publications/85009727600?origin=resultslist","Department of Computer Science University of Houston, Houston, 77004, TX, United States; School of Computer Science and Technology Heilongjiang University Harbin, Heilongjiang, 150080, China","Zou X., Department of Computer Science University of Houston, Houston, 77004, TX, United States; Cheng A.M.K., School of Computer Science and Technology Heilongjiang University Harbin, Heilongjiang, 150080, China; Jiang Y., School of Computer Science and Technology Heilongjiang University Harbin, Heilongjiang, 150080, China","Functional Reactive Programming (FRP) is a declarative approach for modeling and building reactive systems. The FRP has been shown to be an expressive formalism for building graphics, robotic, and vision applications. The Priority-based FRP (P-FRP) is a formalism of FRP that allows preemption of execution and guarantees real-Time response. Since functional programs cannot maintain state and mutable data, changes made by programs that are preempted have to be rolled back, and the work done by the preempted programs has to be discarded. Hence in the P-FRP model, a preempted lower priority task will have to restart after higher priority tasks have completed execution. Current real-Time research mainly focuses on the classic preemptive or non-preemptive models and plenty methods have been developed to analyze the real-Time guarantees of these models. Unfortunately, due to its transactional nature where preempted tasks are aborted and have to restart, the execution semantics of the P-FRP model does not fit into the standard definitions of classic preemptive or non-preemptive execution. In this survey paper, we review existing researches on the P-FRP task scheduling, and present a few research areas for future work. © 2016 IEEE.","P-FPR Scheduling; Priority Assignment; Response Time Analysis; SchedulabilityTest","Computer vision; Functional programming; Multitasking; Scheduling algorithms; Semantics; Surveys; Functional programs; Functional reactive programming; Priority assignment; Real time guarantees; Response-time analysis; SchedulabilityTest; Standard definitions; Vision applications; Embedded systems","Y. Jiang; School of Computer Science and Technology Heilongjiang University Harbin, Heilongjiang, 150080, China; email: jiangyu@hlju.edu.cn","","Institute of Electrical and Electronics Engineers Inc.","","978-150901150-6","","","English","CPSWeek Workshop Declar. Cyber-Phys. Syst., DCPS","Conference paper","Final","","Scopus","2-s2.0-85009727600"
"Helbling C.; Guyer S.Z.","Helbling, Caleb (57193856633); Guyer, Samuel Z. (8221429100)","57193856633; 8221429100","Juniper: A functional reactive programming language for the Arduino","2016","FARM 2016 - Proceedings of the 4th International Workshop on Functional Art, Music, Modelling, and Design, co-located with ICFP 2016","","","","8","16","27","10.1145/2975980.2975982","https://www.scopus.com/pages/publications/85017180690?origin=resultslist","Tufts University, Medford, MA, United States","Helbling C., Tufts University, Medford, MA, United States; Guyer S.Z., Tufts University, Medford, MA, United States","This paper presents the design and implementation of Juniper: a functional reactive programming language (FRP) targeting the Arduino and related microcontroller systems. Juniper provides a number of high level features, including parametric polymorphic functions, anonymous functions, automatic memory management, and immutable data structures. Also included is a standard library which offers many useful FRP signal processing functions. Juniper is translated to standard C++ and compiled with the existing Arduino development tools, allowing Juniper programs to fit on resource-constrained devices, and enabling seamless interoperability with existing C++ libraries for these devices. © 2016 ACM.","Arduino; Embedded systems; Functional reactive programming; Microcontroller","Ada (programming language); C++ (programming language); Functional programming; Information management; Interoperability; Network security; Arduino; Automatic memory management; Design and implementations; Embedded-system; Functional reactive programming; High-level features; Microcontroller systems; Polymorphic functions; Signal-processing; Standard libraries; Microcontrollers","","Janin D.; Sperber M.","Association for Computing Machinery","","978-145034432-6","","","English","FARM - Proc. Int. Workshop Funct. Art, Music, Model., Des., co-located ICFP","Conference paper","Final","All Open Access; Green Open Access","Scopus","2-s2.0-85017180690"
"Vecchié E.; Talpin J.-P.; Boisgérault S.","Vecchié, Eric (15837673200); Talpin, Jean-Pierre (6602090161); Boisgérault, Sébastien (36195604700)","15837673200; 6602090161; 36195604700","A higher-order extension for imperative synchronous languages","2010","Proceedings of the 13th International Workshop on Software and Compilers for Embedded Systems, SCOPES 2010","","","7","","","3","10.1145/1811212.1811222","https://www.scopus.com/pages/publications/77955146600?origin=resultslist","Mines ParisTech, FR-75272 Paris Cedex 06, 60 Bd St Michel, France; INRIA Rennes - Bretagne Atlantique, Campus de Beaulieu, FR-35042 Rennes Cedex, France","Vecchié E., Mines ParisTech, FR-75272 Paris Cedex 06, 60 Bd St Michel, France; Talpin J.-P., INRIA Rennes - Bretagne Atlantique, Campus de Beaulieu, FR-35042 Rennes Cedex, France; Boisgérault S., Mines ParisTech, FR-75272 Paris Cedex 06, 60 Bd St Michel, France","This article presents the very first effective design of higher-order modules in the synchronous programming language Esterel. Higher-order modules, together with the robust separate compilation scheme that implements it, allow us to address a yet unexplored application spectrum ranging from rapid prototyping of embedded functionality to hot reconfiguration of embedded software within the formal modeling framework of the ""synchronous hypothesis"". While extensions of data-flow synchronous languages had already been proposed for Lustre [11] and Signal [25], the adaptation of similar programming concepts to imperative synchronous frameworks like Esterel has long posed major technical challenges, due to the specificity of its model of computation. We present a framework including a formal semantics, a type system, and a modular code generator, that tackle this challenge. We consider a specific stack-based module call convention and a simple event pooling protocol; in consequence signals can refer to modules and modules can be transmitted and instantiated by referencing a signal. We define a type system that computes the potential emissions of a module and prove it sound. Our type system seamlessly fits an extension of Esterel's constructive semantics with higher-order modules. © 2010 ACM.","","Concurrent engineering; Embedded systems; Formal methods; Job analysis; Linguistics; Program compilers; Query languages; Rapid prototyping; Semantics; Software prototyping; Code generators; Constructive semantics; Dataflow; Esterel; Formal modeling; Formal Semantics; Higher order; Imperative synchronous languages; Model of computation; Programming concepts; Separate compilation; Synchronous framework; Synchronous languages; Synchronous programming; Technical challenges; Type systems; Embedded software","E. Vecchié; Mines ParisTech, FR-75272 Paris Cedex 06, 60 Bd St Michel, France; email: Eric.Vecchie@ensmp.fr","","","","978-145030084-1","","","English","Proc. Int. Workshop Softw. Compilers Embedded Syst., SCOPES","Conference paper","Final","","Scopus","2-s2.0-77955146600"
"Prochnow S.; Traulsen C.; Von Hanxleden R.","Prochnow, Stoffen (14630938800); Traulsen, Claus (14042787700); Von Hanxleden, Reinhard (10045077200)","14630938800; 14042787700; 10045077200","Synthesizing safe state machines from esterel","2006","Proceedings of the ACM SIGPLAN Conference on Languages, Compilers, and Tools for Embedded Systems (LCTES)","2006","","","113","124","9","10.1145/1134650.1134667","https://www.scopus.com/pages/publications/33746067121?origin=resultslist","Real-Time and Embedded Systems Group, Department of Computer Science, Christian-Albrechts-Universität Kiel, D-24118 Kiel, Olshausenstr. 40, Germany","Prochnow S., Real-Time and Embedded Systems Group, Department of Computer Science, Christian-Albrechts-Universität Kiel, D-24118 Kiel, Olshausenstr. 40, Germany; Traulsen C., Real-Time and Embedded Systems Group, Department of Computer Science, Christian-Albrechts-Universität Kiel, D-24118 Kiel, Olshausenstr. 40, Germany; Von Hanxleden R., Real-Time and Embedded Systems Group, Department of Computer Science, Christian-Albrechts-Universität Kiel, D-24118 Kiel, Olshausenstr. 40, Germany","Esterel and Safe State Machines (SSMs) are synchronous languages dedicated to the modeling of embedded reactive systems. While Esterel is a textual language, SSMs are based on the graphical Statecharts formalism. Statecharts are often more intuitive to understand than their textual counterpart, and their animated simulation can help to visualize subtle behaviors of a program. However, in terms of editing speed, revision management, and meta-modeling, the textual nature of Esterel is advantageous. We present an approach to transform Esterel v5 programs into equivalent SSMs. This permits a design flow where the designer develops a system at the Esterel level, but uses a graphical browser and simulator to inspect and validate the system under development. We synthesize SSMs in two phases. The first phase transforms an Esterel program into an equivalent SSM, using a structural translation that results in correct, but typically not very compact SSMs. The second phase iteratively applies optimization rules that aim to reduce the number of states, transitions and hierarchy levels to enhance readability of the SSM. As it turned out, this optimization is also useful for the traditional, manual design of SSMs. The complete transformation has been implemented in a prototypical modeling environment, which allows to demonstrate the practicality of this approach and the compactness of the generated SSMs. Copyright © 2006 ACM.","Esterel; Reactive systems; Safe State Machines; Statecharts; SyncCharts; Textual/graphical languages","Computer simulation; Embedded systems; Formal languages; Optimization; Phase transitions; Animated simulation; Embedded reactive systems; Esterel; Meta-modeling; Reactive systems; Safe State Machines (SSM); Statecharts; SyncCharts; Textual/graphical languages; Computer systems","S. Prochnow; Real-Time and Embedded Systems Group, Department of Computer Science, Christian-Albrechts-Universität Kiel, D-24118 Kiel, Olshausenstr. 40, Germany; email: spr@informatik.uni-kiel.de","","Association for Computing Machinery (ACM)","","159593362X; 978-159593362-1","","","English","Proc. ACM SIGPLAN Conf. Lang. Compilers Tools Embedded Syst.","Conference paper","Final","","Scopus","2-s2.0-33746067121"
"Mueller W.; Meyer A.; Zabel H.","Mueller, Wolfgang (57213664077); Meyer, Arne (56302418200); Zabel, Henning (15137714700)","57213664077; 56302418200; 15137714700","A language for the rapid prototyping of mobile evolving agents","2001","Proceedings of the Hawaii International Conference on System Sciences","","","138","73","","2","10.1109/HICSS.2001.926319","https://www.scopus.com/pages/publications/0034970841?origin=resultslist","33102 Paderborn, C-LAB, Fuerstenallee 11, Germany","Mueller W., 33102 Paderborn, C-LAB, Fuerstenallee 11, Germany; Meyer A., 33102 Paderborn, C-LAB, Fuerstenallee 11, Germany; Zabel H., 33102 Paderborn, C-LAB, Fuerstenallee 11, Germany","This article presents SAL, a general purpose scripting language for the rapid development of distributed software agents seamlessly embedded a visual environment. Integrated facilities for dynamic visualization provide simple but powerful means for debugging and domain-oriented animation. SAL agents are arranged on a set of 2D worksheets which can be distributed over different machines. An agent's program is defined by the means of tables specifying a set of state transition rules with a condition and a sequence of actions each. Beyond basic computation and communication, actions can dynamically modify the agent's depiction, its program, and spawn arbitrary processes. A couple of examples finally demonstrate SAL's applicability in various domains like electronic systems design and process management.","Agent-based Systems; Synchronous Languages; System Prototyping","Animation; Computer debugging; Computer programming languages; Distributed computer systems; Embedded systems; Intelligent agents; System prototyping; Software prototyping","","","","10603425","","","","English","Proc Hawaii Int Conf Syst Sci","Article","Final","","Scopus","2-s2.0-0034970841"
"Lee B.J.; Lee C.H.","Lee, Byoung Jin (57222736588); Lee, Choong Hoon (49361792500)","57222736588; 49361792500","Fuel Rail Pressure Control Characteristics of a GDI High-Pressure Fuel Pump Using a Newly Developed Experimental System Controlled with a Microcontroller","2021","International Journal of Automotive Technology","22","2","","489","497","4","10.1007/s12239-021-0045-z","https://www.scopus.com/pages/publications/85103901775?origin=resultslist","Department of Mechanical and Automotive Engineering, Seoul National University of Science and Technology, Seoul, 01811, South Korea","Lee B.J., Department of Mechanical and Automotive Engineering, Seoul National University of Science and Technology, Seoul, 01811, South Korea; Lee C.H., Department of Mechanical and Automotive Engineering, Seoul National University of Science and Technology, Seoul, 01811, South Korea","An experimental system was developed to evaluate the fuel injection parts of a gasoline direct injection engine. An AC motor and an inverter were used to rotate the camshaft in the engine cylinder head. A single plunger high-pressure fuel pump (HPFP) driven by a square cam at the end of the camshaft was used in the gasoline direct injection engine. The rotation position of the square cam was measured by a rotary encoder. The developed system allows control of the camshaft rotation speed, the HPFP pressure control valve (PCV) opening and closing timing, and the fuel injection duration, which are three important factors affecting the fuel rail pressure (FRP). It is confirmed that the fuel rail pressure can be made to vary wit different combinations of these three factors. By using the experimental system developed in this study, the fuel rail pressure can be effectively controlled in the range of 3 MPa to 20 MPa. The most influential factor for control of the fuel rail pressure was the HPFP PCV opening and closing timings. With the proposed using the experimental system, the rail pressure, fuel rail pressure wave characteristics, and the injector drive characteristics can all be assessed under various fuel injection conditions. © 2021, KSAE.","Fuel rail pressure (FRP); Gasoline direct injection (GDI); High pressure fuel pump (HPFP); Microcontroller; Pressure control valve (PCV)","AC motors; Cams; Camshafts; Cylinder heads; Fuel pumps; Gasoline; Microcontrollers; Pressure control; Drive characteristic; Experimental system; Gasoline direct injection engines; Influential factors; Injection conditions; Injection durations; Pressure control valves; Rotation speed; Direct injection","C.H. Lee; Department of Mechanical and Automotive Engineering, Seoul National University of Science and Technology, Seoul, 01811, South Korea; email: chlee5@seoultech.ac.kr","","Korean Society of Automotive Engineers","12299138","","","","English","Int. J. Automot. Technol.","Article","Final","","Scopus","2-s2.0-85103901775"
"Berthier N.; Maraninchi F.; Mounier L.","Berthier, Nicolas (37116499200); Maraninchi, Florence (57208414472); Mounier, Laurent (6603106167)","37116499200; 57208414472; 6603106167","Synchronous programming of device drivers for global resource control in embedded operating systems","2011","Proceedings of the ACM SIGPLAN Conference on Languages, Compilers, and Tools for Embedded Systems (LCTES)","","","","81","90","1","10.1145/1967677.1967689","https://www.scopus.com/pages/publications/79955651690?origin=resultslist","UJF, Verimag, France; Grenoble INP, Verimag, France; National Center for Scientific Research (CNRS), Grenoble Polytechnic Institute (Grenoble INP), University Joseph Fourier Grenoble (UJF), France","Berthier N., UJF, Verimag, France, National Center for Scientific Research (CNRS), Grenoble Polytechnic Institute (Grenoble INP), University Joseph Fourier Grenoble (UJF), France; Maraninchi F., Grenoble INP, Verimag, France; Mounier L., UJF, Verimag, France","In embedded systems, controlling a shared resource like the bus, or improving a property like power consumption, may be hard to achieve when programming device drivers individually. There is a need for global resource control, taking decisions based on a centralized view of the devices' states. In this paper, we study power consumption in sensor networks, where the nodes are small embedded systems powered by batteries. We concentrate on the hardware/software architecture of a node, where significant gains can be achieved by controlling the consumption modes of the various devices globally. The architecture we propose involves a simple adaptation of the application level, to communicate with the hardware via a control layer. The control layer itself is built from a set of simple automata: the drivers of the devices, whose states correspond to power consumption modes, and a controller that enforces global properties. All these automata are programmed using a synchronous language, whose compiler performs static scheduling and produces a single piece of C code. We explain the approach in details, demonstrate its use with either Contiki or a traditional multithreading operating system, and report on our experiments. Copyright © 2011 ACM.","Automated control; Power-aware implementation; Synchronous paradigm; Wireless sensor networks","Equipment; Network architecture; Program compilers; Sensor nodes; Sensors; Wireless networks; Wireless sensor networks; C (programming language); Computer hardware; Electric power utilization; Embedded software; Multitasking; Network architecture; Power control; Power management; Program compilers; Sensor nodes; Application level; Automated control; C codes; Control layers; Device Driver; Embedded operating systems; Global properties; Global resources; Hardware/software; Multi-threading; Operating systems; Power Consumption; Power-aware implementation; Shared resources; Static scheduling; Synchronous languages; Synchronous paradigm; Synchronous programming; Automated control; Device Driver; Global resources; Power; Power-aware; Power-aware implementation; Resource control; Sensors network; Synchronous paradigm; Wireless sensor; Embedded systems; Embedded systems","N. Berthier; National Center for Scientific Research (CNRS), Grenoble Polytechnic Institute (Grenoble INP), University Joseph Fourier Grenoble (UJF), France; email: nicolas.berthier@imag.fr","","","","978-145030555-6","","","English","Proc. ACM SIGPLAN Conf. Lang. Compilers Tools Embedded Syst.","Conference paper","Final","","Scopus","2-s2.0-79955651690"
"Gautier T.; Le Guernic P.; Besnard L.; Talpin J.-P.","Gautier, Thierry (35953675000); Le Guernic, Paul (6701792272); Besnard, Loïc (55884178800); Talpin, Jean-Pierre (6602090161)","35953675000; 6701792272; 55884178800; 6602090161","The polychronous model of computation and Kahn process networks","2023","Science of Computer Programming","228","","102958","","","3","10.1016/j.scico.2023.102958","https://www.scopus.com/pages/publications/85158909686?origin=resultslist","Inria, IRISA, Campus de Beaulieu, Rennes Cedex, 35042, France; CNRS, IRISA, Campus de Beaulieu, Rennes Cedex, 35042, France","Gautier T., Inria, IRISA, Campus de Beaulieu, Rennes Cedex, 35042, France; Le Guernic P., Inria, IRISA, Campus de Beaulieu, Rennes Cedex, 35042, France; Besnard L., CNRS, IRISA, Campus de Beaulieu, Rennes Cedex, 35042, France; Talpin J.-P., Inria, IRISA, Campus de Beaulieu, Rennes Cedex, 35042, France","In 1974, Gilles Khan defined a seminal semantic model for asynchronous dataflow programming that would then be called as the eponymous Kahn process networks (KPN) and instantiated in as many models of the so-called DPN hierarchy as domain-specific fields of information processing from digital signal processing to hybrid cyber-physical systems. Among these, synchronous programming models have had an important impact in the specific domain of embedded software design. In this paper, we consider an instance of what seems to be one of the many synchronous models of computation: polychrony, initiated by the dataflow language Signal and its multi-clock (i.e. polychronous) model of computation and, later on, CCSL (clock constraints specification language). We provide an in-depth study of its semantic relationship with respect to the original definition of KPNs and hint toward the idea of polychrony as a methodology to locally synchronize (abstractions of) globally asynchronous processes. In particular, we formally define the property, referred to as “polyendochrony”, that allows one to consider a given desynchronized network of synchronous Signal processes (a GALS architecture) as the implementation of a corresponding KPN model (an asynchronous network of Khan-deterministic functions). For this class of networks, we formalize the Signal program analysis and transformations that define synchronous clusters of Signal processes of guaranteed deterministic behavior in an asynchronous network, that is, without synchronizing communications in the entire network. This definition yields a new strategy of multi-threaded code generation that is available in the open-source Polychrony toolset of the Signal language and blurs the limits between the asynchronous and polychronous models of computation. © 2023 Elsevier B.V.","Formal methods; Kahn process networks; Semantics of programming languages; Synchronous languages; Synchrony and asynchrony","Clocks; Computation theory; Data flow analysis; Digital signal processing; Embedded systems; Open source software; Open systems; Semantics; Software design; Specification languages; Asynchronous networks; Asynchrony; Computation process; Kahn process networks; Model of computation; Polychrony; Semantic modelling; Semantics of programming languages; Synchronous languages; Synchrony and asynchrony; Formal methods","J.-P. Talpin; Inria, Rennes Cedex, IRISA, Campus de Beaulieu, 35042, France; email: Jean-Pierre.Talpin@inria.fr","","Elsevier B.V.","01676423","","SCPGD","","English","Sci Comput Program","Article","Final","All Open Access; Green Open Access","Scopus","2-s2.0-85158909686"
"Gretz F.; Grosch F.-J.","Gretz, Friedrich (55515344300); Grosch, Franz-Josef (57195952201)","55515344300; 57195952201","Blech, imperative synchronous programming!","2020","Lecture Notes in Electrical Engineering","611","","","161","186","2","10.1007/978-3-030-31585-6_9","https://www.scopus.com/pages/publications/85077508573?origin=resultslist","Robert Bosch GmbH, Corporate Research, Renningen, Germany","Gretz F., Robert Bosch GmbH, Corporate Research, Renningen, Germany; Grosch F.-J., Robert Bosch GmbH, Corporate Research, Renningen, Germany","We discuss how separate compilation and usage of structured data can be achieved in a synchronous imperative programming language for embedded systems. Our focus is on the practical aspects of these questions regarding expressiveness in programs as well as causality analysis and code generation. The approach is illustrated by means of examples written in our new language Blech. In particular, we revisit the stopwatch example from the literature to discuss causality, separate compilation, and other aspects of software engineering in more depth. This is an extended version of a previously published article. © Springer Nature Switzerland AG 2020.","","Software engineering; Causality analysis; Code Generation; Extended versions; Imperative programming languages; Separate compilation; Structured data; Synchronous programming; Embedded systems","F. Gretz; Robert Bosch GmbH, Corporate Research, Renningen, Germany; email: Friedrich.Gretz@de.bosch.com","","Springer","18761100","","","","English","Lect. Notes Electr. Eng.","Book chapter","Final","","Scopus","2-s2.0-85077508573"
"Monniaux D.","Monniaux, David (7003603592)","7003603592","Automatic modular abstractions for linear constraints","2009","Conference Record of the Annual ACM Symposium on Principles of Programming Languages","","","","140","151","31","10.1145/1480881.1480899","https://www.scopus.com/pages/publications/67649859656?origin=resultslist","CNRS / VERIMAG, Grenoble, France","Monniaux D., CNRS / VERIMAG, Grenoble, France","We propose a method for automatically generating abstract transformers for static analysis by abstract interpretation. The method focuses on linear constraints on programs operating on rational, real or floating-point variables and containing linear assignments and tests. In addition to loop-free code, the same method also applies for obtaining least fixed points as functions of the precondition, which permits the analysis of loops and recursive functions. Our algorithms are based on new quantifier elimination and symbolic manipulation techniques. Given the specification of an abstract domain, and a program block, our method automatically outputs an implementation of the corresponding abstract transformer. It is thus a form of program transformation. The motivation of our work is data-flow synchronous programming languages, used for building control-command embedded systems, but it also applies to imperative and functional programming. Copyright© 2009 ACM.","Abstract interpretation; Linear inequalities; Program transformation; Quantifier elimination","Abstracting; Computer software; Embedded systems; Functional programming; Linguistics; Recursive functions; Systems analysis; Unmanned aerial vehicles (UAV); Abstract domains; Abstract interpretation; Abstract interpretations; Building controls; Dataflow; Fixed points; Linear assignment; Linear constraints; Linear inequalities; Point variables; Program block; Program transformation; Program transformations; Quantifier elimination; Symbolic manipulation; Synchronous programming; Program interpreters","D. Monniaux; CNRS / VERIMAG, Grenoble, France; email: David.Monniaux@imag.fr","","","07308566","978-160558379-2","CRLAD","","English","Conf Rec Annu ACM Symp Princ Program Lang","Conference paper","Final","All Open Access; Green Open Access","Scopus","2-s2.0-67649859656"
"","","","Proceedings of the 10th International Workshop on Context-Oriented Programming: Advanced Modularity for Run-time Composition, COP 2018 - Co-located with the European Conference on Object-Oriented Programming","2018","Proceedings of the 10th International Workshop on Context-Oriented Programming: Advanced Modularity for Run-time Composition, COP 2018 - Co-located with the European Conference on Object-Oriented Programming","","","","","","0","","https://www.scopus.com/pages/publications/85055868193?origin=resultslist","","","The proceedings contain 6 papers. The topics discussed include: declarative language for context activation; a context-oriented programming approach to dependency hell; feature visualizer: an inspection tool for context-oriented programmers; a simple context-oriented programming extension to an FRP language for small-scale embedded systems; activity contexts: improving modularity in blockchain-based smart contracts using context-oriented programming; and cross-cutting commentary: narratives for multi-party mechanisms and concerns.","","","","","Association for Computing Machinery, Inc","","978-145035722-7","","","English","Proc. Int. Workshop Context-Oriented Program.: Adv. Modularity Run-time Compos., COP - Co-located European Conf. Object-Oriented Program.","Conference review","Final","","Scopus","2-s2.0-85055868193"
"Gburzyński P.; Kopciuszewska E.","Gburzyński, Paweł (7004346818); Kopciuszewska, Elżbieta (57219927231)","7004346818; 57219927231","ON RAPID DEVELOPMENT OF REACTIVE WIRELESS SENSOR SYSTEMS","2019","System Safety: Human - Technical Facility - Environment","1","1","","574","582","2","10.2478/czoto-2019-0073","https://www.scopus.com/pages/publications/85071630168?origin=resultslist","Vistula University, Poland","Gburzyński P., Vistula University, Poland; Kopciuszewska E., Vistula University, Poland","We present a software platform for designing and testing wireless networks of sensors and actuators (WSNs). The platform consists of three components: an operating system for small-footprint microcontrollers (dubbed PicOS), a software development kit (SDK) amounting to a C-based, event-oriented (reactive) programming language, and a virtual execution platform (VUE2) capable of emulating complete deployment environments for WSNs and thus facilitating their rapid development.1 Its most recent incarnation introduced in the present paper is a component of the WSN lab being currently set up at Vistula in collaboration with Olsonet Communications Corporation.2 We highlight the platform’s most interesting features within the context of a production WSN installed at independent-living facilities. © 2023 System Safety: Human - Technical Facility - Environment. All rights reserved.","monitoring; people and asset tracking; reactive systems; wireless sensor networks","","","","Sciendo","26575450","","","","English","Syst. Saf.","Conference paper","Final","All Open Access; Gold Open Access","Scopus","2-s2.0-85071630168"
"Malik A.; Salcic Z.; Roop P.S.; Girault A.","Malik, Avinash (25641264300); Salcic, Zoran (7003306034); Roop, Partha S. (6602395877); Girault, Alain (7005652499)","25641264300; 7003306034; 6602395877; 7005652499","SystemJ: A GALS language for system level design","2010","Computer Languages, Systems and Structures","36","4","","317","344","61","10.1016/j.cl.2010.01.001","https://www.scopus.com/pages/publications/77957879241?origin=resultslist","University of Auckland, New Zealand; INRIA Rhne-Alpes, Grenoble, France","Malik A., University of Auckland, New Zealand; Salcic Z., University of Auckland, New Zealand; Roop P.S., University of Auckland, New Zealand; Girault A., INRIA Rhne-Alpes, Grenoble, France","In this paper we present the syntax, semantics, and compilation of a new system-level programming language called SystemJ. SystemJ is a multiclock language supporting the Globally Asynchronous Locally Synchronous (GALS) model of computation. The synchronous reactive (SR) model is used for synchronous parts of the modelled system, and those parts, which represent individual clock-domains, are coupled asynchronously each to the other on the top-level of system design. SystemJ is based on Java language, which is used to describe ""instantaneous"" data transformations. Hence, SystemJ is well suited for both software-based embedded and distributed systems. SystemJ offers effective modelling of (1) data transformations through the power of Java, (2) control and synchronous concurrency through the SR paradigm and (3) asynchronous concurrency through clock domains and rendezvous. The language is based on semantics that is amenable to efficient code generation and partial automatic verification. The SystemJ micro-step semantics provide asynchronous and synchronous extensions over the semantics of other SR languages such as Esterel and provide an ideal platform for efficient software implementation. © 2010 Elsevier Ltd. All rights reserved.","Compilation; Computer languages; Embedded systems; GALS languages; Reactive languages; Semantics; Synchronous languages","Automatic programming; Concurrency control; Embedded software; Embedded systems; Model checking; Systems analysis; Compilation; Computer languages; GALS languages; Reactive languages; Synchronous languages; Java programming language","A. Malik; University of Auckland, New Zealand; email: amal029@aucklanduni.ac.nz","","","14778424","","","","English","Comput. Lang. Syst. Struct.","Article","Final","","Scopus","2-s2.0-77957879241"
"Elamary A.S.; Abd-Elwahab R.K.","Elamary, Ahmed S. (36160148400); Abd-Elwahab, Rafik K. (59663463900)","36160148400; 59663463900","Numerical simulation of concrete beams reinforced with composite GFRP-Steel bars under three points bending","2016","Structural Engineering and Mechanics","57","5","","937","949","12","10.12989/sem.2016.57.5.937","https://www.scopus.com/pages/publications/84963722735?origin=resultslist","Faculty of Engineering, Department of Civil Engineer, Al-Azhar University, Qena, Egypt; Department of Civil Engineering, Taif University, Taif, Saudi Arabia","Elamary A.S., Faculty of Engineering, Department of Civil Engineer, Al-Azhar University, Qena, Egypt, Department of Civil Engineering, Taif University, Taif, Saudi Arabia; Abd-Elwahab R.K., Faculty of Engineering, Department of Civil Engineer, Al-Azhar University, Qena, Egypt","Fiber reinforced polymer (FRP) applications in the structural engineering field include concrete-FRP composite systems, where FRP components are either attached to or embedded into concrete structures to improve their structural performance. This paper presents the results of an analytical study conducted using finite element model (FEM) to simulate the behavior of three-points load beam reinforced with GFRP and/or steel bars. To calibrate the FEM, a small-scale experimental program was carried out using six reinforced concrete beams with 200x200 mm cross section and 1000 mm length cast and tested under three point bending load. The six beams were divided into three groups, each group contained two beams. The first group was a reference beams which was cast without any reinforcement, the second group concrete beams was reinforced using GFRP, and the third group concrete beams was reinforced with steel bars. Nonlinear finite element simulations were executed using ANSYS software package. The difference between the theoretical and experimental results of beams vertical deflection and beams crack shapes were within acceptable degree of accuracy. Parametric study using the calibrated model was carried out to evaluate two parameters (1) effect of number and position of longitudinal main bars on beam behavior; (2) performance of concrete beam with composite longitudinal reinforcement steel and GFRP bars. Copyright © 2016 Techno-Press, Ltd.","Composite reinforcement; Concrete beams; Finite element model; GFRP bars","Bars (metal); Concrete construction; Embedded systems; Fiber reinforced concrete; Fiber reinforced plastics; Finite element method; Software testing; ANSYS software package; Composite reinforcement; Concrete beam; Fiber reinforced polymers; GFRP bars; Longitudinal reinforcement; Nonlinear finite element simulation; Reinforced concrete beams; Concrete beams and girders","A.S. Elamary; Faculty of Engineering, Department of Civil Engineer, Al-Azhar University, Qena, Egypt; email: a.elamary@tu.edu.sa","","Techno-Press","12254568","","SEGME","","English","Struct Eng Mech","Article","Final","","Scopus","2-s2.0-84963722735"
"Berry G.","Berry, G. (7202085820)","7202085820","Formally unifying modeling and design for embedded systems - A personal view","2016","Lecture Notes in Computer Science (including subseries Lecture Notes in Artificial Intelligence and Lecture Notes in Bioinformatics)","9953 LNCS","","","134","149","6","10.1007/978-3-319-47169-3_11","https://www.scopus.com/pages/publications/84994035707?origin=resultslist","Collège de France, 11 Place Marcelin Berthelot, Paris, 75005, France","Berry G., Collège de France, 11 Place Marcelin Berthelot, Paris, 75005, France","Based on the author’s academic and industrial experience, we discuss the smooth relation between model-based design and programming realized by synchronous languages in the embedded systems field. These languages are used to develop high quality embedded software, in particular for safety-critical applications in avionics, railway, etc., subject to the strongest software certification processes in industry. They have also been used for the efficient model-based development of production hardware circuits. One of their main characteristics is their well-defined formal semantics, with is the base of their simulation and compiling processes and is also fundamental for their link to automatic formal verification systems and other tools related to model-based design. We briefly discuss their current limitations and some ideas to lift them. © Springer International Publishing AG 2016.","","Accident prevention; Application programs; Formal methods; Formal verification; Safety engineering; Semantics; Current limitation; Industrial experience; Model based development; Model- based designs; Safety critical applications; Software certification; Synchronous languages; Verification systems; Embedded systems","G. Berry; Collège de France, Paris, 11 Place Marcelin Berthelot, 75005, France; email: gerard.berry@college-de-france.fr","Steffen B.; Margaria T.","Springer Verlag","03029743","978-331947168-6","","","English","Lect. Notes Comput. Sci.","Conference paper","Final","","Scopus","2-s2.0-84994035707"
"André C.; Péraldi M.-A.","André, Charles (56212847900); Péraldi, Marie-Agnès (24438178200)","56212847900; 24438178200","Predictability of a RTX2000-based implementation","1996","Real-Time Systems","10","3","","223","244","2","10.1007/bf00383386","https://www.scopus.com/pages/publications/0030151597?origin=resultslist","Laboratoire Informatique, Signaux et Systèmes (I3S), Université de Nice-Sophia Antipolis, CNRS, F-06041 NICE cedex, 41 Bvd Napoléon III; I3S Lab., Swiss Federal Institute of Technology, Lausanne; Industrial Computer Engineering Laboratory, EPFL-DI-LIT, CH-1015 Lausanne, Switzerland","André C., Laboratoire Informatique, Signaux et Systèmes (I3S), Université de Nice-Sophia Antipolis, CNRS, F-06041 NICE cedex, 41 Bvd Napoléon III; Péraldi M.-A., I3S Lab., Swiss Federal Institute of Technology, Lausanne, Industrial Computer Engineering Laboratory, EPFL-DI-LIT, CH-1015 Lausanne, Switzerland","Any implementation should be proven to meet its specification. In this paper, we cope with the issue of checking the temporal correctness of a real-time program, implemented on a RTX microcontroller. Our real-time programs are first written in a high-level synchronous language (ESTEREL). and then, automatically translated into T-FORTH. Under these assumptions, the temporal behaviour of the generated RTX program can be predicted, at compile-time. In this paper, we present algorithms that compute realistic durations of system reactions. These algorithms use an abstract representation of the RTX program based on a behavioural semantics given to T-FORTH. © 1996 Kluwer Academic Publishers,.","","Algorithms; Computational linguistics; FORTH (programming language); High level languages; Microcomputers; Performance; Microcontroller; Real time controllers; Real time program; Semantics; Real time systems","","","Springer Netherlands","09226443","","RESYE","","English","Real Time Syst","Article","Final","","Scopus","2-s2.0-0030151597"
"Mathaikutty D.A.; Ahuja S.; Dingankar A.; Shukla S.","Mathaikutty, Deepak A. (8454131600); Ahuja, Sumit (21833780000); Dingankar, Ajit (6603667344); Shukla, Sandeep (7202528532)","8454131600; 21833780000; 6603667344; 7202528532","Model-driven test generation for system level validation","2007","Proceedings - IEEE International High-Level Design Validation and Test Workshop, HLDVT","","","4392792","83","90","22","10.1109/HLDVT.2007.4392792","https://www.scopus.com/pages/publications/47949095171?origin=resultslist","CESCA, Virginia Tech., Blacksburg, VA 24061, United States; Validation Technology, Intel Corporation, Folsom, CA 95630, United States","Mathaikutty D.A., CESCA, Virginia Tech., Blacksburg, VA 24061, United States; Ahuja S., CESCA, Virginia Tech., Blacksburg, VA 24061, United States; Dingankar A., Validation Technology, Intel Corporation, Folsom, CA 95630, United States; Shukla S., CESCA, Virginia Tech., Blacksburg, VA 24061, United States","Functional validation of System Level Models, such as those modeled with SystemC, is an important and complex problem. One of the problems in their functional validation is the test case generation with good coverage and higher potential to find faults in the design. We propose a coverage-directed test generation framework for system level design validation by combining the synchronous language ESTEREL, and its advanced verification capability, with C++ based system level language SystemC. The main contributions of this paper are (i) the integrated framework for model-driven development and validation of system-level designs with a combination of ESTEREL, and SystemC; and (ii) the test generation framework for generating test suites to satisfy traditional coverage metrics such as the statement and branch as well as a complex metric such as modified condition/decision coverage (MCDC) employed in the validation of safety-critical software systems. The framework also generates tests that attain functional coverage using properties specified in a temporal language and assertion-based verification (namely PSL). We demonstrate the methodology with a case study by developing and validating a critical power state machine component that is used for power management in embedded systems. ©2007 IEEE.","","Computer programming languages; Computer software; Embedded systems; Energy management; Integrated circuits; Linguistics; Microprocessor chips; Software design; Systems analysis; Testing; Assertion-based verification (ABV); Case studies; Critical power; Esterel; Functional coverage; Functional validation; Generating test suites; High level designs; Integrated frameworks; International (CO); Metrics (CO); Model-driven; Model-driven development (MDD); Modified condition/decision coverage (MC/DC); Power management (PM); Safety critical software systems; State machines; Synchronous languages; System levels; System-level designs; System-level languages; System-level modeling; SystemC; Temporal languages; Test case generation; Test generations; Logic design","D. A. Mathaikutty; CESCA, Virginia Tech., Blacksburg, VA 24061, United States; email: mathaikutty@vt.edu","","","15526674","1424414806; 978-142441480-2","","","English","Proc. IEEE Int. High Level Des. Validation Test Workshop HLDVT","Conference paper","Final","","Scopus","2-s2.0-47949095171"
"Potop-Butucaru D.; De Simone R.; Talpin J.-P.","Potop-Butucaru, Dumitru (6506534634); De Simone, Robert (11339046600); Talpin, Jean-Pierre (6602090161)","6506534634; 11339046600; 6602090161","The synchronous hypothesis and synchronous languages","2005","Embedded Systems: Handbook","","","","8","1","34","10.1201/9781420038163","https://www.scopus.com/pages/publications/33744523955?origin=resultslist","IRISA, Rennes, France","Potop-Butucaru D., IRISA, Rennes, France; De Simone R., IRISA, Rennes, France; Talpin J.-P., IRISA, Rennes, France","Electronic Embedded Systems are not new, but their pervasive introduction in ordinary-life objects (cars, phones, home appliances) brought a new focus onto design methods for such systems. New development techniques are needed to meet the challenges of productivity in a competitive environment. This handbook reports on a number of such innovative approaches to the matter. Here, we shall concentrate on Synchronous Reactive (S/R) languages [1-4]. © 2006 by Taylor & Francis Group, LLC.","","","","","CRC Press","","978-142003816-3; 978-084932824-4","","","English","Embedded Systems: Handb.","Book chapter","Final","","Scopus","2-s2.0-33744523955"
"Well D.; Bertin V.; Closse E.; Poize M.; Venier P.; Pulou J.","Well, Daniel (6507722137); Bertin, Valérie (13608832500); Closse, Etienne (7801394528); Poize, Michel (6602394203); Venier, Patrick (7004589204); Pulou, Jacques (23478327200)","6507722137; 13608832500; 7801394528; 6602394203; 7004589204; 23478327200","Efficient compilation of Esterel for real-time embedded systems","2000","Proceedings of the International Conference on Compilers, Architecture and Synthesis for Embedded Systems","","","","2","8","31","","https://www.scopus.com/pages/publications/0034592459?origin=resultslist","France Telecom R and D, 38240 Meylan, 28 chemin du Vieux Chêne, France","Well D., France Telecom R and D, 38240 Meylan, 28 chemin du Vieux Chêne, France; Bertin V.; Closse E., France Telecom R and D, 38240 Meylan, 28 chemin du Vieux Chêne, France; Poize M., France Telecom R and D, 38240 Meylan, 28 chemin du Vieux Chêne, France; Venier P., France Telecom R and D, 38240 Meylan, 28 chemin du Vieux Chêne, France; Pulou J., France Telecom R and D, 38240 Meylan, 28 chemin du Vieux Chêne, France","This paper presents a new method for compiling the concurrent synchronous language Esterel into sequential C code. The method is optimized for embedded systems with very tight memory and real-time constraints. Source code is sliced into small code sequences called halt points, statically scheduled so as to be compatible with Esterel semantic. Speed reaction is optimized without increasing code size, by executing at each reaction only active code sequences. Performances are compared to other compilation methods with industrial size examples and results show significant performance improvement.","Automata; Compilation; Embedded systems; ESTEREL; Reactive applications; Real-time; Synchronous","Automata theory; Computer programming languages; Constraint theory; Program compilers; Real time systems; Real-time embedded systems; Embedded systems","D. Well; France Telecom R and D, 38240 Meylan, 28 chemin du Vieux Chêne, France; email: daniel.well@rd.francetelecom.fr","","","","1581133383","","","English","Proc. Intern. Conf. Compil. Archtec. Synth. Emb. Sys.","Conference paper","Final","","Scopus","2-s2.0-0034592459"
"Tilbian J.; Cabrera A.","Tilbian, Joseph (57192295366); Cabrera, Andrés (26031220300)","57192295366; 26031220300","Stride: A declarative and reactive language for sound synthesis and beyond","2016","ICMC 2016 - 42nd International Computer Music Conference, Proceedings","","","","471","477","2","","https://www.scopus.com/pages/publications/85003422131?origin=resultslist","Media Arts and Technology Program, University of California, Santa Barbara, United States","Tilbian J., Media Arts and Technology Program, University of California, Santa Barbara, United States; Cabrera A., Media Arts and Technology Program, University of California, Santa Barbara, United States","Stride is a declarative and reactive domain specific programming language for real-time sound synthesis, processing, and interaction design. Through hardware resource abstraction and separation of semantics from implementation, a wide range of computation devices can be targeted such as microcontrollers, system-on-chips, general purpose computers, and heterogeneous systems. With a novel and unique approach at handling sampling rates as well as clocking and computation domains, Stride prompts the generation of highly optimized target code. The design of the language facilitates incremental learning of its features and is characterized by intuitiveness, usability, and self-documentation. Users of Stride can write code once and deploy on any supported hardware. © 2016 Joseph Tilbian et al.","","Computer music; General purpose computers; Hardware; Integrated circuit design; Semantics; System-on-chip; Computation domains; Domain specific programming languages; Hardware resources; Heterogeneous systems; Incremental learning; Reactive languages; Real-time sound synthesis; Self documentation; Computer hardware","","Timmermans H.","HKU University of the Arts Utrecht, HKU Music and Technology","","0984527451; 978-098452745-8","","","English","ICMC - Int. Comput. Music Conf., Proc.","Conference paper","Final","","Scopus","2-s2.0-85003422131"
"Benveniste A.; Caspi P.; Edwards S.A.; Halbwachs N.; Le Guernic P.; De Simone R.","Benveniste, Albert (7004977693); Caspi, Paul (7003700523); Edwards, Stephen A. (7401520724); Halbwachs, Nicolas (6701491398); Le Guernic, Paul (6701792272); De Simone, Robert (11339046600)","7004977693; 7003700523; 7401520724; 6701491398; 6701792272; 11339046600","The synchronous languages 12 years later","2003","Proceedings of the IEEE","91","1","","64","83","764","10.1109/JPROC.2002.805826","https://www.scopus.com/pages/publications/33646800850?origin=resultslist","IEEE, France; Irisa/Inria, 35042 Rennes Cedex, France; Verimag/CNRS, F-38610 Gières, France; Columbia University, New York, NY 10027, United States; INRIA, 06902 Sophia Antipolis, France; INRIA, Le Chesnay, France; INRIA Board in Charge of Planning Future Research Directions, France; Editorial Board of Proceedings of the IEEE, France; CNRS, Verimag Laboratory, Grenoble, France; Computer Science Department, Columbia University, New York, United States; INRIA, France; Executive Board of the French Network in Software Technology, France","Benveniste A., IEEE, France, Irisa/Inria, 35042 Rennes Cedex, France, INRIA, Le Chesnay, France, INRIA Board in Charge of Planning Future Research Directions, France, Editorial Board of Proceedings of the IEEE, France; Caspi P., Verimag/CNRS, F-38610 Gières, France, CNRS, Verimag Laboratory, Grenoble, France; Edwards S.A., IEEE, France, Columbia University, New York, NY 10027, United States, Computer Science Department, Columbia University, New York, United States; Halbwachs N., Verimag/CNRS, F-38610 Gières, France, CNRS, Verimag Laboratory, Grenoble, France; Le Guernic P., Irisa/Inria, 35042 Rennes Cedex, France, INRIA, France, Executive Board of the French Network in Software Technology, France; De Simone R., INRIA, 06902 Sophia Antipolis, France, INRIA, Le Chesnay, France","Twelve years ago, PROCEEDINGS OF THE IEEE devoted a special section to the synchronous languages. This paper discusses the improvements, difficulties, and successes that have occured with the synchronous languages since then. Today, synchronous languages have been established as a technology of choice for modeling, specifying, validating, and implementing real-lime embedded applications. The paradigm of synchrony has emerged as an engineer-friendly design method based on mathematically sound tools. © 2003 IEEE.","Embedded systems; Esterel; Formal methods; Lustre; Real-time systems; Signal; Synchronous languages","Embedded systems; Numerical methods; Real time systems; Synchronization; Esterel; Formal methods; Mathematically sound tools; Synchronous languages; Computer programming languages","A. Benveniste; INRIA, Le Chesnay, France; email: Albert.Benveniste@inria.fr","","Institute of Electrical and Electronics Engineers Inc.","00189219","","IEEPA","","English","Proc. IEEE","Review","Final","All Open Access; Green Open Access","Scopus","2-s2.0-33646800850"
"Yokoyama A.; Moriguchi S.; Watanabe T.","Yokoyama, Akihiko (57350883100); Moriguchi, Sosuke (55735588400); Watanabe, Takuo (36931774900)","57350883100; 55735588400; 36931774900","Switching Mechanism for Update Timing of Time-Varying Values in an FRP Language for Small-Scale Embedded Systems","2024","ACM International Conference Proceeding Series","","","","45","54","0","10.1145/3651781.3651789","https://www.scopus.com/pages/publications/85195385238?origin=resultslist","Department Of Computer Science, Tokyo Institute Of Technology, Tokyo, Japan","Yokoyama A., Department Of Computer Science, Tokyo Institute Of Technology, Tokyo, Japan; Moriguchi S., Department Of Computer Science, Tokyo Institute Of Technology, Tokyo, Japan; Watanabe T., Department Of Computer Science, Tokyo Institute Of Technology, Tokyo, Japan","Emfrp, a functional reactive programming (FRP) language for small-scale embedded systems, is a DSL designed for execution in resource-constrained environments. The execution model of Emfrp provides a reactive behavior of the system through repeated actions such as waiting for inputs from sensors, updating all time-varying values, and outputting them to the actuators. Such polling-based execution consumes unnecessary energy due to frequent update processing. For this reason, the extended language EvEmfrp was proposed to reduce unnecessary update processing and improve energy consumption. EvEmfrp statically determines and schedules the update period of the whole system by annotating the timing of the time-varying value updates and the input interrupts. Since time-varying value updates are performed at periodic timing, the system is put into sleep mode when no update processing is required, thereby saving energy. However, because the timing annotations and the update intervals are set statically, executing a program that updates a specified time-varying value after a fixed time starting from an interrupt signal without unnecessary updates is impossible. This causes frequent wake-up from sleep mode and prevents power saving. We propose a mechanism for extending timing annotations and dynamically changing the update intervals to solve this problem. We also show the usefulness of the proposed mechanism through an example of debouncing for button presses.  © 2024 ACM.","embedded systems; functional reactive programming; power consumption","Embedded systems; Functional programming; Timing circuits; Embedded-system; Energy; Execution modeling; Functional reactive programming; Reactive behaviour; SLEEP mode; Small scale; Switching mechanism; Time varying; Timing annotations; Electric power utilization","","","Association for Computing Machinery","","979-840070832-9","","","English","ACM Int. Conf. Proc. Ser.","Conference paper","Final","All Open Access; Gold Open Access","Scopus","2-s2.0-85195385238"
"Brandt J.; Schneider K.","Brandt, Jens (13609374600); Schneider, Klaus (58406421600)","13609374600; 58406421600","Separate compilation for synchronous programs","2009","ACM International Conference Proceeding Series","320","","","1","10","21","10.1145/1543820.1543822","https://www.scopus.com/pages/publications/70449478475?origin=resultslist","Embedded Systems Group, Department of Computer Science, University of Kaiserslautern, Denmark","Brandt J., Embedded Systems Group, Department of Computer Science, University of Kaiserslautern, Denmark; Schneider K., Embedded Systems Group, Department of Computer Science, University of Kaiserslautern, Denmark","Esterel and other imperative synchronous languages offer a rich set of statements, which can be used to conveniently describe complex control behaviors in a concise, but yet precise way. In particular, the ability to arbitrarily nest all kinds of statements including loops, local declarations, sequential and parallel control, as well as several kinds of preemption statements leads to a powerful programming language. However, this orthogonal design imposes difficult problems for the modular or separate compilation, which has to deal with special problems like the instantaneous reincarnation of locally declared variables. This paper presents a compilation procedure allowing to separately compile modules of a synchronous language. Our approach is based on two new achievements: First, we derive the information that is required for a linker to combine already compiled modules. This information is stored in a file written in an intermediate format, which is the target of our compilation procedure and the source of the linker. Second, we describe a compilation procedure for a typical imperative synchronous language to generate this intermediate format. We have implemented the approach in the upcoming version 2.0 of our Averest system. © 2009 by EDAA.","","Problem oriented languages; Program compilers; Complex control; Imperative synchronous languages; Intermediate formats; Orthogonal design; Parallel control; Separate compilation; Synchronous languages; Synchronous program; Embedded systems","","","Association for Computing Machinery","","","","","English","ACM Int. Conf. Proc. Ser.","Conference paper","Final","","Scopus","2-s2.0-70449478475"
"Yip E.; Girault A.; Roop P.S.; Biglari-Abhari M.","Yip, Eugene (59117934100); Girault, Alain (7005652499); Roop, Partha S. (6602395877); Biglari-Abhari, Morteza (7801530871)","59117934100; 7005652499; 6602395877; 7801530871","The ForeC Synchronous Deterministic Parallel Programming Language for Multicores","2016","Proceedings - IEEE 10th International Symposium on Embedded Multicore/Many-Core Systems-on-Chip, MCSoC 2016","","","7774451","297","304","15","10.1109/MCSoC.2016.13","https://www.scopus.com/pages/publications/85010375480?origin=resultslist","Software Technologies Research Group, University of Bamberg, 96045, Germany; Inria, France; Université Grenoble Alpes, Lab. LIG, Grenoble, France; CNRS, Lab. LIG, Grenoble, F-38000, France; Department of ECE, University of Auckland, New Zealand","Yip E., Software Technologies Research Group, University of Bamberg, 96045, Germany; Girault A., Inria, France, Université Grenoble Alpes, Lab. LIG, Grenoble, France, CNRS, Lab. LIG, Grenoble, F-38000, France; Roop P.S., Department of ECE, University of Auckland, New Zealand; Biglari-Abhari M., Department of ECE, University of Auckland, New Zealand","Cyber-physical systems (CPSs) are embedded systems that are tightly integrated with their physical environment. The correctness of a CPS depends on the output of its computations and on the timeliness of completing the computations. This paper proposes the ForeC language for the deterministic parallel programming of CPS applications on multi-core execution platforms. ForeC's synchronous semantics is designed to greatly simplify the understanding and debugging of parallel programs. ForeC allows programmers to express many forms of parallel patterns while ensuring that programs are amenable to static timing analysis. One of ForeC's main innovation is its shared variable semantics that provides thread isolation and deterministic thread communication. Through benchmarking, we demonstrate that ForeC can achieve better parallel performance than Esterel, a widely used synchronous language for concurrent safety-critical systems, and OpenMP, a popular desktop solution for parallel programming. We demonstrate that the worst-case execution time of ForeC programs can be estimated precisely. © 2016 IEEE.","","Application programming interfaces (API); Benchmarking; Embedded systems; Parallel programming; Program debugging; Safety engineering; Semantics; Systems analysis; Cyber physical systems (CPSs); Execution platforms; Parallel performance; Physical environments; Safety critical systems; Static timing analysis; Synchronous languages; Worst-case execution time; Multicore programming","","","Institute of Electrical and Electronics Engineers Inc.","","978-150903530-4","","","English","IEEE Int. Symp. Embed. Multicore/Many-Core Syst.-on-Chip, MCSoC","Conference paper","Final","","Scopus","2-s2.0-85010375480"
"Boniol F.","Boniol, Frédéric (6507057555)","6507057555","Distributed synchronous processes","2007","Real-time Systems: Modeling, Design And Applications","","","","25","55","0","10.1142/9789812708472_0002","https://www.scopus.com/pages/publications/85115685429?origin=resultslist","","","The following sections are included:Introduction: Real-Time and Reactive Systems, Reactive Programming: Asynchronism versus Strong Synchronism, The Weak Synchronous Paradigm, COREA: A Weak Synchronous Process Algebra, Abstract Syntax, Weak Synchronous Operational Semantics, Transition, Inaction, Case, Concurrency, Recursion, Congruence, Equational Laws, Brief Comparison with CCS, Application to Distributed Reactive Programming, ESTEREL: Brief Overview, C = ESTEREL + COREA, Towards Weak Synchronous Distributed Implementations, (f) Protocol SB (Single Bus), Application to Embedded Systems, Conclusion. © 2007 by World Scientific Publishing Co. Pte. Ltd.","","","","","World Scientific Publishing Co.","","978-981270847-2","","","English","Real-time Systems: Modeling, Design And Applications","Book chapter","Final","","Scopus","2-s2.0-85115685429"
"Maraninchi F.; Rémond Y.","Maraninchi, Florence (57208414472); Rémond, Yann (6603557601)","57208414472; 6603557601","Mode-automata: A new domain-specific construct for the development of safe critical systems","2003","Science of Computer Programming","46","3","","219","254","81","10.1016/S0167-6423(02)00093-X","https://www.scopus.com/pages/publications/0037332776?origin=resultslist","VERIMAG-Centre Equation, F38610 Gieres, 2 Avenue de Vignate, France; Institut National Polytechnique De Grenoble (INPG), VERIMAG, France; Université Joseph Fourier Grenoble (UJF), VERIMAG, France","Maraninchi F., VERIMAG-Centre Equation, F38610 Gieres, 2 Avenue de Vignate, France, Institut National Polytechnique De Grenoble (INPG), VERIMAG, France; Rémond Y., Université Joseph Fourier Grenoble (UJF), VERIMAG, France","Over the past ten years, the family of synchronous languages (Special Section of the Proc. IEEE 79 (9) (1991)) has been very successful in offering domain-specific, formally defined languages and programming environments for safety-critical systems. Among them, Lustre is well-suited for the development of regulation systems, which are first designed by control engineers, and can then be programmed as block-diagrams. Automatic generation of C code provides the embedded software. The success of Lustre showed that it is a good idea to offer domain-specific languages and constructs to reduce the gap between the first design of a system (for instance a control law) and the program written for it. When the structure of the first design has to be encoded into the available constructs of a general-purpose programming language, the interesting information is likely to be lost somewhere on the way from the original design to the actual implementation. This may have consequences on the efficiency of the code produced, or even on the correctness of the design. Working with the systems Lustre is well-suited for, we observed that they are often specified informally using the notion of running modes. However, there seemed to exist no language in which the mode-structure of a complex system could be expressed directly. Following the approach of domain-specific languages, we proposed to extend Lustre with a new construct, called mode-automaton, devoted to the description of these running modes of regulation systems. In this paper, we define the language of mode-automata and its semantics, give some ideas on the compilation process, illustrate the approach with the example of the production cell, and comment on the benefits of the approach, in general. © 2002 Elsevier Science B.V. All rights reserved.","Case-study; Language design and implementation; Production cell; Real-time systems; Regulation systems; Running-modes; Safety-critical","Automata theory; Computer software; Embedded systems; Large scale systems; Critical systems; Computer programming","F. Maraninchi; VERIMAG-Centre Equation, F38610 Gieres, 2 Avenue de Vignate, France; email: florence.maraninchi@imag.fr","","","01676423","","SCPGD","","English","Sci Comput Program","Conference paper","Final","All Open Access; Bronze Open Access","Scopus","2-s2.0-0037332776"
"","","","REBLS 2023 - Proceedings of the 10th ACM SIGPLAN International Workshop on Reactive and Event-Based Languages and Systems, Co-located with: SPLASH 2023","2023","REBLS 2023 - Proceedings of the 10th ACM SIGPLAN International Workshop on Reactive and Event-Based Languages and Systems, Co-located with: SPLASH 2023","","","","","","0","","https://www.scopus.com/pages/publications/85177702419?origin=resultslist","","","The proceedings contain 5 papers. The topics discussed include: Thorium: a language for bounded verification of dynamic reactive objects; Actix-telepathy; realizing persistent signals in JavaScript; ComPOS: a DSL for composing IoT systems with weak connectivity; and periodic and aperiodic task description mechanisms in an FRP language for small-scale embedded systems.","","","","Serrano M.","Association for Computing Machinery, Inc","","979-840070400-0","","","English","REBLS - Proc. ACM SIGPLAN Int. Workshop React. Event-Based Lang. Syst., Co-located: SPLASH","Conference review","Final","","Scopus","2-s2.0-85177702419"
"Kirsanov A.; Kirilenko I.; Melentyev K.","Kirsanov, Alexander (59265293600); Kirilenko, Iakov (56047706800); Melentyev, Kirill (57190986995)","59265293600; 56047706800; 57190986995","Robotics reactive programming with F#/Mono","2014","ACM International Conference Proceeding Series","23-24-October-2014","","a16","","","4","10.1145/2687233.2687249","https://www.scopus.com/pages/publications/84984982086?origin=resultslist","Saint Petersburg State University, Russian Federation","Kirsanov A., Saint Petersburg State University, Russian Federation; Kirilenko I., Saint Petersburg State University, Russian Federation; Melentyev K., Saint Petersburg State University, Russian Federation","All that computing power of modern controllers has made possible the use of modern programming languages, different paradigms, and libraries even for embedded systems development. This also provides new capabilities for modern trends of software development in the area of robotics. These can entirely change the whole robotics programming, including education scope. Nowadays robotics is widely accepted in schools and universities for STEM education, but use of modern programming paradigms and frameworks expands application of educational robotics to variety software engineering courses. An experience of design and deployment of the reactive programming library for robotics is presented. Application of .NET, F#, C#, and Rx (Reactive Extensions) library in robotics development is described.","Event-Driven; F#; FRP .NET; FSharp robotics; Reactive Extensions; Reactive programming; Robotics; Rx; TRIK","Application programs; Education; Embedded systems; Fluorine; Robotics; Software design; Software engineering; Teaching; Event-driven; FRP .NET; Reactive Extensions; Reactive programming; TRIK; Robot programming","","","Association for Computing Machinery","","978-145032889-0","","","Russian","ACM Int. Conf. Proc. Ser.","Conference paper","Final","","Scopus","2-s2.0-84984982086"
"Lublinerman R.; Szegedy C.; Tripakis S.","Lublinerman, Roberto (15623422700); Szegedy, Christian (60472274400); Tripakis, Stavros (6701546551)","15623422700; 60472274400; 6701546551","Modular code generation from synchronous block diagrams: Modularity vs. Code size","2009","ACM SIGPLAN Notices","44","1","","78","89","15","","https://www.scopus.com/pages/publications/70350324681?origin=resultslist","Computer Science and Engineering, Pennsylvania State University, United States; Cadence Research Laboratories, Cadence Design Systems, United States; Cadence Research Laboratories, Verimag Laboratory, CNRS, United States","Lublinerman R., Computer Science and Engineering, Pennsylvania State University, United States; Szegedy C., Cadence Research Laboratories, Cadence Design Systems, United States; Tripakis S., Cadence Research Laboratories, Verimag Laboratory, CNRS, United States","We study modular, automatic code generation from hierarchical block diagrams with synchronous semantics. Such diagrams are the fundamental model behind widespread tools in the embedded software domain, such as Simulink and SCADE. Code is modular in the sense that it is generated for a given composite block independently from context (i.e., without knowing in which diagrams the block is to be used) and using minimal information about the internals of the block. In previous work, we have shown how modular code can be generated by computing a set of interface functions for each block and a set of dependencies between these functions that is exported along with the interface.We have also introduced a quantified notion of modularity in terms of the number of interface functions generated per block, and showed how to minimize this number, which is essential for scalability. Finally, we have exposed the fundamental trade-off between modularity and reusability (set of diagrams the block can be used in). In this paper we explore another trade-off: modularity vs. code size. We show that our previous technique, although it achieves maximal reusability and is optimal in terms of modularity, may result in code replication and therefore large code sizes, something often unacceptable in an embedded system context. We propose to remedy this by generating code with no replication, and show that this generally results in some loss of modularity.We show that optimizing modularity while maintaining maximal reusability and zero replication is an intractable problem (NP-complete). We also show that this problem can be solved using a simple iterative procedure that checks satisfiability of a sequence of propositional formulas. We report on a new prototype implementation and experimental results. The latter demonstrate the practical interest in our methods.","Block diagrams; Clustering; Code generation; Embedded software; NP-complete; Synchronous languages","Embedded software; Embedded systems; Graphic methods; Linguistics; Network components; Number theory; Polynomials; Reusability; Set theory; Software prototyping; Block diagrams; Clustering; Code generation; NP-complete; Synchronous languages; Automatic programming","R. Lublinerman; Computer Science and Engineering, Pennsylvania State University, United States; email: rluble@psu.edu","","","15232867","","","","English","ACM SIGPLAN Not.","Conference paper","Final","","Scopus","2-s2.0-70350324681"
"Gmehlich R.","Gmehlich, Rainer (24922541800)","24922541800","Specification and validation of embedded systems using LUSTRE and ARGOS. Case study: The automatic headlight leveling system","2001","Design Automation for Embedded Systems","6","2","","151","175","0","10.1023/A:1011237030847","https://www.scopus.com/pages/publications/0035298857?origin=resultslist","Robert Bosch GmbH Stuttgart, FV/FLI, Germany","Gmehlich R., Robert Bosch GmbH Stuttgart, FV/FLI, Germany","In this article, the design, modeling and validation of embedded systems is examined. There exist commercial tools for the development of control- or data-flow dominated systems, e.g. STATEMATE for control dominated systems and MATLAB for data-flow dominated systems, but there are problems to describe mixed systems. The system is split in a control and a transformation part. The control part is described with the graphical language ARGOS, the transformation part with the data-flow language LUSTRE. Integration is done based on their common synchronous architecture. The design process is shown in a case study on an industrial application, the automatic headlight leveling system. A validation strategy according to the separation of the system is shown. Safety properties of the control part are proved with model checking, functional correctness is shown in two steps by simulation and hardware in the loop simulation.","Embedded systems; Model checking; Reactive systems; Simulation; Synchronous languages","Computer aided design; Computer aided software engineering; Computer graphics; Computer programming languages; Computer simulation; Data flow analysis; Headlights; Industrial applications; Automatic headlight leveling system; Model checking; Reactive systems; Software package ARGOS; Software package LUSTRE; Embedded systems","R. Gmehlich; Robert Bosch GmbH Stuttgart, FV/FLI, Stuttgart, Germany; email: rainer.gmehlich@de.bosch.com","","","09295585","","DAESF","","English","Des Autom Embedded Syst","Article","Final","","Scopus","2-s2.0-0035298857"
"","","","FARM 2016 - Proceedings of the 4th International Workshop on Functional Art, Music, Modelling, and Design, co-located with ICFP 2016","2016","FARM 2016 - Proceedings of the 4th International Workshop on Functional Art, Music, Modelling, and Design, co-located with ICFP 2016","","","","","","0","","https://www.scopus.com/pages/publications/85017092425?origin=resultslist","","","The proceedings contain 9 papers. The topics discussed include: Bithoven: GoÄdel encoding of chamber music and functional 8-bit audio synthesis; Juniper: a functional reactive programming language for the Arduino; Arrp: a functional language with multi-dimensional signals and recurrence equations; structured reactive programming with polymorphic temporal tiles; o.OM: structured-functional communication between computer music systems using OSC and Odot; a livecoding semantics for functional reactive programming; FARM 2016 demo summary; and FARM 2016 concert: live music and visuals produced through functional programming.","","","","Janin D.; Sperber M.","Association for Computing Machinery","","978-145034432-6","","","English","FARM - Proc. Int. Workshop Funct. Art, Music, Model., Des., co-located ICFP","Conference review","Final","","Scopus","2-s2.0-85017092425"
"Bouhadiba T.; Sabah Q.; Delaval G.; Rutten E.","Bouhadiba, Tayeb (23484398500); Sabah, Quentin (54279391900); Delaval, Gwenaël (15064030600); Rutten, Eric (56276265500)","23484398500; 54279391900; 15064030600; 56276265500","Synchronous control of reconfiguration in fractal component-based systems - A case study","2011","Embedded Systems Week 2011, ESWEEK 2011 - Proceedings of the 9th ACM International Conference on Embedded Software, EMSOFT'11","","","","309","318","19","10.1145/2038642.2038690","https://www.scopus.com/pages/publications/80455164815?origin=resultslist","LIG, INRIA, Grenoble, France; LIG, INRIA, STMicroelectronics, France; LIG, Univ. Grenoble, France","Bouhadiba T., LIG, INRIA, Grenoble, France; Sabah Q., LIG, INRIA, STMicroelectronics, France; Delaval G., LIG, Univ. Grenoble, France; Rutten E., LIG, INRIA, Grenoble, France","In the context of component-based embedded systems, the management of dynamic reconfiguration in adaptive systems is an increasingly important feature. The Fractal component- based framework, and its industrial instantiation MIND, provide for support for control operations in the lifecycle of components. Nevertheless, the use of complex and integrated architectures make the management of this reconfiguration operations difficult to handle by programmers. To address this issue, we propose to use synchronous languages, which are a complete approach to the design of reactive systems, based on behavior models in the form of transition systems. Furthermore, the design of closed-loop reactive managers of reconfigurations can benefit from formal tools like Discrete Controller Synthesis. In this paper we describe an approach to concretely integrate synchronous reconfiguration managers in Fractal component-based systems. We describe how to model the state space of the control problem, and how to specify the control objectives. We describe the implementation of the resulting manager with the Fractal/Cecilia programming environment, taking advantage of the Comete distributed middleware. We illustrate and validate it with the case study of the Comanche HTTP server on a multi-core execution platform. Copyright © 2011 ACM.","Component-based systems; Discrete controller; Reconfigurable systems; Synchronous programming; Synthesis","Computer programming; Controllers; Dynamic models; Embedded software; Embedded systems; Fractals; Management; Managers; Middleware; Software engineering; Structural design; Behavior model; Closed-loop; Component based; Component based systems; Control objectives; Control operations; Control problems; Discrete controller synthesis; Discrete controllers; Distributed middleware; Dynamic re-configuration; Formal tools; Integrated architecture; Multi core; Programming environment; Reactive system; Reconfigurable systems; Reconfiguration manager; Reconfiguration operations; State space; Synchronous control; Synchronous languages; Synchronous programming; Transition system; Adaptive control systems","T. Bouhadiba; LIG, INRIA, Grenoble, France; email: tayeb.bouhadiba@inria.fr","","","","978-145030714-7","","","English","Embedded Syst. Week, ESWEEK - Proc. ACM Int. Conf. Embedded Softw., EMSOFT","Conference paper","Final","","Scopus","2-s2.0-80455164815"
"Rezazadeh M.; Baghi H.; Barros J.; Laranjeira J.","Rezazadeh, Mohammadali (57196836382); Baghi, Hadi (55812049300); Barros, Joaquim (34874558900); Laranjeira, João (57191585624)","57196836382; 55812049300; 34874558900; 57191585624","Exploring the potentialities of a new type of CFRP laminate for the simultaneous flexural and shear strengthening of RC beams: Numerical research","2015","FRPRCS-12/APFIS-2015 - Joint Conference of the 12th International Symposium on Fiber Reinforced Polymers for Reinforced Concrete Structures, FRPRCS 2015 and the 5th Asia-Pacific Conference on Fiber Reinforced Polymers in Structures, APFIS 2015","","","","","","6","","https://www.scopus.com/pages/publications/85084944609?origin=resultslist","ISISE, Dep. Civil Eng., School Eng., University of Minho, Campus de Azurém, Guimarães, 4800-058, Portugal","Rezazadeh M., ISISE, Dep. Civil Eng., School Eng., University of Minho, Campus de Azurém, Guimarães, 4800-058, Portugal; Baghi H., ISISE, Dep. Civil Eng., School Eng., University of Minho, Campus de Azurém, Guimarães, 4800-058, Portugal; Barros J., ISISE, Dep. Civil Eng., School Eng., University of Minho, Campus de Azurém, Guimarães, 4800-058, Portugal; Laranjeira J., ISISE, Dep. Civil Eng., School Eng., University of Minho, Campus de Azurém, Guimarães, 4800-058, Portugal","This study aims to develop an innovative carbon fibre reinforced polymer (CFRP) laminate with a U configuration to address strengthening interventions, where the increment of both flexural and shear capacity of reinforced concrete (RC) elements is required. This strengthening solution combines the near surface mounted (NSM) and embedded through section (ETS) techniques in the same application, since these techniques have already evidenced high performance on flexural and shear strengthening of RC beams using FRP systems, respectively. In fact, the proposed hybrid technique aims to mobilize the advantages provided by these two strengthening techniques by using an innovative CFRP laminate. The strengthening efficacy of this new hybrid NSM/ETS technique was numerically assessed and compared to the corresponding efficiency of NSM and ETS techniques applied separately for the flexural and shear strengthening of RC beams, respectively. The numerical models are described and the main relevant results are presented and discussed. © APFIS 2015. All rights reserved.","CFRP laminate; ETS technique; Finite element; Flexural and shear analysis; NSM technique","Beams and girders; Bridge decks; Carbon fiber reinforced plastics; Carbon fibers; Concrete buildings; Concrete construction; Embedded systems; Polymers; Carbon fibre reinforced polymer; CFRP laminate; Hybrid techniques; Near surface mounted; Numerical research; Shear capacity; Shear strengthening; Strengthening technique; Fiber reinforced concrete","","Wu Z.; Wu G.; Wang X.","International Institute for FRP in Construction (IIFC)","","","","","English","FRPRCS/APFIS Jt. Conf. Int. Symp. Fiber Reinf. Polym. Reinf. Concr. Struct., FRPRCS Asia-Pac. Conf. Fiber Reinf. Polym. Struct., APFIS","Conference paper","Final","","Scopus","2-s2.0-85084944609"
"","","","6th International Conference on Mechanical Engineering Research, ICMER 2021","2023","Lecture Notes in Electrical Engineering","882","","","","","0","","https://www.scopus.com/pages/publications/85136967764?origin=resultslist","","","The proceedings contain 55 papers presendted at a virtual meeting. The special focus in this conference is on Mechanical Engineering Research. The topics include: Temperature Profile of Mixed Mode Solar Cabinet Coconut Dryer; performance of Solar Cabinet Dryer Utilizing Thermosyphon Water Heater; Development of Small-Scale PETE Plastic Bottle Shredder with Electronic Sensor Controls for Cap Separation: Basis for Reverse Vending Machine; Investigation on Lane Changing Manoeuvres of an Autonomous Vehicle by Using Model Predictive Control (MPC) and Proportional-Integral-Derivative Control (PID) for Steer-by-Wire (SBW) System; design of Flora Inspired Savonius Wind Turbine; arduino-Based Electronic Bicycle Transmission Switching System; a Review on the Bolted Flange Looseness Detection Method; pedestrian Lane Control System with Alert System; design and Analysis of 6 Degree of Freedom Robotic Whiteboard Cleaner; Study on Mangrove Barks Activated Carbon (MBAC) for Fibre Reinforce Plastic (FRP) Rehabilitation Pile Structure; Preliminary Tensile Investigation of FDM Printed PLA/Coconut Wood Composite; Preliminary Tensile Investigation of FDM Printed PLA/Copper Composite; a Narrative Review: Bamboo Fiber as an Alternative Source for Pulp and Paper; investigation of Curing Process of Silver Conductive Ink on Polymer Substrates Using Halogen Lamp and Oven; improvement of Brake Response Time on Trailing Vehicle: A Review; review: Two-Dimensional Layered Material Based Electrodes for Lithium Ion and Sodium Ion Batteries; design of an Experimental Test Rig to Determine the Battery Internal Resistance Beyond Normal Operating Condition; Mechanical Performance of Cornstalk Fibre/Fibreglass/Polyphenylene Sulfide (PPS) Composites Bicycle Frame Using Finite Element Analysis; study on Low Frequency Vibration Isolation Characteristics of Transformer by Phononic Crystal.","","","","Hassan M.H.A.; Zohari M.H.; Kadirgama K.; Mohamed N.A.N.; Aziz A.","Springer Science and Business Media Deutschland GmbH","18761100","978-981191576-5","","","English","Lect. Notes Electr. Eng.","Conference review","Final","","Scopus","2-s2.0-85136967764"
"Yuan Z.; Zhou T.; Liu J.; Luo J.; Zhang Y.; Chen X.","Yuan, Zhenghen (59806615300); Zhou, Tingliang (57015976700); Liu, Jing (55705933200); Luo, Juan (57190294603); Zhang, Yi (57190295134); Chen, Xiaohong (35236403100)","59806615300; 57015976700; 55705933200; 57190294603; 57190295134; 35236403100","Hybrid lustre","2016","Lecture Notes in Computer Science (including subseries Lecture Notes in Artificial Intelligence and Lecture Notes in Bioinformatics)","9609","","","325","340","0","10.1007/978-3-319-41579-6_25","https://www.scopus.com/pages/publications/84979017206?origin=resultslist","Shanghai Key Lab of Trustworthy Computing, East China Normal University, Shanghai, China; Casco Signal LTD., Shanghai, China; National Trustworthy Embedded Software Engineering Research Centre, Shanghai, China","Yuan Z., Shanghai Key Lab of Trustworthy Computing, East China Normal University, Shanghai, China; Zhou T., Casco Signal LTD., Shanghai, China; Liu J., Shanghai Key Lab of Trustworthy Computing, East China Normal University, Shanghai, China; Luo J., Casco Signal LTD., Shanghai, China; Zhang Y., Casco Signal LTD., Shanghai, China; Chen X., Shanghai Key Lab of Trustworthy Computing, East China Normal University, Shanghai, China, National Trustworthy Embedded Software Engineering Research Centre, Shanghai, China","Hybrid Lustre is a formal modeling language for a mixed discrete-continuous system extended from Lustre. Lustre is a data-flow based synchronous language widely used in development of real-time embedded systems. While Luster lacks of a mechanism for modeling continuous behavior of physical processes which are controlled by digital controllers, Hybrid Lustre is proposed as an extension of Lustre to accommodate continuous behaviors in between discrete transitions. The continuous state change can be specified by ordinary differential equations. The syntax and the semantics of Hybrid Lustre are formally described, thus to support verifying the correctness of models of mixed discrete-continuous systems. It is successfully used in development of new generation Communication Based Zone Controller of Casco Signal LTD. © Springer International Publishing Switzerland 2016.","","Computational linguistics; Differential equations; Discrete time control systems; Information science; Modeling languages; Ordinary differential equations; Real time systems; Semantics; Continuous state; Digital controllers; Discrete transitions; Discrete-continuous systems; Formal modeling language; Physical process; Real-time embedded systems; Synchronous languages; Embedded systems","T. Zhou; Casco Signal LTD., Shanghai, China; email: zhoutingliang@casco.com.cn","Mazzara M.; Voronkov A.","Springer Verlag","03029743","978-331941578-9","","","English","Lect. Notes Comput. Sci.","Conference paper","Final","","Scopus","2-s2.0-84979017206"
"Reynders B.; Devriese D.","Reynders, Bob (56418336400); Devriese, Dominique (36198086100)","56418336400; 36198086100","Efficient functional reactive programming through incremental behaviors","2017","Lecture Notes in Computer Science (including subseries Lecture Notes in Artificial Intelligence and Lecture Notes in Bioinformatics)","10695 LNCS","","","321","338","3","10.1007/978-3-319-71237-6_16","https://www.scopus.com/pages/publications/85035041985?origin=resultslist","Imec - DistriNet, KU Leuven, Leuven, Belgium","Reynders B., Imec - DistriNet, KU Leuven, Leuven, Belgium; Devriese D., Imec - DistriNet, KU Leuven, Leuven, Belgium","Many types of software are inherently event-driven ranging from web applications to embedded devices and traditionally, such applications are implemented using imperative callbacks. An alternative approach to writing such programs is functional reactive programming (FRP). FRP offers abstractions to make event-driven programming convenient, safe and composable, but they come at a price. FRP behaviors cannot efficiently deal with larger, incrementally constructed values such as a collection of messages or a list of connected devices. Since these situations occur naturally, it hinders the use of FRP. We report on a new FRP primitive: ‘incremental behavior’. We show that the semantics fit within existing FRP semantics and that their API can be used as a foundation for more ad-hoc solutions, such as incremental collections and discrete behaviors. Finally, we present benchmarks that demonstrate the advantages of incremental behaviors in terms of reduced computation time and bandwidth. © Springer International Publishing AG 2017.","","Application programs; Computer systems programming; Functional programming; Semantics; Composable; Computation time; Embedded device; Event-driven; Event-driven programming; Functional reactive programming; WEB application; Behavioral research","B. Reynders; Imec - DistriNet, KU Leuven, Leuven, Belgium; email: bob.reynders@cs.kuleuven.be","Chang B.-Y.E.","Springer Verlag","03029743","978-331971236-9","","","English","Lect. Notes Comput. Sci.","Conference paper","Final","","Scopus","2-s2.0-85035041985"
"Sakurai Y.; Moriguchi S.; Watanabe T.","Sakurai, Yoshitaka (57213438094); Moriguchi, Sosuke (55735588400); Watanabe, Takuo (36931774900)","57213438094; 55735588400; 36931774900","Functional Reactive Programming for Embedded Systems with GPGPUs","2021","ACM International Conference Proceeding Series","","","","75","80","2","10.1145/3457784.3457795","https://www.scopus.com/pages/publications/85112263958?origin=resultslist","Tokyo Institute of Technology, Japan","Sakurai Y., Tokyo Institute of Technology, Japan; Moriguchi S., Tokyo Institute of Technology, Japan; Watanabe T., Tokyo Institute of Technology, Japan","We propose new functionality for FRP language to support computations on GPUs. Some embedded systems equip GPUs, which enable us to process large amounts of data such as camera images. We have developed an FRP language for embedded systems, named Emfrp. However, Emfrp lacks two kinds of concepts for computations on GPUs; one is the representation for large amounts of data, and the other is the declaration of the calculational resources of computations. In this paper, we introduce node arrays and GPU nodes, which are time-varying values computed on GPUs. We also show a prototype language of these features and evaluation through some examples on it.  © 2021 ACM.","Embedded Systems; Functional Reactive Programming; GPGPUs","Application programs; Functional programming; Program processors; Camera images; Functional reactive programming; Large amounts of data; Time varying; Embedded systems","","","Association for Computing Machinery","","978-145038882-5","","","English","ACM Int. Conf. Proc. Ser.","Conference paper","Final","","Scopus","2-s2.0-85112263958"
"Lohstroh M.; Bateni S.; Menard C.; Schulz-Rosengarten A.; Castrillon J.; Lee E.A.","Lohstroh, Marten (56575155100); Bateni, Soroush (57204499812); Menard, Christian (57193139216); Schulz-Rosengarten, Alexander (57191824753); Castrillon, Jeronimo (24779298800); Lee, Edward A. (7406967883)","56575155100; 57204499812; 57193139216; 57191824753; 24779298800; 7406967883","Deterministic Coordination across Multiple Timelines","2024","ACM Transactions on Embedded Computing Systems","23","5","77","","","5","10.1145/3615357","https://www.scopus.com/pages/publications/85197071003?origin=resultslist","University of California, Berkeley, 545Q Cory Hall, Berkeley, 94720, CA, United States; University of Texas at Dallas, 800W. Campbell Road, Richardson, 75080, TX, United States; TU Dresden, Chair for Compiler Construction, Georg-Schumann-Str. 11, Dresden, 01069, Germany; Kiel University, Department of Computer Science, Olshausenstr. 40, Kiel, 24098, Germany; TU Dresden, Chair for Compiler Construction, Georg-Schumann-Str. 7a, Dresden, 01069, Germany","Lohstroh M., University of California, Berkeley, 545Q Cory Hall, Berkeley, 94720, CA, United States; Bateni S., University of Texas at Dallas, 800W. Campbell Road, Richardson, 75080, TX, United States; Menard C., TU Dresden, Chair for Compiler Construction, Georg-Schumann-Str. 11, Dresden, 01069, Germany; Schulz-Rosengarten A., Kiel University, Department of Computer Science, Olshausenstr. 40, Kiel, 24098, Germany; Castrillon J., TU Dresden, Chair for Compiler Construction, Georg-Schumann-Str. 7a, Dresden, 01069, Germany; Lee E.A., University of California, Berkeley, 545Q Cory Hall, Berkeley, 94720, CA, United States","We discuss a novel approach for constructing deterministic reactive systems that revolves around a temporal model that incorporates a multiplicity of timelines. This model is central to Lingua Franca (LF), a polyglot coordination language and compiler toolchain we are developing for the definition and composition of concurrent components called reactors, which are objects that react to and emit discrete events. Our temporal model differs from existing models like the logical execution time (LET) paradigm and synchronous languages in that it reflects that there are always at least two distinct timelines involved in a reactive system; a logical one and a physical one - and possibly multiple of each kind. This article explains how the relationship between events across timelines facilitates reasoning about consistency and availability across components in cyber-physical systems (CPSs).  © 2024 Copyright held by the owner/author(s).","concurrency; coordination; determinism; Time","Concurrency control; Program compilers; Temporal logic; Concurrency; Coordination; Coordination language; Determinism; Deterministics; Discrete events; Languages and compilers; Reactive system; Temporal models; Time; Embedded systems","M. Lohstroh; University of California, Berkeley, Berkeley, 545Q Cory Hall, 94720, United States; email: marten@berkeley.edu","","Association for Computing Machinery","15399087","","","","English","ACM Trans. Embedded Comput. Syst.","Article","Final","All Open Access; Hybrid Gold Open Access","Scopus","2-s2.0-85197071003"
"Omnès T.J.-F.; Bouchebaba Y.; Kulkarni C.; Coelho F.","Omnès, Thierry J.-F. (6507997993); Bouchebaba, Youcef (15076728300); Kulkarni, Chidamber (7003817618); Coelho, Fabien (56273978100)","6507997993; 15076728300; 7003817618; 56273978100","Recent advances in low-power design and functional coverification automation from the earliest system-level design stages","2004","Low-Power Electronics Design","","","","37","1","1","","https://www.scopus.com/pages/publications/84858930401?origin=resultslist","Philips Semiconductors, Eindhoven, Netherlands; University of Nantes, Nantes, France; University of California-Berkeley, Berkeley, CA, United States; Ecole des Mines, Paris, France","Omnès T.J.-F., Philips Semiconductors, Eindhoven, Netherlands; Bouchebaba Y., University of Nantes, Nantes, France; Kulkarni C., University of California-Berkeley, Berkeley, CA, United States; Coelho F., Ecole des Mines, Paris, France","To meet the cost, power, performance, and programmability constraints of next-generation multimedia devices and platforms in a reasonable design and verification time, introducing a system specification cleaning engine so-called the software washing machine by IMEC’s Hugo de Man is key [23]. At this highest level (and first step) in the overall system-level design and verification flow, automation is a very difficult problem because system architects typically prefer the expressiveness of C/C++ to the powerful semantics of synchronous languages [6] such as Esterel [16], Lustre [32], and Signal [49], using tools such as Esterel Studio [26], Polychrony [42], and Simulink. They also prefer the expressiveness of C/C++ to the powerful mathematics of geometric data-flow modeling available from languages such as Fortran, Alpha [21], and tools such as paralléliseur interprocedural de programmes scientifiques (PIPS) [37] and MMAlpha [47]. Because data access and transfer have the biggest impact on the cost, power, and performance of embedded systems, bridging the gap between geometric data-flow modeling and C/C++ requires special attention. Section 37.2 tours basic geometric transformations to motivate the introduction of a novel and advanced low-power optimization engine, based on PIPS, with the ability to take restricted but still C code as input. Beyond the productivity gain achieved by automation, we observe superior power savings than typically obtained using the systematic but manual code rewriting techniques that stand for best practice in this field today. © 2005 by CRC Press LLC.","","","","","CRC Press","","978-142003955-9; 978-084931941-9","","","English","Low-Power Electronics Design","Book chapter","Final","","Scopus","2-s2.0-84858930401"
"Caspi P.; Curic A.; Maignan A.; Sofronis C.; Tripakis S.; Niebert P.","Caspi, Paul (7003700523); Curic, Adrian (6508136914); Maignan, Aude (57188576630); Sofronis, Christos (6507485743); Tripakis, Stavros (6701546551); Niebert, Peter (15045439800)","7003700523; 6508136914; 57188576630; 6507485743; 6701546551; 15045439800","From simulink to SCADE/Lustre to TTA: A layered approach for distributed embedded applications","2003","ACM SIGPLAN Notices","38","7","","153","162","38","10.1145/780731.780754","https://www.scopus.com/pages/publications/1442264243?origin=resultslist","VERIMAG, Centre Equation, 38610 Gières, 2, Avenue de Vignate, France; LIF, CMI, 13453 Marseille, 39 Rue Joliot-Curie, France","Caspi P., VERIMAG, Centre Equation, 38610 Gières, 2, Avenue de Vignate, France; Curic A., VERIMAG, Centre Equation, 38610 Gières, 2, Avenue de Vignate, France; Maignan A., VERIMAG, Centre Equation, 38610 Gières, 2, Avenue de Vignate, France; Sofronis C., VERIMAG, Centre Equation, 38610 Gières, 2, Avenue de Vignate, France; Tripakis S., VERIMAG, Centre Equation, 38610 Gières, 2, Avenue de Vignate, France; Niebert P., LIF, CMI, 13453 Marseille, 39 Rue Joliot-Curie, France","We present a layered end-to-end approach for the design and implementation of embedded software on a distributed platform. The approach comprises a high-level modeling and simulation layer (Simulink), a middle-level programming and validation layer (SCADE/Lustre) and a low-level execution layer (TTA). We provide algorithms and tools to pass from one layer to the next. First, a translator from Simulink to Lustre. Second, a set of real-time and code-distribution extensions to Lustre. Third, implementation techniques for decomposing a Lustre program into tasks and messages, scheduling the tasks and messages on the processors and the bus, distributing the Lustre code on the execution platform, and generating the necessary ""glue"" code.","Code distribution; Embedded software; Lustre; Scheduling; Simulink; Synchronous languages","Algorithms; Computer networks; Computer programming languages; Computer simulation; Distributed computer systems; Embedded systems; Fault tolerant computer systems; Resource allocation; Code distribution; Embedded software; Safety critical application development environment; Simulink; Synchronous languages; Time triggered architecture; Software engineering","","","Association for Computing Machinery (ACM)","03621340","","","","English","ACM SIGPLAN Not.","Conference paper","Final","","Scopus","2-s2.0-1442264243"
"Chou Pai; Borriello Gaetano","Chou, Pai (55503962800); Borriello, Gaetano (7006229514)","55503962800; 7006229514","Software scheduling in the co-synthesis of reactive real-time systems","1994","Proceedings - Design Automation Conference","","","","1","4","32","10.1145/196244.196247","https://www.scopus.com/pages/publications/0028571334?origin=resultslist","Univ of Washington, Seattle, WA, United States","Chou Pai, Univ of Washington, Seattle, WA, United States; Borriello Gaetano, Univ of Washington, Seattle, WA, United States","Existing software scheduling techniques limit the functions that can be implemented in software to those with a restricted class of timing constraints, in particular those with a coarse-grained, uniform, periodic behavior. In practice, however, many systems change their I/O behavior in response to the inputs from the environment. This paper considers one such class of systems, called reactive real-time systems, where timing requirements can include sequencing, rate, and response time constraints. We present a static, non-preemptive, fine-grained software scheduling algorithm to meet these constraints. This algorithm is suitable for control-dominated embedded systems with hard real-time constraints, and is part of the core of a hardware/software co-synthesis system.","","Algorithms; Computational linguistics; Computer software; Constraint theory; Input output programs; Interactive devices; Network protocols; Response time (computer systems); Scheduling; Rate; Reactive real time systems; Sequencing; Software scheduling; Watchdog concurrency reactive programming model; Real time systems","","","IEEE","0738100X","","PDAWD","","English","Proc Des Autom Conf","Conference paper","Final","","Scopus","2-s2.0-0028571334"
"Brunette C.; Talpin J.-P.; Gamatié A.; Gautier T.","Brunette, Christian (18036519600); Talpin, Jean-Pierre (6602090161); Gamatié, Abdoulaye (16301118500); Gautier, Thierry (35953675000)","18036519600; 6602090161; 16301118500; 35953675000","A metamodel for the design of polychronous systems","2009","Journal of Logic and Algebraic Programming","78","4","","233","259","10","10.1016/j.jlap.2008.11.005","https://www.scopus.com/pages/publications/62149118311?origin=resultslist","INRIA, Unité de Recherche Rennes-Bretagne-Atlantique, 35042 Rennes Cedex, Campus de Beaulieu, France; LIFL - UMR CNRS 8022, 59655 Villeneuve d'Ascq Cedex, Bâtiment M3, France","Brunette C., INRIA, Unité de Recherche Rennes-Bretagne-Atlantique, 35042 Rennes Cedex, Campus de Beaulieu, France; Talpin J.-P., INRIA, Unité de Recherche Rennes-Bretagne-Atlantique, 35042 Rennes Cedex, Campus de Beaulieu, France; Gamatié A., LIFL - UMR CNRS 8022, 59655 Villeneuve d'Ascq Cedex, Bâtiment M3, France; Gautier T., INRIA, Unité de Recherche Rennes-Bretagne-Atlantique, 35042 Rennes Cedex, Campus de Beaulieu, France","This article presents the development of a metamodel and an open-source design environment for the synchronous language Signal in the Gme and Eclipse frameworks. This environment is intended to be used as a pivot modeling tool for a customized, aspect-oriented and application-driven, computer-aided engineering of embedded systems starting from multiple and heterogeneous initial specifications. The metamodel, called SignalMeta, is defined on top of the design workbench Polychrony, which is dedicated to Signal programming. Automated transformations are defined and implemented in order to produce, analyze, statically verify and model-check programs obtained from high-level models. The proposed approach promotes model-driven engineering within a framework that strongly favors formal validation. It aims at significantly decreasing design costs while improving the quality of systems. We demonstrate the agility of this approach by considering the design of both control-oriented and avionic systems. We start with an implementation of core polychronous1From the Greek words poly and chronos: multiple and time1 data-flow concepts in Gme and show the ease of its modular extension with application-specific concepts such as mode automata or integrated modular avionics concepts. This work is the first attempt to generalize the formal model of computation and the design philosophy of Polychrony. © 2008 Elsevier Inc. All rights reserved.","Design environment; Embedded systems; Metamodeling; Model transformation; Software engineering; Synchronous languages","Avionics; Computer aided engineering; Design; Embedded software; Integrated circuits; Linguistics; Philosophical aspects; Query languages; Software engineering; Application specifics; Aspect-oriented; Automated transformations; Avionic systems; Computer-aided engineerings; Data flows; Design costs; Design environment; Design philosophies; Formal models; Formal validations; High-level models; Integrated modular avionics; Meta models; Metamodeling; Mode automaton; Model transformation; Model-driven engineerings; Modeling tools; Modular extensions; Open sources; Synchronous languages; Embedded systems","C. Brunette; INRIA, Unité de Recherche Rennes-Bretagne-Atlantique, 35042 Rennes Cedex, Campus de Beaulieu, France; email: Christian.Brunette@irisa.fr","","","15678326","","JLAPA","","English","J. Logic. Algebraic Program.","Article","Final","","Scopus","2-s2.0-62149118311"
"Van den Vonder S.; Renaux T.; De Meuter W.","Van den Vonder, Sam (57195555416); Renaux, Thierry (55497661200); De Meuter, Wolfgang (16306490800)","57195555416; 55497661200; 16306490800","Topology-Level Reactivity in Distributed Reactive Programs Reactive Acquaintance Management using Flocks","2022","Art, Science, and Engineering of Programming","6","3","14","14:1","14:36","2","10.22152/programming-journal.org/2022/6/14","https://www.scopus.com/pages/publications/85136538297?origin=resultslist","Software Languages Lab, Vrije Universiteit Brussel, Belgium","Van den Vonder S., Software Languages Lab, Vrije Universiteit Brussel, Belgium; Renaux T., Software Languages Lab, Vrije Universiteit Brussel, Belgium; De Meuter W., Software Languages Lab, Vrije Universiteit Brussel, Belgium","Reactive programming is a popular paradigm to program event-driven applications, and it is often proposed as a paradigm to write distributed applications. One such type of application is prosumer applications, which are distributed applications that both produce and consume many events. We analyse the problems that occur when using a reactive programming language or framework to implement prosumer applications. We find that the assumption of an open network, which means prosumers of various types spontaneously join and leave the network, can cause a lot of code complexity or run-time inefficiency. At the basis of these issues lies acquaintance management: the ability to discover prosumers as they join and leave the network, and correctly maintaining this state throughout the reactive program. Most existing reactive programming languages and frameworks have limited support for managing acquaintances, resulting in accidental complexity of the code or inefficient computations. In this paper we present acquaintance management for reactive programs. First, we design an acquaintance discovery mechanism to create a flock that automatically discovers prosumers on the network. An important aspect of flocks is their integration with reactive programs, such that a reactive program can correctly and efficiently maintain its state. To this end we design an acquaintance maintenance mechanism: a new type of operator for functional reactive programming languages that we call “deploy-*”. The deploy-* operator enables correct and efficient reactions to time-varying collections of discovered prosumers. The proposed mechanisms are implemented in a reactive programming language called Stella, which serves as a linguistic vehicle to demonstrate the ideas of our approach. Our implementation of acquaintance management results in computationally efficient and idiomatic reactive code. We evaluate our approach quantitatively via benchmarks that show that our implementation is efficient: computations will efficiently update whenever a new prosumer is discovered, or a connected prosumer is dropped. To evaluate the distributed capabilities of our prototype implementation, we implement a use-case that simulates the bike-sharing infrastructure of Brussels, and we run it on a Raspberry Pi cluster computer. We consider our work to be an important step to use functional reactive programming to build distributed systems for open networks, in other words, distributed reactive programs that involve many prosumer devices and sensors that spontaneously join and leave the network. © Sam Van den Vonder, Thierry Renaux, and Wolfgang De Meuter.","actors; distributed programming; functional reactive programming; reactive streams; reactors","","","","AOSA Inc.","24737321","","","","English","Art Sci. Eng. Program.","Article","Final","All Open Access; Bronze Open Access; Green Open Access","Scopus","2-s2.0-85136538297"
"Schulz-Rosengarten A.; Smyth S.; Mendler M.","Schulz-Rosengarten, Alexander (57191824753); Smyth, Steven (57191920926); Mendler, Michael (55881981000)","57191824753; 57191920926; 55881981000","Towards object-oriented modeling in sccharts","2019","Proceedings of the 2019 Forum on Specification and Design Languages, FDL 2019","","","8876901","","","6","10.1109/FDL.2019.8876901","https://www.scopus.com/pages/publications/85074886071?origin=resultslist","Department of Computer Science, Kiel University, Kiel, Germany; Faculty of Information Systems and Applied Computer Sciences, Bamberg University, Bamberg, Germany","Schulz-Rosengarten A., Department of Computer Science, Kiel University, Kiel, Germany; Smyth S., Department of Computer Science, Kiel University, Kiel, Germany; Mendler M., Faculty of Information Systems and Applied Computer Sciences, Bamberg University, Bamberg, Germany","Object orientation is a powerful and widely used paradigm for abstraction and structuring in programming. Many languages are designed with this principle or support different degrees of object orientation. In synchronous languages, originally developed to design embedded reactive systems, there are only few object-oriented influences. However, especially in combination with a statechart notation, the modeling process can be improved by facilitating object orientation as we argue here. At the same time the graphical representation can be used to illustrate the object-oriented design of a system. Synchronous statechart dialects, such as the SCCharts language, provide deterministic concurrency for specifying safety-critical systems. Using SCCharts as an example, we illustrate how an object-oriented modeling approach that supports inheritance, can be introduced. We further present how external, i. e. host language, objects can be included in the SCCharts language. Specifically, we discuss how the recently developed concepts of scheduling directives and scheduling policies can be used to ensure the determinism of objects while retaining encapsulation. © 2019 IEEE.","determinacy; inheritance; object orientation; state machine modeling; Synchronous languages","Embedded systems; Object oriented programming; Safety engineering; Scheduling; Specifications; Systems analysis; determinacy; inheritance; Object orientation; State machine models; Synchronous languages; Modeling languages","A. Schulz-Rosengarten; Department of Computer Science, Kiel University, Kiel, Germany; email: alssmg@informatik.uni-kiel.de","","Institute of Electrical and Electronics Engineers Inc.","","978-172814113-8","","","English","Proc. Forum Specif. Des. Lang., FDL","Conference paper","Final","","Scopus","2-s2.0-85074886071"
"Harries K.A.; El-Tawil S.","Harries, Kent A. (7003794049); El-Tawil, Sherif (7004029036)","7003794049; 7004029036","Steel-FRP composite structural systems","2011","Composite Construction in Steel and Concrete VI - Proceedings of the 2008 Composite Construction in Steel and Concrete Conference","","","","703","716","23","10.1061/41142(396)58","https://www.scopus.com/pages/publications/79955394580?origin=resultslist","University of Pittsburgh, Civil and Environmental Engineering, Pittsburgh, PA, United States; University of Michigan, Civil and Environmental Engineering, Ann Arbor, MI, United States","Harries K.A., University of Pittsburgh, Civil and Environmental Engineering, Pittsburgh, PA, United States; El-Tawil S., University of Michigan, Civil and Environmental Engineering, Ann Arbor, MI, United States","Most extant fiber reinforced polymer (FRP) applications in the structural engineering field involve concrete-FRP composite systems, where FRP components are attached to or embedded into concrete structures to improve their structural performance. A relatively small and innovative body of work focusing on steel-FRP composite structural systems is beginning to develop. A state-of-the-art review of progress in this emerging and rapidly developing area is presented. The review is divided into applications: strengthening steel structures with FRP, stabilizing (or bracing) buckling-critical steel elements with FRP and relieving fatigue or fracture-critical conditions. Discussions of concerns pertaining to joining FRP and steel as well as the potential and future of this technology are also presented. © 2011 ASCE.","Bending; Composite materials; Fiber reinforced polymer; Flexural strength; Girders; Hybrid methods; Steel","Bending strength; Concrete slabs; Embedded systems; Fiber reinforced plastics; Polymers; Reinforced plastics; Bending; Fiber reinforced polymer; Flexural strength; Girders; Hybrid methods; Hybrid materials","K. A. Harries; University of Pittsburgh, Civil and Environmental Engineering, Pittsburgh, PA, United States; email: kharries@engr.pitt.edu","","","","978-078441142-1","","","English","Compos. Constr. Steel Concr. - Proc. Compos. Constr. Steel Concr. Conf.","Conference paper","Final","","Scopus","2-s2.0-79955394580"
"Benveniste A.; Bourke T.; Caillaud B.; Pouzet M.","Benveniste, Albert (7004977693); Bourke, Timothy (18036559300); Caillaud, BenoÎt (55605009400); Pouzet, Marc (57202122440)","7004977693; 18036559300; 55605009400; 57202122440","A hybrid synchronous language with hierarchical automat","2011","Embedded Systems Week 2011, ESWEEK 2011 - Proceedings of the 9th ACM International Conference on Embedded Software, EMSOFT'11","","","","137","147","18","10.1145/2038642.2038664","https://www.scopus.com/pages/publications/80455143364?origin=resultslist","INRIA Rennes, France; INRIA Paris-Rocquencourt, France; DI, ÉCole Normale Supérieure, France","Benveniste A., INRIA Rennes, France; Bourke T., INRIA Paris-Rocquencourt, France; Caillaud B., INRIA Rennes, France; Pouzet M., DI, ÉCole Normale Supérieure, France","Hybrid modeling tools like Simulink have evolved from simulation platforms into development platforms on which testing, verification and code generation are also performed. It is critical to ensure that the results of simulation, compilation and verification are consistent. Synchronous languages have addressed these issues but only for discrete systems. Reprising earlier work, we present a hybrid modeler built from a synchronous language and an of-the-shelf numericcal solver. The main novelty is a language with hierarchical automata that can be arbitrarily mixed with data-flow and ordinary deferential equations (ODEs). A type system statically ensures that discrete state changes are aligned with zero-crossing events and that the function passed to the numerical solver has no side effects during integration. Well- typed programs are compiled by source-to-source translation into synchronous code which is then translated into sequential code using an existing synchronous language compiler. Categories and Subject Descriptors C.3 [Special-purpose and application-based systems]: Real-time and embedded systems; D.3.2 [Language classifications]: Dataflow languages General Terms Algorithms, Languages, Theory. Copyright © 2011 ACM.","Block diagrams; Compilation; Hybrid systems; Real-time systems; Semantics; Synchronous languages; Type systems","Embedded software; Hybrid systems; Program compilers; Program translators; Real time systems; Semantics; Software testing; Translation (languages); Verification; Block diagrams; Code Generation; Compilation; Data flow language; Dataflow; Descriptors; Development platform; Discrete state; Discrete systems; Hybrid modeling; Numerical solvers; Real-time and embedded systems; Side effect; Simulation platform; Simulink; Source-to-source translations; Synchronous languages; Type systems; Zero-crossings; Embedded systems","T. Bourke; INRIA Paris-Rocquencourt, France; email: timothy.bourke@inria.fr","","","","978-145030714-7","","","English","Embedded Syst. Week, ESWEEK - Proc. ACM Int. Conf. Embedded Softw., EMSOFT","Conference paper","Final","","Scopus","2-s2.0-80455143364"
"Belwal C.; Cheng A.M.K.","Belwal, Chaitanya (6507996126); Cheng, Albert M.K. (7402075079)","6507996126; 7402075079","Feasibility interval for the transactional event handlers of P-FRP","2011","Proc. 10th IEEE Int. Conf. on Trust, Security and Privacy in Computing and Communications, TrustCom 2011, 8th IEEE Int. Conf. on Embedded Software and Systems, ICESS 2011, 6th Int. Conf. on FCST 2011","","","6120926","966","973","1","10.1109/TrustCom.2011.133","https://www.scopus.com/pages/publications/84856204951?origin=resultslist","Department of Computer Science, University of Houston, TX, United States","Belwal C., Department of Computer Science, University of Houston, TX, United States; Cheng A.M.K., Department of Computer Science, University of Houston, TX, United States","declarative approach for modeling and building safety-critical embedded systems. Recently, Priority-based FRP (P-FRP) was introduced as a formalism that guarantees real-time response. Due to the state-less nature of execution of functional programs, P-FRP implements a transactional nature of execution where preempted lower priority tasks are aborted. This makes the response time of a lower priority task completely dependent on the execution pattern of higher priority tasks. The feasibility interval in the classical preemptive model of real-time systems is known and is dependent on the least common multiple (LCM) of task periods. However, since the abort nature of preemption can induce side-effects on the execution of lower priority tasks, it has been unknown to date if the feasibility in P-FRP is also dependent on the LCM. In this paper, we rigorously prove that these side-effects of preemption are bounded within the LCM and formally derive a value of the feasibility interval in P-FRP. This value of feasibility interval is vital for more robust schedulability analysis of the P-FRP execution model. © 2011 IEEE.","feasibility interval; functional programming; Real-time systems; response time analysis; schedulability","Embedded software; Intelligent systems; Response time (computer systems); Feasibility interval; Functionals; Least common multiple; Low priorities; Priority tasks; Priority-based; Real - Time system; Response-time analysis; Schedulability; Side effect; Functional programming","C. Belwal; Department of Computer Science, University of Houston, TX, United States; email: cbelwal@cs.uh.edu","","IEEE Computer Society","","978-076954600-1","","","English","Proc. - IEEE Int. Conf. Trust, Secur. Priv. Comput. Commun., TrustCom, IEEE Int. Conf. Embedded Softw. Syst., ICESS","Conference paper","Final","","Scopus","2-s2.0-84856204951"
"Watanabe T.","Watanabe, Takuo (36931774900)","36931774900","A simple context-oriented programming extension to an frp language for small-scale embedded systems","2018","Proceedings of the 10th International Workshop on Context-Oriented Programming: Advanced Modularity for Run-time Composition, COP 2018 - Co-located with the European Conference on Object-Oriented Programming","","","","23","30","11","10.1145/3242921.3242925","https://www.scopus.com/pages/publications/85055864497?origin=resultslist","Department of Computer Science, Tokyo Institute of Technology, Japan","Watanabe T., Department of Computer Science, Tokyo Institute of Technology, Japan","This paper presents the design of a simple context-oriented programming extension to Emfrp, a purely functional reactive programming language for resource-constrained embedded systems. The language provides declarative and straightforward ways to describe various reactive behaviors in embedded systems. However, because of the static nature of the language, Emfrp lacks suitable capabilities to modularize adaptive behaviors. The proposed extension introduces a simple layer mechanism with implicit layer activation. It also provides a feature to describe responses to events that correspond to the moments of layer activations and deactivations. The extension can improve the modularity of Emfrp programs by separating the descriptions of context-dependent behaviors, and hence eliminating various cross-cutting code fragments. © 2018 Copyright held by the owner/author(s).","Context-oriented programming; Embedded systems; Functional reactive programming","Chemical activation; Embedded systems; Functional programming; Adaptive behavior; Context dependent; Context oriented programming; Functional reactive programming; Layer mechanisms; Purely functional; Reactive behavior; Resource-constrained embedded systems; Object oriented programming","T. Watanabe; Department of Computer Science, Tokyo Institute of Technology, Japan; email: takuo@acm.org","","Association for Computing Machinery, Inc","","978-145035722-7","","","English","Proc. Int. Workshop Context-Oriented Program.: Adv. Modularity Run-time Compos., COP - Co-located European Conf. Object-Oriented Program.","Conference paper","Final","","Scopus","2-s2.0-85055864497"
"Ku K.; Gurjar S.","Ku, Kihong (24449268900); Gurjar, Satpal (57575186500)","24449268900; 57575186500","Prototyping Method for Complex-Shaped Textile Composite Panels Developing a digitally controlled reconfigurable mold","2018","Proceedings of the International Conference on Education and Research in Computer Aided Architectural Design in Europe","2","","","47","52","2","","https://www.scopus.com/pages/publications/85109262299?origin=resultslist","Jefferson (Philadelphia University + Thomas Jefferson University), United States","Ku K., Jefferson (Philadelphia University + Thomas Jefferson University), United States; Gurjar S., Jefferson (Philadelphia University + Thomas Jefferson University), United States","While textile composites offer a wide range of formal flexibilities, a primary concern is the cost and time of creating custom mold surfaces which are typically produced through subtractive digital fabrication techniques. Alternative methods such as adjustable molds are used in high-end sail-making, and architectural researchers have examined reconfigurable molds, fiber sandwich fabrication methods, and mold-free fiber reinforced polymer (FRP) fabrication processes. In this paper, we discuss the development of a digitally controlled mold system for complex-shaped textile composite panels, aiming to reduce the need for custom milled molds. Experimental research started with producing composite samples from computer-numerically-controlled (CNC) milled foam molds. Subsequently, a digitally controlled deformable mold prototype was developed which incorporates a digital interface through which the architect's surface geometry is entered, analyzed, and transferred. The digital geometry directly controls the position of vertical actuators which adjusts the mold surface. Results of this ongoing project outline a digital process for fabricating textile composite panels, and help to define key parameters of the adjustable mold system including material properties, mechanical controls of the mold surface, paneling considerations, and digital interface. © 2018.","Arduino; deformable mold; digital fabrication; fiber reinforced polymer; reconfigurable mold; textile composites","","","Kepczynska-Walczak A.; Bialkowski S.","Education and research in Computer Aided Architectural Design in Europe","26841843","978-949120716-7","","","English","Proc. Int. Conf. Educ. Res. Comput. Aided. Archit. Des. Eur.","Conference paper","Final","","Scopus","2-s2.0-85109262299"
"Baufreton P.","Baufreton, Philippe (15047555300)","15047555300","SACRES: A step ahead in the development of critical avionics applications","1999","Lecture Notes in Computer Science (including subseries Lecture Notes in Artificial Intelligence and Lecture Notes in Bioinformatics)","1569","","","1","","4","10.1007/3-540-48983-5_1","https://www.scopus.com/pages/publications/67650164598?origin=resultslist","Snecma systèemes, Centre de Villaroche, BP 42, Moissy-Crayamel Cedex, 77552, France","Baufreton P., Snecma systèemes, Centre de Villaroche, BP 42, Moissy-Crayamel Cedex, 77552, France","Basically, aircraft engines can be divided into a control embedded system and a controlled system with its environment. The behaviour of the controlled system is given a priori, while the control system still needs to be designed in a way guaranteeing the correct overall behaviour under all operational conditions depending on the flight domain. A large quantity of functions in control systems can be described by a formal system expressed in block diagrams and state-based representations. These representations can be translated to formal based tools relying on the synchronous languages Signal and Statecharts. SACRES is a tool set supporting the design of safety-critical embedded control systems. It integrates the tools and specification techniques Statemate, Sildex, and Timing Diagrams with tool components for automatic code generation, formal verification based on model checking techniques, and an innovative approach for automatic code validation for target code generated from DC+. Technical achievements are - Integration of dataflow and state-based specFication styles - Formal specfication of safety-critical properties - Integration of effcient symbolic model checking techniques with Statemate and Sildex - Automatic generation of effcient distributed code - Automated correctness proofs for the generated code The main benefits of the SACRES approach are reduced risks for design errors and decreased design times and costs for the development of dependable (safety critical) embedded systems. SACRES is an attempt to avoid unpredictability (particularly that arising from late feedback from testing) associated with development of safety critical systems, through the use of the maximum degree of automation, especially in respect of code generation and verification. An outstanding property of SACRES is the combination of specification styles and specification tools being applied in practice with automatic tools to establish provable correctness with respect to required properties. Both dependability and productivity are increased by automatic code generation from high-level specifications such that the generated code can be validated against higher levels by rigorous proofs. These techniques allow traditional tests by sampling to be replaced by rigorous checking techniques which correspond to 100% coverage of test cases. In order to address a global innovative approach in the near future which match the whole software configuration, the SACRES tool set should be interfaced with asynchronous techniques matching the operating system development. This raises an open question in the software development future new process. © Springer-Verlag Berlin Heidelberg 1999.","","Aircraft engines; Aircraft manufacture; Codes (symbols); Data flow analysis; Embedded systems; Flight control systems; Formal verification; Hybrid systems; Model checking; Safety engineering; Safety testing; Software design; Specifications; Systems analysis; Automated correctness proofs; Automatic code generations; Embedded control systems; High level specification; Model-checking techniques; Safety critical systems; Specification technique; Symbolic model checking; Automatic programming","P. Baufreton; Snecma systèemes, Centre de Villaroche, Moissy-Crayamel Cedex, BP 42, 77552, France; email: philippe.baufreton@snecma.fr","Vaandrager F.W.; Computing Science Institute, University of Nijmegen, P.O. Box 9010, Nijmegen, 6500 GL; van Schuppen J.H.; CWI, P.O. Box 94079, Amsterdam, 1090 GB","Springer Verlag","03029743","3540657347; 978-354065734-7","","","English","Lect. Notes Comput. Sci.","Conference paper","Final","","Scopus","2-s2.0-67650164598"
"Wickramasinghe W.R.M.G.K.; Devduni R.M.B.; Dasanayaka D.T.C.B.; Mohomed M.N.N.; Kumari S.; Dassanayake T.","Wickramasinghe, W.R.M.G.K. (57461775200); Devduni, R.M.B. (57460921600); Dasanayaka, D.T.C.B. (59017842100); Mohomed, M.N.N. (57461493600); Kumari, Suriyaa (57429765900); Dassanayake, Thamali (57457164600)","57461775200; 57460921600; 59017842100; 57461493600; 57429765900; 57457164600","Sensor-Based Emotion Tracking System for Computer Games","2021","ICAC 2021 - 3rd International Conference on Advancements in Computing, Proceedings","","","","389","394","1","10.1109/ICAC54203.2021.9671181","https://www.scopus.com/pages/publications/85125009407?origin=resultslist","Sri Lanka Institute of Information Technology, Department of Information Technology, Malabe, Sri Lanka; Sri Lanka Institute of Information Technology, Department of Interactive Media, Malabe, Sri Lanka; Sri Lanka Institute of Information Technology, Department of Computer Science and Software Engineering, Malabe, Sri Lanka","Wickramasinghe W.R.M.G.K., Sri Lanka Institute of Information Technology, Department of Information Technology, Malabe, Sri Lanka; Devduni R.M.B., Sri Lanka Institute of Information Technology, Department of Information Technology, Malabe, Sri Lanka; Dasanayaka D.T.C.B., Sri Lanka Institute of Information Technology, Department of Information Technology, Malabe, Sri Lanka; Mohomed M.N.N., Sri Lanka Institute of Information Technology, Department of Interactive Media, Malabe, Sri Lanka; Kumari S., Sri Lanka Institute of Information Technology, Department of Information Technology, Malabe, Sri Lanka; Dassanayake T., Sri Lanka Institute of Information Technology, Department of Computer Science and Software Engineering, Malabe, Sri Lanka","The game development industry is among the leading industries globally, and in 2020, gaming emerged as a popular entertainment activity upon the COVID-19 outbreak. Thus, competition among gaming companies is high. Hence, they try to adopt new technologies often. Gaming brings multiple feelings for the gamer. At times, the conditions may get even worse from the game's end where the gamer may end up venting out his rage and annoyance. Hence, there is a massive possibility for the gamer to switch to another game which may result in the company to lose its customers. In that scenario, this system can monitor the emotional states of the gamer while playing and manipulate the gaming environment, sound environment, enemy behavior, and gamer mechanism according to the emotional state of the gamer. The sensor-based emotion tracking system identifies the gamer's emotional state using facial emotions, detected through a webcam and heart rate, detected through sensors. The development was carried out through the machine learning models, open cv, Arduino techniques, and reactive programming. The emotional state and facial emotions that will be tracked will count to an accuracy of above 95%. Through that, the target will be to make the gamer satisfied by building appreciation for the services given and by improving the gamer's gaming experience and retain the gamer with the game provider.  © 2021 IEEE.","detect; emotional state; game; gamer; sensor","Software design; Tracking (position); Condition; Detect; Development industry; Emotional state; Facial emotions; Game; Game development; Gamer; Leading industry; Tracking system; Computer games","","","Institute of Electrical and Electronics Engineers Inc.","","978-166540862-2","","","English","ICAC - Int. Conf. Adv. Comput., Proc.","Conference paper","Final","","Scopus","2-s2.0-85125009407"
"Suhaib S.; Mathaikutty D.; Shukla S.; Talpin J.-P.","Suhaib, Syed (8454131800); Mathaikutty, Deepak (8454131600); Shukla, Sandeep (7202528532); Talpin, Jean-Pierre (6602090161)","8454131800; 8454131600; 7202528532; 6602090161","Polychronous methodology for system design: A true concurrency approach","2006","Proceedings - IEEE International High-Level Design Validation and Test Workshop, HLDVT","","","4110092","211","214","2","10.1109/HLDVT.2006.319993","https://www.scopus.com/pages/publications/46249103188?origin=resultslist","FERMAT Lab., Virginia Tech., Blacksburg, VA 24060, United States; INRIA-IRISA, Campus Universitaire de Beaulieu, 35042 Rennes, France","Suhaib S., FERMAT Lab., Virginia Tech., Blacksburg, VA 24060, United States; Mathaikutty D., FERMAT Lab., Virginia Tech., Blacksburg, VA 24060, United States; Shukla S., FERMAT Lab., Virginia Tech., Blacksburg, VA 24060, United States; Talpin J.-P., INRIA-IRISA, Campus Universitaire de Beaulieu, 35042 Rennes, France","As embedded systems have become pervasive and ubiquitous in contemporary technologies, their development requires highly reliable design approaches. One of these approaches is the so-called synchronous programming paradigm, where its mathematical basis provides the required formal concepts to satisfy correctness expectations. Among these synchronous programming concepts, the multi-clocked model of computation of Polychrony stands out for its capability to give high-level and homogeneous descriptions of concurrent systems, where its concurrent parts may evolve asynchronously to each other and synchronize intermittently. In this paper, we propose a 'true concurrency' semantic model of polychrony using pomsets. This formulation of polychrony closes the gap between synchrony and asynchrony by giving a uniform characterization of both synchronous and asynchronous observations by considering the causality and functional dependency structure of a pomset. The results in this paper also show that the existing tagged-signal model for polychrony uses an unnecessary artifact namely, tags, which complicate the semantic theory unduly. © 2006 IEEE.","","Information theory; Integrated circuits; Semantics; Testing; (e ,2e) theory; Asynchrony; Concurrent Systems; formal concepts; Functional dependency (FD); High level designs; International (CO); Model of computation (MoC); Pomsets; Reliable design; Semantic modeling; Signal modeling; Synchronous programming; system designs; True concurrency; Embedded systems","S. Suhaib; FERMAT Lab., Virginia Tech., Blacksburg, VA 24060, United States; email: ssuhaib@vt.edu","","","15526674","142440679X; 978-142440679-1","","","English","Proc. IEEE Int. High Level Des. Validation Test Workshop HLDVT","Conference paper","Final","","Scopus","2-s2.0-46249103188"
"","","","Proceedings of the 6th ACM and IEEE International Conference on Embedded Software, EMSOFT 2006","2006","IEEE International Conference on Embedded Software, EMSOFT 2006","","","","","","0","","https://www.scopus.com/pages/publications/36749077142?origin=resultslist","","","The proceedings contain 35 papers. The topics discussed include: embedded system development for automotive applications: trends and challenges; time-triggered implementations of dynamic controllers; efficient distributed deadlock avoidance with liveness guarantees; a memory-optimal buffering protocol for preservation of synchronous semantics under preemptive scheduling; real-time interfaces for composing real-time systems; a causality interface for deadlock analysis in dataflow; towards a formal foundation for domain specific modeling languages; defining a strategy to introduce a software product line using existing embedded systems; mixing signals and modes in synchronous data-flow systems; polychronous mode automata; a timing model for synchronous language implementations in simulink; multi-level software reconfiguration for sensor networks; an analysis framework for network-code programs; and a hierarchical coordination language for interacting real-time tasks.","","Computer software; Data flow analysis; Mathematical models; Scheduling; Sensor networks; Automotive applications; Data flow systems; Software products; Real time systems","","","","","1595935428; 978-159593542-7","","","English","Int. Conf. Embedded Softw. EMSOFT","Conference review","Final","","Scopus","2-s2.0-36749077142"
"Mamouras K.; Wang Z.","Mamouras, Konstantinos (26023404700); Wang, Zhifu (58851139400)","26023404700; 58851139400","Online Signal Monitoring with Bounded Lag","2020","IEEE Transactions on Computer-Aided Design of Integrated Circuits and Systems","39","11","9211570","3868","3880","17","10.1109/TCAD.2020.3013053","https://www.scopus.com/pages/publications/85096034280?origin=resultslist","Department of Computer Science, Rice University, Houston, TX, United States","Mamouras K., Department of Computer Science, Rice University, Houston, TX, United States; Wang Z., Department of Computer Science, Rice University, Houston, TX, United States","An essential approach for guaranteeing the safety of a cyber-physical system is to monitor its execution in real time. The execution trace of such a system typically consists of one or more signals, and a key computational task for safety monitoring is the online processing of these signals in order to identify events that need to be acted upon in a timely manner. There are several existing proposals for the specification of signal monitors: temporal logics, reactive languages, and dataflow formalisms. A shared feature of most of these proposals is that they describe online signal transformations that are causal. The causality requirement enables a real-time implementation, where the input and output signals are perfectly synchronized. We propose a new specification formalism for signal monitors that relaxes the causality restriction and allows the output to depend on a bounded amount of future input. It follows that an online implementation of such a monitor must have a certain amount of lag in the computation. We introduce a formal framework for signal transformations that allow bounded lag (the output has fallen behind the input) and bounded lead (the output is running ahead of the input), and we propose a type discipline for classifying these transformations according to their lead/lag. We show that this typed framework provides a modular approach for succinctly specifying: 1) monitors for temporal properties that involve both past and bounded-future connectives and 2) complex signal processing computations, such as those arising in the monitoring of physiological signals in medical devices. We have implemented the proposed specification formalism and we have compared it against state-of-the-art tools for the online monitoring of temporal properties: MonPoly, StreamLAB, Aerial, and Reelay.  © 1982-2012 IEEE.","Automata; cyber-physical systems; data streams; metric temporal logic (MTL); online monitoring; quantitative properties; runtime verification; signal temporal logic (STL); transducers","Antennas; Computation theory; Embedded systems; Real time control; Specifications; Complex signal processing; Computational task; Online implementation; Physiological signals; Reactive languages; Real-time implementations; Safety monitoring; Signal transformation; Signal processing","K. Mamouras; Department of Computer Science, Rice University, Houston, United States; email: mamouras@rice.edu","","Institute of Electrical and Electronics Engineers Inc.","02780070","","ITCSD","","English","IEEE Trans Comput Aided Des Integr Circuits Syst","Article","Final","","Scopus","2-s2.0-85096034280"
"Berry G.; Serrano M.","Berry, Gérard (7202085820); Serrano, Manuel (54585959500)","7202085820; 54585959500","Hop and hiphop: Multitier web orchestration","2014","Lecture Notes in Computer Science (including subseries Lecture Notes in Artificial Intelligence and Lecture Notes in Bioinformatics)","8337 LNCS","","","1","13","13","10.1007/978-3-319-04483-5_1","https://www.scopus.com/pages/publications/84958530990?origin=resultslist","Collége de France, 75231 Paris Cedex 05, 11 place Marcelin Berthelot, France; Inria Sophia Méditerranée, 06902 Sophia Antipolis, 2004 route des Lucioles, France","Berry G., Collége de France, 75231 Paris Cedex 05, 11 place Marcelin Berthelot, France; Serrano M., Inria Sophia Méditerranée, 06902 Sophia Antipolis, 2004 route des Lucioles, France","Rich applications merge classical computing, client-server concurrency, web-based interfaces, and the complex time-and event-based reactive programming found in embedded systems. To handle them, we extend the Hop web programming platform by HipHop, a domain-specific language dedicated to event-based process orchestration. Borrowing the synchronous reactive model of Esterel, HipHop is based on synchronous concurrency and preemption primitives that are known to be key components for the modular design of complex reactive behaviors. HipHop departs from Esterel by its ability to handle the dynamicity of Web applications, thanks to the reflexivity of Hop. Using a music player example, we show how to modularly build a non-trivial Hop application using HipHop orchestration code. © 2014 Springer International Publishing Switzerland.","","Esters; Problem oriented languages; Classical computing; Domain specific languages; Process orchestration; Reactive behavior; Reactive programming; WEB application; Web programming; Web-based interface; Internet","","","Springer Verlag","03029743","978-331904482-8","","","English","Lect. Notes Comput. Sci.","Conference paper","Final","All Open Access; Green Open Access","Scopus","2-s2.0-84958530990"
"Puffitsch W.; Noulard E.; Pagetti C.","Puffitsch, Wolfgang (23486507400); Noulard, Eric (8917646000); Pagetti, Claire (55922785400)","23486507400; 8917646000; 55922785400","Explicit precedence constraints in safety-critical Java","2013","ACM International Conference Proceeding Series","","","","21","28","0","10.1145/2512989.2512997","https://www.scopus.com/pages/publications/84887340425?origin=resultslist","Dept. of Applied Mathematics and Computer Science, DTU Copenhagen, Denmark; Departement of Modeling and Information Processing, ONERA, Toulouse, France","Puffitsch W., Dept. of Applied Mathematics and Computer Science, DTU Copenhagen, Denmark; Noulard E., Departement of Modeling and Information Processing, ONERA, Toulouse, France; Pagetti C., Departement of Modeling and Information Processing, ONERA, Toulouse, France","Safety-critical Java (SCJ) aims at making the amenities of Java available for the development of safety-critical applications. The multi-rate synchronous language Prelude facilitates the specification of the communication and timing requirements of complex real-time systems. This paper combines Prelude and SCJ in order to benefit from the advantages of both approaches. An obstacle we encountered when combining these approaches was that Prelude relies on a scheduler that observes precedence constraints, but SCJ does not provide adequate support for this. Therefore, we propose an extension of SCJ to provide explicit support for precedence constraints. We present the considerations behind the design of this extension and discuss our experiences with a first prototype implementation based on the SCJ implementation of the Java Optimized Processor. © 2013 ACM.","multi-rate synchronous language; precedence constraints; safety-critical Java","Embedded systems; Real time systems; Safety engineering; Complex real-time systems; Multi rate; Precedence constraints; Prototype implementations; Safety critical applications; safety-critical Java; Synchronous languages; Timing requirements; Java programming language","","","","","978-145032166-2","","","English","ACM Int. Conf. Proc. Ser.","Conference paper","Final","","Scopus","2-s2.0-84887340425"
"Berry G.; Nicolas C.; Serrano M.","Berry, Gérard (7202085820); Nicolas, Cyprien (54956848100); Serrano, Manuel (54585959500)","7202085820; 54956848100; 54585959500","HipHop: A synchronous reactive extension for Hop","2011","PLASTIC'11 - Proceedings of the 1st ACM SIGPLAN International Workshop on Programming Language and Systems Technologies for Internet Clients","","","","49","55","11","10.1145/2093328.2093337","https://www.scopus.com/pages/publications/84856652027?origin=resultslist","Inria Sophia Antipolis Méditerranée, F-06902 Sophia Antipolis, Cedex, 2004 route des Lucioles, France","Berry G., Inria Sophia Antipolis Méditerranée, F-06902 Sophia Antipolis, Cedex, 2004 route des Lucioles, France; Nicolas C., Inria Sophia Antipolis Méditerranée, F-06902 Sophia Antipolis, Cedex, 2004 route des Lucioles, France; Serrano M., Inria Sophia Antipolis Méditerranée, F-06902 Sophia Antipolis, Cedex, 2004 route des Lucioles, France","Hop is a Scheme-based language and system to build rich multi-tier web applications. We present HipHop, a new language layer within Hop dedicated to request and event orchestration. HipHop follows the synchronous reactive model of the Esterel and ReactiveC languages, originally developed for embedded systems programming. It is based on synchronous concurrency and preemption primitives, which are known to be key components for the modular design of complex temporal behaviors. Although the language is concurrent, the generated code is purely sequential and thread-free; HipHop is translated to Hop for the server side and to straight JavaScript for the client side. With a music playing example, we show how to modularly build non-trivial orchestration code with HipHop. © 2011 ACM.","functional programming; javascript; reactive programming; synchronous programming; web programming","Computer programming; Functional programming; Internet; Esterel; Javascript; Key component; Modular designs; Multi-tier; Non-trivial; Reactive model; Reactive programming; Synchronous programming; Temporal behavior; WEB application; Web programming; High level languages","G. Berry; Inria Sophia Antipolis Méditerranée, F-06902 Sophia Antipolis, Cedex, 2004 route des Lucioles, France; email: Gerard.Berry@inria.fr","","","","978-145031171-7","","","English","PLASTIC - Proc. ACM SIGPLAN Int. Workshop Program. Lang. Syst. Technol. Internet Clients","Conference paper","Final","","Scopus","2-s2.0-84856652027"
"","","","ACM International Conference Proceeding Series","2017","ACM International Conference Proceeding Series","Part F129681","","","","","0","","https://www.scopus.com/pages/publications/85028772303?origin=resultslist","","","The proceedings contain 42 papers. The topics discussed include: redshell: online back-in-time debugging; modularizing code by use cases and tests for better maintainability; application embedding: from fishtank to axiom; tools for open, transparent and engaging storytelling; an elixir library for programming concurrent and distributed embedded systems; demo: reactive programming with REScala; managing the context interaction problem a classification and design space of conflict resolution techniques in dynamically adaptive software systems; and analyzing state-of-the-art role-based programming languages.","","","","D'Hondt T.; Sartor J.B.; De Meuter W.","Association for Computing Machinery","","978-145034836-2","","","English","ACM Int. Conf. Proc. Ser.","Conference review","Final","","Scopus","2-s2.0-85028772303"
"Krüger N.A.; Vierth I.","Krüger, Niclas A. (26032629600); Vierth, Inge (55246019400)","26032629600; 55246019400","Precautionary and operational costs of freight train delays: a case study of a Swedish grocery company","2015","Real-Time Systems","51","2","","1","10","2","10.1007/s12544-015-0155-7","https://www.scopus.com/pages/publications/84925500268?origin=resultslist","School of Business, Örebro University, Örebro, Sweden; Swedish National Road and Transport Research Institute, Linköping, Sweden","Krüger N.A., School of Business, Örebro University, Örebro, Sweden, Swedish National Road and Transport Research Institute, Linköping, Sweden; Vierth I., School of Business, Örebro University, Örebro, Sweden, Swedish National Road and Transport Research Institute, Linköping, Sweden","Methods: We develop on a conceptual level an estimation approach for the value of reduced transportation time variability (VTTV) related to the cargo component based on precautionary and operative delay costs. This approach is inspired by the safety stock approach but includes more general precautionary measures that firms take to avoid stock-out costs. This paper presents the analysis of a Swedish grocery company’s transports by shuttle train as a case study. First, the distribution of the arrival times of the shuttle train is analyzed in order to estimate the transportation time variability for the firm. Second, precautionary costs for measures undertaken to manage and mitigate the transportation time variability are estimated and the additional operational costs that occur in case of major delays are calculated.; Results: It is found that the 10 % worst delays contribute to more than half of the total train delays, showing that actual transportation times exhibit a heavily skewed distribution with fat tails, indicating that the standard deviation might not be a sufficient measure of transport time variability. The calculated VTTV related to the cargo component based on the precautionary costs is around €4 per delay-tonne-hour and around €2.2 per standard deviation of transportation time.; Conclusions: We show that by conducting a case study it is possible to get VTTV estimates for the cargo component valid for a specific company. In conclusion, assuming a high degree of transport market concentration with regard to shippers, a limited number of case studies for key companies in the market might be sufficient to get a representative VTTV measure. We therefore advocate further case studies and research aimed at getting more inputs from firms that send and receive goods. More research should also be done on how to incorporate risks for delays and the extremeness of empirical delays in transport models and VTTV definitions.; Purpose: There is limited up-to-date knowledge about the monetary valuation of improved reliability for freight transports. This means that the benefits of reduced variability in transport time are not properly taken into account in cost-benefit analysis relating to, for example, infrastructure investments. © 2015, The Author(s).","Cost-benefit analysis; Freight train delays; Precautionary costs; Reliability; Valuation; Value of reduced transportation time variability","Binary codes; Codes (symbols); Computational linguistics; Design; Embedded systems; Model checking; Real time systems; Semantics; Functional properties; Model- based designs; Static timing analysis; Synchronous languages; Synchronous program; Traceability; WCET; Worst-case execution time; High level languages","","","Kluwer Academic Publishers","09226443","","RESYE","","English","Real Time Syst","Article","Final","All Open Access; Gold Open Access; Green Open Access","Scopus","2-s2.0-84925500268"
"Haryanto Y.; Hu H.-T.; Han A.L.; Hsiao F.-P.; Teng C.-J.; Hidayat B.A.; Wariyatno N.G.","Haryanto, Yanuar (57170836900); Hu, Hsuan-Teh (55805441800); Han, Ay Lie (57199323133); Hsiao, Fu-Pei (41361230800); Teng, Charng-Jen (57224817883); Hidayat, Banu Ardi (57170426900); Wariyatno, Nanang Gunawan (58026976000)","57170836900; 55805441800; 57199323133; 41361230800; 57224817883; 57170426900; 58026976000","Negative moment region flexural strengthening system of RC T-beams with half-embedded NSM FRP rods: a parametric analytical approach","2021","Journal of the Chinese Institute of Engineers, Transactions of the Chinese Institute of Engineers,Series A","44","6","","553","561","19","10.1080/02533839.2021.1936646","https://www.scopus.com/pages/publications/85108307231?origin=resultslist","Department of Civil Engineering, National Cheng Kung University, Tainan, Taiwan; Department of Civil Engineering, Jenderal Soedirman University, Purbalingga, Indonesia; Department of Civil and Disaster Prevention Engineering, National United University, Miaoli, Taiwan; Department of Civil Engineering, Diponegoro University, Semarang, Indonesia; National Center for Research on Earthquake Engineering, Taipei, Taiwan","Haryanto Y., Department of Civil Engineering, National Cheng Kung University, Tainan, Taiwan, Department of Civil Engineering, Jenderal Soedirman University, Purbalingga, Indonesia; Hu H.-T., Department of Civil Engineering, National Cheng Kung University, Tainan, Taiwan, Department of Civil and Disaster Prevention Engineering, National United University, Miaoli, Taiwan; Han A.L., Department of Civil Engineering, Diponegoro University, Semarang, Indonesia; Hsiao F.-P., Department of Civil Engineering, National Cheng Kung University, Tainan, Taiwan, National Center for Research on Earthquake Engineering, Taipei, Taiwan; Teng C.-J., Department of Civil Engineering, National Cheng Kung University, Tainan, Taiwan; Hidayat B.A., Department of Civil Engineering, National Cheng Kung University, Tainan, Taiwan, Department of Civil Engineering, Diponegoro University, Semarang, Indonesia; Wariyatno N.G., Department of Civil Engineering, Jenderal Soedirman University, Purbalingga, Indonesia, Department of Civil Engineering, Diponegoro University, Semarang, Indonesia","Fiber Reinforced Polymer (FRP) rods are considered to be the most effective in retrofitting to increase the strength of reinforced concrete (RC) structures through Near-Surface Mounted (NSM) technique. There are, however, frequent cases encountered by engineers where the embedment depth mandated by ACI 440.2 R-08 code is not achievable in the field implementation. It has also been discovered that it is more challenging to strengthen the negative moment region of concrete members in comparison with the positive region. This research was conducted to determine the behavior of RC T-beams strengthened in the negative moment region using half-embedded NSM FRP rods. The findings were associated with the Modified Compression Field Theory (MCFT) which was applied in the analytical models. The model proposed was validated through a comparison with previous experimental study that showed half-embedded NSM FRP was effective as another method in comparison with the conventional soffit strengthening systems in retrofitting RC T-beams in the negative moment region, and good agreement was obtained. After that, a parametric analysis was initiated to determine the influence of FRP rod diameters, the compressive strength of concretes, the ratio of steel reinforcement as well as the materials used for the FRP on the flexural behavior of strengthened beams. © 2021 The Chinese Institute of Engineers.","An analytical study; fiber reinforced polymer; flexural strengthening; half-embedded; negative moment region","Compressive strength; Embedded systems; Fiber reinforced plastics; Retrofitting; Strengthening (metal); Compressive strength of concrete; Fiber reinforced polymers; Field implementation; Flexural strengthening; Modified compression field theories; Negative moment region; Parametric -analysis; Strengthening systems; Fiber reinforced concrete","Y. Haryanto; Department of Civil Engineering, National Cheng Kung University, Tainan, No. 1 University Road, 701, Taiwan; email: yanuar_haryanto@yahoo.com","","Taylor and Francis Ltd.","02533839","","JCIEE","","English","J Chin Inst Eng Trans Chin Inst Eng Ser A","Article","Final","","Scopus","2-s2.0-85108307231"
"Pearce H.; Roop P.; Biglari-Abhari M.; Schoeberl M.","Pearce, Hammond (57190837137); Roop, Partha (6602395877); Biglari-Abhari, Morteza (7801530871); Schoeberl, Martin (56212456400)","57190837137; 6602395877; 7801530871; 56212456400","Faster function blocks for precision timed industrial automation","2018","Proceedings - 2018 IEEE 21st International Symposium on Real-Time Computing, ISORC 2018","","","8421148","67","74","1","10.1109/ISORC.2018.00017","https://www.scopus.com/pages/publications/85051496849?origin=resultslist","Department of Electrical and Computer Engineering, University of Auckland, New Zealand; Department of Applied Mathematics and Computer Science, Technical University of Denmark, Denmark","Pearce H., Department of Electrical and Computer Engineering, University of Auckland, New Zealand; Roop P., Department of Electrical and Computer Engineering, University of Auckland, New Zealand; Biglari-Abhari M., Department of Electrical and Computer Engineering, University of Auckland, New Zealand; Schoeberl M., Department of Applied Mathematics and Computer Science, Technical University of Denmark, Denmark","In industrial automation, safety-critical control systems need robust timing guarantees in addition to functional correctness. Unfortunately, devices that are typically used in this domain, such as Programmable Logic Controllers, often feature architectures that are not amenable to static timing analysis, for instance relying on general purpose microprocessors or embedded operating systems. As a result, designers often rely on timing values gained from simple measurement of running applications, an approach that only provides very weak guarantees at best. The synchronous approach for IEC 61499 Function Blocks, in contrast, has been demonstrated to be time predictable when run on appropriate hardware, such as simple microprocessors. However, simple microprocessors are often not fast or powerful enough for modern automation requirements. In this paper, we examine how the performance of synchronous IEC 61499 can be improved through the usage of the multi-core T-CREST architecture, data scratchpads, and an optimised compiler. Overall, our improvements resulted in 60% shorter worst-case execution times. © 2018 IEEE.","FBC; GoFB; IEC61499; Patmos; Performance; PLC; Synchronous Programming; T CREST; Timing; WCET; Worst Case Execution Time","Accident prevention; Computation theory; Embedded systems; Program compilers; Programmable logic controllers; GoFB; IEC 61499; Patmos; Performance; Synchronous programming; T CREST; Timing; WCET; Worst-case execution time; Automation","","","Institute of Electrical and Electronics Engineers Inc.","","978-153865847-5","","","English","Proc. - IEEE Int. Symp. Real-Time Comput., ISORC","Conference paper","Final","All Open Access; Green Open Access","Scopus","2-s2.0-85051496849"
"Gamatié A.; Gonnord L.","Gamatié, Abdoulaye (16301118500); Gonnord, Laure (55911365100)","16301118500; 55911365100","Static analysis of synchronous programs in signal for efficient design of multi-clocked embedded systems","2011","Proceedings of the ACM SIGPLAN Conference on Languages, Compilers, and Tools for Embedded Systems (LCTES)","","","","71","80","8","10.1145/1967677.1967688","https://www.scopus.com/pages/publications/79955645946?origin=resultslist","LIFL - UMR CNRS, Lille1 8022 and Inria, 59650 Villeneuve d'Ascq, 40 Avenue Halley, Park Plaza - Bâtiment A, France; LIFL - UMR CNRS, Lille1 8022, 59655 Villeneuve d'Ascq Cedex, Cité scientifique - Bâtiment M3, France","Gamatié A., LIFL - UMR CNRS, Lille1 8022 and Inria, 59650 Villeneuve d'Ascq, 40 Avenue Halley, Park Plaza - Bâtiment A, France; Gonnord L., LIFL - UMR CNRS, Lille1 8022, 59655 Villeneuve d'Ascq Cedex, Cité scientifique - Bâtiment M3, France","In this paper, we propose a sound abstraction for an efficient static analysis of synchronous programs describing multi-clock embedded systems in SIGNAL. This abstraction combines the Boolean theory and numeric interval approximation to adequately address clock relations defined as combinations of logical and numerical expressions. Through a few examples, we show how the proposed solution is used to determine absence of reaction captured by empty clocks; mutual exclusion captured by two or more clocks whose associated signals never occur at the same time; or hierarchical control of component activations via clock inclusion.We also show this analysis improves the quality of the code generated automatically by the SIGNAL compiler, e.g., a code with smaller footprint, or a code executed more efficiently thanks to optimizations enabled by the new abstraction. Copyright © 2011 ACM.","Abstract clocks; Abstraction; Compilation; Embedded systems; Static analysis; Synchronous programming","Abstracting; Clocks; Program compilers; Quality control; Static analysis; Abstracting; Clocks; Codes (symbols); Computer systems programming; Embedded software; Program compilers; Static analysis; Abstract clocks; Abstraction; Boolean theory; Compilation; Efficient designs; Hierarchical control; Interval approximation; Mutual exclusions; Synchronous program; Synchronous programming; Abstract clocks; Abstraction; Boolean theory; Compilation; Efficient designs; Embedded-system; Interval approximation; Mutual exclusions; Synchronous program; Synchronous programming; Embedded systems; Embedded systems","A. Gamatié; LIFL - UMR CNRS, Lille1 8022 and Inria, 59650 Villeneuve d'Ascq, 40 Avenue Halley, Park Plaza - Bâtiment A, France; email: abdoulaye.gamatie@lifl.fr","","","","978-145030555-6","","","English","Proc. ACM SIGPLAN Conf. Lang. Compilers Tools Embedded Syst.","Conference paper","Final","","Scopus","2-s2.0-79955645946"
"Berry G.; Bouali A.; Fornari X.; Ledinot E.; Nassor E.; De Simone R.","Berry, Gérard (7202085820); Bouali, Amar (22333421600); Fornari, Xavier (6505705532); Ledinot, Emmanuel (6504452997); Nassor, Eric (57203310603); De Simone, Robert (11339046600)","7202085820; 22333421600; 6505705532; 6504452997; 57203310603; 11339046600","ESTEREL: A formal method applied to avionic software development","2000","Science of Computer Programming","36","1","","5","25","32","10.1016/S0167-6423(99)00015-5","https://www.scopus.com/pages/publications/0033898505?origin=resultslist","Ecole des Mines de Paris/CMA, F-06902, Sophia-Antipolis cedex, 2004, route des Lucioles, France; INRIA Sophia-Antipolis, F-06902, Sophia-Antipolis cedex, 2004, route des Lucioles, France; Dassault Aviation, DGT/DPR/DESA, F-92214, Saint-Cloud cedex, 78 Quai Marcel Dassault, France","Berry G., Ecole des Mines de Paris/CMA, F-06902, Sophia-Antipolis cedex, 2004, route des Lucioles, France; Bouali A., INRIA Sophia-Antipolis, F-06902, Sophia-Antipolis cedex, 2004, route des Lucioles, France; Fornari X., Ecole des Mines de Paris/CMA, F-06902, Sophia-Antipolis cedex, 2004, route des Lucioles, France; Ledinot E., Dassault Aviation, DGT/DPR/DESA, F-92214, Saint-Cloud cedex, 78 Quai Marcel Dassault, France; Nassor E., Dassault Aviation, DGT/DPR/DESA, F-92214, Saint-Cloud cedex, 78 Quai Marcel Dassault, France; De Simone R., INRIA Sophia-Antipolis, F-06902, Sophia-Antipolis cedex, 2004, route des Lucioles, France","Dassault Aviation is a French aircraft manufacturer building civil business jets (the Falcon family) and military jet fighters (the Mirage and Rafale families). It has been concerned with formal methods inside the development process of avionic software since 1989. In this paper, we give a comprehensive account of three industrial-size studies carried out at Dassault Aviation using the reactive synchronous language ESTEREL and its toolset, in collaboration with the public research team that develops ESTEREL at Ecole des Mines de Paris and INRIA Sophia-Antipolis. We deal with software engineering issues related to compilation, optimization and verification of safety-critical embedded software. The goal is to ensure production of efficient and reliable code.","","Avionics; Codes (symbols); Embedded systems; Formal languages; Optimization; Program compilers; Avionic software; Esterel programming language; Safety-critical systems; Synchronous reactive systems; Software engineering","","","Elsevier Science B.V.","01676423","","SCPGD","","English","Sci Comput Program","Article","Final","All Open Access; Bronze Open Access","Scopus","2-s2.0-0033898505"
"Pagetti C.; Forget J.; Boniol F.; Cordovilla M.; Lesens D.","Pagetti, Claire (55922785400); Forget, Julien (25960555900); Boniol, Frédéric (6507057555); Cordovilla, Mikel (36190504100); Lesens, David (14045456200)","55922785400; 25960555900; 6507057555; 36190504100; 14045456200","Multi-task implementation of multi-periodic synchronous programs","2011","Discrete Event Dynamic Systems: Theory and Applications","21","3","","307","338","71","10.1007/s10626-011-0107-x","https://www.scopus.com/pages/publications/79960066867?origin=resultslist","ONERA, Toulouse 31055, 2, avenue Edouard Belin, France; IRIT/ENSEEIHT, Toulouse 31071, 2, rue Charles Camichel, France; LIFL/INRIA, Villeneuve d'Ascq 59650, 40, avenue Halley, France; EADS Astrium Space Transportation, Les Mureaux 78133, route de Verneuil, France","Pagetti C., ONERA, Toulouse 31055, 2, avenue Edouard Belin, France, IRIT/ENSEEIHT, Toulouse 31071, 2, rue Charles Camichel, France; Forget J., LIFL/INRIA, Villeneuve d'Ascq 59650, 40, avenue Halley, France; Boniol F., ONERA, Toulouse 31055, 2, avenue Edouard Belin, France; Cordovilla M., ONERA, Toulouse 31055, 2, avenue Edouard Belin, France; Lesens D., EADS Astrium Space Transportation, Les Mureaux 78133, route de Verneuil, France","This article presents a complete scheme for the integration and the development of multi-periodic critical embedded systems. A system is formally specified as a modular and hierarchical assembly of several locally mono-periodic synchronous functions into a globally multi-periodic synchronous system. To support this, we introduce a real-time software architecture description language, named Prelude, which is built upon the synchronous languages and which provides a high level of abstraction for describing the functional and the real-time architecture of a multi-periodic control system. A program is translated into a set of real-time tasks that can be executed on a monoprocessor real-time platform with an on-line priority-based scheduler such as Deadline-Monotonic or Earliest-Deadline-First. The compilation is formally proved correct, meaning that the generated code respects the real-time semantics of the original program (respect of periods, deadlines, release dates and precedences) as well as its functional semantics (respect of variable consumption). © 2011 Springer Science+Business Media, LLC.","Embedded systems; Preemptive multitasking; Real-time; Synchronous languages","High level languages; Real variables; Semantics; Software architecture; Earliest deadline first; Functional semantics; Hierarchical assemblies; High level of abstraction; Preemptive multitasking; Priority-based schedulers; Real-time; Real-time architecture; Real-time platform; Real-time semantics; Real-time software; Real-time tasks; Release date; Synchronous languages; Synchronous program; Synchronous system; Embedded systems","C. Pagetti; ONERA, Toulouse 31055, 2, avenue Edouard Belin, France; email: claire.pagetti@onera.fr","","","09246703","","DEDAE","","English","Discrete Event Dyn Syst Theory Appl","Article","Final","All Open Access; Green Open Access","Scopus","2-s2.0-79960066867"
"Dieumegard A.; Garoche P.-L.; Kahsai T.; Taillar A.; Thirioux X.","Dieumegard, Arnaud (55580662300); Garoche, Pierre-Loïc (14044973900); Kahsai, Temesghen (24477118400); Taillar, Alice (57076823800); Thirioux, Xavier (56185944800)","55580662300; 14044973900; 24477118400; 57076823800; 56185944800","Compilation of synchronous observers as code contracts","2015","Proceedings of the ACM Symposium on Applied Computing","2","","","1933","1939","9","10.1145/2695664.2695819","https://www.scopus.com/pages/publications/84955513098?origin=resultslist","INPT, ENSEEIHT, France; ONERA, French Aerospace Lab., France; NASA Ames, CMU, United States","Dieumegard A., INPT, ENSEEIHT, France; Garoche P.-L., ONERA, French Aerospace Lab., France; Kahsai T., NASA Ames, CMU, United States; Taillar A., INPT, ENSEEIHT, France; Thirioux X., INPT, ENSEEIHT, France","Synchronous languages have long been the standard formalism for modeling and implementing embedded control software in critical domains like avionics, automotive or railway system development. Those languages are equipped with qualified compilers that generate the target final embedded code. An extensively used technique to define the expected behavior is the use of synchronous observers. Those observers are typically used for simulation and testing purposes. However, the information contained in those observers is lost during the compilation process. This makes the verification of expected behavior at code level difficult, since it requires the re-specification of the observer. In this paper, we propose an integrated process in which functional properties expressed at the model level through synchronous observers are compiled as code-level contracts. We also show how these specifications, both at model level and code level could be analyzed via SMT-based model checking, static analysis and runtime verification. We have implemented these techniques in a tool chain targeting embedded systems modeled in Simulink. Copyright 2015 ACM.","","Embedded software; Problem oriented languages; Program compilers; Software testing; Automotive Systems; Avionic systems; Compilation process; Critical domain; Embedded control software; Functional properties; Railway system; Simulation and testing; Synchronous languages; System development; Model checking","","Shin D.","Association for Computing Machinery","","978-145033196-8","","","English","Proc ACM Symp Appl Computing","Conference paper","Final","","Scopus","2-s2.0-84955513098"
"Zauner M.; Kramer M.; Balog P.","Zauner, Martin (24462810400); Kramer, Michael (7402838281); Balog, Peter (36939449300)","24462810400; 7402838281; 36939449300","Bridging the abstraction gap for the design of embedded reactive systems using esterel - A case study","2008","2007 Proceedings of the ASME International Design Engineering Technical Conferences and Computers and Information in Engineering Conference, DETC2007","4","","","93","101","0","10.1115/DETC2007-34561","https://www.scopus.com/pages/publications/44849106998?origin=resultslist","University of Applied Sciences Technikum Wien, Department of Embedded Systems, A-1200 Vienna, Höchstädtplatz 5, Austria","Zauner M., University of Applied Sciences Technikum Wien, Department of Embedded Systems, A-1200 Vienna, Höchstädtplatz 5, Austria; Kramer M., University of Applied Sciences Technikum Wien, Department of Embedded Systems, A-1200 Vienna, Höchstädtplatz 5, Austria; Balog P., University of Applied Sciences Technikum Wien, Department of Embedded Systems, A-1200 Vienna, Höchstädtplatz 5, Austria","New design methodologies at higher abstraction levels are necessary to deal with the increasing complexity of modern embedded systems. As a consequence, new design paradigms must supersede traditional design methods to bridge the abstraction gap which often exists between specification and implementation. This paper examines several examples which evaluate the applicability of Esterel, a language with well-defined semantics for specification and verification of reactive control systems. Implementation size, performance and design effort were selected as measures to assess the benefits of this design approach in comparison to a traditional one. Copyright © 2007 by ASME.","Abstraction gap; Design methodologies; Esterel; FSM; Reactive systems; Synchronous programming; System design","Abstracting; Architectural design; Computer networks; Computer programming languages; Computers; Control systems; Engineering; Gallium alloys; Information systems; Information theory; Integrated circuits; Mechatronics; Technology; (algorithmic) complexity; Abstraction gap; abstraction levels; case studies; Design approaches; design efforts; Design methods; Esterel; international conferences; International designs; Modern embedded systems; New design; Reactive control; Reactive systems; Specification and verification; Technical conferences; Embedded systems","M. Zauner; University of Applied Sciences Technikum Wien, Department of Embedded Systems, A-1200 Vienna, Höchstädtplatz 5, Austria; email: zauner@technikum-wien.at","","","","0791848027; 978-079184802-9; 0791848051; 978-079184805-0","","","English","Proc. ASME Int. Des. Eng. Tech. Conf. Comp. Info. Eng. Conf., DETC","Conference paper","Final","","Scopus","2-s2.0-44849106998"
"Ledinot E.","Ledinot, Emmanuel (6504452997)","6504452997","The descendants of Centaur: A personal view on Gilles Kahn's work","2009","From Semantics to Computer Science: Essays in Honour of Gilles Kahn","9780521518253","","","547","560","0","10.1017/CBO9780511770524.026","https://www.scopus.com/pages/publications/84926965335?origin=resultslist","Dassault Aviation, France","Ledinot E., Dassault Aviation, France","Abstract, This paper is an overview of 15 years of collaboration between R&D teams at Dassault Aviation and several research projects at INRIA. This collaboration was related to Gilles Kahn's work on generic programming environments, program transformation, and user interfaces for proof assistants. It is also an evocation of personal memories about Gilles, my perception of the impact of the research he carried out and supervised, and his dedication to INRIA. Introduction Since 1990, Dassault Aviation has been working on some formal methods and programming tools developed at INRIA by Gilles' research group (CROAP) or by other groups led by scientists close to him such as Gérard Berry and Gérard Huet. Formal methods, more specifically the synchronous languages Esterel and Lustre or the proof assistant Coq, have been evaluated and introduced in our engineering processes to enhance our development tools for safety critical software, especially software embedded in flight control systems. As for the programming tools developed by CROAP with the generative environment Centaur, it happened that in 1995 some of its language-specific instantiations were targeting scientific computation. More precisely, they were designed to assist some classical transformations of large Fortran codes (ports, parallelization, differentiation). Since Dassault Aviation has always developed its computational fluid dynamics (CFD) codes in-house, there was some motivation in our company to experiment tools that claim to partially automate some time consuming tasks done manually at that time. © Cambridge University Press 2009.","","Computational fluid dynamics; Embedded systems; Flight control systems; Theorem proving; User interfaces; Classical transformation; Computational Fluid Dynamics codes; Engineering process; Program transformations; Safety critical software; Scientific computation; Synchronous languages; Time-consuming tasks; Formal methods","","","Cambridge University Press","","978-051177052-4; 978-052151825-3","","","English","From Semant. to Computer Science: Essays in Honour of Gilles Kahn","Book chapter","Final","","Scopus","2-s2.0-84926965335"
"Prashanth S.; Balasundaram S.; Hariharan S.B.; Jegan Prabhu A.","Prashanth, S. (57223124273); Balasundaram, S. (58671199400); Hariharan, S.B. (58708860200); Jegan Prabhu, A. (58670865500)","57223124273; 58671199400; 58708860200; 58670865500","Development and Analysis of Novel IoT based Monitoring System for Fiber Reinforced Polymer (FRP) Dust Extraction System in an Industrial Environment 4.0","2023","Proceedings - 2023 3rd International Conference on Pervasive Computing and Social Networking, ICPCSN 2023","","","","1352","1359","1","10.1109/ICPCSN58827.2023.00227","https://www.scopus.com/pages/publications/85175233720?origin=resultslist","Excel Engineering College, Department of Aeronautical Engineering, Namakkal, Tamil Nadu, Komarapalayam, India; Excel Engineering College, Department of Industrial Safety & Engineering, Namakkal, Tamil Nadu, Komarapalayam, India","Prashanth S., Excel Engineering College, Department of Aeronautical Engineering, Namakkal, Tamil Nadu, Komarapalayam, India; Balasundaram S., Excel Engineering College, Department of Aeronautical Engineering, Namakkal, Tamil Nadu, Komarapalayam, India; Hariharan S.B., Excel Engineering College, Department of Industrial Safety & Engineering, Namakkal, Tamil Nadu, Komarapalayam, India; Jegan Prabhu A., Excel Engineering College, Department of Industrial Safety & Engineering, Namakkal, Tamil Nadu, Komarapalayam, India","The objective of this study is to develop and analyze a novel IoT-based monitoring system for a Fiber Reinforced Polymer (FRP) dust extraction system in an industrial environment 4.0. The system is composed of a microcontroller, a dust sensor, a flue gas energy recovery system, and an IoT system. The microcontroller collects dust density data from the dust sensor, and the flue gas energy recovery system provides power to a battery from a generator. The IoT system monitors both the energy recovery system and the dust extraction system. The study was conducted in both laboratory and open-space environments, and the results were compared. The accumulated amount of dust sensed by the sensor was 29363.58 mg/m3 after three days of monitoring, and the efficiency of the flue gas energy recovery system decreased from 8.8% to 0.74% over the same period. These results demonstrate the importance of monitoring both the dust extraction system and the energy recovery system to optimize their performance and minimize the impact of dust on the environment. The novel IoT-based monitoring system developed in this research provides a valuable tool for industry 4.0. Its ability to keep track of events in real time and scrutinize data empowers a dust removal method that is both more productive and eco-friendly, lessening the environmental impact of industrial operations. This study's outcomes support the evolution of sustainable and environmentally conscious industrial techniques.  © 2023 IEEE.","Dust extraction system; FRP; Hazardous management; Internet of things","Dust; Fiber reinforced plastics; Flues; Industrial research; Internet of things; Microcontrollers; Recovery; Dust extraction; Dust extraction system; Energy recovery system; Extraction systems; Fiber-reinforced polymers; Fibre reinforced polymers; Gas energy; Hazardous management; Industrial environments; Monitoring system; Flue gases","S. Prashanth; Excel Engineering College, Department of Aeronautical Engineering, Komarapalayam, Namakkal, Tamil Nadu, India; email: prashanth641991@gmail.com","","Institute of Electrical and Electronics Engineers Inc.","","979-835032284-2","","","English","Proc. - Int. Conf. Pervasive Comput. Soc. Netw., ICPCSN","Conference paper","Final","","Scopus","2-s2.0-85175233720"
"André C.; Boulanger F.; Girault A.","André, C. (56212847900); Boulanger, F. (8288687000); Girault, A. (7005652499)","56212847900; 8288687000; 7005652499","Software implementation of synchronous programs","2001","Proceedings - International Conference on Application of Concurrency to System Design, ACSD","2001-January","","981771","133","142","14","10.1109/CSD.2001.981771","https://www.scopus.com/pages/publications/33745376027?origin=resultslist","I3S Lab., University of Nice-Sophia Antipolis, CNRS, France; SUPÉLEC, Service Informatique, France; INRIA Rhône-Alpes, BIP Project, France","André C., I3S Lab., University of Nice-Sophia Antipolis, CNRS, France; Boulanger F., SUPÉLEC, Service Informatique, France; Girault A., INRIA Rhône-Alpes, BIP Project, France","Synchronous languages allow a high level, concurrent, and deterministic description of the behavior of reactive systems. Thus, they can be used advantageously for the programming of embedded control systems. The runtime requirements of synchronous code are light, but several critical properties must be fulfilled. In this paper, we address the problem of the software implementation of synchronous programs. After a brief introduction to reactive systems, this paper formalizes the notion of ""execution machine"" for synchronous code. Then, a generic architecture for centralized execution machines is introduced. Finally, several effective implementations are presented. © 2001 IEEE.","","Embedded systems; Systems analysis; Critical properties; Embedded control systems; Generic architecture; Reactive system; Runtimes; Software implementation; Synchronous languages; Synchronous program; High level languages","","","Institute of Electrical and Electronics Engineers Inc.","15504808","076951071X","","","English","Proc. Int. Conf. Appl. Concurrency Syst. Des. ACSD","Conference paper","Final","","Scopus","2-s2.0-33745376027"
"Damiani A.; Rabozzi M.; Chen K.M.; Di Tucci L.; Santambrogio M.D.","Damiani, Andrea (57225471820); Rabozzi, Marco (56431150900); Chen, Kaixi Matteo (58202177300); Di Tucci, Lorenzo (57191573139); Santambrogio, Marco D. (11540913800)","57225471820; 56431150900; 58202177300; 57191573139; 11540913800","From Distributed Sensing to Virtual Sensors: A Domain-Specific Language for Reactive Centralized Edge-Fog-Cloud Computation","2022","Proceedings - 2022 IEEE 20th International Conference on Embedded and Ubiquitous Computing, EUC 2022","","","","128","135","1","10.1109/EUC57774.2022.00028","https://www.scopus.com/pages/publications/85153849840?origin=resultslist","Politecnico di Milano, DEIB, Milan, Italy; Huxelerate Srl, Milan, Italy","Damiani A., Politecnico di Milano, DEIB, Milan, Italy; Rabozzi M., Huxelerate Srl, Milan, Italy; Chen K.M., Huxelerate Srl, Milan, Italy; Di Tucci L., Huxelerate Srl, Milan, Italy; Santambrogio M.D., Politecnico di Milano, DEIB, Milan, Italy","The widespread application of specialized embedded devices and their ever-growing sensing capabilities lead to an overload of raw data reaching the Cloud via the Internet of Things. Despite this massive amount of available data, data-driven applications still produce a limited impact on the real world. We argue that this limitation arises from the complexity the developers still face when engineering and deploying solutions on a plurality of embedded devices. Instead of focusing on constructing valuable information from raw data and designing algorithms to exploit it, the developers still have to figure out on their own: how to partition the computation between Edge, Fog, and Cloud; how to move partial results around in highly distributed solutions; how to create abstract interfaces to expose information-rich endpoints. This paper introduces the Virtual Sensor Domain-Specific Language (DSL), which builds the keystone for designing and developing powerful Computer-Aided Design tools and Integrated Development Environments to support the developers in focusing on information manipulation. The Virtual Sensor DSL is built on top of C++ to ease its adoption by the embedded development community. It introduces a reactive approach to data collection, technology mapping, and workload distribution. It allows the creation of adaptable Virtual Sensors, streaming processed information coming from the integration of multiple raw data streams, and it comes with integrated simulation capabilities, supporting prototyping. In this paper, we describe the entities the language offers, how the developers can exploit them, and analyze a real-world use case that benefitted from the Virtual Sensor DSL.  © 2022 IEEE.","domain-specific language; reactive programming; virtual sensor","Computer aided design; Digital subscriber lines; Problem oriented languages; Centralised; Data-driven applications; Distributed sensing; Domains specific languages; Embedded device; Partial results; Reactive programming; Real-world; Sensor domains; Virtual sensor; C++ (programming language)","A. Damiani; Politecnico di Milano, DEIB, Milan, Italy; email: andrea.damiani@polimi.it","","Institute of Electrical and Electronics Engineers Inc.","","979-835039635-5","","","English","Proc. - IEEE Int. Conf. Embed. Ubiquitous Comput., EUC","Conference paper","Final","","Scopus","2-s2.0-85153849840"
"Di Ludovico M.; Cascardi A.; Balsamo A.; Aiello M.A.","Di Ludovico, Marco (23469290900); Cascardi, Alessio (57035239700); Balsamo, Alberto (23988640600); Aiello, Maria Antonietta (55663242000)","23469290900; 57035239700; 23988640600; 55663242000","Uniaxial experimental tests on full-scale limestone masonry columns confined with glass and basalt frcm systems","2020","Journal of Composites for Construction","24","5","04020050","","","37","10.1061/(ASCE)CC.1943-5614.0001061","https://www.scopus.com/pages/publications/85089598005?origin=resultslist","Dept. of Structures for Engineering and Architecture, Univ. of Naples ""Federico II"", Naples, 80125, Italy; Post Doc-ITC-CNR Construction Technologies Institute, Italian National Research Council, Bari, 70124, Italy; Dept. of Innovation Engineering, Univ. of Salento, Lecce, 73100, Italy","Di Ludovico M., Dept. of Structures for Engineering and Architecture, Univ. of Naples ""Federico II"", Naples, 80125, Italy; Cascardi A., Post Doc-ITC-CNR Construction Technologies Institute, Italian National Research Council, Bari, 70124, Italy; Balsamo A., Dept. of Structures for Engineering and Architecture, Univ. of Naples ""Federico II"", Naples, 80125, Italy; Aiello M.A., Dept. of Innovation Engineering, Univ. of Salento, Lecce, 73100, Italy","A large number of masonry buildings have been designed to sustain gravity loads or with reference to obsolete seismic provisions. Columns are among the weakest elements, especially in historical buildings. Many experiments have been carried out over the last few decades to investigate the effectiveness of fiber-reinforced polymer (FRP) jackets for confinement. Owing to the poor chemical compatibility of FRPs with masonry substrates, a new technique based on the replacement of resin with an inorganic matrix [fabric-reinforced cementitious matrix (FRCM)] has been developed. There are very few reports available on tests conducted on FRCM-confined masonry columns, especially with reference to full-scale specimens. To fill this gap, uniaxial pure compression tests were carried out on seven full-scale limestone masonry columns. In particular, the investigation examined the effectiveness of FRCM systems based on the use of alkali-resistant glass-and basalt-fiber grids embedded in lime-based mortar. The use of an internal reinforcement provided by pultruded glass bars or helical stainless steel bars in a dry application is also analyzed.  © 2020 American Society of Civil Engineers.","Compression test; Confinement; FRCM; FRP; Full-scale testing; Masonry column","Basalt; Compression testing; Embedded systems; Fiber reinforced plastics; Glass; Lime; Limestone; Reinforcement; Cementitious matrices; Chemical compatibility; Experimental test; Fiber reinforced polymers; Historical buildings; Inorganic matrices; Lime based mortars; Stainless steel bars; Masonry materials","M. Di Ludovico; Dept. of Structures for Engineering and Architecture, Univ. of Naples ""Federico II"", Naples, 80125, Italy; email: https:/orcid.org/0000-0003-3697-3923","","American Society of Civil Engineers (ASCE)","10900268","","JCCOF","","English","J Compos Constr","Article","Final","","Scopus","2-s2.0-85089598005"
"Belwal C.; Cheng A.M.K.","Belwal, Chaitanya (6507996126); Cheng, Albert M.K. (7402075079)","6507996126; 7402075079","Partitioned scheduling of P-FRP in symmetric homogenous multiprocessors","2011","Proceedings - 2011 IFIP 9th International Conference on Embedded and Ubiquitous Computing, EUC 2011","","","6104506","47","54","2","10.1109/EUC.2011.55","https://www.scopus.com/pages/publications/84855768254?origin=resultslist","Department of Computer Science, University of Houston, TX, United States","Belwal C., Department of Computer Science, University of Houston, TX, United States; Cheng A.M.K., Department of Computer Science, University of Houston, TX, United States","Functional Reactive Programming (FRP)is a declarative approach to modeling and building reactive systems. Priority-based FRP (P-FRP) has recently been introduced as a FRP formalism that guarantees real-time response. P-FRP guarantees that when a higher priority task is released, the system will immediately preempt any executing lower-priority tasks. To maintain guarantees of state-less execution offered by the functional programming model, PFRP implements a transactional nature of execution. Each higher priority event in P-FRP can abort a lower priority task forcing it to restart. Existing work on partitioning tasks in multi-processor systems have been focused on the classical preemptive model of execution1. However, due do its transactional nature, the schedulability tests used in the partitioning algorithms for the preemptive model, cannot be applied 'as is' to the P-FRP execution model. While multiprocessor response time analysis of P-FRP has been done in previous work, partitioning schemes for tasks in multiprocessor systems have not been presented yet. In this paper, we present an exact schedulability test for P-FRP and use it in two existing first-fit partitioning schemes. We also introduce a new first-fit partitioning scheme based on the processing time of tasks, which yields better results than the other two schemes. We also show that the number of processors required to schedule tasks in P-FRP are more than or equal to the number of processors required to schedule the same in the preemptive model. © 2011 IEEE.","Embedded systems; Functional programming; Multi-processor scheduling; Real-time systems; Static partitioning","Functional programming; Human computer interaction; Multiprocessing systems; Real time systems; Ubiquitous computing; Execution model; Multi processor scheduling; Multi processor systems; Multiprocessor-system; Partitioning algorithms; Priority tasks; Priority-based; Processing Time; Reactive programming; Reactive system; Real-time response; Response-time analysis; Schedulability test; Static partitioning; Embedded systems","C. Belwal; Department of Computer Science, University of Houston, TX, United States; email: cbelwal@cs.uh.edu","","","","978-076954552-3","","","English","Proc. - IFIP Int. Conf. Embedded Ubiquitous Comput., EUC","Conference paper","Final","","Scopus","2-s2.0-84855768254"
"Monniaux D.","Monniaux, David (7003603592)","7003603592","Automatic modular abstractions for linear constraints","2009","ACM SIGPLAN Notices","44","1","","140","151","7","10.1145/1594834.1480899","https://www.scopus.com/pages/publications/70350339814?origin=resultslist","CNRS, VERIMAG, Grenoble, France","Monniaux D., CNRS, VERIMAG, Grenoble, France","We propose a method for automatically generating abstract transformers for static analysis by abstract interpretation. The method focuses on linear constraints on programs operating on rational, real or floating-point variables and containing linear assignments and tests. In addition to loop-free code, the same method also applies for obtaining least fixed points as functions of the precondition, which permits the analysis of loops and recursive functions. Our algorithms are based on new quantifier elimination and symbolic manipulation techniques. Given the specification of an abstract domain, and a program block, our method automatically outputs an implementation of the corresponding abstract transformer. It is thus a form of program transformation. The motivation of our work is data-flow synchronous programming languages, used for building control-command embedded systems, but it also applies to imperative and functional programming.","Abstract interpretation; Linear inequalities; Program transformation; Quantifier elimination","Abstracting; Digital arithmetic; Embedded systems; Linear transformations; Mathematical transformations; Model checking; Recursive functions; Static analysis; Abstract interpretations; Linear assignment; Linear constraints; Linear inequalities; Program transformations; Quantifier elimination; Symbolic manipulation; Synchronous programming; Functional programming","D. Monniaux; CNRS, VERIMAG, Grenoble, France; email: David.Monniaux@imag.fr","","Association for Computing Machinery","15232867","","","","English","ACM SIGPLAN Not.","Conference paper","Final","All Open Access; Green Open Access","Scopus","2-s2.0-70350339814"
"Garcez M.; Meneghetti L.; Da Silva Filho L.C.P.","Garcez, Mônica (16063403900); Meneghetti, Leila (16064528800); Da Silva Filho, Luiz Carlos Pinto (23134637200)","16063403900; 16064528800; 23134637200","Structural performance of RC beams poststrengthened with carbon, aramid, and glass FRP systems","2008","Journal of Composites for Construction","12","5","","522","530","38","10.1061/(ASCE)1090-0268(2008)12:5(522)","https://www.scopus.com/pages/publications/51849147407?origin=resultslist","Federal Univ. of Rio Grande Do sul, Porto Alegre, RS, 90035-190, Av. Osvaldo Aranha, 99, Brazil; Dept. of Civil Engineering, Federal Univ. of Rio Grande Do sul, Porto Alegre, RS, 90035-190, Av. Osvaldo Aranha, 99, Brazil","Garcez M., Federal Univ. of Rio Grande Do sul, Porto Alegre, RS, 90035-190, Av. Osvaldo Aranha, 99, Brazil; Meneghetti L., Federal Univ. of Rio Grande Do sul, Porto Alegre, RS, 90035-190, Av. Osvaldo Aranha, 99, Brazil; Da Silva Filho L.C.P., Dept. of Civil Engineering, Federal Univ. of Rio Grande Do sul, Porto Alegre, RS, 90035-190, Av. Osvaldo Aranha, 99, Brazil","The use of fiber-reinforced polymers (FRPs) to poststrengthen concrete structures started to be investigated in the mid-1970s and today is widely recognized as an attractive technique to be used in civil structures, especially when aggressive environments prevent the use of materials that are susceptible to corrosion, such as steel. Different FRP poststrengthening techniques have been developed and applied in existing structures, aiming to increase their load capacity. Most FRP systems used nowadays consist of carbon fibers embedded in epoxy matrix. Regardless of the advantages and the good results achieved using carbon fiber-reinforced polymers, some new possibilities, such as the use of prestressing and lower cost fiber materials, are being analyzed in an attempt to provide viable alternatives for a more efficient, safe, and rational use of FRP systems. The main purpose of the present work was to make a comparative analysis of the behavior of reinforced concrete beams poststrengthened with carbon, aramid, and glass FRP subjected to static loading tests. Experimental results were evaluated against theoretical ones obtained through an analytical model that considers a trilinear behavior for the load versus displacement curves. The experimental results indicate that all FRP systems applied have appropriate structural performance for use in poststrengthening applications of RC. The choice of the more suitable system would, therefore, be strongly influenced by circumstances regarding cost limitations and level of reinforcement required. © 2008 ASCE.","Carbon; Concrete beams; Fiber reinforced polymers; Glass; Numerical analysis","Beams and girders; Bridge decks; Building materials; Carbon; Concrete beams and girders; Concrete products; Embedded systems; Fiber optics; Fiber reinforced materials; Fiber reinforced plastics; Fibers; Glass; Ketones; Painting; Polymers; Reinforced concrete; Reinforced plastics; Reinforcement; Static analysis; Aggressive environments; Analytical modelling; Carbon fiber-reinforced polymers; Civil structures; Comparative analysis; Concrete beams; Concrete structures; corrosion; Displacement curves; Epoxy matrices; Existing structures; Fiber materials; Fiber reinforced polymers; Load capacities; Lower cost; Numerical analysis; Post-strengthening; RC beams; Reinforced concrete beams; Static loading tests; Structural performance; Carbon fibers","M. Garcez; Federal Univ. of Rio Grande Do sul, Porto Alegre, RS, 90035-190, Av. Osvaldo Aranha, 99, Brazil; email: mrgarcez@hotmail.com","","","10900268","","JCCOF","","English","J Compos Constr","Article","Final","","Scopus","2-s2.0-51849147407"
"Torres N.; Tumialan G.; Vega C.","Torres, Nancy (55647085300); Tumialan, Gustavo (6507488666); Vega, Camilo (57209394331)","55647085300; 6507488666; 57209394331","Assessment of anchorage methods and FRP laminate strengthening configurations for URM walls under in-plane loading","2017","American Concrete Institute, ACI Special Publication","2017-October","SP 327","","197","215","0","","https://www.scopus.com/pages/publications/85071941548?origin=resultslist","Department of Civil Engineering, Escuela Colombiana de Ingeniería Julio Garavito, Bogotá, Colombia; Simpson Gumpertz and Heger, Inc., Boston, MA, United States; Ingetec S.A., Bogotá, Colombia","Torres N., Department of Civil Engineering, Escuela Colombiana de Ingeniería Julio Garavito, Bogotá, Colombia; Tumialan G., Simpson Gumpertz and Heger, Inc., Boston, MA, United States; Vega C., Department of Civil Engineering, Escuela Colombiana de Ingeniería Julio Garavito, Bogotá, Colombia, Ingetec S.A., Bogotá, Colombia","In order to ensure a continuous and reliable path for the lateral loads caused by earthquake or wind forces, FRP-strengthened masonry walls that are part of the lateral load resisting system of a building require the joint work of the FRP strengthening to resist tensile stresses in the masonry and anchorage to the boundary structural elements (foundations or beams) to transfer the loads. This article presents the results of an investigation on the assessment of anchorage methods and FRP strengthening configurations for unreinforced masonry (URM) walls subjected to in-plane loads. Fourteen masonry walls were constructed for this experimental program. All of the walls were built with hollow clay bricks, typical of URM structures in Colombia and other parts of the world. The specimens for this investigation included slender and squat walls. The dimensions of the slender walls were 1.20 m. [4 ft] long, 1.90 m. [6.2 ft.] high, and 120 mm [4.8 in.] thick. The dimensions of the squat walls: 2.50 m. [8.2 ft.] long, 1.90 m. [6.2 ft.] high, and 120 mm [4.8 in.] thick. The walls were strengthened using two configurations: (1) Layout 'FT involving horizontal CFRP laminates along on wall side, and vertical CFRP laminates at each wall toe on one side of the wall, and (20 Layout ' X ' involving diagonal CFRP laminates oriented at approximately 45 degrees on one side of the wall. Four anchor systems were evaluated: (1) System 1 (CFRP anchors embedded in the base beam), (2) System 2 (CFRP bonded to the base beam), (3) System 3 (FRP bonded to grout blocks), and (4) System 4 (FRP wrapped around grout blocks). The walls were tested in two series: (1) Series 1 - Monotonie Loading, and (2) Series 2 - Cyclic Loading. The test results demonstrated that Anchor System 4 was the most effective anchorage system. The walls strengthened with Anchor System 4 failed due to rupture of the CFRP laminates wrapped around the grout block. In general, the largest increases in in-plane capacity, when compared to the control walls, were observed in the slender walls. The walls with the ' H ' Layout showed more ductility and less degradation of the lateral stiffness than the walls strengthened with the ' X ' Layout. © 2017 American Concrete Institute. All rights reserved.","","Anchorages (foundations); Embedded systems; Fiber reinforced plastics; Grouting; Laminates; Loads (forces); Masonry construction; Mortar; Reinforcement; Retaining walls; Anchorage systems; Experimental program; Frp strengthening; Inplane loading; Lateral load resisting systems; Lateral stiffness; Structural elements; Unreinforced masonry walls; Walls (structural partitions)","","El-Hacha R.; Lopez de Murphy M.; Gold W.J.; Cheng L.","American Concrete Institute","01932527","","","","English","Am. Concr. Inst. ACI Spec. Publ.","Conference paper","Final","","Scopus","2-s2.0-85071941548"
"Sant'Anna F.; Rodriguez N.; Ierusalimschy R.; Landsiedel O.; Tsigas P.","Sant'Anna, Francisco (35183862400); Rodriguez, Noemi (7103138636); Ierusalimschy, Roberto (55925861600); Landsiedel, Olaf (8725107000); Tsigas, Philippas (6603044759)","35183862400; 7103138636; 55925861600; 8725107000; 6603044759","Safe System-level concurrency on resource-constrained nodes","2013","SenSys 2013 - Proceedings of the 11th ACM Conference on Embedded Networked Sensor Systems","","","11","","","23","10.1145/2517351.2517360","https://www.scopus.com/pages/publications/84905692731?origin=resultslist","Departamento de Informática - PUC-Rio, Brazil; Computer Science and Engineering, Chalmers University of Technology, Sweden","Sant'Anna F., Departamento de Informática - PUC-Rio, Brazil; Rodriguez N., Departamento de Informática - PUC-Rio, Brazil; Ierusalimschy R., Departamento de Informática - PUC-Rio, Brazil; Landsiedel O., Computer Science and Engineering, Chalmers University of Technology, Sweden; Tsigas P., Computer Science and Engineering, Chalmers University of Technology, Sweden","Despite the continuous research to facilitate WSNs development, most safety analysis and mitigation efforts in concurrency are still left to developers, who must manage synchronization and shared memory explicitly. In this paper, we present a system language that ensures safe concurrency by handling threats at compile time, rather than at runtime. Based on the synchronous programming model, our design allows for a simple reasoning about concurrency that enables compile-time analysis resulting in deterministic and memory-safe programs. As a trade-off, our design imposes limitations on the language expressiveness, such as doing computationally-intensive operations and meeting hard realtime responsiveness. To show that the achieved expressiveness and responsiveness is suficient for a wide range of WSN applications, we implement widespread network protocols and the CC2420 radio driver. The implementations show a reduction in source code size, with a penalty of memory increase below 10% in comparison to nesC. Ov rall, we ensure safety properties for programs relying on high-level control abstractions that also lead to concise and readable code.","","Problem oriented languages; Compile time; Programming models; Resource constrained nodes; Runtimes; SAFER system; Safety analysis; Shared memory; Simple++; Synchronous programming; System levels; Integrated circuit design","","","Association for Computing Machinery","","978-145032027-6","","","English","SenSys - Proc. ACM Conf. Embedded Networked Sens. Syst.","Conference paper","Final","All Open Access; Green Open Access","Scopus","2-s2.0-84905692731"
"Schulz-Rosengarten A.; Smyth S.; Mendler M.","Schulz-Rosengarten, Alexander (57191824753); Smyth, Steven (57191920926); Mendler, Michael (55881981000)","57191824753; 57191920926; 55881981000","Toward Object-oriented Modeling in SCCharts","2021","ACM Transactions on Embedded Computing Systems","20","4","37","","","1","10.1145/3453482","https://www.scopus.com/pages/publications/85108029654?origin=resultslist","Kiel University, Germany; Bamberg University, Germany","Schulz-Rosengarten A., Kiel University, Germany; Smyth S., Kiel University, Germany; Mendler M., Bamberg University, Germany","Object orientation is a powerful and widely used paradigm for abstraction and structuring in programming. Many languages are designed with this principle or support different degrees of object orientation. In synchronous languages, originally developed to design embedded reactive systems, there are only few object-oriented influences. However, especially in combination with a statechart notation, the modeling process can be improved by facilitating object orientation as we argue here. At the same time the graphical representation can be used to illustrate the object-oriented design of a system. Synchronous statechart dialects, such as the SCCharts language, provide deterministic concurrency for specifying safety-critical systems. Using SCCharts as an example, we illustrate how an object-oriented modeling approach that supports inheritance can be introduced. We further present how external, i.e., host language, objects can be included in the SCCharts language. Specifically, we discuss how the recently developed concepts of scheduling directives and scheduling policies can be used to ensure the determinism of objects while retaining encapsulation. © 2021 ACM.","determinacy; inheritance; object orientation; state machine modeling; Synchronous languages","Embedded systems; Safety engineering; Scheduling; Graphical representations; Modeling process; Object orientation; Object oriented design; Object oriented model; Safety critical systems; Scheduling policies; Synchronous languages; Object oriented programming","","","Association for Computing Machinery","15399087","","","","English","ACM Trans. Embedded Comput. Syst.","Article","Final","","Scopus","2-s2.0-85108029654"
"Suzuki G.; Watanabe T.; Moriguchi S.","Suzuki, Go (58685774300); Watanabe, Takuo (36931774900); Moriguchi, Sosuke (55735588400)","58685774300; 36931774900; 55735588400","Implementation and Evaluation of an Interpreter for Functional Reactive Programming on Small Embedded Devices","2023","ACM International Conference Proceeding Series","","","","12","16","1","10.1145/3594671.3594674","https://www.scopus.com/pages/publications/85176136799?origin=resultslist","Department of Computer Science, Tokyo Institute of Technology, Tokyo, Japan","Suzuki G., Department of Computer Science, Tokyo Institute of Technology, Tokyo, Japan; Watanabe T., Department of Computer Science, Tokyo Institute of Technology, Tokyo, Japan; Moriguchi S., Department of Computer Science, Tokyo Institute of Technology, Tokyo, Japan","This paper reports the implementation of Emfrp-REPL, an interactive interpreter (REPL) of a functional reactive programming language for resource-constrained embedded systems. Its goal is to accelerate the prototyping and development of microcontroller-based embedded systems. The interpreter runs on small-scale embedded devices based on 32-bit microcontrollers, such as ESP32 with 520KiB size data RAM. The evaluation shows that the memory usage of Emfrp-REPL is comparable to MicroPython, and the range of its latency is narrower than MicroPython, according to microbenchmarks.  © 2023 Owner/Author.","embedded systems; functional reactive programming; Read-Eval-Print Loop","Functional programming; Microcontrollers; Program interpreters; Random access storage; Embedded device; Embedded-system; Functional reactive programming; Memory usage; Microbenchmarks; Microcontroller-based; Read-eval-print loop; Resource-constrained embedded systems; Small scale; Embedded systems","","Chiba S.; Cong Y.; Boix E.G.","Association for Computing Machinery","","979-840070755-1","","","English","ACM Int. Conf. Proc. Ser.","Conference paper","Final","All Open Access; Gold Open Access","Scopus","2-s2.0-85176136799"
"Robinson A.; Potanin A.","Robinson, Amos (55884980500); Potanin, Alex (37062710900)","55884980500; 37062710900","Pipit on the Post: Proving Pre- and Post-Conditions of Reactive Systems","2024","Leibniz International Proceedings in Informatics, LIPIcs","313","","28","","","1","10.4230/LIPIcs.ECOOP.2024.34","https://www.scopus.com/pages/publications/85205028976?origin=resultslist","Sydney, Australia; Australian National University, Canberra, Australia","Robinson A., Sydney, Australia; Potanin A., Australian National University, Canberra, Australia","Synchronous languages such as Lustre and Scade are used to implement safety-critical control systems; proving such programs correct and having the proved properties apply to the compiled code is therefore equally critical. We introduce Pipit, a small synchronous language embedded in F✶, designed for verifying control systems and executing them in real-time. Pipit includes a verified translation to transition systems; by reusing F✶’s existing proof automation, certain safety properties can be automatically proved by k-induction on the transition system. Pipit can also generate executable code in a subset of F✶ which is suitable for compilation and real-time execution on embedded devices. The executable code is deterministic and total and preserves the semantics of the original program. © Amos Robinson and Alex Potanin;","Lustre; reactive; streaming; verification","Systems analysis; Executable codes; Luster; Pre and post conditions; Property; Reactive; Reactive system; Safety-critical control systems; Streaming; Synchronous languages; Transition system; Program translators","; ","Aldrich J.; Salvaneschi G.","Schloss Dagstuhl- Leibniz-Zentrum fur Informatik GmbH, Dagstuhl Publishing","18688969","978-395977341-6","","","English","Leibniz Int. Proc. Informatics, LIPIcs","Conference paper","Final","","Scopus","2-s2.0-85205028976"
"Bourke T.; Brun L.; Pouzet M.","Bourke, Timothy (18036559300); Brun, Lélio (57195072833); Pouzet, Marc (57202122440)","18036559300; 57195072833; 57202122440","Towards a verified Lustre compiler with modular reset","2018","Proceedings of the 21st International Workshop on Software and Compilers for Embedded Systems, SCOPES 2018","","","","14","17","3","10.1145/3207719.3207732","https://www.scopus.com/pages/publications/85054127214?origin=resultslist","Inria Paris École normale supérieure, PSL University, France; École normale supérieure, PSL University Inria, Paris, France; UPMC, Sorbonne Universités École normale supérieure, PSL University Inria, Paris, France","Bourke T., Inria Paris École normale supérieure, PSL University, France; Brun L., École normale supérieure, PSL University Inria, Paris, France; Pouzet M., UPMC, Sorbonne Universités École normale supérieure, PSL University Inria, Paris, France","This paper presents ongoing work to add a modular reset construct to a verified Lustre compiler. We present a novel formal specification for the construct and sketch our plans to integrate it into the compiler and its correctness proof. © 2018 Copyright held by the owner/author(s)","Synchronous Languages (Lustre); Verified Compilation","Embedded systems; Correctness proofs; Synchronous languages; Verified Compilation; Program compilers","","Stuijk S.","Association for Computing Machinery, Inc","","978-145035780-7","","","English","Proc. Int. Workshop Softw. Compil.Embed. Syst., SCOPES","Conference paper","Final","All Open Access; Green Open Access","Scopus","2-s2.0-85054127214"
"Qiu Z.-X.; Yao X.-T.; Yuan J.; Soutis C.","Qiu, Zi-Xue (7202941616); Yao, Xing-Tian (7402530152); Yuan, Jiang (55542343800); Soutis, Costas (8890464100)","7202941616; 7402530152; 55542343800; 8890464100","Experimental research on strain monitoring in composite plates using embedded SMA wires","2006","Smart Materials and Structures","15","4","018","1047","1053","28","10.1088/0964-1726/15/4/018","https://www.scopus.com/pages/publications/33746310585?origin=resultslist","School of Mechanical Engineering, Nantong University, Nantong 226007, China; Department of Mechanical Engineering (Aerospace), University of Sheffield, Sheffield S1 3JD, United Kingdom","Qiu Z.-X., School of Mechanical Engineering, Nantong University, Nantong 226007, China; Yao X.-T., School of Mechanical Engineering, Nantong University, Nantong 226007, China; Yuan J., School of Mechanical Engineering, Nantong University, Nantong 226007, China; Soutis C., Department of Mechanical Engineering (Aerospace), University of Sheffield, Sheffield S1 3JD, United Kingdom","Shape memory alloy (SMA) materials possess complete superelasticity or pseudoelasticity above the austenite finish temperature (Af) and many unique mechanical, thermal, thermal-mechanical and electrical properties compared with other conventional materials. Many studies have reported that the superelastic and hysteresis properties of SMA materials can absorb energies coming from external excitations or sudden impacts. In addition, due to the special electrical properties of NiTi superelastic wires, they can also be used as a strain-sensing element to monitor structural health conditions. In this paper, composite laminated specimens embedded with SMA wire sensors were fabricated and a detailed testing system was designed, for example for multi-parameter measuring for impact and weak signal processing for SMA sensors. A low-velocity impact test shows that SMA wire sensors embedded in fibre-reinforced plastic (FRP) laminate can be used to monitor impact responses, such as the location of impact damage, impact degree, and strain distribution. Experimental results and theoretical predictions reveal almost the same results. Compared with other methods, the research provides a simple, economic and reliable technique for monitoring important engineering structures online. © 2006 IOP Publishing Ltd.","","Composite structures; Distributed parameter networks; Elasticity; Embedded systems; Fiber reinforced plastics; Hysteresis; Online systems; Sensors; Shape memory effect; Strain gages; Structural analysis; Theorem proving; Thermodynamic properties; Thermomechanical treatment; Velocity; Engineering structures; Impact degree; SMA wire sensors; Strain distribution; Strain measurement","Z.-X. Qiu; School of Mechanical Engineering, Nantong University, Nantong 226007, China; email: qiu.zx@ntu.edu.cn","","","1361665X","","SMSTE","","English","Smart Mater Struct","Article","Final","","Scopus","2-s2.0-33746310585"
"Varoumas S.; Pesin B.; Vaugon B.; Chailloux E.","Varoumas, Steven (57209978416); Pesin, Basile (57218576816); Vaugon, Benoît (56974483200); Chailloux, Emmanuel (6506184041)","57209978416; 57218576816; 56974483200; 6506184041","Programming microcontrollers through high-level abstractions","2020","VMIL 2020 - Proceedings of the 12th ACM SIGPLAN International Workshop on Virtual Machines and Intermediate Languages, Co-located with SPLASH 2020","","","","5","14","5","10.1145/3427765.3428495","https://www.scopus.com/pages/publications/85098089268?origin=resultslist","Sorbonne Universite, CNRS, LIP6, Paris, F-75005, France; INRIA, Paris, France; Armadillo, Vanves, 92170, France","Varoumas S., Sorbonne Universite, CNRS, LIP6, Paris, F-75005, France; Pesin B., INRIA, Paris, France; Vaugon B., Armadillo, Vanves, 92170, France; Chailloux E., Sorbonne Universite, CNRS, LIP6, Paris, F-75005, France","In this paper, we present an approach for programming microcontrollers that provides more expressivity and safety than a low-level language approach traditionally used to program such devices. To this end, we provide various abstraction layers (abstraction of the microcontroller, of the electronic components of the circuit, and of concurrency) which, while being adapted to the scarce resources of the hardware, offer high-level programming traits for the development of embedded applications. The various presented abstractions make use of an OCaml virtual machine able to run on devices with limited resources and take advantage of the expressivity and extensibility of the language. We illustrate the interest of our work on both entertainment applications and embedded software examples. © 2020 ACM.","Functors; High-level programming; Microcontrollers; OCaml; Synchronous programming; Virtual machine","Application programs; Computer programming; Controllers; Firmware; Network security; Virtual machine; Abstraction layer; Electronic component; Embedded application; Entertainment application; High-level abstraction; High-level programming; Scarce resources; Microcontrollers","","Feeley M.; Fumero J.","Association for Computing Machinery, Inc","","978-145038190-1","","","English","VMIL - Proc. ACM SIGPLAN Int. Workshop Virtual Mach. Intermed. Lang., Co-located SPLASH","Conference paper","Final","","Scopus","2-s2.0-85098089268"
"Yu H.; Gamatié A.; Rutten E.; Dekeyser J.-L.","Yu, Huafeng (59870410100); Gamatié, Abdoulaye (16301118500); Rutten, Éric (56276265500); Dekeyser, Jean-Luc (7003799620)","59870410100; 16301118500; 56276265500; 7003799620","Adaptivity in high-performance embedded systems: A reactive control model for reliable and flexible design","2014","Knowledge Engineering Review","29","4","","433","451","2","10.1017/S0269888914000150","https://www.scopus.com/pages/publications/84927520180?origin=resultslist","INRIA Rennes/IRISA, Campus de Beaulieu, 263, avenue du Général Leclerc, Rennes, 35042, France; CNRS/LIFL, INRIA Lille Nord Europe, 40 avenue Halley, Villeneuve d'Ascq, 59650, France; INRIA Rhône-Alples, 655 avenue de l'Europe, Montbonnot, Saint-Ismier cedex, 38334, France; 4USTL/LIFL, INRIA Lille Nord Europe, 40 avenue Halley, Villeneuve d'Ascq, 59650, France","Yu H., INRIA Rennes/IRISA, Campus de Beaulieu, 263, avenue du Général Leclerc, Rennes, 35042, France; Gamatié A., CNRS/LIFL, INRIA Lille Nord Europe, 40 avenue Halley, Villeneuve d'Ascq, 59650, France; Rutten E., INRIA Rhône-Alples, 655 avenue de l'Europe, Montbonnot, Saint-Ismier cedex, 38334, France; Dekeyser J.-L., 4USTL/LIFL, INRIA Lille Nord Europe, 40 avenue Halley, Villeneuve d'Ascq, 59650, France","System adaptivity is increasingly demanded in high-performance embedded systems, particularly in multimedia system-on-chip (SoC), owing to growing quality-of-service requirements. This paper presents a reactive control model that has been introduced in Gaspard, our framework dedicated to SoC hardware/software co-design. This model aims at expressing adaptivity as well as reconfigurability in systems performing data-intensive computations. It is generic enough to be used for description in the different parts of an embedded system, for example, specification of how different data-intensive algorithms can be chosen according to some computation modes at the functional level; and expression of how hardware components can be selected via the usage of a library of intellectual properties according to execution performances. The transformation of this model toward synchronous languages is also presented, in order to allow an automatic code generation usable for formal verification, based on techniques such as model checking and controller synthesis, as illustrated in the paper. This work, based on Model-Driven Engineering and the standard UML MARTE profile, has been implemented in Gaspard. © Cambridge University Press 2014.","","Automatic programming; Embedded systems; Hardware-software codesign; Model checking; Multimedia systems; Programmable logic controllers; Quality of service; System-on-chip; Automatic code generations; Controller synthesis; Data-intensive computation; Execution performance; Functional levels; Hardware components; Model-driven Engineering; Synchronous languages; Integrated circuit design","","","Cambridge University Press","02698889","","KEREE","","English","Knowl Eng Rev","Article","Final","All Open Access; Green Open Access","Scopus","2-s2.0-84927520180"
"Jose B.A.; Shukla S.K.; Patel H.D.; Talpin J.-P.","Jose, Bijoy A. (24776131100); Shukla, Sandeep K. (7202528532); Patel, Hiren D. (7201451837); Talpin, Jean-Pierre (6602090161)","24776131100; 7202528532; 7201451837; 6602090161","On the deterministic multi-threaded software synthesis from polychronous specifications","2008","Proceedings - 6th ACM and IEEE International Conference on Formal Methods and Models for Co-Design, MEMOCODE'08","","","4547700","129","138","14","10.1109/MEMCOD.2008.4547700","https://www.scopus.com/pages/publications/51349115980?origin=resultslist","FERMAT Lab., Virginia Polytechnic Institute, State University, Blacksburg, VA, United States; Ptolemy Group, University of California, Berkeley, Berkeley, CA, United States; ESPRESSO Project, IRISA/INRIA, Rennes, France","Jose B.A., FERMAT Lab., Virginia Polytechnic Institute, State University, Blacksburg, VA, United States; Shukla S.K., FERMAT Lab., Virginia Polytechnic Institute, State University, Blacksburg, VA, United States; Patel H.D., Ptolemy Group, University of California, Berkeley, Berkeley, CA, United States; Talpin J.-P., ESPRESSO Project, IRISA/INRIA, Rennes, France","In order to exploit the emerging multi-core processors, creating multi-threaded applications is going to be a necessity. However, resolving concurrency, synchronization, and coordination issues, and tackling the non-determinism germane in multi-threaded software is extremely difficult. Ensuring deterministic behavior and correctness with respect to the specification is necessary for safe execution of such code. It is desirable to synthesize multi-threaded code from formal specifications using a provably 'correct-byconstruction' approach. In the past, reasonable success has been achieved in the 'correct-by-construction' sequential software synthesis for embedded reactive systems from synchronous programming models. Here we target deterministic multi-threaded software synthesis from deterministic specifications, such that the behavior of the code is semantically equivalent to that of the specification. We choose the polychronous model of computation for specification because (i) such specifications are multi-rate, reactive, concurrent and can be made deterministic through constraints on the environment, and (ii) formal verification methodologies and tools exist for such specifications. In this paper, we analyze under what condition a polychronous specification can be synthesized into multi-threaded C-code preserving its semantics. We also discuss how the synchronous data flow graph structure for a polychronous specification can be used to infer the threading structure of the resulting C-code. © 2008 IEEE.","","Cobalt; Cobalt compounds; Codes (symbols); Concurrency control; Coordination reactions; Data flow analysis; Embedded systems; Information theory; Structural design; Multi-threaded; Multi-threaded software; Formal methods","B. A. Jose; FERMAT Lab., Virginia Polytechnic Institute, State University, Blacksburg, VA, United States; email: bijoy@vt.edu","","","","978-142442417-7","","","English","Proc. - ACM IEEE Int. Conf. Form. Methods Models Co-Des., MEMOCODE","Conference paper","Final","","Scopus","2-s2.0-51349115980"
"Krugman M.","Krugman, Matthew (8565138500)","8565138500","Teaching behavior based robotics through advanced robocamps","2004","Proceedings - Frontiers in Education Conference, FIE","2","","","F3D","1","3","","https://www.scopus.com/pages/publications/21644438799?origin=resultslist","Engineering Division, Educational Robotics Laboratory, Colorado School of Mines, Golden, CO 80401, United States","Krugman M., Engineering Division, Educational Robotics Laboratory, Colorado School of Mines, Golden, CO 80401, United States","Through Colorado School of Mines Robocamps program, teaching materials presenting behavior based robot concepts were developed and taught to middle and high school aged students. The weeklong workshop goal has been to introduce the difference between traditional, or sequential, programming and behavioral, or reactive, programming styles for mobile robots. The topics of what, how, why, and when appropriate situations to implement either control paradigm is covered through hands-on activities. To create reactive agents, students use Brainstem microcontrollers, C language, various sensors, and LEGO materials. Instructional activities lead the students to develop robots that avoid objects, seek a particular goal, and to wander autonomously while allowing particular behaviors to subsume and delegate appropriate robot reactions. Each student's progress is measured through individual journals, qualitative (short answer questions) and quantitative (multiple choice questions) assessments, and oral presentations to parents. Assessment evaluation for this workshop has demonstrated that, if presented properly, more advanced concepts in mobile robotics can be learned by students in this age group. A pretest and posttest on fundamental concepts showed a significant increase in knowledge of behavioral robotics. In addition, evaluation of answers to essay questions demonstrated a stronger depth of understanding of these topics. It has also been observed that the success of this camp could in part be a result of the high level of motivation and enthusiasm of the students. Future camps will attempt to verify and support the pedagogical developments with a fresh group of students, which are new to the Advanced Robocamps program. © 2004 IEEE.","","Algorithms; C (programming language); Computer software; Distance education; Robots; Students; Teaching; Technical presentations; Colorado School of Mines (CSM); Mechanical platform; Robocamps; Speech synthesizers; Robotics","M. Krugman; Engineering Division, Educational Robotics Laboratory, Colorado School of Mines, Golden, CO 80401, United States; email: mkrugman@mines.edu","","","15394565","","PFECD","","English","Proc. Front. Educ. Conf. FIE","Conference paper","Final","","Scopus","2-s2.0-21644438799"
"Ascione F.; Lamberti M.; Napoli A.; Realfonzo R.","Ascione, Francesco (56572997000); Lamberti, Marco (56326129300); Napoli, Annalisa (34977337800); Realfonzo, Roberto (55237034600)","56572997000; 56326129300; 34977337800; 55237034600","Experimental bond behavior of Steel Reinforced Grout systems for strengthening concrete elements","2020","Construction and Building Materials","232","","117105","","","44","10.1016/j.conbuildmat.2019.117105","https://www.scopus.com/pages/publications/85073243278?origin=resultslist","Department of Civil Engineering, University of Salerno, Italy; College of Environmental Science and Engineering, Nankai University, Tianjin, China","Ascione F., Department of Civil Engineering, University of Salerno, Italy; Lamberti M., College of Environmental Science and Engineering, Nankai University, Tianjin, China; Napoli A., Department of Civil Engineering, University of Salerno, Italy; Realfonzo R., Department of Civil Engineering, University of Salerno, Italy","Composite materials consisting of high tensile strength steel cords embedded in a cementitious matrix (Steel Reinforced Grout, SRG) are becoming an attractive solution for strengthening existing structures thanks to the lower cost than “traditional” FRP systems, the isotropy of the steel and the ability of the mortar to resist fire. With respect to Steel Reinforced polymer (SRP) systems – whose mechanical behavior is predominantly dependent on the strength of the substrate to which the steel fibers are epoxy bonded – the mechanical properties of SRG systems are mainly dependent on the cement-based matrix which is sensitive to curing the installation conditions and methods. The experimental results presented and discussed in this paper contribute to expanding the existing knowledge on the bond behavior between the SRG and concrete substrate. To this purpose, a number of SRG strips were bonded to concrete blocks by an inorganic matrix and the lap joint was subsequently subjected to direct shear tests performed in displacement control. Since mortars are very sensitive to environmental conditions and humidity as previously mentioned, two different curing conditions were used. In the first case – termed “curing a” – specimens were cured at room temperature for 28 days and wet cloths were placed on top of the composite surface each day for two weeks. In the second case – termed “curing b” – specimens were just cured at room temperature for 28 days. In addition to the curing condition, the following study parameters were considered: (a) the concrete surface roughness in the bonded region, (b) the density of the dry steel fabric, (c) the bonded interface length, and (d) the concrete strength. Relatively to the latter parameter, concrete prisms were broadly divided into two strength groups: Normal Strength Concrete (NSC) having an average concrete cylindrical strength between 13 and 25 MPa and High Strength Concrete (HSC) having an average strength equal to 40 MPa. Experimental evidence underlines that SRG systems mainly exhibited a debonding failure at steel fibers-matrix interface (due to the sliding phenomena) irrespective of the concrete strength and surface finish. Furthermore, like the SRP systems, the low tape density showed better performances with respect to the higher densities considered in this paper, both in terms of the efficiency factor (i.e., the ratio between the tensile stress experienced by SRG in each test and the average tensile ultimate strength of dry steel fabric) and of the maximum force transferred by the system. © 2019 Elsevier Ltd","Concrete strengthening; Curing condition; Debonding; Inorganic matrix; Steel fibers","Concrete blocks; Curing; Debonding; Displacement control; Drying; Embedded systems; Glass ceramics; Grouting; High performance concrete; High strength steel; Mortar; Reinforced concrete; Reinforced plastics; Reinforcement; Steel fibers; Strength of materials; Strengthening (metal); Surface roughness; Concrete strengthening; Concrete surface roughness; Curing condition; Environmental conditions; High tensile strength steels; Inorganic matrices; Normal strength concretes; Steel reinforced polymer; Tensile strength","M. Lamberti; College of Environmental Science and Engineering, Nankai University, Tianjin, China; email: mlamberti@nankai.edu.cn","","Elsevier Ltd","09500618","","CBUME","","English","Constr Build Mater","Article","Final","","Scopus","2-s2.0-85073243278"
"Yu H.; Gamatié A.; Rutten É.; Dekeyser J.-L.","Yu, Huafeng (59870410100); Gamatié, Abdoulaye (16301118500); Rutten, Éric (56276265500); Dekeyser, Jean-Luc (7003799620)","59870410100; 16301118500; 56276265500; 7003799620","Safe design of high-performance embedded systems in an MDE framework","2008","Innovations in Systems and Software Engineering","4","3","","215","222","9","10.1007/s11334-008-0059-y","https://www.scopus.com/pages/publications/79952607925?origin=resultslist","INRIA/CNRS/USTL/LIFL, 59650 Villeneuve d'Ascq, 40 avenue Halley, Parc Scientifique de la Haute Borne, France; INRIAGrenoble - Rhône-Alpes, Montbonnot, 38334 Saint Ismier Cedex, Inovallée, 655 avenue de l'Europe, France","Yu H., INRIA/CNRS/USTL/LIFL, 59650 Villeneuve d'Ascq, 40 avenue Halley, Parc Scientifique de la Haute Borne, France; Gamatié A., INRIA/CNRS/USTL/LIFL, 59650 Villeneuve d'Ascq, 40 avenue Halley, Parc Scientifique de la Haute Borne, France; Rutten É., INRIAGrenoble - Rhône-Alpes, Montbonnot, 38334 Saint Ismier Cedex, Inovallée, 655 avenue de l'Europe, France; Dekeyser J.-L., INRIA/CNRS/USTL/LIFL, 59650 Villeneuve d'Ascq, 40 avenue Halley, Parc Scientifique de la Haute Borne, France","In this paper, we use the UML MARTE profile to model high-performance embedded systems (HPES) in the Gaspard2 framework. We address the design correctness issue on the UML model by using the formal validation tools associated with synchronous languages, i.e., the Sigali model checker, etc. This modeling and validation approach benefits from the advantages of UML as a standard, and from the number of validation tools built around synchronous languages. In our context, model transformations act as a bridge between UML and the chosen validation technologies. They are implemented according to a model-driven engineering approach. Themodeling and validation are illustrated using the multimedia functionality of a new-generation cellular phone. © Springer-Verlag London Limited 2008.","Formal validation; Gaspard2; High-performance embedded systems; MARTE; Mode automata; Sigali; Synchronous languages","","H. Yu; INRIA/CNRS/USTL/LIFL, 59650 Villeneuve d'Ascq, 40 avenue Halley, Parc Scientifique de la Haute Borne, France; email: huafeng.yu@inria.fr","","","16145054","","","","English","Innov. Syst. Softw. Eng.","Article","Final","","Scopus","2-s2.0-79952607925"
"You B.; Xu J.; Wang X.","You, Bo (7102334989); Xu, Jiazhong (15754622900); Wang, Xiongjian (16205511200)","7102334989; 15754622900; 16205511200","Integrated manufacturing system of high-pressure FRP pipes","2007","International Journal of Computer Applications in Technology","30","4","","245","255","2","10.1504/IJCAT.2007.017236","https://www.scopus.com/pages/publications/39649123015?origin=resultslist","College of Automation Engineering, Harbin University of Science and Technology, Harbin 150080, China; Harbin University of Science and Technology","You B., College of Automation Engineering, Harbin University of Science and Technology, Harbin 150080, China, Harbin University of Science and Technology; Xu J., College of Automation Engineering, Harbin University of Science and Technology, Harbin 150080, China, Harbin University of Science and Technology; Wang X., College of Automation Engineering, Harbin University of Science and Technology, Harbin 150080, China, Harbin University of Science and Technology","In order to realise industrialised manufacturing of epoxy FRP pipes, the manufacturing system which can accomplish winding, internal heating curing and extraction processes by only one machine tool was developed. The winding motion control is undertaken by an embedded motion controller. The curing control system composed of embedded industrial computer and PLC was designed to undertake curing, cooling and blowing control. A thermo-chemical model during cure was established, and an analysis based on the finite element technique was developed to simulate the curing process. It is proved that the applying of internal heating curing process can improve the production efficiency and the quality of high pressure FRP pipes. Copyright © 2007 Inderscience Enterprises Ltd.","FRP pipes; Integrated manufacturing; Internal heating curing; Winding","Computer simulation; Embedded systems; Heat treating furnaces; High pressure effects; Motion control; Winding; Integrated manufacturing; Internal heating curing; Pipe","J. Xu; College of Automation Engineering, Harbin University of Science and Technology, Harbin 150080, China; email: xujiazhong@126.com","","Inderscience Publishers","09528091","","IJCTE","","English","Int J Comput Appl Technol","Article","Final","","Scopus","2-s2.0-39649123015"
"Ganapathy V.; Ramesh S.","Ganapathy, Vinod (55712440200); Ramesh, S. (60342490800)","55712440200; 60342490800","Slicing synchronous reactive programs","2002","Electronic Notes in Theoretical Computer Science","65","5","","50","64","15","10.1016/S1571-0661(05)80440-2","https://www.scopus.com/pages/publications/23844532367?origin=resultslist","Department of Computer Science and Engineering, Indian Institute of Technology Bombay, Mumbai, India","Ganapathy V., Department of Computer Science and Engineering, Indian Institute of Technology Bombay, Mumbai, India; Ramesh S., Department of Computer Science and Engineering, Indian Institute of Technology Bombay, Mumbai, India","This paper extends the well-known technique of slicing to synchronous reactive programs. Synchronous languages exemplified by Esterel, Lustre, Signal and Argos, employ a novel model of execution that is found useful for abstract and high level description of complex controllers. Slicing is well known in the domain of sequential transformational programs and has been found to be useful in analysis, debugging and verification. The classical definition of slicing is inadequate for reactive programs. In this paper, we propose a new definition of slicing for reactive programs. An algorithm for computing slices based upon this definition is developed. We have taken the Argos language for concrete description of our ideas; they are of general applicability and can be applied easily to other synchronous languages. © 2002 Published by Elsevier Science B. V.","","Computer software; Concurrent engineering; Embedded systems; Large scale systems; Mathematical models; Program debugging; Complex control programs; Reactive systems; Run-time threads; Slicing synchronous reactive programs; Formal languages","V. Ganapathy; Department of Computer Science and Engineering, Indian Institute of Technology Bombay, Mumbai, India; email: vg@cs.wisc.edu","","Elsevier","15710661","","","","English","Electron. Notes Theor. Comput. Sci.","Conference paper","Final","All Open Access; Gold Open Access","Scopus","2-s2.0-23844532367"
"Kerbœuf M.; Talpin J.-P.","Kerbœuf, Mickaël (35285850500); Talpin, Jean-Pierre (6602090161)","35285850500; 6602090161","Encapsulation and behavioral inheritance in a synchronous model of computation for embedded system services adaptation","2005","Journal of Logic and Algebraic Programming","63","2","","241","269","0","10.1016/j.jlap.2004.05.005","https://www.scopus.com/pages/publications/16244413250?origin=resultslist","IRISA, Campus De Beaulieu, 35042 Rennes Cedex, France","Kerbœuf M., IRISA, Campus De Beaulieu, 35042 Rennes Cedex, France; Talpin J.-P., IRISA, Campus De Beaulieu, 35042 Rennes Cedex, France","Because it encourages the incremental development of software and the reuse of code by abstracting away implementation details, object orientation is an intuitive and sensible way to conceive large software out of existing application components and libraries. In practice, however, object-orientation is most of the time applied and used with sequentiality in mind. This practice may sometimes be conceptually inadequate for, eg., control-dominated reactive system components. We address this issue by proposing a process calculus that melts the paradigm of synchronous programming to key object-oriented features: encapsulation and behavioral inheritance with overriding by means of specific algebraic concurrency combinators. This framework provides support for the reuse of components and, more specifically, for the adaptation of embedded systems with new services. Cast in the context of a strict interpretation of the synchronous hypothesis, the proposed model supports a static interpretation of inheritance: overriding is resolved at compile-time (or link-time) and inheritance combinators are translated into primitive synchronous ones. This compilation technique puts object-orientation to work in a syntax-oriented model of synchronous concurrency that naturally supports the incremental, refinement-based design of concurrent systems starting from encapsulated and reused application components. The benefits of our approach are illustrated by a concrete and practical example: the adaptation of services to a plain old telephone service specification. © 2004 Elsevier Inc. All rights reserved.","Encapsulation; Process calculi; Reuse and behavioral inheritance; Synchronous programming","Algorithms; Concurrency control; Encapsulation; Object oriented programming; Semantics; Software engineering; Behavioral inheritance; Concurrency combinators; Process calculi; Synchronous programming; Embedded systems","M. Kerbœuf; IRISA, Campus De Beaulieu, 35042 Rennes Cedex, France; email: mickael.kerboeuf@irisa.fr","","","15678326","","JLAPA","","English","J. Logic. Algebraic Program.","Article","Final","All Open Access; Bronze Open Access","Scopus","2-s2.0-16244413250"
"Gonzalez-Libreros J.; D'Antino T.; Pellegrino C.","Gonzalez-Libreros, Jaime (57194053950); D'Antino, Tommaso (57211979514); Pellegrino, Carlo (7006716267)","57194053950; 57211979514; 7006716267","Experimental behavior of glass-FRCM Composites Applied onto Masonry and Concrete Substrates","2017","Key Engineering Materials","747 KEM","","","390","397","2","10.4028/www.scientific.net/KEM.747.390","https://www.scopus.com/pages/publications/85027080096?origin=resultslist","Department of Civil Environmental and Architectural Engineering, University of Padua, Via Marzolo 9, Padua, 35131, Italy; Department of Architecture Built Environment, and Construction Engineering, Politecnico di Milano, Via G. Ponzio 31, Milan, 20133, Italy","Gonzalez-Libreros J., Department of Civil Environmental and Architectural Engineering, University of Padua, Via Marzolo 9, Padua, 35131, Italy; D'Antino T., Department of Architecture Built Environment, and Construction Engineering, Politecnico di Milano, Via G. Ponzio 31, Milan, 20133, Italy; Pellegrino C., Department of Civil Environmental and Architectural Engineering, University of Padua, Via Marzolo 9, Padua, 35131, Italy","The use of Fiber Reinforced Polymer (FRP) composites has become a popular solution for retrofitting and strengthening of existing concrete and masonry structures. However, some drawbacks of this technique, mainly associated with the use of organic resins, have been reported. To overcome such drawbacks, the development of composite materials in which the organic resins are replaced with inorganic matrices has recently caught the attention of the civil engineering industry. Among these newly developed systems, Fiber Reinforced Cementitious Matrix (FRCM) composites, which are comprised of high strength fibers embedded within an inorganic matrix, have shown promising results. However, research on this topic is still limited and important aspects, such as the bond behavior between the composite and the substrate, are not fully understood and require further study. This paper presents the results of an experimental campaign aimed at investigating the influence of the type of matrix and substrate on the bond behavior of FRCM composites. Glass-FRCM composite strips were applied onto concrete and masonry substrates and then tested by means of a classical push-pull single-lap direct-shear test set-up. A cementitious and a lime-based matrix were employed to apply the same type of fiber on concrete and masonry substrates, respectively. FRCM-concrete and FRCM-masonry joints reported the same failure mode. However, higher values of the peak load were obtained for the lime-based glass-FRCM composite applied onto masonry substrates than with the cementitious glass-FRCM composite applied onto concrete substrates. © 2017 Trans Tech Publications.","Bond behavior; Concrete; FRCM; Glass; Masonry; Single-lap direct-shear test","Embedded systems; Fiber reinforced plastics; Fibers; Glass; Glass ceramics; Lime; Reinforcement; Resins; Substrates; Bond behavior; Cementitious matrices; Civil engineering industry; Direct shear test; Experimental campaign; Fiber reinforced polymer composites; FRCM; Masonry; Concretes","J. Gonzalez-Libreros; Department of Civil Environmental and Architectural Engineering, University of Padua, Padua, Via Marzolo 9, 35131, Italy; email: jaime.gonzalez@dicea.unipd.it","Di Tommaso A.; University of Bologna, viale Risorgimento 2, Bologna, 40136; Gentilini C.; Castellazzi G.; Department of Civil, Chemical, Environmental and Materials Engineering – DICAM, University of Bologna, Viale del Risorgimento 2, Bologna, 40136","Trans Tech Publications Ltd","10139826","978-303571164-6","KEMAE","","English","Key Eng Mat","Conference paper","Final","All Open Access; Green Open Access; Hybrid Gold Open Access","Scopus","2-s2.0-85027080096"
"Berthier N.; Maraninchi F.; Mounier L.","Berthier, Nicolas (37116499200); Maraninchi, Florence (57208414472); Mounier, Laurent (6603106167)","37116499200; 57208414472; 6603106167","Synchronous programming of device drivers for global resource control in embedded operating systems","2013","Transactions on Embedded Computing Systems","12","SUPPL1","39","","","6","10.1145/2435227.2435235","https://www.scopus.com/pages/publications/84878503259?origin=resultslist","UJF/Verimag, France; Grenoble INP/Verimag, France","Berthier N., UJF/Verimag, France; Maraninchi F., UJF/Verimag, France; Mounier L., Grenoble INP/Verimag, France","In embedded systems, controlling a shared resource like a bus, or improving a property like power consumption, may be hard to achieve when programming device drivers individually. In this article, we propose a global resource control approach, based on a centralized view of the devices' states. The solution we propose operates on the hardware/software interface. It involves a simple adaptation of the application level, to communicate with the hardware via a control layer. The control layer itself is built from a set of simple automata: the device drivers, whose states correspond to functional or power consumption modes, and a controller to enforce global properties. All these automata are programmed using a synchronous language, and compiled into a single piece of C code. We take as example the node of a sensor network. We explain the approach in details, demonstrate its use and benefits with an event-driven or multithreading operating system, and draw guidelines for its use in other contexts. © 2013 ACM.","Automated control; Power-aware implementation; Synchronous paradigm; Wireless sensor networks","Automata theory; Hardware; Sensor nodes; Wireless sensor networks; Automated control; Embedded operating systems; Global properties; Hardware/Software interfaces; Power-aware; Synchronous languages; Synchronous paradigm; Synchronous programming; C (programming language)","","","","15583465","","","","English","Trans. Embedded Comput. Syst.","Conference paper","Final","","Scopus","2-s2.0-84878503259"
"Berry G.; Sentovich E.M.","Berry, Gérard (7202085820); Sentovich, Ellen M. (6603398430)","7202085820; 6603398430","Implementation of constructive synchronous programs in POLIS","2000","Formal Methods in System Design","17","2","","135","161","11","10.1023/A:1008796718837","https://www.scopus.com/pages/publications/0034297992?origin=resultslist","Ecole des Mines de Paris, INRIA BP 93, 06902 Sophia-Antipolis Cedex, France; Cadence Berkeley Laboratories, Berkeley, CA 94704-1103, 2001 Addison Street, United States","Berry G., Ecole des Mines de Paris, INRIA BP 93, 06902 Sophia-Antipolis Cedex, France; Sentovich E.M., Cadence Berkeley Laboratories, Berkeley, CA 94704-1103, 2001 Addison Street, United States","Design tools for embedded reactive systems commonly use a model of computation that employs both synchronous and asynchronous communication styles. We form a junction between these two with an implementation of synchronous languages and circuits (Esterel) on asynchronous networks (POLIS). We implement fact propagation, the key concept of synchronous constructive semantics, on an asynchronous non-deterministic network: POLIS nodes (CFSMs) save state locally to deduce facts, and the network globally propagates facts between them. The result is a correct implementation of the synchronous input/output behavior of the program. Our model is compositional, and thus permits implementations at various levels of granularity from one CFSM per circuit gate to one CFSM per circuit. This allows one to explore various tradeoffs between synchronous and asynchronous implementations.","","Computational linguistics; Mathematical models; Systems analysis; Asynchronous networks; Finite state machines (FSM); Synchronous programming; Embedded systems","","","Kluwer Academic Publishers","09259856","","FMSDE","","English","Formal Methods Syst Des","Article","Final","","Scopus","2-s2.0-0034297992"
"Graillat A.; Moy M.; Raymond P.; De DInechin B.D.","Graillat, Amaury (57195062376); Moy, Matthieu (10143824300); Raymond, Pascal (14014305600); De DInechin, Benoit Dupont (6507181824)","57195062376; 10143824300; 14014305600; 6507181824","Parallel code generation of synchronous programs for a many-core architecture","2018","Proceedings of the 2018 Design, Automation and Test in Europe Conference and Exhibition,  DATE 2018","2018-January","","","1139","1142","13","10.23919/DATE.2018.8342182","https://www.scopus.com/pages/publications/85048807830?origin=resultslist","Verimag - Univ. Grenoble Alpes, Saint Martin d'Heres, France; LIP, Lyon, 69007, France; Kalray, Montbonnot, France","Graillat A., Verimag - Univ. Grenoble Alpes, Saint Martin d'Heres, France, Kalray, Montbonnot, France; Moy M., LIP, Lyon, 69007, France; Raymond P., Verimag - Univ. Grenoble Alpes, Saint Martin d'Heres, France; De DInechin B.D., Kalray, Montbonnot, France","Embedded systems tend to require more and more computational power. Many-core architectures are good candidates since they offer power and are considered more time predictable than classical multi-cores. Data-flow Synchronous languages such as Lustre or Scade are widely used for avionic critical software. Programs are described by networks of computational nodes. Implementation of such programs on a many-core architecture must ensure a bounded response time and preserve the functional behavior by taking interference into account. We consider the top-level node of a Lustre application as a software architecture description where each sub-node corresponds to a potential parallel task. Given a mapping (tasks to cores), we automatically generate code suitable for the targeted many-core architecture. This minimizes memory interferences and allows usage of a framework to compute the Worst-Case Response Time. © 2018 EDAA.","","Embedded software; Memory architecture; Multicore programming; Response time (computer systems); Codegeneration; Computational power; Dataflow; Embedded-system; Many-core architecture; Multi-cores; Parallel code; Power; Synchronous languages; Synchronous program; Parallel architectures","","","Institute of Electrical and Electronics Engineers Inc.","15301591","978-398192631-6","","","English","Proc. Des., Autom. Test Europe Conf. Exhib., DATE","Conference paper","Final","All Open Access; Green Open Access","Scopus","2-s2.0-85048807830"
"Benveniste A.; Bourke T.; Caillaud B.; Colaco J.-L.; Pasteur C.; Pouzet M.","Benveniste, Albert (7004977693); Bourke, Timothy (18036559300); Caillaud, Benoit (55605009400); Colaco, Jean-Louis (10138798400); Pasteur, Cedric (36464217100); Pouzet, Marc (57202122440)","7004977693; 18036559300; 55605009400; 10138798400; 36464217100; 57202122440","Building a Hybrid Systems Modeler on Synchronous Languages Principles","2018","Proceedings of the IEEE","106","9","8466987","1568","1592","9","10.1109/JPROC.2018.2858016","https://www.scopus.com/pages/publications/85053769612?origin=resultslist","Inria, Rennes, 35042, France; Inria, Paris, 75012, France; École Normale Supérieure, PSL University, Paris, 75230, France; ANSYS/Esterel-Technologies, Toulouse, 31100, France","Benveniste A., Inria, Rennes, 35042, France; Bourke T., Inria, Paris, 75012, France, École Normale Supérieure, PSL University, Paris, 75230, France; Caillaud B., Inria, Rennes, 35042, France; Colaco J.-L., ANSYS/Esterel-Technologies, Toulouse, 31100, France; Pasteur C., ANSYS/Esterel-Technologies, Toulouse, 31100, France; Pouzet M., Inria, Paris, 75012, France, École Normale Supérieure, PSL University, Paris, 75230, France","Hybrid systems modeling languages that mix discrete and continuous time signals and systems are widely used to develop cyber-physical systems where control software interacts with physical devices. Compilers play a central role, statically checking source models, generating intermediate representations for testing and verification, and producing sequential code for simulation and execution on target platforms. This paper presents a novel approach to the design and implementation of a hybrid systems language, built on synchronous language principles and their proven compilation techniques. The result is a hybrid systems modeling language in which synchronous programming constructs can be mixed with ordinary differential equations (ODEs) and zero-crossing events, and a runtime that delegates their approximation to an off-the-shelf numerical solver. We propose an ideal semantics based on nonstandard analysis, which defines the execution of a hybrid model as an infinite sequence of infinitesimally small time steps. It is used to specify and prove correct three essential compilation steps: 1) a type system that guarantees that a continuous-time signal is never used where a discrete-time one is expected and conversely; 2) a type system that ensures the absence of combinatorial loops; and 3) the generation of statically scheduled code for efficient execution. Our approach has been evaluated in two implementations: the academic language Zélus, which extends a language reminiscent of Lustre with ODEs and zero-crossing events, and the industrial prototype Scade Hybrid, a conservative extension of Scade 6. © 1963-2012 IEEE.","Cyber-physical systems; differential equations; nonlinear dynamical systems; systems modeling","Cyber Physical System; Differential equations; Discrete time control systems; Embedded systems; Hybrid systems; Modeling languages; Nonlinear dynamical systems; Nonlinear equations; Ordinary differential equations; Semantics; Simulation platform; Compilation techniques; Conservative extensions; Continuous-time signal; Design and implementations; Intermediate representations; Synchronous programming; Systems modeling; Systems modeling languages; Continuous time systems","B. Caillaud; Inria, Rennes, 35042, France; email: benoit.caillaud@inria.fr","","Institute of Electrical and Electronics Engineers Inc.","00189219","","IEEPA","","English","Proc. IEEE","Article","Final","","Scopus","2-s2.0-85053769612"
"Ras J.; Cheng A.M.K.","Ras, J. (26427784400); Cheng, Albert M.K. (7402075079)","26427784400; 7402075079","Response time analysis for the abort-and-restart event handlers of the Priority-Based Functional Reactive Programming (P-FRP) paradigm","2009","Proceedings - 15th IEEE International Conference on Embedded and Real-Time Computing Systems and Applications, RTCSA 2009","","","5279691","305","314","23","10.1109/RTCSA.2009.64","https://www.scopus.com/pages/publications/72349088444?origin=resultslist","Department of Computer Science, University of Houston, Texas 77004, United States","Ras J., Department of Computer Science, University of Houston, Texas 77004, United States; Cheng A.M.K., Department of Computer Science, University of Houston, Texas 77004, United States","Programming microcontrollers is a different paradigm from microprocessor programming. The traditional way to program microcontrollers is to write the program in C or an assembly language, but modern embedded systems are more complex. The Priority-based Functional Reactive Programming (P-FRP) paradigm could make microcontroller programming better. P-FRP makes it possible to treat programs as functions (stateless) and amenable to proofs and type-safety. In this paper, we focus on the abort-and-restart event handler semantics of P-FRP, which is neither a concurrency control policy nor a true scheduling policy. Instead, it is a policy in which the most important task is scheduled first. This paper refines the response time analysis for the abort-and-restart model on single-core systems. * © 2009 IEEE.","","Concurrency control; Controllers; Digital to analog conversion; Embedded systems; Fiber reinforced plastics; Functional programming; Microcontrollers; Reinforced plastics; Response time (computer systems); Assembly language; Core systems; Event-handlers; Modern embedded systems; Priority-based; Reactive programming; Response-time analysis; Scheduling policies; Real time systems","","","","","978-076953787-0","","","English","Proc. - IEEE Int. Conf. Embedded Real-Time Comput. Syst. Appl., RTCSA","Conference paper","Final","","Scopus","2-s2.0-72349088444"
"Ju L.; Huynh B.K.; Roychoudhury A.; Chakraborty S.","Ju, Lei (20435958400); Huynh, Bach Khoa (26424595800); Roychoudhury, Abhik (7005260419); Chakraborty, Samarjit (35261592900)","20435958400; 26424595800; 7005260419; 35261592900","Performance debugging of Esterel specifications","2012","Real-Time Systems","48","5","","570","600","10","10.1007/s11241-012-9155-z","https://www.scopus.com/pages/publications/84865338143?origin=resultslist","School of Computer Science and Technology, Shandong University, Shandong, China; Department of Computer Science, National University of Singapore, Singapore, Singapore; Institute for Real-Time Computer Systems, TU Munich, Munich, Germany","Ju L., School of Computer Science and Technology, Shandong University, Shandong, China; Huynh B.K., Department of Computer Science, National University of Singapore, Singapore, Singapore; Roychoudhury A., Department of Computer Science, National University of Singapore, Singapore, Singapore; Chakraborty S., Institute for Real-Time Computer Systems, TU Munich, Munich, Germany","Synchronous languages like Esterel have been widely adopted for designing reactive systems in safety-critical domains such as avionics. Specifications written in Esterel are based on the underlying ""synchrony hypothesis"", which needs to be validated when Esterel specifications get compiled to real implementations (such as C code). In this work, we present a model-driven and architecture-aware timing analysis framework for C code generated from Esterel and executed on general-purpose processors. By integrating model-level information into the traditional timing analysis, we can efficiently compute accurate time estimates via systematically eliminating a large number of infeasible paths in the generated code. Experimental results show that with our proposed intermediate representation level infeasible path analysis in the model compilation, we obtain up to 16.1 % tighter WCET estimates compared to the traditional assembly code level infeasible path detection with substantially less analysis time. Furthermore, by maintaining the traceability links between Esterel specifications and the generated C code, we are able to map the time-critical computations at the C-level back to the Esterel-level. © Springer Science+Business Media, LLC 2012.","Esterel; Performance debugging; Synchronous programming; WCET analysis","Embedded systems; General purpose computers; Regression analysis; Specifications; Analysis time; Assembly code; C codes; Esterel; General purpose processors; Infeasible paths; Intermediate representations; Model-driven; Performance debugging; Reactive system; Safety-critical domain; Synchronous languages; Synchronous programming; Timing Analysis; Traceability links; WCET analysis; Esters","L. Ju; School of Computer Science and Technology, Shandong University, Shandong, China; email: julei@sdu.edu.cn","","","09226443","","RESYE","","English","Real Time Syst","Article","Final","","Scopus","2-s2.0-84865338143"
"Yokoyama A.; Moriguchi S.; Watanabe T.","Yokoyama, Akihiko (57350883100); Moriguchi, Sosuke (55735588400); Watanabe, Takuo (36931774900)","57350883100; 55735588400; 36931774900","Towards Introducing Asynchronous Tasks to an FRP Language for Small-Scale Embedded Systems","2022","REBLS 2022 - Proceedings of the 9th ACM SIGPLAN International Workshop on Reactive and Event-Based Languages and Systems, co-located with SPLASH 2022","","","","1","12","1","10.1145/3563837.3568338","https://www.scopus.com/pages/publications/85147041586?origin=resultslist","Tokyo Institute of Technology, Tokyo, Japan","Yokoyama A., Tokyo Institute of Technology, Tokyo, Japan; Moriguchi S., Tokyo Institute of Technology, Tokyo, Japan; Watanabe T., Tokyo Institute of Technology, Tokyo, Japan","Emfrp is a functional reactive programming language designed for small embedded systems. By imposing certain restrictions on the language mechanism, the language guarantees the termination of the update process for each time-varying value and enables static determination of the amount of memory required for execution. This allows Emfrp programs to run safely even in resource-constrained execution environments. However, the abovementioned restrictions make it difficult to write time-consuming operations (heavy tasks) such as graph structure construction and exploration based on external data. Moreover, since Emfrp updates time-varying values synchronously, a naive implementation of such heavy tasks using external function calls will result in a slow response time to input. Some existing programming languages provide asynchronous processing mechanisms to ensure descriptiveness and responsiveness for heavy tasks. In this study, we propose a method to introduce heavy tasks into reactive programs naturally by introducing language mechanisms equivalent to asynchronous processing mechanisms, such as future and promise, into Emfrp. In this paper, we first discuss the problems with a naive implementation of heavy tasks in Emfrp, then explain the proposed method based on an example, and discuss the language runtime implementation. © 2022 ACM.","asynchronous tasks; embedded systems; functional reactive programming; promise","Functional programming; AS graph; Asynchronoi task; Asynchronous processing; Embedded-system; Execution environments; Functional reactive programming; Graph structures; Promise; Small scale; Time varying; Embedded systems","","De Meuter W.; Eugster P.; Eugster P.; Salvaneschi G.; Sant'Anna F.; Ziarek L.; Weisenburger P.","Association for Computing Machinery, Inc","","978-145039911-1","","","English","REBLS - Proc. ACM SIGPLAN Int. Workshop Reactive Event-Based Lang. Syst., co-located SPLASH","Conference paper","Final","","Scopus","2-s2.0-85147041586"
"Sirjani M.; Lee E.A.; Khamespanah E.","Sirjani, Marjan (57210775295); Lee, Edward A. (7406967883); Khamespanah, Ehsan (35186227500)","57210775295; 7406967883; 35186227500","Model Checking Software in Cyberphysical Systems","2020","Proceedings - 2020 IEEE 44th Annual Computers, Software, and Applications Conference, COMPSAC 2020","","","9202762","1017","1026","17","10.1109/COMPSAC48688.2020.0-138","https://www.scopus.com/pages/publications/85090856317?origin=resultslist","School of Idt Malardalen University, Vasteras, Sweden; Department of Eecs Uc Berkeley, Berkeley, United States; Ece Department University of Tehran, Tehran, Iran","Sirjani M., School of Idt Malardalen University, Vasteras, Sweden; Lee E.A., Department of Eecs Uc Berkeley, Berkeley, United States; Khamespanah E., Ece Department University of Tehran, Tehran, Iran","Model checking a software system is about verifying that the state trajectory of every execution of the software satisfies formally specified properties. The set of possible executions is modeled as a transition system. Each 'state' in the transition system represents an assignment of values to variables, and a state trajectory (a path through the transition system) is a sequence of such assignments. For cyberphysical systems (CPSs), however, we are more interested in the state of the physical system than the values of the software variables. The value of model checking the software therefore depends on the relationship between the state of the software and the state of the physical system. This relationship can be complex because of the real-time nature of the physical plant, the sensors and actuators, and the software that is almost always concurrent and distributed. In this paper, we study different ways to construct a transition system model for the distributed and concurrent software components of a CPS. We describe a logical-time based transition system model, which is commonly used for verifying programs written in synchronous languages, and derive the conditions under which such a model faithfully reflects physical states. When these conditions are not met (a common situation), a finer-grained event-based transition system model may be required. Even this finer-grained model, however, may not be sufficiently faithful, and the transition system model needs to be refined further to express not only the properties of the software, but also the properties of the hardware on which it runs. We illustrate these tradeoffs using a coordination language called Lingua Franca that is well-suited to extracting transition system models at these various levels of granularity, and we extend the Timed Rebeca language and its tool Afra to perform this extraction and then to perform model checking. © 2020 IEEE.","Cyberphysical systems; Lingua Franca; Model checking; Rebeca; Verification","Application programs; Embedded systems; Industrial plants; Concurrent software; Coordination language; Cyber physical systems (CPSs); Model checking software; Sensors and actuators; Software systems; Synchronous languages; Transition system; Model checking","","Chan W.K.; Claycomb B.; Takakura H.; Yang J.-J.; Teranishi Y.; Towey D.; Segura S.; Shahriar H.; Reisman S.; Ahamed S.I.","Institute of Electrical and Electronics Engineers Inc.","","978-172817303-0","","","English","Proc. - IEEE Annu. Comput., Softw., Appl. Conf., COMPSAC","Conference paper","Final","","Scopus","2-s2.0-85090856317"
"Jahier E.","Jahier, Erwan (55879824500)","55879824500","RDBG: A reactive programs extensible debugger","2016","Proceedings of the 19th International Workshop on Software and Compilers for Embedded Systems, SCOPES 2016","","","","116","125","5","10.1145/2906363.2906372","https://www.scopus.com/pages/publications/84974632955?origin=resultslist","Univ. Grenoble Alpes/CNRS, VERIMAG, Grenoble, F-38000, France","Jahier E., Univ. Grenoble Alpes/CNRS, VERIMAG, Grenoble, F-38000, France","Debugging reactive programs requires to provide a lot of inputs - at each reaction step. Moreover, because a reactive system reacts to an environment it tries to control, providing realistic inputs can be hard. The same considerations apply for automatic testing. This work take advantage on previous work on automated testing of reactive programs that close this feedback loop. This article demonstrates how to implement opportunistically such a debugging commands interpreter by taking advantage of an existing (ocaml) toplevel Read-Eval-Print Loop (REPL). Then it shows how a small kernel is enough to build a full-featured debugger with little effort. The given examples provide a tutorial for end-users that wish to write their own debugging primitives, fitting to their needs, or to tune existing ones. An orthogonal contribution of this article is to present an efficient way to implement the debugger coroutining using continuations. The Reactive programs DeBuGger (RDBG) prototype aims at being versatile and general enough to be able to deal with any reactive languages. We have experimented it on 2 synchronous programming: Lustre and Lutin. © 2016, Association for Computing Machinery, Inc. All rights reserved.","Code instrumentation; Compiler; Continuations; Dynamic analysis; Interpreter; Monitor; Programmable debuggers; Reactive systems; Synchronous languages","Automatic testing; Computational linguistics; Dynamic analysis; Embedded systems; Monitoring; Program compilers; Code instrumentation; Compiler; Continuations; Debuggers; Interpreter; Reactive system; Synchronous languages; Program debugging","","Stuijk S.","Association for Computing Machinery, Inc","","978-145034320-6","","","English","Proc. Int. Workshop Softw. Compil. Embedded Syst., SCOPES","Conference paper","Final","","Scopus","2-s2.0-84974632955"
"Tardieu O.","Tardieu, Olivier (10144733900)","10144733900","A deterministic logical semantics for esterel","2005","Electronic Notes in Theoretical Computer Science","128","1","","103","122","2","10.1016/j.entcs.2004.09.040","https://www.scopus.com/pages/publications/17744366819?origin=resultslist","INRIA, Sophia Antipolis, France","Tardieu O., INRIA, Sophia Antipolis, France","Esterel is a synchronous design language for the specification of reactive systems. There exist two main semantics for Esterel. On the one hand, the logical behavioral semantics provides a simple and compact formalization of the behavior of programs using SOS rules. But it does not ensure deterministic executions for all programs and all inputs. As non-deterministic programs have to be rejected as incorrect, this means it defines behaviors for incorrect programs, which is not convenient. On the other hand, the constructive semantics is deterministic (amongst other properties) but at the expense of a much more complex formalism. In this work, we construct and thoroughly analyze a new deterministic semantics for Esterel that retains the simplicity of the logical behavioral semantics, from which it derives. In our view, it provides a much better framework for formal reasoning about Esterel programs. © 2005 Elsevier B.V. All rights reserved.","Concurrency theory; Structural operational semantics; Synchronous languages","Codes (symbols); Concurrency control; Digital circuits; Embedded systems; Parallel processing systems; Semantics; Concurrency theory; Deterministic semantics; Structural operational semantics; Synchronous languages; Computer programming languages","O. Tardieu; INRIA, Sophia Antipolis, France; email: olivier.tardieu@sophia.inria.fr","","","15710661","","","","English","Electron. Notes Theor. Comput. Sci.","Conference paper","Final","All Open Access; Gold Open Access","Scopus","2-s2.0-17744366819"
"Colaço J.-L.; Pagano B.; Pouzet M.","Colaço, Jean-Louis (10138798400); Pagano, Bruno (6507602202); Pouzet, Marc (57202122440)","10138798400; 6507602202; 57202122440","A conservative extension of synchronous data-flow with state machines","2005","Proceedings of the 5th ACM International Conference on Embedded Software, EMSOFT 2005","","","","173","182","86","10.1145/1086228.1086261","https://www.scopus.com/pages/publications/29244481164?origin=resultslist","Esterel-Technologies, France; LRI, Université Paris-Sud, France","Colaço J.-L., Esterel-Technologies, France; Pagano B., Esterel-Technologies, France; Pouzet M., LRI, Université Paris-Sud, France","This paper presents an extension of a synchronous data-flow language such as LUSTRE with imperative features expressed in terms of powerful state machine à la SYNCCHART. This extension is fully conservative in the sense that all the programs from the basic language still make sense in the extended language and their semantics is preserved. From a syntactical point of view this extension consists in hierarchical state machines that may carry at each hierarchy level a bunch of equations. This proposition is an alternative to the joint vise of SIMULINK and STATEFLOW but improves it by allowing a fine grain mix of both styles. The central idea of the paper is to base this extension on the use of clocks, translating imperative constructs into well clocked data-flow programs from the basic language. This clock directed approach is an easy way to define a semantics for the extension, it is light to implement in an existing compiler and experiments show that the generated code compete favorably with ad-hoc techniques. The proposed extension has been implemented in the RELUC compiler of SCADE/LUSTRE and in the LUCID SYNCHRONE compiler. Copyright 2005 ACM.","Clock calculus; Compilation; Heterogeneous systems; Synchronous languages; Typing","Clocks; Codes (standards); Embedded systems; Hierarchical systems; Program compilers; Semantics; LUSTRE; SIMULINK and STATEFLOW; State machine; Synchronous data-flow language; Data flow analysis","","","Association for Computing Machinery (ACM)","","1595930914; 978-159593091-0","","","English","Proc. ACM Int. Conf. Embedded Software EMSOFT","Conference paper","Final","","Scopus","2-s2.0-29244481164"
"","","","Forum on Specification and Design Languages","2017","Forum on Specification and Design Languages","2017-September","","","","","0","","https://www.scopus.com/pages/publications/85172568714?origin=resultslist","","","The proceedings contain 13 papers. The topics discussed include: fault analysis in analog circuits through language manipulation and abstraction; actor fission transformations for executing dataflow programs on manycores; rethinking of I/O-automata composition; real-time ticks for synchronous programming; symbolic simulation of dataflow synchronous programs with timers; compositional timing-aware semantics for synchronous programming; error propagation for cascading metamodels applied on an electric drive application; from sql to database processors: a retargettable query planner; towards MARTE++: an enhanced uml-based language to model and analyse real-time and embedded systems for the IoT age; scalar replacement with array dataflow analysis for hardware synthesis; automatic generation of cycle-accurate simulink blocks from HDL IPs; towards consistency checking between hdl and upf descriptions; towards early validation of firmware-based power management using virtual prototypes: a constrained random approach; language and hardware acceleration backend for graph processing; runtime task mapping for lifetime budgeting in many-core systems; and a reconfigurable bit-serial FFT/FIR processor for ultralow-power applications.","","","","","IEEE Computer Society","16369874","978-153864733-2","","","English","Forum Specifi. Des. Lang.","Conference review","Final","","Scopus","2-s2.0-85172568714"
"Jiang Y.; Zhou Q.; Zou X.; Cheng A.M.K.","Jiang, Yu (57192978212); Zhou, Qiang (57194204103); Zou, Xingliang (56637540500); Cheng, Albert M.K. (7402075079)","57192978212; 57194204103; 56637540500; 7402075079","Minimal schedulability testing interval for real-time periodic tasks with arbitrary release offsets","2014","Proceedings - 16th IEEE International Conference on High Performance Computing and Communications, HPCC 2014, 11th IEEE International Conference on Embedded Software and Systems, ICESS 2014 and 6th International Symposium on Cyberspace Safety and Security, CSS 2014","","","7056806","611","614","3","10.1109/HPCC.2014.93","https://www.scopus.com/pages/publications/84983162477?origin=resultslist","School of Computer Science and Tech., Heilongjiang University, Harbin, Heilongjiang, 150001, China; School of Electronics and Information Eng., Beihang University, Beijing, 100191, China; Department of Computer Science, University of Houston, Houston, 77004, TX, United States","Jiang Y., School of Computer Science and Tech., Heilongjiang University, Harbin, Heilongjiang, 150001, China; Zhou Q., School of Electronics and Information Eng., Beihang University, Beijing, 100191, China; Zou X., Department of Computer Science, University of Houston, Houston, 77004, TX, United States; Cheng A.M.K., Department of Computer Science, University of Houston, Houston, 77004, TX, United States","The concept of feasibility (or schedulability) interval plays a very important role in the schedulability analysis in real-time systems. Existing results on the schedulability testing interval of real-time task sets under fixed priority scheduling with arbitrary release offsets (or phases) have limitations for certain scenarios in constructing a schedule for testing the schedulability of a given task set. In this paper, we propose a transforming method for deriving minimal schedulability testing interval of real-time n-task sets with arbitrary release offsets under fixed priority scheduling in both the classical pre-emptive model and the Priority-based Functional Reactive Programming (P-FRP) model on uniprocessor. The complexity of our transforming method is O(n), and the validity is also proved by theoretical analysis. © 2014 IEEE.","classical preemptive model; feasibility interval; fixed priority scheduling; priority-based functional reactive programming (P-FRP) model; real-time system; schedulability analysis","Embedded systems; Functional programming; Interactive computer systems; Scheduling; Scheduling algorithms; feasibility interval; Fixed priority scheduling; Functional reactive programming; Priority-based; Real-time tasks; Schedulability; Schedulability analysis; Schedulability testing; Real time systems","","","Institute of Electrical and Electronics Engineers Inc.","","978-147996123-8","","","English","Proc. - IEEE Int. Conf. High Perform. Comput. Commun., HPCC, IEEE Int. Conf. Embed. Softw. Syst., ICESS Int. Symp. Cyberspace Saf. Secur., CSS","Conference paper","Final","","Scopus","2-s2.0-84983162477"
"Zhao Y.; Jifeng H.","Zhao, Yongxin (36122020600); Jifeng, He (6603057316)","36122020600; 6603057316","Towards a signal calculus for event-based synchronous languages","2011","Lecture Notes in Computer Science (including subseries Lecture Notes in Artificial Intelligence and Lecture Notes in Bioinformatics)","6991 LNCS","","","1","13","4","10.1007/978-3-642-24559-6_1","https://www.scopus.com/pages/publications/80455173791?origin=resultslist","Shanghai Key Laboratory of Trustworthy Computing, Software Engineer Institute, East China Normal University, Shanghai, China","Zhao Y., Shanghai Key Laboratory of Trustworthy Computing, Software Engineer Institute, East China Normal University, Shanghai, China; Jifeng H., Shanghai Key Laboratory of Trustworthy Computing, Software Engineer Institute, East China Normal University, Shanghai, China","A theory of programming is intended to support the practice of programming by relating each program to the specification of what it is intended to achieve. Our intention is to develop a signal calculus for event-based synchronous languages used for specification and programming of embedded systems. In this paper, we mainly tackle conceptually instantaneous reactions, i.e., zero-time reactions. The delay-time reactions will be investigated in the follow-up work. To explore the semantic definition of instantaneous reactions (I-calculus), a set of algebraic laws is provided, which can be used to reduce all instantaneous reactions to a normal form algebraically. The normal form, surprisingly, exposes the internal implicit dependence explicitly. Consequently, that two differently written reactions happen to mean the same thing can be proved from the equations of an algebraic presentation. © 2011 Springer-Verlag.","","Algebra; Embedded systems; Formal methods; Semantics; Specifications; Algebraic laws; Delay Time; Event-based; Instantaneous reaction; Normal form; Synchronous languages; Calculations","H. Jifeng; Shanghai Key Laboratory of Trustworthy Computing, Software Engineer Institute, East China Normal University, Shanghai, China; email: jifeng@sei.ecnu.edu.cn","","","16113349","978-364224558-9","","","English","Lect. Notes Comput. Sci.","Conference paper","Final","","Scopus","2-s2.0-80455173791"
"Gamatié A.; Rutten E.; Yu H.; Boulet P.; Dekeyser J.-L.","Gamatié, Abdoulaye (16301118500); Rutten, Éric (56276265500); Yu, Huafeng (59870410100); Boulet, Pierre (55688467200); Dekeyser, Jean-Luc (7003799620)","16301118500; 56276265500; 59870410100; 55688467200; 7003799620","Model-driven engineering and formal validation of high-performance embedded systems","2009","Scalable Computing","10","2","","147","161","0","","https://www.scopus.com/pages/publications/85071650894?origin=resultslist","CNRS-LIFL, INRIA, Parc de la Haute Borne, Bât A, 40 av. Halley, Vil. d'Ascq, 59650, France; INRIA Rhône-Alpes, 655 av. de l'Europe, Montbonnot, Saint-Ismier cedex, 38334, France; USTL-LIFL, INRIA, Parc de la Haute Borne, Bât A, 40 av. Halley, Vil. d'Ascq, 59650, France","Gamatié A., CNRS-LIFL, INRIA, Parc de la Haute Borne, Bât A, 40 av. Halley, Vil. d'Ascq, 59650, France; Rutten E., INRIA Rhône-Alpes, 655 av. de l'Europe, Montbonnot, Saint-Ismier cedex, 38334, France; Yu H., USTL-LIFL, INRIA, Parc de la Haute Borne, Bât A, 40 av. Halley, Vil. d'Ascq, 59650, France; Boulet P., USTL-LIFL, INRIA, Parc de la Haute Borne, Bât A, 40 av. Halley, Vil. d'Ascq, 59650, France; Dekeyser J.-L., USTL-LIFL, INRIA, Parc de la Haute Borne, Bât A, 40 av. Halley, Vil. d'Ascq, 59650, France","The study presented in this paper concerns the safe design of high-performance embedded systems, specifically dedicated to intensive data-parallel processing as found, for instance, in modern multimedia applications or radar/sonar signal processing. Among the important requirements of such systems are the efficient execution, reliability and quality of service. Unfortunately, the complexity of modern embedded systems makes it difficult to meet all these requirements. As an answer to this issue, this paper proposes a combination of two models of computation (MoCs) within a framework, called Gaspard, in order to deal with the design and validation of high-performance embedded systems. On the one hand, the repetitive MoC offers a powerful expression of the parallelism available in both system functionality and architecture. On the other hand, the synchronous MoC serves as a formal model on which a trustworthy verification can be applied. Here, the high-level models specified with the repetitive MoC are translated into an equational model in the synchronous MoC so as to be able to formally analyze different properties of the modeled systems. As an example, a clock synchronizability analysis is illustrated on a multimedia system in order to guarantee a correct interaction between its components. For the implementation and validation of our proposition, a Model-Driven Engineering (MDE) approach is adopted. MDE is well-suited to deal with design complexity and productivity issues. In our case, the OMG standard MARTE profile is used to model embedded systems. Then, automatic transformations are applied to these models to produce the corresponding synchronous programs for analysis. © 2009 SCPE.","Design; Formal validation; High-performance embedded systems; Repetitive MoC; Synchronous languages","Data handling; Design; Multimedia systems; Parallel processing systems; Quality of service; Signal processing; Automatic transformations; Formal validation; Model-driven Engineering; Models of computation; Modern embedded systems; Multimedia applications; Repetitive MoC; Synchronous languages; Embedded systems","","","West University of Timisoara","18951767","","","","English","Scalable Comput. Pract. Exp.","Article","Final","","Scopus","2-s2.0-85071650894"
"Mofidi A.; Chaallal O.; Benmokrane B.; Neale K.","Mofidi, Amir (35196605400); Chaallal, Omar (7004074216); Benmokrane, Brahim (7004922952); Neale, Kenneth (7007183329)","35196605400; 7004074216; 7004922952; 7007183329","Performance of end-anchorage systems for RC beams strengthened in shear with epoxy-bonded FRP","2012","Journal of Composites for Construction","16","3","","322","331","91","10.1061/(ASCE)CC.1943-5614.0000263","https://www.scopus.com/pages/publications/84862212667?origin=resultslist","Univ. of Quebec, Dept. of Construction Engineering, École de Technologie Supérieure, Montreal, QC H3C 1K3, 1100 Notre-Dame St. West, Canada; Sherbrooke Univ., Dept. of Civil Engineering, QC, Canada","Mofidi A., Univ. of Quebec, Dept. of Construction Engineering, École de Technologie Supérieure, Montreal, QC H3C 1K3, 1100 Notre-Dame St. West, Canada; Chaallal O., Univ. of Quebec, Dept. of Construction Engineering, École de Technologie Supérieure, Montreal, QC H3C 1K3, 1100 Notre-Dame St. West, Canada; Benmokrane B., Sherbrooke Univ., Dept. of Civil Engineering, QC, Canada; Neale K., Sherbrooke Univ., Dept. of Civil Engineering, QC, Canada","This paper presents the results of an experimental investigation on the performance of full-scale reinforced concrete (RC) T-girders strengthened in shear using externally bonded (EB) fiber-reinforced polymer (FRP) U-jackets end-anchored with different systems. Debonding of FRP, particularly in shear, is a major failure mode when using FRP sheets to strengthen concrete structures. Design code provisions and guidelines related to shear-strengthening of RC beams using externally bonded FRP (EB FRP) suggest the use of end-anchorage systems to prevent FRP debonding. However, no guidelines are available for the design and effectiveness of end-anchorage systems. The main objective of this study is to evaluate the effectiveness of different end-anchorage systems for RC beams strengthened using EB FRP methods. To this end, nine tests were performed on 4520-mm-long RC T-beams. Four specimens were strengthened in shear using EB FRP methods with various end-anchorage systems, and their performance was compared with similar specimens strengthened with: (1)EB FRP with no anchorage; (2)near-surface-mounted (NSM) FRP rods; and (3)embedded through-section (ETS) FRP rods. The results of this study reveal that specimens retrofitted with EB FRP methods and properly designed end-anchorage systems can achieve a superior contribution to shear resistance compared with specimens strengthened using EB FRP with no anchorage, NSM, or ETS methods. © 2012 American Society of Civil Engineers.","Concrete beam; Debonding; End-anchorage; Epoxy bonded; ETS; Fiber-reinforced polymer; NSM; Retrofitting; Shear","Anchorages (foundations); Concrete beams and girders; Concrete construction; Embedded systems; Fiber reinforced plastics; Reinforced concrete; Retrofitting; Concrete beam; End-anchorage; Epoxy bonded; ETS; Fiber reinforced polymers; NSM; Shear; Debonding","O. Chaallal; Univ. of Quebec, Dept. of Construction Engineering, École de Technologie Supérieure, Montreal, QC H3C 1K3, 1100 Notre-Dame St. West, Canada; email: omar.chaallal@etsmtl.ca","","","10900268","","JCCOF","","English","J Compos Constr","Article","Final","","Scopus","2-s2.0-84862212667"
"Sofronis C.; Tripakis S.; Caspi P.","Sofronis, Christos (6507485743); Tripakis, Stavros (6701546551); Caspi, Paul (7003700523)","6507485743; 6701546551; 7003700523","A memory-optimal buffering protocol for preservation of synchronous semantics under preemptive scheduling","2006","IEEE International Conference on Embedded Software, EMSOFT 2006","","","","21","33","40","10.1145/1176887.1176892","https://www.scopus.com/pages/publications/34547453769?origin=resultslist","Verimag Laboratory, Centre Equation, 38610 Giéres, 2, avenue de Vignate, France; CNRS, Verimag, Cadence Design Systems, Berkeley, CA 94704, 1995 University Ave., United States; Centre Equation, 38610 Giéres, 2, avenue de Vignate, France; CNRS, Verimag, France","Sofronis C., Verimag Laboratory, Centre Equation, 38610 Giéres, 2, avenue de Vignate, France; Tripakis S., CNRS, Verimag, Cadence Design Systems, Berkeley, CA 94704, 1995 University Ave., United States; Caspi P., Centre Equation, 38610 Giéres, 2, avenue de Vignate, France, CNRS, Verimag, France","Recently, we have proposed a set of buffering schemes to preserve the semantics of a synchronous program when the latter is implemented as a set of multiple tasks running under preemptive scheduling. These schemes, however, are not optimal in terms of memory (buffer usage). In this paper we propose a new protocol which generalizes the previous schemes. The new protocol is not only semantics-preserving but also memory-optimal in two senses: first, in terms of the number of buffers required to preserve semantics in the worst case (i.e.,for the ""worst"" possible arrival/execution pattern of the tasks); second, in terms of the number of buffers required to preserve semantics for any arrival/execution pattern and at any time, assuming no knowledge of future arrivals. Copyright 2006 ACM.","Embedded software; Model-based design; Optimality; Preemptive scheduling; Process communication; Semantical preservation; Synchronous programming","Buffer storage; Computer aided design; Computer programming; Embedded systems; Mathematical models; Optimal control systems; Scheduling; Semantics; Embedded software; Model-based designs; Preemptive scheduling; Process communications; Semantical preservation; Network protocols","C. Sofronis; Verimag Laboratory, Centre Equation, 38610 Giéres, 2, avenue de Vignate, France; email: sofronis@imag.fr","","","","1595935428; 978-159593542-7","","","English","Int. Conf. Embedded Softw. EMSOFT","Conference paper","Final","","Scopus","2-s2.0-34547453769"
"Sawada K.; Watanabe T.","Sawada, Kensuke (36945398700); Watanabe, Takuo (36931774900)","36945398700; 36931774900","Emfrp: A functional reactive programming language for small-scale embedded systems","2016","MODULARITY Companion 2016 - Companion Proceedings of the 15th International Conference on Modularity","","","","36","44","38","10.1145/2892664.2892670","https://www.scopus.com/pages/publications/84965004000?origin=resultslist","Department of Computer Science, Tokyo Institute of Technology, W8-75,2-12-1 Ookayama, Meguroku, Tokyo, 152-8552, Japan","Sawada K., Department of Computer Science, Tokyo Institute of Technology, W8-75,2-12-1 Ookayama, Meguroku, Tokyo, 152-8552, Japan; Watanabe T., Department of Computer Science, Tokyo Institute of Technology, W8-75,2-12-1 Ookayama, Meguroku, Tokyo, 152-8552, Japan","In this paper, we introduce a new functional reactive programming (FRP) language Emfrp designed to support small-scale embedded systems. An Emfrp program defines a system as a fixed directed graph whose nodes correspond to the time-varying values in the system. The language equips a simple mechanism that enables each node to refer the past values of arbitrary nodes. Using this mechanism, Emfrp provides simplicity and flexibility for describing complex time-dependent reactive behaviors without space and time leaks. Our Emfrp compiler produces platform-independent ANSIC code that can run on multiple processors including resource constrained microcontrollers. To demonstrate the capabilities of the language, we show a simple but non-trivial example application. © 2016 ACM.","Embedded systems; Functional reactive programming","Computational linguistics; Directed graphs; Embedded systems; Program compilers; Functional reactive programming; Multiple processors; Non-trivial; Platform independent; Reactive behavior; Space and time; Time dependent; Time varying; Functional programming","","Batory D.; Fuentes L.; Czarnecki K.","Association for Computing Machinery, Inc","","978-145034033-5","","","English","MODULARITY Companion - Companion Proc. Int. Conf. Modul.","Conference paper","Final","","Scopus","2-s2.0-84965004000"
"Gamatié A.; Gautier T.","Gamatié, A. (16301118500); Gautier, T. (35953675000)","16301118500; 35953675000","The SIGNAL approach to the design of system architectures","2003","Proceedings - 10th IEEE International Conference and Workshop on the Engineering of Computer-Based Systems, ECBS 2003","","","1194786","80","88","7","10.1109/ECBS.2003.1194786","https://www.scopus.com/pages/publications/34247859683?origin=resultslist","IRISA, INRIA, Rennes, F-35042, France","Gamatié A., IRISA, INRIA, Rennes, F-35042, France; Gautier T., IRISA, INRIA, Rennes, F-35042, France","Modeling plays a central role in system engineering. It significantly reduces costs and efforts in the design by providing developers with means for cheaper and more relevant experimentations. So, design choices can be assessed earlier. The use of a formalism, such as the synchronous language SIGNAL which relies on solid mathematical foundations for the modeling, allows validation. This is the aim of the methodology defined for the design of embedded systems where emphasis is put on formal techniques for verification, analysis, and code generation. This paper mainly focuses on the modeling of architecture components using SIGNAL. For illustration, we consider the modeling of a bounded FIFO queue, which is intended to be used for communication protocols. We bring out the capabilities of SIGNAL to allow specifications in an elegant way, and we check few elementary properties on the resulting model for correctness. © 2003 IEEE.","Costs; Data engineering; Data structures; Embedded system; Mathematical model; Protocols; Signal design; Solid modeling; Systems engineering and theory; Unified modeling language","Computational linguistics; Cost engineering; Costs; Data structures; Design; Embedded systems; Mathematical models; Network protocols; Systems engineering; Unified Modeling Language; Data engineering; Formal techniques; Mathematical foundations; Signal design; Solid model; Synchronous languages; System architectures; Systems engineering and theories; Modeling languages","","","Institute of Electrical and Electronics Engineers Inc.","","0769519172; 978-076951917-3","","","English","Proc. - IEEE Int. Conf. Workshop Eng. Comput.-Based Syst., ECBS","Conference paper","Final","All Open Access; Green Open Access","Scopus","2-s2.0-34247859683"
"Von Hanxleden R.","Von Hanxleden, Reinhard (10045077200)","10045077200","SyncCharts in C: A proposal for light-weight, deterministic concurrency","2009","Embedded Systems Week 2009 - Proceedings of the 7th ACM International Conference on Embedded Software, EMSOFT '09","","","","225","234","36","10.1145/1629335.1629366","https://www.scopus.com/pages/publications/72549094376?origin=resultslist","Department of Computer Science, Christian-Albrechts-Universität Zu Kiel, 24098 Kiel, Olshausenstr. 40, Germany","Von Hanxleden R., Department of Computer Science, Christian-Albrechts-Universität Zu Kiel, 24098 Kiel, Olshausenstr. 40, Germany","SyncCharts in C (SC) extends C with control flow operators for deterministic, light-weight concurrency and preemption. SC is based on SyncCharts, a synchronous variant of Statecharts with a sound formal basis. SC implements concurrency via a simulation of multi-threading, inspired by reactive processing. This approach permits very fast context switches and allows to express SC operators with regular, sequential C code. Thus a concurrent SC program requires neither a special compiler nor OS support for concurrency. A reference implementation of SC, based on C macros, is available as open source code. SC can be used in a number of scenarios: 1) as a regular programming language, requiring just a C compiler; 2) as an intermediate target language for synthesizing graphical SyncChart models into executable code, in a traceable manner; 3) as instruction set architecture for programming precision timed (PRET) or reactive architectures, abstracting functionality from physical timing; or 4) as a virtual machine instruction set, with a very dense encoding. Copyright 2009 ACM.","Esterel; Model-based design; Multi-threading; Reactive processing; Statecharts; SyncCharts; Synchronous programming","Computer architecture; Embedded software; Embedded systems; Formal logic; Linguistics; Program compilers; Simulators; Esterel; Model-based design; Multi-threading; Reactive processing; Statecharts; Synchronous programming; Concurrency control","R. Von Hanxleden; Department of Computer Science, Christian-Albrechts-Universität Zu Kiel, 24098 Kiel, Olshausenstr. 40, Germany; email: rvh@informatik.uni-kiel.de","","","","978-160558627-4","","","English","Embedded Syst. Week - Proc. ACM Int. Conf. Embedded Softw., EMSOFT","Conference paper","Final","","Scopus","2-s2.0-72549094376"
"Baird A.; Pearce H.; Pinisetty S.; Roop P.","Baird, Alex (58003044900); Pearce, Hammond (57190837137); Pinisetty, Srinivas (55568660700); Roop, Partha (6602395877)","58003044900; 57190837137; 55568660700; 6602395877","Runtime Interchange of Enforcers for Adaptive Attacks: A Security Analysis Framework for Drones","2022","2022 20th ACM-IEEE International Conference on Formal Methods and Models for System Design, MEMOCODE 2022","","","","","","4","10.1109/MEMOCODE57689.2022.9954593","https://www.scopus.com/pages/publications/85143898257?origin=resultslist","The University of Auckland, Dept. E.C.S.E., Auckland, New Zealand; New York University, Dept. E.C.E., New York, United States; School of Electrical Sciences, Iit Bhubaneswar, Bhubaneswar, India","Baird A., The University of Auckland, Dept. E.C.S.E., Auckland, New Zealand; Pearce H., New York University, Dept. E.C.E., New York, United States; Pinisetty S., School of Electrical Sciences, Iit Bhubaneswar, Bhubaneswar, India; Roop P., The University of Auckland, Dept. E.C.S.E., Auckland, New Zealand","Unmanned aerial drones are Cyber-Physical Systems (CPSs) with increasing availability, popularity, and capability. Although other aeronautical and safety-critical industries apply stringent regulations and design approaches, smaller drones tend to have much weaker and informal design requirements. Due to the strong open-source movement in this space, there are numerous opportunities for malicious actors to find weaknesses to attack drone systems, and in parallel develop their own rogue drones. These factors present a risk of damage to people and property in addition to compromise of integrity and availability. However, a formal framework for ethical hacking that combines attacker modelling and launching of attacks is lacking in the literature. To this end, we leverage runtime enforcement, combined with the idea of suspension from synchronous programming to develop the first such formal framework. The proposed framework enables the modelling of complex attack vectors on drones. To facilitate this, we propose a bespoke policy-based runtime enforcement framework called enforcer interchange (EI). It is capable of both individual intent/target-specific attacks as well as more sophisticated combinations of attacks, which it manages by enabling and disabling attack enforcers at runtime in a context-aware manner. To demonstrate our framework, we utilise a quadcopter drone simulator and record the changes in the drone's behaviour as it executes a range of missions under different attacks. Our approach provides a framework for testing drones' resilience and defenses against malicious attacks, as well as exploring the capabilities of rogue drones.  © 2022 IEEE.","","Accident prevention; Antennas; Cybersecurity; Embedded systems; Internet of things; Network security; Open source software; Open systems; Personal computing; Well testing; Analysis frameworks; Cybe-physical systems; Cyber-physical systems; Design approaches; Formal framework; Open source movement; Runtime enforcements; Runtimes; Security analysis; Stringent regulations; Drones","","","Institute of Electrical and Electronics Engineers Inc.","","979-835033190-5","","","English","ACM-IEEE Int. Conf. Form. Methods Model. Syst. Des., MEMOCODE","Conference paper","Final","","Scopus","2-s2.0-85143898257"
"Beaugnon U.; Cohen A.; Pouzet M.","Beaugnon, Ulysse (56313507100); Cohen, Albert (57207237960); Pouzet, Marc (57202122440)","56313507100; 57207237960; 57202122440","In-place update in a dataflow synchronous language: A retiming-enabled language experiment","2016","Proceedings of the 19th International Workshop on Software and Compilers for Embedded Systems, SCOPES 2016","","","","40","49","1","10.1145/2906363.2906379","https://www.scopus.com/pages/publications/84974530255?origin=resultslist","ENS, France; ENS, INRIA, France","Beaugnon U., ENS, France; Cohen A., ENS, INRIA, France; Pouzet M., ENS, INRIA, France","Dataflow synchronous languages such as Lustre have a purely functional semantics. This incurs a high overhead when dealing with arrays, as they have to be copied at each update. We propose to tackle this problem at the source, by constraining programs so that every functional array definition can be optimized into an in-place update. Our solution handles aliasing between function arguments. It also allows more programs with in-place updates to be accepted thanks to a new retiming framework, effectively rescheduling computations across time steps. Our proposed language and compilation method enforces zero-copy purely functional arrays while preserving expressiveness and programmer control through explicit copies. © 2016 ACM.","Array; Functional semantics; In-place update; Lustre; Synchronous language","Embedded systems; Program compilers; Semantics; Array; Functional semantics; In-place update; Lustre; Synchronous languages; Computational linguistics","","Stuijk S.","Association for Computing Machinery, Inc","","978-145034320-6","","","English","Proc. Int. Workshop Softw. Compil. Embedded Syst., SCOPES","Conference paper","Final","","Scopus","2-s2.0-84974530255"
"Yu H.; Gamatié A.; Rutten E.; Dekeyser J.-L.","Yu, Huafeng (59870410100); Gamatié, Abdoulaye (16301118500); Rutten, Eric (56276265500); Dekeyser, Jean-Luc (7003799620)","59870410100; 16301118500; 56276265500; 7003799620","Model transformations from a data parallel formalism towards synchronous languages","2008","Lecture Notes in Electrical Engineering","10 LNEE","","","183","198","5","10.1007/978-1-4020-8297-9_13","https://www.scopus.com/pages/publications/70349709812?origin=resultslist","INRIA Futurs Lille-LIFL, Lille, France; LIFL-CNRS (UMR 8022), France; INRIA Rhône-Alpes, Rhone, France; LIFL-USTL (UMR 8022), France","Yu H., INRIA Futurs Lille-LIFL, Lille, France; Gamatié A., LIFL-CNRS (UMR 8022), France; Rutten E., INRIA Rhône-Alpes, Rhone, France; Dekeyser J.-L., LIFL-USTL (UMR 8022), France","The increasing complexity of embedded system designs calls for highlevel specification formalisms and for automated transformations towards lowerlevel descriptions. In this paper, a metamodel and a transformation chain are defined from a high-level modeling framework, Gaspard, for data-parallel systems towards a formalism of synchronous equations. These equations are translated in synchronous data-flow languages, such as Lustre, which provide designers with formal techniques and tools for validation. In order to benefit from the methodological advantages of re-usability and platform-independence, a Model-Driven Engineering approach is applied. © 2008 Springer Science + Business Media B.V.","Embedded system; Gaspard; MDE; Model transformation; Synchronous languages","Data flow analysis; Embedded systems; High level languages; Parallel processing systems; Specification languages; Data-parallel system; Model transformation; Synchronous language; Formal languages","H. Yu; INRIA Futurs Lille-LIFL, Lille, France; email: huafeng.yu@inria.fr","Villar E.V.; University of Cantabria","","18761119","978-140208296-2","","","English","Lect. Notes Electr. Eng.","Conference paper","Final","All Open Access; Green Open Access","Scopus","2-s2.0-70349709812"
"Sutyasadi P.; Parnichkun M.","Sutyasadi, Petrus (36968351900); Parnichkun, Manukid (6602823801)","36968351900; 6602823801","Push recovery control of quadruped robot using particle swarm optimization based structure specified mixed sensitivity H2/H∞ control","2020","Industrial Robot","47","3","","423","434","7","10.1108/IR-06-2019-0135","https://www.scopus.com/pages/publications/85081544190?origin=resultslist","Department of Mechatronics, Politeknik Mekatronika Sanata Dharma, Yogyakarta, Indonesia; Department of Mechatronics, Asian Institute of Technology, Bangkok, Thailand","Sutyasadi P., Department of Mechatronics, Politeknik Mekatronika Sanata Dharma, Yogyakarta, Indonesia; Parnichkun M., Department of Mechatronics, Asian Institute of Technology, Bangkok, Thailand","Purpose: The purpose of this paper is to introduce a quadruped robot strategy to avoid tipping down because of side impact disturbance and a control algorithm that guarantees the strategy can be controlled stably even in the presence of disturbances or model uncertainties. Design/methodology/approach: A quadruped robot was developed. Trot gait is applied so the quadruped can be modelled as a compass biped model. The algorithm to find a correct stepping position after an impact was developed. A particle swarm optimization-based structure-specified mixed sensitivity (H2/H∞) robust is applied to reach the stepping position. Findings: By measuring the angle and speed of the side tipping after an impact disturbance, a point location for the robot to step or the foothold recovery point (FRP) was successfully generated. The proposed particle swarm optimization-based structure-specified mixed sensitivity H2/H∞ robust control also successfully brought the legs to the desired point. Practical implications: A traditional H∞ controller synthesis usually results in a very high order of controller. This makes implementation on an embedded controller very difficult. The proposed controller is just a second-order controller but it can handle the uncertainties and disturbances that arise and guarantee that FRP can be reached. Originality/value: The first contribution is the proposed low-order robust H2/H∞ controller so it is easy to be programmed on a small embedded system. The second is FRP, a stepping point for a quadruped robot after receiving side impact disturbance so the robot will not fall. © 2020, Emerald Publishing Limited.","Foothold recovery point; Mixed sensitivity H<sub>2</sub>/H<sub>∞</sub> controller; Push recovery control; Quadruped robot; Structure specified","Agricultural robots; Machine design; Multipurpose robots; Particle swarm optimization (PSO); Robust control; Structural optimization; Swarm intelligence; Uncertainty analysis; Controller synthesis; Design/methodology/approach; Embedded controllers; Mixed sensitivity; Model uncertainties; Point location; Push recoveries; Quadruped Robots; Controllers","P. Sutyasadi; Department of Mechatronics, Politeknik Mekatronika Sanata Dharma, Yogyakarta, Indonesia; email: peter@pmsd.ac.id","","Emerald Group Holdings Ltd.","0143991X","","IDRBA","","English","Ind. Robot","Article","Final","","Scopus","2-s2.0-85081544190"
"Nagulapally P.; Shamsuddoha M.; Herath T.; Djukic L.; Prusty G.B.","Nagulapally, Prashanth (57221705927); Shamsuddoha, Md (24725829000); Herath, Thinu (58159436900); Djukic, Luke (26421183400); Prusty, Gangadhara B (6603550457)","57221705927; 24725829000; 58159436900; 26421183400; 6603550457","Mechanical and optical performance evaluations of embedded polyimide and PEEK coated distributed optical sensors in glass fibre reinforced composites with vinyl ester resin systems","2023","Journal of Composite Materials","57","10","","1707","1728","9","10.1177/00219983231160866","https://www.scopus.com/pages/publications/85150989496?origin=resultslist","ARC Training Centre for Automated Manufacture of Advanced Composites, School of Mechanical and Manufacturing Engineering, UNSW, Sydney, NSW, Australia; Omni Tanker, Smeaton Grange, Sydney, NSW, Australia","Nagulapally P., ARC Training Centre for Automated Manufacture of Advanced Composites, School of Mechanical and Manufacturing Engineering, UNSW, Sydney, NSW, Australia; Shamsuddoha M., ARC Training Centre for Automated Manufacture of Advanced Composites, School of Mechanical and Manufacturing Engineering, UNSW, Sydney, NSW, Australia; Herath T., Omni Tanker, Smeaton Grange, Sydney, NSW, Australia; Djukic L., Omni Tanker, Smeaton Grange, Sydney, NSW, Australia; Prusty G.B., ARC Training Centre for Automated Manufacture of Advanced Composites, School of Mechanical and Manufacturing Engineering, UNSW, Sydney, NSW, Australia","Embedded optical fibre sensors (OFSs) offer the potential to monitor the internal strains at various stages during the manufacturing and service life of fibre-reinforced polymer (FRP) composite structures. Various aspects associated with the embedment of OFSs, such as integration, material compatibility, and sensing performance of the embedded sensor needs to be investigated to develop reliable OFSs based internal sensing platform for composite structures. In this study, Polyimide (PI) and Polyether ether ketone (PEEK) coated optical fibres (OF) were embedded into glass fibre-reinforced polymer (GFRP) composites to evaluate four important aspects associated with the embedment of OFs, which include; i). Structural integrity of the OFs against chemical reactions from vinyl ester resin and its additives through immersion testing, ii). Methods of integrating the OFs into layered glass fibres for the vacuum resin infusion manufacturing process, iii). Sensing performance of the embedded OFs during manufacturing and structural testing (tensile and compressive), and iv). Internal structural integrity of the embedded OFs and the host composite structure using X-Ray micro-computerised tomography technique (μ-CT). The results from the immersion testing and manufacturing process monitoring showed that both PEEK and PI coated OFs can resist the chemical and mechanical stresses caused by resin polymerisation during curing process. The subsequent mechanical testing showed a similar sensing performance by the PI and PEEK coated OFs. Under tensile loads, the OFs monitored the tensile strain distribution up to 7,000 με and compressive strain distribution up to −1,200 με under flexural loading without compromising their optical performance. Finally, the μ-CT scanning results had shown a minimal structural deterioration of the embedded OFs and host composite structure. The outcomes from this detailed experimental investigation on the embedment of OFS in GFRP structures provided useful information towards the integration and performance of optical sensors in composite structures. © The Author(s) 2023.","distributed fibre optic sensors; GFRP; OFS embedment; PEEK coated OFS; PI coated OFS; vacuum resin infusion","Additives; Carbon fibers; Electrolytes; Embedded systems; Esters; Fiber reinforced plastics; Glass fibers; Integration testing; Ketones; Polyimides; Process monitoring; Structure (composition); Tensile testing; Coated optical fibers; Composites structures; Distributed fiber-optic sensors; Glassfiber reinforced polymers (GFRP); Optical fiber sensor embedment; Polyether ether ketone coated optical fiber sensor; Polyimide coated optical fiber sensor; Sensing performance; Vacuum resin infusions; Resins","P. Nagulapally; ARC Training Centre for Automated Manufacture of Advanced Composites, School of Mechanical and Manufacturing Engineering, UNSW, Sydney, Australia; email: p.nagulapally@unsw.edu.au","","SAGE Publications Ltd","00219983","","JCOMB","","English","J Compos Mater","Article","Final","All Open Access; Hybrid Gold Open Access","Scopus","2-s2.0-85150989496"
"Gueye S.M.-K.; Rutten E.; Diguet J.-P.","Gueye, Soguy Mak-Kare (55605210300); Rutten, Eric (56276265500); Diguet, Jean-Philippe (35614416800)","55605210300; 56276265500; 35614416800","Autonomic management of missions and reconfigurations in FPGA-based embedded system","2017","2017 NASA/ESA Conference on Adaptive Hardware and Systems, AHS 2017","","","8046358","48","55","12","10.1109/AHS.2017.8046358","https://www.scopus.com/pages/publications/85032882359?origin=resultslist","Univ. Grenoble Alpes, CNRS, Grenoble INP, Grenoble, F-38000, France; CNRS, Université Bretagne Sud, LAB-STICC, Lorient, F-56321, France","Gueye S.M.-K., Univ. Grenoble Alpes, CNRS, Grenoble INP, Grenoble, F-38000, France; Rutten E., Univ. Grenoble Alpes, CNRS, Grenoble INP, Grenoble, F-38000, France; Diguet J.-P., CNRS, Université Bretagne Sud, LAB-STICC, Lorient, F-56321, France","Implementing self-Adaptive embedded systems, such as UV, involves an offline provisioning of the several implementations of the embedded functionalities with different characteristics in resource usage and performance in order for the system to dynamically adapt itself under uncertainties. FPGA-based architectures offer for support for high flexibility with dynamic reconfiguration features. We propose an autonomic control architecture for self-Adaptive and self-reconfigurable FPGA-based embedded systems. The control architecture is structured in three layers: A mission manager, a reconfiguration manager and a scheduling manager. In this paper we focus on the design of the reconfiguration manager. We propose a design approach using automata-based discrete control. It involves reactive programming that provides formal semantics, and discrete controller synthesis from declarative objectives. © 2017 IEEE.","cost; Performance; power; Reactive languages; Reconfigurable circuits; reliability strategies; Space systems and missions","Adaptive control systems; Computer hardware; Costs; Dynamic models; Embedded systems; Field programmable gate arrays (FPGA); Formal methods; Hardware; Integrated circuit design; Managers; NASA; Reconfigurable architectures; Semantics; Performance; power; Reactive languages; Reconfigurable circuits; Reliability strategy; SPACE system; Reconfigurable hardware","","","Institute of Electrical and Electronics Engineers Inc.","","978-153863439-4","","","English","NASA/ESA Conf. Adapt. Hardw. Syst., AHS","Conference paper","Final","","Scopus","2-s2.0-85032882359"
"","","","5th International Conference on Coordination Models and Languages, COORDINATION 2002","2002","Lecture Notes in Computer Science (including subseries Lecture Notes in Artificial Intelligence and Lecture Notes in Bioinformatics)","2315","","","1","405","0","","https://www.scopus.com/pages/publications/84944056825?origin=resultslist","","","The proceedings contain 35 papers. The special focus in this conference is on Coordination Models and Languages. The topics include: Coordination and system design in a network-centric age; time, knowledge, and cooperation; alternating-time temporal epistemic logic and its applications; concurrent semantics for the web services specification language DAML-s; exogenous and endogenous extensions of architectural types; coordinating mobile object-oriented code; formalizing properties of mobile agent systems; dynamically adapting the behaviour of software components; an associative broadcast based coordination model for distributed processes; state- and event-based reactive programming in shared dataspaces; integrating two organizational systems through communication genres; coordination in a reflective architecture description language; criteria for the analysis of coordination in multi-agent applications; towards a colimit-based semantics for visual programming; the cost of communication protocols and coordination languages in embedded systems; an elementary model for design and analysis of multi-agent systems; a recovery technique using multi-agent in distributed computing systems; an order-based, distributed algorithm for implementing multiparty interactions; exploiting transiently shared TUPLE spaces for location transparent code mobility; using logical operators as an extended coordination mechanism in Linda; a framework for coordinating parallel branch and bound algorithms; TUPLE-based models in the observation framework and semantics of protocol modules composition and interaction.","","","","Talcott C.; SRI International, 333 Ravenswood Ave., Menlo Park, 94025, CA; Arbab F.; Centre for Mathematics and Computer Science, Software Engineering Department, Kruislaan 413, Amsterdam, 1098 SJ","Springer Verlag","03029743","978-354043410-8","","","English","Lect. Notes Comput. Sci.","Conference review","Final","","Scopus","2-s2.0-84944056825"
"Wang Z.; Shen G.; Huang Z.; Si J.; Pan C.","Wang, Zi (56456777500); Shen, Guohua (14325752100); Huang, Zhiqiu (14325169600); Si, Jia (56457559400); Pan, Cheng (57193126810)","56456777500; 14325752100; 14325169600; 56457559400; 57193126810","A simulation approach for signal time model concern on multi-clock system","2016","Communications in Computer and Information Science","675","","","35","51","0","10.1007/978-981-10-3482-4_3","https://www.scopus.com/pages/publications/85010943866?origin=resultslist","College of Computer Science and Technology, Nanjing University of Aeronautics and Astronautics, Nanjing, China","Wang Z., College of Computer Science and Technology, Nanjing University of Aeronautics and Astronautics, Nanjing, China; Shen G., College of Computer Science and Technology, Nanjing University of Aeronautics and Astronautics, Nanjing, China; Huang Z., College of Computer Science and Technology, Nanjing University of Aeronautics and Astronautics, Nanjing, China; Si J., College of Computer Science and Technology, Nanjing University of Aeronautics and Astronautics, Nanjing, China; Pan C., College of Computer Science and Technology, Nanjing University of Aeronautics and Astronautics, Nanjing, China","Synchronous programming models capture concurrency in computation quite naturally, especially in its dataflow multi-clock flavor. With the rising importance of multi-clock in safety-critical embedded systems, there is a growing need for model driven synthesizing simulation of such systems. This paper proposes an approach to simulate the dataflow behaviors of multi-clock system designed in SIGNAL as a feedback for the system designer. We address it by transforming the clock relations from the original system into MARTE time model specified by CCSL. The formal operational semantics of CCSL makes it executable. Then we can produce a visible simulation of the system dataflow, even adding the information of candidate execution platform. A case-study is showed to illustrate our work, the original system is a multi-clock system which is designed in SIGNAL. We detect the dataflow latency through our approach. Then we give a more exhaustive simulation by allocate the platform into the system. © Springer Nature Singapore Pte Ltd. 2016.","MARTE; Multi-clock system; Simulation; Synchronous language","Application programs; Clocks; Computer simulation languages; Embedded systems; Safety engineering; Semantics; Software engineering; Systems analysis; Clock systems; Exhaustive simulation; MARTE; Operational semantics; Safety-critical embedded systems; Simulation; Synchronous languages; Synchronous programming; Data flow analysis","Z. Wang; College of Computer Science and Technology, Nanjing University of Aeronautics and Astronautics, Nanjing, China; email: wangzi@nuaa.edu.cn","Xu C.; Zhang L.","Springer Verlag","18650929","978-981103481-7","","","English","Commun. Comput. Info. Sci.","Conference paper","Final","","Scopus","2-s2.0-85010943866"
"Tini S.","Tini, Simone (56414685900)","56414685900","Timed CCP compositionally embeds Argos and Lustre","2004","Formal Aspects of Computing","16","3","","292","312","0","10.1007/s00165-004-0041-x","https://www.scopus.com/pages/publications/21044454583?origin=resultslist","Dipartimento di Scienze Chimiche, Fisiche e Matematiche, Università dell'Insubria, 22100, Como, Via Valleggio 11, Italy","Tini S., Dipartimento di Scienze Chimiche, Fisiche e Matematiche, Università dell'Insubria, 22100, Como, Via Valleggio 11, Italy","We prove that both the synchronous data-flow language Lustre restricted to types with finite values and the synchronous state-oriented language Argos are embedded in the synchronous paradigm Timed Concurrent Constraint Programming (tccp). In fact, for each of the two languages we provide a tccp language encoding it compositionally with respect to the syntax of programs and linearly with respect to the size of programs. Besides giving results of expressiveness for tccp, our encodings permit us to obtain a language tailored for programming reactive systems where both control handling aspects and data processing aspects are relevant. BCS © 2004.","Compositional embedding; Engineering design languages; Expressiveness; Synchronous languages","Abstracting; Computer programming languages; Constraint theory; Data processing; Embedded systems; Syntactics; Compositional embedding; Engineering design languages; Expressiveness; Synchronous languages; Computer programming","S. Tini; Dipartimento di Scienze Chimiche, Fisiche e Matematiche, Università dell'Insubria, 22100, Como, Via Valleggio 11, Italy; email: simone.tini@uninsubria.it","","","09345043","","FACME","","English","Formal Aspects Comput","Article","Final","All Open Access; Bronze Open Access","Scopus","2-s2.0-21044454583"
"Delaval G.; Girault A.; Pouzet M.","Delaval, Gwenaël (15064030600); Girault, Alain (7005652499); Pouzet, Marc (57202122440)","15064030600; 7005652499; 57202122440","A type system for the automatic distribution of higher-order synchronous dataflow programs","2008","Proceedings of the ACM SIGPLAN Conference on Languages, Compilers, and Tools for Embedded Systems (LCTES)","","","","101","110","9","10.1145/1375657.1375672","https://www.scopus.com/pages/publications/84865677598?origin=resultslist","INRIA, Rennes, France; INRIA Rhône-Alpes, Grenoble, France; LRI, Univ. Paris-Sud 11, Orsay, France","Delaval G., INRIA, Rennes, France; Girault A., INRIA Rhône-Alpes, Grenoble, France; Pouzet M., LRI, Univ. Paris-Sud 11, Orsay, France","We address the design of distributed systems with synchronous dataflow programming languages. As modular design entails handling both architectural and functional modularity, our first contribution is to extend an existing synchronous dataflow programming language with primitives allowing the description of a distributed architecture and the localization of some expressions onto some processors.We also present a distributed semantics to formalize the distributed execution of synchronous programs. Our second contribution is to provide a type system, in order to infer the localization of non-annotated values by means of type inference and to ensure, at compilation time, the consistency of the distribution. Our third contribution is to provide a type-directed projection operation to obtain automatically, from a centralized typed program, the local program to be executed by each computing resource. The type system as well as the automatic distribution mechanism has been fully implemented in the compiler of an existing synchronous data-flow programming language. Copyright © 2008 ACM.","Distribution; Functional programming; Synchronous programming; Type systems","Embedded systems; Functional programming; Program compilers; Semantics; Computing resource; Dataflow; Distributed architecture; Distributed execution; Distributed systems; Distribution; Distribution mechanism; Functional modularity; Modular designs; Synchronous Dataflow; Synchronous program; Synchronous programming; Type inferences; Type systems; Computer programming languages","G. Delaval; INRIA, Rennes, France; email: Gwenael.Delaval@inria.fr","","","","978-160558104-0","","","English","Proc. ACM SIGPLAN Conf. Lang. Compilers Tools Embedded Syst.","Conference paper","Final","All Open Access; Green Open Access","Scopus","2-s2.0-84865677598"
"Garriou D.","Garriou, David (57217903865)","57217903865","Symbolic simulation of synchronous programs","2002","Electronic Notes in Theoretical Computer Science","65","5","","11","18","2","10.1016/S1571-0661(05)80436-0","https://www.scopus.com/pages/publications/23844533716?origin=resultslist","IRCCyN, Université de Nantes, Ecole Centrale de Nantes, 44321 NANTES Cedex 3, 1 rue de la Noe, France","Garriou D., IRCCyN, Université de Nantes, Ecole Centrale de Nantes, 44321 NANTES Cedex 3, 1 rue de la Noe, France","This paper proposes an intermediate approach between simulation and formal verification. This method called symbolic simulation allows to simulate a reactive program by giving it the set of its possible inputs. An important aspect of this work is the fact that we deal with values of unbounded numerical variables and take them into account while computing properties of control. This has been done for synchronous languages, (e.g. Lustre, Esterel and Signal), as these languages are known to provide precise mathematical description of critical embedded systems with real time constraints. ©2002 Published by Elsevier Science B. V.","","Computer simulation; Computer software; Control systems; Data structures; Embedded systems; Real time systems; Nuclear plant control; Real time constraints; Symbolic simulation; Synchronous programs; Computer programming","D. Garriou; IRCCyN, Université de Nantes, Ecole Centrale de Nantes, 44321 NANTES Cedex 3, 1 rue de la Noe, France; email: David.Garriou@irccyn.ec-nantes.fr","","Elsevier","15710661","","","","English","Electron. Notes Theor. Comput. Sci.","Conference paper","Final","All Open Access; Gold Open Access","Scopus","2-s2.0-23844533716"
"Medeiros E.; Peixoto E.; Lemos E.","Medeiros, Edil (58783723400); Peixoto, Eduardo (24278995700); Lemos, Eduardo (58893723000)","58783723400; 24278995700; 58893723000","FACT: A Domain-Specific Language Based on a Functional Algebra for Continuous Time Modeling","2023","Proceedings - Winter Simulation Conference","","","","2650","2661","0","10.1109/WSC60868.2023.10408703","https://www.scopus.com/pages/publications/85185379177?origin=resultslist","University of Brasília, Electrical Engineering Department, North Wing, DF, Brasília, 70910-900, Brazil; University of Brasília, Computer Science Department, North Wing, DF, Brasília, 70910-900, Brazil","Medeiros E., University of Brasília, Electrical Engineering Department, North Wing, DF, Brasília, 70910-900, Brazil; Peixoto E., University of Brasília, Electrical Engineering Department, North Wing, DF, Brasília, 70910-900, Brazil; Lemos E., University of Brasília, Computer Science Department, North Wing, DF, Brasília, 70910-900, Brazil","Hybrid and cyber-physical systems create synergy by combining digital modules with analog implementations of signal processing operations typically implemented in the digital domain. We propose a domain-specific language (DSL), so-called FACT - Functional Algebra for Continuous Time, based on the algebraic properties of the General Purpose Analog Computer (GPAC), a theoretical model of computation recently updated as a continuous time equivalent of the Turing Machine. We lift the GPAC to a continuous time dynamics inside a black box semantics for understanding hybrid systems, which allows us to redefine continuous time semantics inspired by the functional reactive programming style. FACT leverages the type class mechanism from the Haskell functional programming language to implement operators that capture the proposed continuous time semantics. An speed-optimized working open-source implementation in the Haskell functional language is provided and was used to demonstrate how the language supports modeling and simulation.  © 2023 IEEE.","","Algebra; Analog computers; Continuous time systems; Embedded systems; Functional programming; Hybrid systems; MATLAB; Modeling languages; Problem oriented languages; Signal processing; Analog implementation; Continous time; Continuous time modeling; Cybe-physical systems; Cyber-physical systems; Digital domain; Domains specific languages; Haskell; Processing operations; Signal-processing; Semantics","E. Medeiros; University of Brasília, Electrical Engineering Department, Brasília, North Wing, DF, 70910-900, Brazil; email: j.edil@ene.unb.br","","Institute of Electrical and Electronics Engineers Inc.","08917736","979-835036966-3","WSCPD","","English","Proc. Winter Simul. Conf.","Conference paper","Final","","Scopus","2-s2.0-85185379177"
"Gueye S.M.K.; Delaval G.; Rutten C.; Heller D.; Diguet J.-P.","Gueye, Soguy Mak Karé (55605210300); Delaval, Gwenaël (15064030600); Rutten, Éric (56276265500); Heller, Dominique (25626331100); Diguet, Jean-Philippe (35614416800)","55605210300; 15064030600; 56276265500; 25626331100; 35614416800","A domain-specific language for autonomic managers in FPGA reconfigurable architectures","2018","Proceedings - 15th IEEE International Conference on Autonomic Computing, ICAC 2018","","","8498132","111","120","2","10.1109/ICAC.2018.00021","https://www.scopus.com/pages/publications/85057361478?origin=resultslist","Univ. Grenoble Alpes, CNRS, Inria, LIG, Grenoble, F-38000, France; Lab-STICC - UMR CNRS 3192, Lorient, France","Gueye S.M.K., Univ. Grenoble Alpes, CNRS, Inria, LIG, Grenoble, F-38000, France; Delaval G., Univ. Grenoble Alpes, CNRS, Inria, LIG, Grenoble, F-38000, France; Rutten C., Univ. Grenoble Alpes, CNRS, Inria, LIG, Grenoble, F-38000, France; Heller D., Lab-STICC - UMR CNRS 3192, Lorient, France; Diguet J.-P., Lab-STICC - UMR CNRS 3192, Lorient, France","Field Programmable Gate Array (FPGA) architectures are suitable hardware platforms for systems that need high performance and flexibility, because they support dynamic partial reconfiguration (DPR) to implement adaptive hardware algorithms e.g., for performance or energy efficiency. They are used for example in embedded systems such as UAV, e.g. for video processing. It is a challenge to design Autonomic Managers for such highly dynamic systems, taking into account the combina-torial design space of configurations and criteria and policies to decide on whether to reconfigure, and what next configuration to choose. In this paper, we propose a Domain Specific Language (DSL) called Ctrl-DPR, allowing designers to easily generate Autonomic Managers. They can describe their system and their management strategies, in terms of the entities composing the system: tasks, versions, applications, ressources, policies. The DSL relies on a behavioural modelling of these entities, targeted at the design of autonomic managers to control the reconfigurations in such a way as to enforce given policies and strategies. The models we use involve automata to describe the state space of configurations, and the transitions representing reconfigurations; they also involve discrete control techniques exploiting such models in order to obtain a correct runtime manager. These model-based control techniques are embedded in a compiler, connected to a reactive language and discrete controller synthesis tool, which enables to generate a C implementation of the controller enforcing the management strategies. We apply our DSL for the management of a video application on a UAV. © 2018 IEEE.","Domain specific language; Dynamic partial reconfiguration; FPGA; Reactive language","C (programming language); Computer hardware; Controllers; Digital subscriber lines; Embedded systems; Energy efficiency; Field programmable gate arrays (FPGA); Integrated circuit design; Managers; Memory architecture; Problem oriented languages; Reconfigurable architectures; Unmanned aerial vehicles (UAV); Video signal processing; Behavioural modelling; Discrete controller synthesis; Domain specific languages; Dynamic partial reconfiguration; Management strategies; Model based controls; Reactive languages; Video applications; Reconfigurable hardware","","","Institute of Electrical and Electronics Engineers Inc.","","978-153865139-1","","","English","Proc. - IEEE Int. Conf. Auton. Comput., ICAC","Conference paper","Final","","Scopus","2-s2.0-85057361478"
"","","","Proceedings - IEEE 21st International Conference on Embedded and Real-Time Computing Systems and Applications, RTCSA 2015","2015","Proceedings - IEEE 21st International Conference on Embedded and Real-Time Computing Systems and Applications, RTCSA 2015","","","","","","0","","https://www.scopus.com/pages/publications/84962909425?origin=resultslist","","","The proceedings contain 27 papers. The topics discussed include: on the soft real-time optimality of global EDF on multiprocessors: from identical to uniform heterogeneous; bounding carry-in interference to improve fixed-priority global multiprocessor scheduling analysis; enhanced fault-tolerant fixed-priority scheduling of hard real-time tasks on multi-core platforms; schedulability analysis for real-time P-FRP tasks under fixed priority scheduling; fair-share scheduling for performance-asymmetric multicore architecture via scaled virtual runtime; memory pressure balancing on virtualized servers; a cloud-based offloading service for computation-intensive mobile applications; responsive and enforced interrupt handling for real-time system virtualization; bi-level deadline scaling for admission control in mixed-criticality systems; overhead-aware schedulability evaluation of semi-partitioned real-time schedulers; and end-to-end timing analysis of black-box models in legacy vehicular distributed embedded systems.","","","","O'Conner L.","Institute of Electrical and Electronics Engineers Inc.","","978-146737855-0","","","English","Proc. - IEEE Int. Conf. Embed. Real-Time Comput. Syst. Appl., RTCSA","Conference review","Final","","Scopus","2-s2.0-84962909425"
"Delaval G.; Marchand H.; Rutten E.","Delaval, Gwenaël (15064030600); Marchand, Hervé (7006153758); Rutten, Eric (56276265500)","15064030600; 7006153758; 56276265500","Contracts for modular discrete controller synthesis","2010","ACM SIGPLAN Notices","45","4","","57","66","8","10.1145/1755951.1755898","https://www.scopus.com/pages/publications/77951210013?origin=resultslist","INRIA, Grenoble, France; INRIA, Rennes, France","Delaval G., INRIA, Grenoble, France; Marchand H., INRIA, Rennes, France; Rutten E., INRIA, Grenoble, France","We describe the extension of a reactive programming language with a behavioral contract construct. It is dedicated to the programming of reactive control of applications in embedded systems, and involves principles of the supervisory control of discrete event systems. Our contribution is in a language approach where modular discrete controller synthesis (DCS) is integrated, and it is concretized in the encapsulation of DCS into a compilation process. From transition system specifications of possible behaviors, DCS automatically produces controllers that make the controlled system satisfy the property given as objective. Our language features and compiling technique provide correctness-by-construction in that sense, and enhance reliability and verifiability. Our application domain is adaptive and reconfigurable systems: closed-loop adaptation mechanisms enable flexible execution of functionalities w.r.t. changing resource and environment conditions. Our language can serve programming such adaption controllers. This paper particularly describes the compilation of the language. We present a method for the modular application of discrete controller synthesis on synchronous programs, and its integration in the BZR language. We consider structured programs, as a composition of nodes, and first apply DCS on particular nodes of the program, in order to reduce the complexity of the controller computation; then, we allow the abstraction of parts of the program for this computation; and finally, we show how to recompose the different controllers computed from different abstractions for their correct co-execution with the initial program. Our work is illustrated with examples, and we present quantitative results about its implementation. Copyright © 2010 ACM.","Adaptive and reconfigurable systems; Components; Contracts; Discrete controller synthesis Modularity; Reactive systems; Synchronous programming","Abstracting; Adaptive control systems; Application programs; Computer systems programming; Contracts; Discrete event simulation; Embedded systems; Specifications; Components; Discrete controller synthesis; Reactive system; Reconfigurable systems; Synchronous programming; Controllers","G. Delaval; INRIA, Grenoble, France; email: gwenal.delaval@inria.fr","","Association for Computing Machinery","15232867","","","","English","ACM SIGPLAN Not.","Article","Final","","Scopus","2-s2.0-77951210013"
"","","","1st International Workshop on Embedded Software, EMSOFT 2001","2001","Lecture Notes in Computer Science (including subseries Lecture Notes in Artificial Intelligence and Lecture Notes in Bioinformatics)","2211","","","1","502","0","","https://www.scopus.com/pages/publications/84947286675?origin=resultslist","","","The proceedings contain 34 papers. The special focus in this conference is on Embedded Software. The topics include: Heterogeneous modeling support for embedded systems design; hierarchical hybrid modeling of embedded systems; some synchronization issues when designing embedded systems from components; synchronous programming techniques for embedded systems; from requirements to validated embedded systems; usage scenarios for an automated model compiler; from asynchrony to synchrony and back; verification of embedded software; a network-centric approach to embedded software for tiny devices; storage allocation for real-time, embedded systems; interface theories for component-based design; a time-triggered language for embedded programming; directions in functional programming for real-time applications; rate-based resource allocation models for embedded systems; the temporal specification of interfaces in distributed real-time systems; system-level types for component-based design; embedded software implementation tools for fully programmable application specific systems; compiler optimizations for adaptive EPIC processors; embedded software market transformation through reusable frameworks; an end-to-end methodology for building embedded systems; an implementation of scoped memory for real-time java; bus architectures for safety-critical embedded systems; using multiple levels of abstractions in embedded software design; hierarchical approach for design of multi-vehicle multi-modal embedded software; adaptive and reflective middleware for distributed real-time and embedded systems; modeling real-time systems; a toolset for constructing and analyzing component based embedded systems; embedded software in network processors; design of autonomous, distributed systems; formalizing software architectures for embedded systems; reliable and precise WCET determination for a real-life processor and embedded systems and real-time programming.","","","","Henzinger T.A.; Kirsch C.M.","Springer Verlag","03029743","3540426736; 978-354042673-8","","","English","Lect. Notes Comput. Sci.","Conference review","Final","","Scopus","2-s2.0-84947286675"
"Tardieu O.; De Simone R.","Tardieu, Olivier (10144733900); De Simone, Robert (11339046600)","10144733900; 11339046600","Loops in Esterel","2005","ACM Transactions on Embedded Computing Systems","4","4","","708","750","9","10.1145/1113830.1113832","https://www.scopus.com/pages/publications/70449476657?origin=resultslist","INRIA, France","Tardieu O., INRIA, France; De Simone R., INRIA, France","ESTEREL is a synchronous design language for the specification of reactive systems. Thanks to its compact formal semantics, code generation for ESTEREL is essentially provably correct. In practice, due to the many intricacies of an optimizing compiler, an actual proof would be in order. To begin with, we need a precise description of an efficient translation scheme, into some lower-level formalism. We tackle this issue on a specific part of the compilation process: the translation of loop constructs. First, because of instantaneous loops, programs may generate runtime errors, which cannot be tolerated for embedded systems, and have to be predicted and prevented at compile time. Second, because of schizophrenia, loops must be partly unfolded, making C code generation, as well as logic synthesis, nonlinear in general. Clever expansion strategies are required to minimize the unfolding. We first characterize these two difficulties w.r.t. the formal semantics of ESTEREL. We then derive very efficient, correct-by-construction algorithms to verify and transform loops at compile time, using static analysis and program rewriting techniques. With this aim in view, we extend the language with a new gotopause construct, which we use to encode loops. It behaves as a noninstantaneous jump instruction compatible with concurrency. © 2005, ACM. All rights reserved.","Algorithms; code generation; Languages; static analysis; Synchronous languages; Theory","","","","","15399087","","","","English","ACM Trans. Embedded Comput. Syst.","Article","Final","","Scopus","2-s2.0-70449476657"
"Logothetis G.; Schneider K.; Metzler C.","Logothetis, G. (6602879614); Schneider, K. (58406421600); Metzler, C. (57197233676)","6602879614; 58406421600; 57197233676","Generating formal models for real-time verification by exact low-level runtime analysis of synchronous programs","2003","Proceedings - Real-Time Systems Symposium","","","","256","264","7","","https://www.scopus.com/pages/publications/0348195768?origin=resultslist","University of Karlsruhe, Inst. Comp. Design Fault Tolerance, Department of Computer Science, 76128 Karlsruhe, P.O. Box 6980, Germany; University of Kaiserslautern, Reactive Systems Group, Department of Computer Science, 67653 Kaiserslautern, P.O. Box 3049, Germany","Logothetis G., University of Karlsruhe, Inst. Comp. Design Fault Tolerance, Department of Computer Science, 76128 Karlsruhe, P.O. Box 6980, Germany; Schneider K., University of Kaiserslautern, Reactive Systems Group, Department of Computer Science, 67653 Kaiserslautern, P.O. Box 3049, Germany; Metzler C., University of Karlsruhe, Inst. Comp. Design Fault Tolerance, Department of Computer Science, 76128 Karlsruhe, P.O. Box 6980, Germany","Synchronous programming languages are well-suited for the implementation and verification of real-time systems. The main benefit for the estimation of real-time constraints is thereby that the macro steps provided by synchronous programs can be directly used for runtime analysis: If synchronous circuits are generated from these descriptions, the macro steps are implemented by combinatorial circuits, and if software is generated, they correspond to basic building blocks that do not contain loops. In this paper, we describe methods to generate timed transitions systems from a synchronous program by taking the final architecture into account. For software synthesis, this requires to consider different microprocessors and compilers, and for hardware synthesis, this requires to consider a hierarchy of clocks to optimize the clock speed.","","Algorithms; Combinatorial circuits; Computer architecture; Computer hardware description languages; Constraint theory; Embedded systems; Macros; Program compilers; Low-level runtime analysis; Real-time verification; Synchronous languages; Synchronous programs; Real time systems","G. Logothetis; University of Karlsruhe, Inst. Comp. Design Fault Tolerance, Department of Computer Science, 76128 Karlsruhe, P.O. Box 6980, Germany; email: George.Logothetis@informatik.uni-karlsruhe.de","","Institute of Electrical and Electronics Engineers Inc.","10528725","0769520448","PRSYE","","English","Proc Real Time Syst Symp","Conference paper","Final","","Scopus","2-s2.0-0348195768"
"Packwood D.; Sharma M.; Ding D.; Park H.; Salcic Z.; Malik A.; Wang K.I.-K.","Packwood, D. (57188764572); Sharma, M. (58731731600); Ding, D. (57188768801); Park, H. (55604379300); Salcic, Z. (7003306034); Malik, A. (25641264300); Wang, K.I.-K. (7501398184)","57188764572; 58731731600; 57188768801; 55604379300; 7003306034; 25641264300; 7501398184","FPGA-based mixed-criticality execution platform for systemj and the Internet of Industrial Things","2015","Proceedings - 2015 IEEE 18th International Symposium on Real-Time Distributed Computing, ISORC 2015","","","7153804","174","181","7","10.1109/ISORC.2015.27","https://www.scopus.com/pages/publications/84962888081?origin=resultslist","Department of Electrical and Computer Engineering, University of Auckland, New Zealand","Packwood D., Department of Electrical and Computer Engineering, University of Auckland, New Zealand; Sharma M., Department of Electrical and Computer Engineering, University of Auckland, New Zealand; Ding D., Department of Electrical and Computer Engineering, University of Auckland, New Zealand; Park H., Department of Electrical and Computer Engineering, University of Auckland, New Zealand; Salcic Z., Department of Electrical and Computer Engineering, University of Auckland, New Zealand; Malik A., Department of Electrical and Computer Engineering, University of Auckland, New Zealand; Wang K.I.-K., Department of Electrical and Computer Engineering, University of Auckland, New Zealand","This paper presents an extensible and adaptable platform for distributed applications with mixed criticality based on using state of the art FPGA technology. Although capable of executing programs written in different languages, the platform specifically targets the execution of programs written in Globally Asynchronous Locally Synchronous language SystemJ used in the context of Internet of Industrial Things. The key properties of the prototype platform are accommodation of mixed-criticality processing as well as provision of Internet addressable services. Mixed-criticality execution platform (MCEP) uses multiple processor cores and network interfaces: (1) a dual-core ARM processor with Ethernet for Internet access and processing of non-real-time application parts and (2) TP-JOP reactive hard real-time processor with customized Controller Area Network (CAN) for real-time and time-critical response processing. This platform has been successfully developed and used in an industrial automation system within the Internet of Industrial Things context. © 2015 IEEE.","Distributed cyber physical systems; Industrial automation; Internet of Industrial Things; System modelling; SystemJ","Automation; Computational linguistics; Control system synthesis; Criticality (nuclear fission); Distributed computer systems; Embedded systems; Internet; Multicore programming; Reconfigurable hardware; Telecommunication networks; Controller area network; Cyber physical systems (CPSs); Distributed applications; Globally asynchronous locally synchronous; Industrial automation; Industrial automation system; System modelling; SystemJ; Field programmable gate arrays (FPGA)","","","Institute of Electrical and Electronics Engineers Inc.","","978-147998781-8","","","English","Proc. - IEEE Int. Symp. Real-Time Distributed Comput., ISORC","Conference paper","Final","","Scopus","2-s2.0-84962888081"
"Brandt J.; Schneider K.; Shukla S.K.","Brandt, Jens (13609374600); Schneider, Klaus (58406421600); Shukla, Sandeep K. (7202528532)","13609374600; 58406421600; 7202528532","Translating concurrent action oriented specifications to synchronous guarded actions","2010","Proceedings of the ACM SIGPLAN Conference on Languages, Compilers, and Tools for Embedded Systems (LCTES)","","","","47","56","9","10.1145/1755888.1755896","https://www.scopus.com/pages/publications/77954509958?origin=resultslist","Embedded Systems Group, Department of Computer Science, University of Kaiserslautern, Germany; FERMAT Lab., Electrical and Computer Engineering, Virginia Tech., Blacksburg, VA, United States","Brandt J., Embedded Systems Group, Department of Computer Science, University of Kaiserslautern, Germany; Schneider K., Embedded Systems Group, Department of Computer Science, University of Kaiserslautern, Germany; Shukla S.K., FERMAT Lab., Electrical and Computer Engineering, Virginia Tech., Blacksburg, VA, United States","Concurrent Action-Oriented Specifications (CAOS) model the be- havior of a synchronous hardware circuit as asynchronous guarded actions at an abstraction level higher than the Register Transfer Level (RTL). Previous approaches always considered the compilation of CAOS, which includes a transformation of the under-lying model of computation and the scheduling of guarded actions per clock cycle, as a tightly integrated step. In this paper, we present a new compilation procedure, which separates these two tasks and translates CAOS models to synchronous guarded actions with an explicit interface to a scheduler. This separation of con- cerns has many advantages, including better analyses and integration of custom schedulers. Our method also generates assertions that each scheduler must obey that can be fulfilled by algorithms for scheduler synthesis like those developed in supervisory control. We present our translation procedure in detail and illustrate it by various examples. We also show that our method simplifies for- mal verification of hardware synthesized from CAOS specifications over previously known formal verification approaches. © 2010 ACM.","code generation; concurrent action-oriented specifications; guarded commands; synchronous languages","Embedded systems; Linguistics; Network components; Program compilers; Specifications; Abstraction level; Clock cycles; code generation; Formal verifications; Guarded commands; Hardware circuits; Model of computation; Register transfer level; Supervisory control; Synchronous languages; Translation procedures; Translation (languages)","","","","","978-160558953-4","","","English","Proc. ACM SIGPLAN Conf. Lang. Compilers Tools Embedded Syst.","Conference paper","Final","","Scopus","2-s2.0-77954509958"
"Petersohn C.; Huizing C.; Peleska J.; de Roever W.-P.","Petersohn, Carsta (6603040797); Huizing, Cornelis (7801363688); Peleska, Jan (7003303450); de Roever, Willem-Paul (57209857086)","6603040797; 7801363688; 7003303450; 57209857086","Formal semantics for ward & Mellor’s transformation schemas and the specification of fault-tolerant systems","1994","Lecture Notes in Computer Science (including subseries Lecture Notes in Artificial Intelligence and Lecture Notes in Bioinformatics)","852 LNCS","","","59","76","0","10.1007/3-540-58426-9_124","https://www.scopus.com/pages/publications/85027053955?origin=resultslist","Christian-Albrechts-University at Kiel, Preußerstr. 1-9, Kiel, 24105, Germany; Eindhoven University of Technology, Kiel, 24145, Netherlands; DST Deutsche System-Technik GmbH, Edisonstraße 3, Kiel, 24145, Germany","Petersohn C., Christian-Albrechts-University at Kiel, Preußerstr. 1-9, Kiel, 24105, Germany; Huizing C., Eindhoven University of Technology, Kiel, 24145, Netherlands; Peleska J., DST Deutsche System-Technik GmbH, Edisonstraße 3, Kiel, 24145, Germany; de Roever W.-P., Christian-Albrechts-University at Kiel, Preußerstr. 1-9, Kiel, 24105, Germany","A family of formal semantics is given for the Essential Model of the Transformation Schema of Ward & Mellor [WM85] using recent techniques developed for defining the semantics of Statecharts [Har88] by Pnueli and Huizing. The models developed closely resemble those used for synchronous languages [BG92]. Each model has its own application area, e.g., one fits best for fault-tolerant systems, but only one model is modular. A number of ambiguities and inconsistencies in Ward & Mellor’s original definition is resolved. © 1994, Springer Verlag. All rights reserved.","Berry’s synchrony hypothesis; Formal semantics; Micro and macro steps; Modularity; Real-time embedded systems and their design; Safety critical systems design; Simulation of and semantics for fault-tolerant systems; Structured analysis and design methods; Synchronous languages; Transformation schema","Computer simulation languages; Embedded systems; Fault tolerance; Real time systems; Safety engineering; Semantics; Systems analysis; Design method; Fault tolerant systems; Formal Semantics; Micro and macro; Modularity; Real-time embedded systems; Safety critical systems; Synchronous languages; Transformation schema; Formal methods","","Echtle K.; Fachbereich Informatik, Universitat Dortmund, Lehrstuhl IV, Dortmund, D-44221; Hammer D.; Powell D.; LAAS-CNRS, 7 avenue du Colonel Roche, Toulouse, F-31077","Springer Verlag","03029743","978-354058426-1","","","English","Lect. Notes Comput. Sci.","Conference paper","Final","","Scopus","2-s2.0-85027053955"
"Wang J.","Wang, Jiacun (55890357200)","55890357200","Handbook of finite state based models and applications","2016","Handbook of Finite State Based Models and Applications","","","","1","386","16","","https://www.scopus.com/pages/publications/85051586695?origin=resultslist","Department of Computer Science and Software Engineering, Monmouth University, West Long Branch, NJ, United States","Wang J., Department of Computer Science and Software Engineering, Monmouth University, West Long Branch, NJ, United States","Applicable to any problem that requires a finite number of solutions, finite state-based models (also called finite state machines or finite state automata) have found wide use in various areas of computer science and engineering. Handbook of Finite State Based Models and Applications provides a complete collection of introductory materials on finite state theories, algorithms, and the latest domain applications. For beginners, the book is a handy reference for quickly looking up model details. For more experienced researchers, it is suitable as a source of in-depth study in this area. The book first introduces the fundamentals of automata theory, including regular expressions, as well as widely used automata, such as transducers, tree automata, quantum automata, and timed automata. It then presents algorithms for the minimization and incremental construction of finite automata and describes Esterel, an automata-based synchronous programming language for embedded system software development. Moving on to applications, the book explores regular path queries on graph-structured data, timed automata in model checking security protocols, pattern matching, compiler design, and XML processing. It also covers other finite state-based modeling approaches and applications, including Petri nets, statecharts, temporal logic, and UML state machine diagrams. © 2013 by Taylor & Francis Group, LLC. All rights reserved.","","Network security; Pattern matching; Petri nets; Software design; Computer science and engineerings; Embedded system softwares; Graph structured data; Incremental construction; Regular expressions; Regular path queries; Security protocols; Synchronous programming; Model checking","","","CRC Press","","978-143984619-3; 978-143984618-6","","","English","Handb. of Finite State Based Models and Appl.","Book","Final","","Scopus","2-s2.0-85051586695"
"Ma Y.; Talpin J.-P.; Shukla S.K.; Gautier T.","Ma, Yue (55687242700); Talpin, Jean-Pierre (6602090161); Shukla, Sandeep K. (7202528532); Gautier, Thierry (35953675000)","55687242700; 6602090161; 7202528532; 35953675000","Distributed simulation of AADL specifications in a polychronous model of computation","2009","Proceedings - 2009 International Conference on Embedded Software and Systems, ICESS 2009","","","5066706","607","614","8","10.1109/ICESS.2009.47","https://www.scopus.com/pages/publications/70349671453?origin=resultslist","INRIA, Unité de Recherche Rennes-Bretagne-Atlantique, Campus de Beaulieu, 35042 Rennes Cedex, France; FERMAT LAB, Bradley Department of Electrical and Computer Engineering, Virginia Tech, Blacksburg, VA, United States","Ma Y., INRIA, Unité de Recherche Rennes-Bretagne-Atlantique, Campus de Beaulieu, 35042 Rennes Cedex, France, FERMAT LAB, Bradley Department of Electrical and Computer Engineering, Virginia Tech, Blacksburg, VA, United States; Talpin J.-P., INRIA, Unité de Recherche Rennes-Bretagne-Atlantique, Campus de Beaulieu, 35042 Rennes Cedex, France, FERMAT LAB, Bradley Department of Electrical and Computer Engineering, Virginia Tech, Blacksburg, VA, United States; Shukla S.K., INRIA, Unité de Recherche Rennes-Bretagne-Atlantique, Campus de Beaulieu, 35042 Rennes Cedex, France, FERMAT LAB, Bradley Department of Electrical and Computer Engineering, Virginia Tech, Blacksburg, VA, United States; Gautier T., INRIA, Unité de Recherche Rennes-Bretagne-Atlantique, Campus de Beaulieu, 35042 Rennes Cedex, France, FERMAT LAB, Bradley Department of Electrical and Computer Engineering, Virginia Tech, Blacksburg, VA, United States","Architecture Analysis and Design Language (AADL) is used to describe the hardware and software architectures of embedded applications at the system level. The implementation of such systems is often distributed across asynchronous communication infrastructures. Such a distributed system is usually composed of locally synchronous processes communicating in a globally asynchronous manner, a GALS system. Yet, in a step-wise refinement based approach, one would prefer to model, simulate and validate such a system in a synchronous programming framework, and then automatically generate its GALS implementation. In this paper, we present a methodology to implement such an approach using the polychronous (multiclocked synchronous) model of computation of the data-flow synchronous language SIGNAL. We show how to model partially asynchronous application and to generate distributed simulation code starting from system-level AADL specifications.","","Embedded systems; Linguistics; Simulators; Software architecture; Specifications; Architecture analysis; Asynchronous communication; Dataflow; Distributed simulations; Distributed systems; Embedded application; GALS systems; Hardware and software; Model of computation; Synchronous languages; Synchronous process; Synchronous programming; System levels; Embedded software","Y. Ma; INRIA, Unité de Recherche Rennes-Bretagne-Atlantique, Campus de Beaulieu, 35042 Rennes Cedex, France; email: Yue.Ma@irisa.fr","","","","978-076953678-1","","","English","Proc. - Int. Conf. Embedded Softw. Syst., ICESS","Conference paper","Final","","Scopus","2-s2.0-70349671453"
"","","","Proceedings - 4th Euromicro Workshop on Real-Time Systems, ECRTS 1992","1992","Proceedings - Euromicro Conference on Real-Time Systems","","","","","","0","","https://www.scopus.com/pages/publications/84884632375?origin=resultslist","","","The proceedings contain 32 papers. The topics discussed include: pipelined embedding via dual-hypercubes for real time computing; an enhanced snoopy chache design for real-time multi-processing; a processor for time-varying digital audio filters with special transition properties; a programmable video coder based on transputers; simulation and implementation of clock synchronization in transputer networks; design of a real-time computer system for relative position robot control; are formal methods useful for real-time system specification?; ada gets groomed for the whole spectrum of real-time duties; when object-oriented operating system is time critical; synchronous programming of a real-time microcontroller; ALBATROSS: the communication scheme as a key to fulfill hard real-time constraints; and real time object communication protocol for incremental and distributed prototyping.","","","","","","10683070","0818628154; 978-081862815-3","","","English","Proc. Euromicro Conf. Real Time Syst.","Conference review","Final","","Scopus","2-s2.0-84884632375"
"Wan Z.; Hudak P.","Wan, Z. (7101835925); Hudak, P. (57204251069)","7101835925; 57204251069","Functional reactive programming from first principles","2000","Proceedings of the ACM SIGPLAN Conference on Programming Language Design and Implementation (PLDI)","","","","242","252","103","10.1145/349299.349331","https://www.scopus.com/pages/publications/0034449844?origin=resultslist","Yale University, Department of Computer Science, New Haven, CT 06520, PO Box 208285, United States","Wan Z., Yale University, Department of Computer Science, New Haven, CT 06520, PO Box 208285, United States; Hudak P., Yale University, Department of Computer Science, New Haven, CT 06520, PO Box 208285, United States","Functional Reactive Programming, or FRP, is a general framework for programming hybrid systems in a high-level, declarative manner. The key ideas in FRP are its notions of behaviors and events. Behaviors are time-varying, reactive values, while events are time-ordered sequences of discrete-time event occurrences. FRP is the essence of Fran, a domain-specific language embedded in Haskell for programming reactive animations, but FRP is now also being used in vision, robotics and other control systems applications. In this paper we explore the formal semantics of FRP and how it relates to an implementation based on streams that represent (and therefore only approximate) continuous behaviors. We show that, in the limit as the sampling interval goes to zero, the implementation is faithful to the formal, continuous semantics, but only when certain constraints on behaviors are observed. We explore the nature of these constraints, which vary amongst the FRP primitives. Our results show both the power and limitations of this approach to language design and implementation. As an example of a limitation, we show that streams are incapable of representing instantaneous predicate events over behaviors.","","Animation; Computer hardware description languages; Computer vision; Constraint theory; Embedded systems; Formal languages; Robotics; Semantics; Time sharing systems; Time varying systems; Domain specific language; Formal semantics; Functional reactive programming; High level languages","Z. Wan; Yale University, Department of Computer Science, New Haven, CT 06520, PO Box 208285, United States; email: zhanyong.wan@yale.edu","","Association for Computing Machinery (ACM)","","","PSPIE","","English","Proc ACM SIGPLAN Conf Program Lang Des Implementation PLDI","Conference paper","Final","All Open Access; Gold Open Access","Scopus","2-s2.0-0034449844"
"Hui J.; Edwards K.J.; Edwards S.A.","Hui, John (57223732651); Edwards, Kyle J. (58761124100); Edwards, Stephen A. (7401520724)","57223732651; 58761124100; 7401520724","Timestamp Peripherals for Precise Real-Time Programming","2023","Proceedings - 2023 21st ACM/IEEE International Symposium on Formal Methods and Models for System Design, MEMOCODE 2023","","","","137","147","2","10.1145/3610579.3611084","https://www.scopus.com/pages/publications/85179625580?origin=resultslist","Columbia University, New York, NY, United States","Hui J., Columbia University, New York, NY, United States; Edwards K.J., Columbia University, New York, NY, United States; Edwards S.A., Columbia University, New York, NY, United States","On microcontrollers, timer devices provide high-precision timing, but that precision is lost when using high-level languages without suitable abstractions for temporal behavior. So, for timing-sensitive applications, programmers resort to low-level languages like C which lack expressiveness and safety guarantees. Other programmers use specialized precision-timing hardware which is expensive and difficult to obtain.In this work, we achieve sub-microsecond precision from a high-level real-time programming language on the RP2040, a cheap, widely available microcontroller. Our work takes advantage of the RP2040's Programmable I/O (PIO) devices, which are cycle-accurate coprocessors designed for implementing hardware protocols over the RP2040's GPIO pins.We use the PIO devices to implement timestamp peripherals, which are input capture and output compare devices. We use timestamp peripherals to mediate I/O from programs written in Sslang, a real-time programming language with deterministic concurrency. We show that timestamp peripherals help Sslang programs achieve the precise timing behavior prescribed by Sslang's Sparse Synchronous Programming model. © 2023 ACM.","computer languages; concurrency control; real time systems; timing","C (programming language); Computer hardware; Concurrency control; Controllers; Interactive computer systems; Microcontrollers; Timing circuits; High-level language; High-precision; Higher-level languages; Real - Time system; Real time programming; Real-time programming languages; Sensitive application; Temporal behavior; Time-stamp; Timing; Real time systems","J. Hui; Columbia University, New York, United States; email: j-hui@cs.columbia.edu","","Institute of Electrical and Electronics Engineers Inc.","","979-840070318-8","","","English","Proc. - ACM/IEEE Int. Symp. Formal Methods Model. Syst.Des., MEMOCODE","Conference paper","Final","All Open Access; Gold Open Access","Scopus","2-s2.0-85179625580"
"Lima G.F.; Santos R.C.M.; Ierusalimschy R.; Haeusler E.H.; Sant'Anna F.","Lima, Guilherme F. (55954219800); Santos, Rodrigo C.M. (49962320300); Ierusalimschy, Roberto (55925861600); Haeusler, Edward H. (6603717884); Sant'Anna, Francisco (35183862400)","55954219800; 49962320300; 55925861600; 6603717884; 35183862400","A memory-bounded, deterministic and terminating semantics for the synchronous programming language CÉU","2019","Journal of Systems Architecture","97","","","239","257","2","10.1016/j.sysarc.2019.01.014","https://www.scopus.com/pages/publications/85063871121?origin=resultslist","PUC-Rio, Brazil; IBM Research, Brazil; UERJ, Brazil","Lima G.F., PUC-Rio, Brazil; Santos R.C.M., IBM Research, Brazil; Ierusalimschy R., PUC-Rio, Brazil; Haeusler E.H., PUC-Rio, Brazil; Sant'Anna F., UERJ, Brazil","CÉU is a synchronous programming language for embedded soft real-time systems. It focuses on control-flow safety features in the presence of shared-memory concurrency and abortion of lines of execution, while enforcing memory-bounded, deterministic, and terminating reactions to the environment. In this work, we present a small-step structural operational semantics for CÉU and prove that reactions have the properties enumerated above: that for a given arbitrary timeline of input events, multiple executions of the same program always react in bounded time and arrive at the same final finite memory state. © 2019 Elsevier B.V.","Determinism; Operational semantics; Synchronous languages; Termination","Concurrency control; Embedded systems; Interactive computer systems; Real time systems; Semantics; Determinism; Operational semantics; Safety features; Soft real-time systems; Structural operational semantics; Synchronous languages; Synchronous programming; Termination; C (programming language)","G.F. Lima; PUC-Rio, Brazil; email: glima@inf.puc-rio.br","","Elsevier B.V.","13837621","","JSARF","","English","J Syst Archit","Article","Final","","Scopus","2-s2.0-85063871121"
"Boniol F.; Cordovilla M.; Forget J.; Lesens D.; Pagetti C.","Boniol, Frédéric (6507057555); Cordovilla, Mikel (36190504100); Forget, Julien (25960555900); Lesens, David (14045456200); Pagetti, Claire (55922785400)","6507057555; 36190504100; 25960555900; 14045456200; 55922785400","Implantation multitâche de programmes synchrones multipé riodiques","2009","Journal Europeen des Systemes Automatises","43","7-9","","741","755","0","10.3166/jesa.43.741-755","https://www.scopus.com/pages/publications/77954515732?origin=resultslist","ONERA, F-31055, Toulouse, 2, avenue Edouard Belin, France; EADS Astrium Space Transportation, F-78133, Les Mureaux, 2 route de Verneuil, France; ENSEEIHT, F-31000, Toulouse, 2, rue Charles Camichel, France","Boniol F., ONERA, F-31055, Toulouse, 2, avenue Edouard Belin, France; Cordovilla M., ONERA, F-31055, Toulouse, 2, avenue Edouard Belin, France; Forget J., ONERA, F-31055, Toulouse, 2, avenue Edouard Belin, France; Lesens D., EADS Astrium Space Transportation, F-78133, Les Mureaux, 2 route de Verneuil, France; Pagetti C., ENSEEIHT, F-31000, Toulouse, 2, rue Charles Camichel, France","This article presents a complete scheme for the development of multi-periodic critical embedded systems. The system is programmed with a language that enables to assemble in a modular and hierarchical manner several locally mono-periodic synchronous systems into a globally multi-periodic synchronous system. A program is translated into a set of real-time tasks that can be executed on a real-time platform with a dynamic-priority scheduler such as EDF. The compilation is formally proved correct, meaning that the generated code respects the real-time semantics of the original program (respect of periods, deadlines, release dates and precedences) as well as its functional semantics (respect of variable consumption).","Embedded systems; Preemptive multitasking; Real-time; Synchronous languages","Embedded systems; Hierarchical systems; Response time (computer systems); Semantics; Dynamic priority; Functional semantics; Preemptive multitasking; Real time; Real-time platform; Real-time semantics; Synchronous languages; Synchronous system; Real time systems","","","International Information and Engineering Technology Association","12696935","","","","French","J. Eur. Syst. Autom.","Article","Final","","Scopus","2-s2.0-77954515732"
"Azam R.; Soudki K.; West J.S.; Noël M.","Azam, Rizwan (55233372900); Soudki, Khaled (7003507840); West, Jeffrey S. (7402746437); Noël, Martin (36731460800)","55233372900; 7003507840; 7402746437; 36731460800","Strengthening of shear-critical RC beams: Alternatives to externally bonded CFRP sheets","2017","Construction and Building Materials","151","","","494","503","64","10.1016/j.conbuildmat.2017.06.106","https://www.scopus.com/pages/publications/85021242814?origin=resultslist","Department of Civil Engineering, University of Engineering & Technology, Lahore, Pakistan; Department of Civil and Environmental Engineering, University of Waterloo, Waterloo, N2L 3G1, ON, Canada; Department of Civil Engineering, University of Ottawa, Ottawa, K1N 6N5, ON, Canada","Azam R., Department of Civil Engineering, University of Engineering & Technology, Lahore, Pakistan, Department of Civil and Environmental Engineering, University of Waterloo, Waterloo, N2L 3G1, ON, Canada; Soudki K., Department of Civil and Environmental Engineering, University of Waterloo, Waterloo, N2L 3G1, ON, Canada; West J.S., Department of Civil and Environmental Engineering, University of Waterloo, Waterloo, N2L 3G1, ON, Canada; Noël M., Department of Civil Engineering, University of Ottawa, Ottawa, K1N 6N5, ON, Canada","Extensive research has been conducted on strengthening of shear-critical RC beams. This previous research has helped to better understand the behaviour of shear strengthening systems and has improved their performance. However, there is still a potential to further improve upon the performance of existing shear strengthening systems. A cement-based composite system is an innovative strengthening system that shares many of the benefits of fiber reinforced polymer (FRP) systems (such as light weight, ease of installation and non-corroding) while overcoming some of the draw backs of epoxy-based FRP systems (including poor compatibility with concrete substrate, lack of vapour permeability and fire resistance). The current paper presents the results of an experimental study conducted to investigate the effectiveness of cement-based composite systems in comparison to an epoxy-based system (carbon fiber reinforced polymer, CFRP) to strengthen shear-critical RC beams. Two types of cement-based systems were investigated in this study: carbon fiber reinforced polymer (CFRP) grid embedded in mortar and carbon fabric reinforced cementitious mortar (CFRCM). The results showed that the cement-based systems (CFRP grid in mortar and CFRCM) perform better compared to the epoxy-based system (CFRP sheet) in terms of increase in shear capacity relative to ultimate strength of the strengthening systems. In addition, the CFRP grid embedded in mortar is the most efficient shear strengthening system due to its excellent bond to concrete. © 2017 Elsevier Ltd","Fabric reinforced cementitious mortar (FRCM); Fiber reinforced polymer (FRP); Reinforced concrete; Shear strengthening; Textile-reinforced concrete (TRC)","Carbon fiber reinforced plastics; Cements; Concrete beams and girders; Concretes; Fiber reinforced plastics; Fibers; Fire resistance; Mortar; Polymers; Reinforced concrete; Reinforced plastics; Reinforcement; Shear flow; Carbon fiber reinforced polymer; Cement based composites; Cementitious mortars; Concrete substrates; Fiber reinforced polymers; Shear strengthening; Strengthening systems; Textile reinforced concretes; Embedded systems","M. Noël; Department of Civil Engineering, University of Ottawa, Ottawa, K1N 6N5, Canada; email: MartinNoel@uOttawa.ca","","Elsevier Ltd","09500618","","CBUME","","English","Constr Build Mater","Article","Final","","Scopus","2-s2.0-85021242814"
"Wong H.C.; Burns A.","Wong, H.C. (57188765939); Burns, A. (54889662900)","57188765939; 54889662900","Priority-based Functional Reactive Programming (P-FRP) using deferred abort","2015","Proceedings - IEEE 21st International Conference on Embedded and Real-Time Computing Systems and Applications, RTCSA 2015","","","7300225","227","236","6","10.1109/RTCSA.2015.12","https://www.scopus.com/pages/publications/84962802390?origin=resultslist","Real-Time Systems Research Group, Department of Computer Science, University of York, United Kingdom","Wong H.C., Real-Time Systems Research Group, Department of Computer Science, University of York, United Kingdom; Burns A., Real-Time Systems Research Group, Department of Computer Science, University of York, United Kingdom","This paper extends the Abort-and-Restart (AR) model by defining the Deferred Abort (DA) model, Both models support Priority-based Functional Reactive Programming (P-FRP). Higher priority tasks sometimes do not need an immediate abort to meet their deadlines. The technique of deferred preemption is employed for the DA model, which provides better schedulability and dominates the non-preemptive model. In this paper, we also provide a final non-preemptive region assignment, and a heuristic priority assignment scheme. In the experimental evaluation, the schedulability of the DA model demonstrated a clear improvement compared to the AR model. © 2015 IEEE.","","Embedded systems; Functional programming; AR models; Experimental evaluation; Functional reactive programming; Non-preemptive; Priority assignment; Priority tasks; Priority-based; Schedulability; Real time systems","","O'Conner L.","Institute of Electrical and Electronics Engineers Inc.","","978-146737855-0","","","English","Proc. - IEEE Int. Conf. Embed. Real-Time Comput. Syst. Appl., RTCSA","Conference paper","Final","","Scopus","2-s2.0-84962802390"
"Yang Z.-B.; Zhao Y.-W.; Huang Z.-Q.; Hu K.; Ma D.-F.; Bodeveix J.-P.; Filali M.","Yang, Zhi-Bin (55716670400); Zhao, Yong-Wang (21744050500); Huang, Zhi-Qiu (14325169600); Hu, Kai (22979676500); Ma, Dian-Fu (7402075451); Bodeveix, Jean-Paul (6506097960); Filali, Mamoun (7004744985)","55716670400; 21744050500; 14325169600; 22979676500; 7402075451; 6506097960; 7004744985","Time-predictable multi-threaded code generation with synchronous languages","2016","Ruan Jian Xue Bao/Journal of Software","27","3","","611","632","7","10.13328/j.cnki.jos.004984","https://www.scopus.com/pages/publications/84965130846?origin=resultslist","College of Computer Science and Technology, Nanjing University of Aeronautics and Astronautics, Nanjing, 210016, China; State Key Laboratory of Software Development Environment (BeiHang University), Beijing, 100191, China; Collaborative Innovation Center of Novel Software Technology and Industrialization, Nanjing, 210016, China; IRIT, Université de Toulouse, Toulouse, France","Yang Z.-B., College of Computer Science and Technology, Nanjing University of Aeronautics and Astronautics, Nanjing, 210016, China, State Key Laboratory of Software Development Environment (BeiHang University), Beijing, 100191, China, Collaborative Innovation Center of Novel Software Technology and Industrialization, Nanjing, 210016, China; Zhao Y.-W., State Key Laboratory of Software Development Environment (BeiHang University), Beijing, 100191, China; Huang Z.-Q., College of Computer Science and Technology, Nanjing University of Aeronautics and Astronautics, Nanjing, 210016, China, Collaborative Innovation Center of Novel Software Technology and Industrialization, Nanjing, 210016, China; Hu K., State Key Laboratory of Software Development Environment (BeiHang University), Beijing, 100191, China; Ma D.-F., State Key Laboratory of Software Development Environment (BeiHang University), Beijing, 100191, China; Bodeveix J.-P., IRIT, Université de Toulouse, Toulouse, France; Filali M., IRIT, Université de Toulouse, Toulouse, France","Multi-core processors are being widely used in safety-critical systems. Unfortunately, the introduction of performance-enhancing architectural elements, such as pipelines, out-of-order execution, dynamic branch prediction, caches and inter-cores resource-sharing, make WCET (worst-case execution time) analysis of a system become more difficult. Thus, time-predictable system design is established to meet the challenge of building systems for which WCET can be statically and easily analyzed. At the software level, this paper proposes a time-predictable multi-threaded code generation based on synchronous-model development. At the platform level, it presents a time-predictable multi-core architecture model in AADL (architecture analysis and design language), and then maps the multi-threaded code to this model. Real-time specifications propagate down in the system hierarchy. As a result, the proposed method integrates time predictability across several design layers, and finally reduces the complexity of WCET analysis. © Copyright 2016, Institute of Software, the Chinese Academy of Sciences. All rights reserved.","AADL (architecture analysis and; design language); Multi-core processor; Safety-critical system; Synchronous language; Time predictability","Codes (symbols); Computational linguistics; Design; Embedded systems; Network components; Program compilers; Program processors; Safety engineering; Security systems; Systems analysis; Architecture analysis; Design languages; Multi-core processor; Safety critical systems; Synchronous languages; Time predictabilities; Computer architecture","Z.-B. Yang; College of Computer Science and Technology, Nanjing University of Aeronautics and Astronautics, Nanjing, 210016, China; email: yangzhibin168@163.com","","Chinese Academy of Sciences","10009825","","RUXUE","","Chinese","Ruan Jian Xue Bao","Article","Final","","Scopus","2-s2.0-84965130846"
"Schmitt R.; Fürtjes T.; Abbas B.; Abel P.; Kimmelmann W.; Kosse P.; Buratti A.","Schmitt, Robert (55418282900); Fürtjes, Tobias (36717596300); Abbas, Bahoz (56900916500); Abel, Philipp (55315777600); Kimmelmann, Walter (6507363388); Kosse, Philipp (36739204600); Buratti, Andrea (55536822400)","55418282900; 36717596300; 56900916500; 55315777600; 6507363388; 36739204600; 55536822400","Real-Time Machine-Vision-System for an Automated Quality Monitoring in Mass Production of Multiaxial Non-crimp Fabrics","2016","Automation, Communication and Cybernetics in Science and Engineering 2015/2016","","","","769","782","3","10.1007/978-3-319-42620-4_59","https://www.scopus.com/pages/publications/105008160465?origin=resultslist","RWTH Aachen University, Manfred-Weck-Haus 219-225, Aachen, 52074, Germany; WZL, RWTH Aachen University, ADITEC-Gebäude 100-105, Aachen, 52074, Germany; IMA/ZLW & IfU, RWTH Aachen University, Dennewartstr. 27, Aachen, 52068, Germany; Institute of Textile Technology (ITA), RWTH Aachen University, Otto-Blumenthal-Str. 1, Aachen, 52074, Germany","Schmitt R., RWTH Aachen University, Manfred-Weck-Haus 219-225, Aachen, 52074, Germany; Fürtjes T., WZL, RWTH Aachen University, ADITEC-Gebäude 100-105, Aachen, 52074, Germany; Abbas B., IMA/ZLW & IfU, RWTH Aachen University, Dennewartstr. 27, Aachen, 52068, Germany; Abel P., Institute of Textile Technology (ITA), RWTH Aachen University, Otto-Blumenthal-Str. 1, Aachen, 52074, Germany; Kimmelmann W., RWTH Aachen University, Manfred-Weck-Haus 219-225, Aachen, 52074, Germany; Kosse P., WZL, RWTH Aachen University, ADITEC-Gebäude 100-105, Aachen, 52074, Germany; Buratti A., WZL, RWTH Aachen University, ADITEC-Gebäude 100-105, Aachen, 52074, Germany","Fiber-reinforced plastics (FRPs) are used in an increasing number of applications due to their advanced light-weight properties. Beside classical deployments in high-value industries like aerospace and medical engineering, FRP materials are pushed towards mass production by the automotive industry. To mass-produce FRP products, textile structures are commonly used as semifinished products, such as multiaxial non-crimp fabrics (NCFs). However, poor repeatability and missing textile defect detection in the automated manufacturing of FRP components are major cost factors and challenge economically the series production. Reduction of these cost factors is not yet possible due to the lack of closed-loop control systems. There is currently no real-time quality monitoring system capable of ensuring quality in NCF production. The purpose of this study is to develop tools and concepts for real-time quality control of non-crimp fabrics. Therefore, a real-time machine-vision system has been developed with the purpose of detecting relevant quality features in a textile sample in deterministic time conditions. The embedded system ensures the execution of all process steps, i.e. image acquisition, processing, and evaluation, under real-time conditions. The main focus of this work is laid on the real-time algorithms for an accurate and robust detection of the fiber orientation under industrial conditions. The developed real-time system has been tested on a textile sample and an assessment of the measurement uncertainty has been performed. Results show that the proposed system can successfully assess common textile quality features. © Science Direct 2015. Reprint by Springer International Publishing Switzerland 2016.","Automation; Manufacturing Processes; Quality Control; Real-Time Systems; Sensor Fusion","Automotive industry; Biomedical engineering; Closed loop control systems; Computer control systems; Fabrics; Interactive computer systems; Process control; Real time control; Textile industry; Uncertainty analysis; Cost-factors; Fibre-reinforced; Machine vision systems; Manufacturing process; Mass production; Multiaxial; Non-crimp fabrics; Real - Time system; Real time machine vision; Sensor fusion; Automation","R. Schmitt; RWTH Aachen University, Aachen, Manfred-Weck-Haus 219-225, 52074, Germany; email: R.Schmitt@wzl.rwth-aachen.de","","Springer International Publishing","","978-331942620-4; 978-331942619-8","","","English","Automation, Communication and Cybernetics in Science and Engineering 2015/2016","Book chapter","Final","","Scopus","2-s2.0-105008160465"
"An X.; Rutten E.; Diguet J.-P.; Le Griguer N.; Gamatié A.","An, Xin (59584586700); Rutten, Eric (56276265500); Diguet, Jean-Philippe (35614416800); Le Griguer, Nicolas (55486609500); Gamatié, Abdoulaye (16301118500)","59584586700; 56276265500; 35614416800; 55486609500; 16301118500","Discrete control for recon-gurable fpga-based embedded systems ?","2013","IFAC Proceedings Volumes (IFAC-PapersOnline)","4","PART 1","","151","156","5","10.3182/20130904-3-UK-4041.00017","https://www.scopus.com/pages/publications/84885656418?origin=resultslist","Grenoble, INRIA, France; Lab-STICC, Lorient, France; LIRMM, Montpellier, France","An X., Grenoble, INRIA, France; Rutten E., Grenoble, INRIA, France; Diguet J.-P., Lab-STICC, Lorient, France; Le Griguer N., Lab-STICC, Lorient, France; Gamatié A., LIRMM, Montpellier, France","This work presents an application of discrete controller synthesis (DCS) techniques to a class of dynamically reconfigurable embedded computing systems, and contributes to the general approach of control for feedback computing.We propose a general model for applications defined as data-ow graphs of computing tasks, and target execution architectures that are dynamically partially reconfigurable Field Programmable Gate Arrays (FPGAs). We define our model in terms of parallel automata. Then, we encode relevant scheduling and control requirements in terms of a DCS problem w.r.t. multiple constraints and objectives. We take into account the system reconfiguration overhead, and the resulting controller is able to make decisions by foreseeing their impact on future requests. We validate our approach by using the BZR programming language and Sigali tool for modelling and simulations, with a video processing system implementation on a specific FPGA platform. © 2013 IFAC.","Control of computing; Discrete controller synthesis; Dynamically partially reconfigurable fpga; Hardware architectures; Synchronous languages","Embedded systems; Field programmable gate arrays (FPGA); Logic Synthesis; Modeling languages; Reconfigurable architectures; Reconfigurable hardware; Video signal processing; Discrete controller synthesis; Embedded computing system; Hardware architecture; Modelling and simulations; Reconfigurable FPGA; Scheduling and controls; Synchronous languages; System reconfiguration; Controllers","","","IFAC Secretariat","14746670","","","","English","IFAC Proc. Vol. (IFAC-PapersOnline)","Conference paper","Final","","Scopus","2-s2.0-84885656418"
"","","","Proceedings of the 19th International Workshop on Software and Compilers for Embedded Systems, SCOPES 2016","2016","Proceedings of the 19th International Workshop on Software and Compilers for Embedded Systems, SCOPES 2016","","","","","","0","","https://www.scopus.com/pages/publications/84974627260?origin=resultslist","","","The proceedings contain 26 papers. The topics discussed include: cross-layer reliability modeling and optimization: compiler and run-time system interactions; compiler-directed data locality optimization in MATLAB; scalable DFA compilation for high-performance regular-expression matching; a rule-based methodology for hardware configuration validation in embedded systems; in-place update in a dataflow synchronous language: a retiming-enabled language experiment; introducing MoC drivers for the integration of sensor-actuator behaviors in model-based design flows of embedded systems; cache-aware instruction SPM allocation for hard real-time systems; practical challenges of ILP-based SPM allocation optimizations; determining performance boundaries on high-level system specifications; compositional temporal analysis method for fixed priority pre-emptive scheduled modal stream processing applications; and machine learning approach to generate Pareto front for list-scheduling algorithms.","","","","Stuijk S.","Association for Computing Machinery, Inc","","978-145034320-6","","","English","Proc. Int. Workshop Softw. Compil. Embedded Syst., SCOPES","Conference review","Final","","Scopus","2-s2.0-84974627260"
"Wu C.; Zhao Y.; Zhu H.","Wu, Chengcheng (56032123500); Zhao, Yongxin (36122020600); Zhu, Huibiao (14046380100)","56032123500; 36122020600; 14046380100","Unifying operational semantics with algebraic semantics for instantaneous reactions","2013","Lecture Notes in Computer Science (including subseries Lecture Notes in Artificial Intelligence and Lecture Notes in Bioinformatics)","7681 LNCS","","","186","203","0","10.1007/978-3-642-35705-3_9","https://www.scopus.com/pages/publications/84893771512?origin=resultslist","Shanghai Key Laboratory of Trustworthy Computing Software Engineering Institute, East China Normal University, China; School of Computing, National University of Singapore, Singapore, Singapore","Wu C., Shanghai Key Laboratory of Trustworthy Computing Software Engineering Institute, East China Normal University, China; Zhao Y., School of Computing, National University of Singapore, Singapore, Singapore; Zhu H., Shanghai Key Laboratory of Trustworthy Computing Software Engineering Institute, East China Normal University, China","The signal calculus for event-based synchronous languages is developed for the specification and programming of embedded systems. This paper first explores a structural operational semantics for conceptually instantaneous reactions of the signal calculus, which exhibits how the effectiveness of such reactions is produced. Further, we investigate the unifying theory of operational semantics and algebraic semantics for instantaneous reactions. On one hand, all the algebraic laws characterizing the primitives and the combinators can be established in terms of the suggested structural operational semantics which claims the soundness of the algebraic semantics. On the other hand, reactions which are equivalent from the operational perspective can be reduced to the same normal form and this demonstrates the relative completeness of algebraic semantics with respect to the operational semantics. © Springer-Verlag 2013.","","Calculations; Algebraic laws; Algebraic semantic; Combinators; Event-based; Instantaneous reaction; Operational semantics; Structural operational semantics; Synchronous languages; Computer programming languages","","","","16113349","978-364235704-6","","","English","Lect. Notes Comput. Sci.","Conference paper","Final","","Scopus","2-s2.0-84893771512"
"Loganathan V.; Prabakar S.; Sujeet R.; Senthilkumar Y.; Darshan S.S.; Denis S.","Loganathan, V. (59155457500); Prabakar, S. (36480483100); Sujeet, R. (60689897100); Senthilkumar, Yuvaraj (60689355800); Darshan, S.S. (60689084900); Denis, S. (60689627800)","59155457500; 36480483100; 60689897100; 60689355800; 60689084900; 60689627800","DEVELOPMENT OF A FIBRE REINFORCED POLYMER-BASED ROBOTIC EXOSKELETON FOR ASSISTIVE AND REHABILITATION MOBILITY","2026","2026 4th International Conference on Artificial Intelligence and Machine Learning Applications: Healthcare and Internet of Things, AIMLA 2026","","","","","","0","10.1109/AIMLA67915.2026.11522472","https://www.scopus.com/pages/publications/105041670029?origin=resultslist","Dept. of Biomedical Engineering, Sona College of Technology, Salem, 636005, India","Loganathan V., Dept. of Biomedical Engineering, Sona College of Technology, Salem, 636005, India; Prabakar S., Dept. of Biomedical Engineering, Sona College of Technology, Salem, 636005, India; Sujeet R., Dept. of Biomedical Engineering, Sona College of Technology, Salem, 636005, India; Senthilkumar Y., Dept. of Biomedical Engineering, Sona College of Technology, Salem, 636005, India; Darshan S.S., Dept. of Biomedical Engineering, Sona College of Technology, Salem, 636005, India; Denis S., Dept. of Biomedical Engineering, Sona College of Technology, Salem, 636005, India","The Lower-limb robotic exoskeletons are typically made from aluminium because of its strength and ease of manufacture; however, because of aluminium’s relatively high density, using aluminium in construction of an exoskeleton will increase the overall weight of the exoskeleton making it less portable and increasing the amount of torque required to operate the actuators, thus, increasing the amount of energy consumed to operate as well as decreasing the level of comfort experienced by the user over a period of time. Therefore, the objective of this study was to investigate the possibility of using Fibre Reinforced Polymer (FRP) instead of aluminium as the main structural material for a 2-DOF robotic exoskeleton. FRP has a much better strength-to-weight ratio compared to aluminium, offers better resistance to corrosion, has a longer fatigue life and provides better ergonomic adaptability than traditional aluminium structures. The proposed frame constructed from FRP will greatly reduce the total structural weight of the developed prototype exoskeleton by approximately 1.4 kg, reducing the amount of loading on the actuators and improve the operational efficiency of the exoskeleton. The development of the microcontroller-based control system with wireless communication to two actuators (one at the hip and one at the knee) will enable smooth and accurate controlled flexion and extension on the hip and knee joints of the user. Overall, by using fibre reinforced polymer as the primary structural material, the proposed design will improve energy efficiency, user comfort, and durability of lower-limb exoskeletons through decreased mass and optimally designed torque requirements. Results of this study show that Fibre Reinforced Polymer (FRP) is a feasible and viable alternative material for constructing lightweight, portable and energy-efficient lower-limb exoskeletons for rehabilitation and assistive applications. © 2026 IEEE.","2-DOF; Assistive System; Fibre Reinforced Polymer; Lightweight material; Rehabilitation; Robotic Exoskeleton; SolidWorks","Actuators; Bridge decks; Carrier mobility; Energy efficiency; Ergonomics; Fatigue of materials; Fibers; Joints (anatomy); Neuromuscular rehabilitation; 2-DOF; A.Fibres; Assistive system; Energy; Fiber-reinforced polymers; Fibre reinforced polymers; Lightweight materials; Lower limb; Robotic exoskeletons; SolidWorks; Exoskeleton (Robotics); Fiber reinforced plastics","","","Institute of Electrical and Electronics Engineers Inc.","","979-831950634-4","","","English","Int. Conf. Artif. Intell. Mach. Learn. Appl.: Healthc. Internet Things, AIMLA","Conference paper","Final","","Scopus","2-s2.0-105041670029"
"André C.; Mallet F.","André, Charles (56212847900); Mallet, Frédéric (24328821200)","56212847900; 24328821200","Specification and verification of time requirements with CCSL and esterel","2009","Proceedings of the ACM SIGPLAN Conference on Languages, Compilers, and Tools for Embedded Systems (LCTES)","","","","167","176","12","10.1145/1542452.1542475","https://www.scopus.com/pages/publications/70450263665?origin=resultslist","AOSTE Project, Université de Nice-Sophia Antipolis, INRIA Sophia-Antipolis Méditerranée, France","André C., AOSTE Project, Université de Nice-Sophia Antipolis, INRIA Sophia-Antipolis Méditerranée, France; Mallet F., AOSTE Project, Université de Nice-Sophia Antipolis, INRIA Sophia-Antipolis Méditerranée, France","The UML Profile forModeling and Analysis of Real-Time and Embedded (MARTE) systems has recently been adopted by the OMG. Its Time Model extends the informal and simplistic Simple Time package proposed by UML2 and offers a broad range of capabilities required to model real-time systems including discrete/dense and chronometric/logical time. MARTE OMG specification introduces a Time Structure inspired from Time models of the concurrency theory and proposes a new clock constraint specification language (CCSL) to specify, within the context of UML, logical and chronometric time constraints. This paper introduces the formal semantics of a fundamental subset of CCSL clock constraints and proposes a process to use CCSL both as a high-level specification language for UML models and as a golden model to verify the conformance of implementations with the specification. A digital filtering video application is used as a running example to support the discussion. The application is first formally specified with CCSL and the specification is refined based on feedback from our CCSL-dedicated simulator. In a second phase, an Esterel program of the application is considered. This program is instrumented with observers derived from the CCSL specification. Esterel Studio formal verification facilities are then used to check the conformity of the Esterel implementation with the CCSL specification. A specific library of Esterel observers has been built for this purpose. Copyright © 2009 ACM.","MARTE; Synchronous languages; Time model; UML","Computer graphics; Constraint theory; Embedded systems; Formal logic; Formal methods; High level languages; Linguistics; Program compilers; Query languages; Semantics; Simulators; Specification languages; Specifications; Clock constraints; Concurrency theory; Digital filtering; Esterel; Formal Semantics; Formal verifications; High level specification; Second phase; Specification and verification; Synchronous languages; Time constraints; Time model; Time requirements; UML Model; UML profiles; Video applications; Real time systems","C. André; AOSTE Project, Université de Nice-Sophia Antipolis, INRIA Sophia-Antipolis Méditerranée, France; email: candre@sophia.inria.fr","","","","978-160558356-3","","","English","Proc. ACM SIGPLAN Conf. Lang. Compilers Tools Embedded Syst.","Conference paper","Final","","Scopus","2-s2.0-70450263665"
"Sakurai Y.; Watanabe T.","Sakurai, Yoshitaka (57213438094); Watanabe, Takuo (36931774900)","57213438094; 36931774900","Towards a statically scheduled parallel execution of an FRP language for embedded systems","2019","REBLS 2019 - Proceedings of the 6th ACM SIGPLAN International Workshop on Reactive and Event-Based Languages and Systems, co-located with SPLASH 2019","","","","11","20","7","10.1145/3358503.3361276","https://www.scopus.com/pages/publications/85077185322?origin=resultslist","Department of Computer Science, Tokyo Institute of Technology, Tokyo, Japan","Sakurai Y., Department of Computer Science, Tokyo Institute of Technology, Tokyo, Japan; Watanabe T., Department of Computer Science, Tokyo Institute of Technology, Tokyo, Japan","This paper presents an automatic parallelization method for a pure FRP language designed for embedded systems. Recent advances in microprocessor technology make it possible to use multicore processors even in resource-constrained embedded systems. To fully utilize such processors with a pure FRP language, we propose a method for parallelizing signal graph updates. The method is based on a static scheduling algorithm because it should run with a simple RTOS or without the help of operating systems. To evaluate the proposed method, we implemented a parallelizing compiler for XFRP, a pure FRP language for embedded systems. In this paper, we describe the parallelizing method and show some preliminary evaluation results using Linux-based systems that demonstrate the effectiveness of the method. © 2019 Copyright held by the owner/author(s). Publication rights licensed to ACM.","Embedded Systems; Functional Reactive Programming; Parallelization; Scheduling","Computer operating systems; Functional programming; Multicore programming; Scheduling; Scheduling algorithms; Automatic Parallelization; Functional reactive programming; Linux-based system; Multi-core processor; Parallel executions; Parallelizations; Parallelizing compiler; Resource-constrained embedded systems; Embedded systems","","Salvaneschi G.; De Meuter W.; Eugster P.; Sant'Anna F.; Ziarek L.; Kamina T.; Masuhara H.","Association for Computing Machinery, Inc","","978-145036986-2","","","English","REBLS - Proc. ACM SIGPLAN Int. Workshop React. Event-Based Lang. Syst., co-located SPLASH","Conference paper","Final","","Scopus","2-s2.0-85077185322"
"Xin Y.; Hui L.","Xin, Yan (57220920104); Hui, Li (57202721115)","57220920104; 57202721115","Self-sensing concrete-filled FRP tube using FBG strain sensor","2007","Proceedings of SPIE - The International Society for Optical Engineering","6595 II","","65953I","","","2","10.1117/12.725928","https://www.scopus.com/pages/publications/34249088580?origin=resultslist","School of Civil Engineering, Harbin Institute of Technology, Harbin, 150090, China","Xin Y., School of Civil Engineering, Harbin Institute of Technology, Harbin, 150090, China; Hui L., School of Civil Engineering, Harbin Institute of Technology, Harbin, 150090, China","Concrete-filled fiber-reinforced polymer (FRP) tube is a type of newly developed structural column. It behaves brittle failure at its peak strength, and so the health monitoring on the hoop strain of the FRP tube is essential for the life cycle safety of the structure. Herein, the optic fiber Bragg grating (FBG) strain sensor was chosen as the strain measuring gauge and embedded in the inter-ply of fibers in the middle height and the hoop direction of the FRP tube. The compressive behaviors of the concrete-filled FRP tubes were experimentally studied. The hoop strain of the FRP tube was recorded in real time using the embedded FBG strain sensor as well as the embedded or surface electric resistance strain gauges. Results indicated that the FBG strain sensor can faithfully record the hoop strain of the concrete-filled FRP tubes in compression as compared with the embedded or surface electric resistance strain gauges, and the strain recorded can reach more than 7000με.","Concrete-filled FRP tube; Fiber Bragg grating; Self-sensing","Concrete reinforcements; Electric resistance; Embedded systems; Optical sensors; Structural health monitoring; Fiber-reinforced polymer (FRP); Hoop strain; Peak strength; Fiber Bragg gratings","Y. Xin; School of Civil Engineering, Harbin Institute of Technology, Harbin, 150090, China; email: yanxin66hrb@hit.edu.cn","","","0277786X","0819467278; 978-081946727-0","PSISD","","English","Proc SPIE Int Soc Opt Eng","Conference paper","Final","","Scopus","2-s2.0-34249088580"
"Straka V.A.","Straka, V.A. (8612636900)","8612636900","Bond of GFRPC ties in mortar","2003","Proceedings, Annual Conference - Canadian Society for Civil Engineering","2003","","","1114","1124","0","","https://www.scopus.com/pages/publications/33645735574?origin=resultslist","Department of Architectural Science, Ryerson University, Toronto, Ont., Canada","Straka V.A., Department of Architectural Science, Ryerson University, Toronto, Ont., Canada","The ties are transferring loads between the veneer and the backing are essential components ot the assembly. They are embedded in the mortar joints of the veneer masonry, cross the air space and are attached to the structural backing. The air space consists of compartments which are vented and drained with the air barrier on the outside face of the backing. The purpose of this air space is to allow the moisture which enters it through the veneer to drain and dry. The problem is that this space contains moisture (water) and air (oxygen), two agents which together cause the corrosion of steel. Thus, steel ties are placed in a potentially corrosive environment. More stringent protection of steel adopted by new standards may not enough, given the vital role of ties in the wall assembly. This paper outlines the procedure and reasons which led to the development of non-corrosive ties. The material containing glass fibers and produced by pultrusion was selected for a prototype development from a wide range of possible fiber reinforced polymer composites (FRPC). One of the areas of investigation and prime concern was the bond of the prototype tie in the mortar. Researchers previously reported low bond of FRP in masonry and concrete. The results of extensive testing of tie specimens embedded in brick and block are reported here.","","Bond (masonry); Corrosion; Embedded systems; Glass fibers; Moisture; Pultrusion; Veneers; Fiber reinforced polymer composites (FRPC).; Non-corrosive ties; Specimens; Wall assembly; Mortar","","","","","1894662040; 978-189466204-8","PCSEE","","English","Proc Annu Conf Can Soc Civ Eng","Conference paper","Final","","Scopus","2-s2.0-33645735574"
"Azam R.; Soudki K.; West J.; Noël M.","Azam, Rizwan (55233372900); Soudki, Khaled (7003507840); West, Jeffrey (7402746437); Noël, Martin (36731460800)","55233372900; 7003507840; 7402746437; 36731460800","CFRP grid embedded in mortar for strengthening of shear-critical RC beams","2019","Magazine of Concrete Research","71","14","","761","772","5","10.1680/jmacr.17.00398","https://www.scopus.com/pages/publications/85066783020?origin=resultslist","Department of Civil Engineering, University of Engineering and Technology Lahore, Pakistan; Department of Civil and Environmental Engineering, University of Waterloo, Waterloo, ON, Canada; Department of Civil Engineering, University of Ottawa, Ottawa, ON, Canada","Azam R., Department of Civil Engineering, University of Engineering and Technology Lahore, Pakistan, Department of Civil and Environmental Engineering, University of Waterloo, Waterloo, ON, Canada; Soudki K., Department of Civil and Environmental Engineering, University of Waterloo, Waterloo, ON, Canada; West J., Department of Civil and Environmental Engineering, University of Waterloo, Waterloo, ON, Canada; Noël M., Department of Civil Engineering, University of Ottawa, Ottawa, ON, Canada","A carbon fibre-reinforced polymer (CFRP) grid embedded in mortar (CGM) is an innovative strengthening system that has similar benefits to fibre-reinforced polymer (FRP) strengthening systems for concrete structures, but overcomes such drawbacks as poor compatibility with concrete substrate and lack of vapour permeability. A study was conducted to investigate the effectiveness of the CGM composite system to strengthen shear-critical reinforced-concrete beams. The results show that a CFRP grid embedded in mortar is effective in enhancing the load-carrying capacity of shear-critical reinforced-concrete beams. However, the effectiveness of CGM strengthening reduces with the presence of stirrups. In addition, the CGM strengthening slightly reduces the shear strength contribution from internal stirrups. The experimental shear strength contributions were also compared with predicted values based on North American FRP design guidelines with some modifications. © 2018 ICE Publishing: All rights reserved.","beams & girders; cement; cementitious materials; composite materials","Bridge decks; Carbon fiber reinforced plastics; Carbon fibers; Cements; Composite materials; Embedded systems; Fiber reinforced plastics; Mortar; Reinforced concrete; Reinforced plastics; Steel beams and girders; Cementitious materials; Cfrp grids; Concrete substrates; Fibre reinforced polymers; North American; Reinforced concrete beams; Shear critical; Strengthening systems; Concrete beams and girders","M. Noël; Department of Civil Engineering, University of Ottawa, Ottawa, Canada; email: martinnoel@uottawa.ca","","ICE Publishing","00249831","","MCORA","","English","Mag Concr Res","Article","Final","","Scopus","2-s2.0-85066783020"
"Schmitt R.; Fürtjes T.; Abbas B.; Abel P.; Kimmelmann W.; Kosse P.; Buratti A.","Schmitt, R. (55418282900); Fürtjes, T. (36717596300); Abbas, B. (56900916500); Abel, P. (55315777600); Kimmelmann, W. (6507363388); Kosse, P. (36739204600); Buratti, A. (55536822400)","55418282900; 36717596300; 56900916500; 55315777600; 6507363388; 36739204600; 55536822400","Real-time machine vision system for an automated quality monitoring in mass production of multiaxial non-crimp fabrics","2015","IFAC-PapersOnLine","28","3","","2393","2398","15","10.1016/j.ifacol.2015.06.446","https://www.scopus.com/pages/publications/84953911550?origin=resultslist","Department of Production Metrology and Quality Management (WZL), RWTH Aachen University, Aachen, 52074, Germany; Assoc. Institute for Management Cybernetics e.V. (IfU), RWTH Aachen University, Aachen, 52074, Germany; Institute of Textile Technology (ITA), RWTH Aachen University, Aachen, 52074, Germany","Schmitt R., Department of Production Metrology and Quality Management (WZL), RWTH Aachen University, Aachen, 52074, Germany; Fürtjes T., Department of Production Metrology and Quality Management (WZL), RWTH Aachen University, Aachen, 52074, Germany; Abbas B., Assoc. Institute for Management Cybernetics e.V. (IfU), RWTH Aachen University, Aachen, 52074, Germany; Abel P., Institute of Textile Technology (ITA), RWTH Aachen University, Aachen, 52074, Germany; Kimmelmann W., Department of Production Metrology and Quality Management (WZL), RWTH Aachen University, Aachen, 52074, Germany; Kosse P., Department of Production Metrology and Quality Management (WZL), RWTH Aachen University, Aachen, 52074, Germany; Buratti A., Department of Production Metrology and Quality Management (WZL), RWTH Aachen University, Aachen, 52074, Germany","Fiber-reinforced plastics (FRPs) are used in an increasing number of applications due to their advanced light-weight properties. Beside classical deployments in high-value industries like aerospace and medical engineering, FRP materials are pushed towards mass production by the automotive industry. To mass-produce FRP products, textile structures are commonly used as semifinished products, such as multiaxial non-crimp fabrics (NCFs). However, poor repeatability and missing textile defect detection in the automated manufacturing of FRP components are major cost factors and challenge economically the series production. Reduction of these cost factors is not yet possible due to the lack of closed-loop control systems. There is currently no real-time quality monitoring system capable of ensuring quality in NCF production. The purpose of this study is to develop tools and concepts for real-time quality control of non-crimp fabrics. Therefore, a real-time machine-vision system has been developed with the purpose of detecting relevant quality features in a textile sample in deterministic time conditions. The embedded system ensures the execution of all process steps, i.e. image acquisition, processing, and evaluation, under real-time conditions. The main focus of this work is laid on the real-time algorithms for an accurate and robust detection of the fiber orientation under industrial conditions. The developed real-time system has been tested on a textile sample and an assessment of the measurement uncertainty has been performed. Results show that the proposed system can successfully assess common textile quality features. © 2015, IFAC (International Federation of Automatic Control) Hosting by Elsevier Ltd. All rights reserved.","Automation; Manufacturing Processes; Quality Control; Real-Time Systems; Sensor Fusion","Automation; Automotive industry; Biomedical engineering; Closed loop control systems; Computer vision; Fiber reinforced plastics; Interactive computer systems; Machinery; Plastics applications; Process control; Quality control; Textile industry; Textiles; Uncertainty analysis; Monitoring; Quality assurance; Automated Manufacturing; Fiber reinforced plastics (FRPs); Manufacturing process; Measurement uncertainty; Real time machine vision; Real time quality control; Semi-finished products; Sensor fusion; Cost-factors; Machine vision systems; Mass production; Multiaxial; Non-crimp fabrics; Quality features; Real - Time system; Real time systems","","Dolgui A.; Sasiadek J.; Zaremba M.","","24058963","","","","English","IFAC-PapersOnLine","Conference paper","Final","All Open Access; Gold Open Access","Scopus","2-s2.0-84953911550"
"Rust C.; Tacken J.; Böke C.","Rust, Carsten (7003321251); Tacken, Jürgen (22735153900); Böke, Carsten (10139569700)","7003321251; 22735153900; 10139569700","Pr/T-net based seamless design of embedded real-time systems","2001","Lecture Notes in Computer Science (including subseries Lecture Notes in Artificial Intelligence and Lecture Notes in Bioinformatics)","2075","","","343","362","14","10.1007/3-540-45740-2_20","https://www.scopus.com/pages/publications/23044527264?origin=resultslist","C-LAB, Fürstenallee 11, Paderborn, D-33094, Germany; Paderborn University, Fürstenallee 11, Paderborn, D-33094, Germany","Rust C., C-LAB, Fürstenallee 11, Paderborn, D-33094, Germany; Tacken J., C-LAB, Fürstenallee 11, Paderborn, D-33094, Germany; Böke C., Paderborn University, Fürstenallee 11, Paderborn, D-33094, Germany","During the last years we have been working towards a complete design method for distributed embedded real-time systems. The main characteristic of the methodology is that within the critical phases of analysis and synthesis the system under development is available in one unique model, that of extended Pr/T-Nets. Among several other reasons we have chosen a high-level Petri Net model in order to benefit from the multitude of analysis and synthesis methods for Petri Nets. Even though the methodology is based upon one common model, it nevertheless supports the modeling of heterogeneous systems using different specification languages. The methodology was introduced and described in several former publications. In this paper we therefore only give a brief overview and afterwards go into details of our recent work, namely the transformation of proper Pr/T-Net-models into synchronous languages, the partitioning of Pr/T-Nets and an OS-integrated execution engine for Pr/T-Nets. © Springer-Verlag Berlin Heidelberg 2001.","","Design; Embedded systems; Interactive computer systems; Modeling languages; Petri nets; Specification languages; Analysis and synthesis; Critical phasis; Distributed Embedded Real-Time Systems; Embedded real time systems; Execution engine; Heterogeneous systems; High-level Petri net modeling; Synchronous languages; Real time systems","","Colom J.-M.; Departamento de Informática e Ingeniería de Sistemas, Centro Politécnico Superior, Universidad de Zaragoza, María de Luna, 3, Zaragoza, 50015; Koutny M.","Springer Verlag","03029743","3540422528","","","English","Lect. Notes Comput. Sci.","Conference paper","Final","","Scopus","2-s2.0-23044527264"
"Axer P.; Ernst R.; Falk H.; Girault A.; Grund D.; Guan N.; Jonsson B.; Marwedel P.; Reineke J.; Rochange C.; Sebastian M.; Von Hanxleden R.; Wilhelm R.; Yi W.","Axer, Philip (43860985000); Ernst, Rolf (7201529254); Falk, Heiko (14070119000); Girault, Alain (7005652499); Grund, Daniel (23088066500); Guan, Nan (21742419700); Jonsson, Bengt (57195650652); Marwedel, Peter (7003647614); Reineke, Jan (21741533900); Rochange, Christine (6506390547); Sebastian, Maurice (57189851194); Von Hanxleden, Reinhard (57192869992); Wilhelm, Reinhard (7102483210); Yi, Wang (56123437800)","43860985000; 7201529254; 14070119000; 7005652499; 23088066500; 21742419700; 57195650652; 7003647614; 21741533900; 6506390547; 57189851194; 57192869992; 7102483210; 56123437800","Building timing predictable embedded systems","2014","ACM Transactions on Embedded Computing Systems","13","4","82","","","90","10.1145/2560033","https://www.scopus.com/pages/publications/84961291367?origin=resultslist","TU Braunschweig, Germany; Ulm University, Germany; INRIA and University of Grenoble, France; Saarland University, Germany; Uppsala University, Sweden; TU Dortmund, Germany; University of Toulouse, France; CAU Kiel, Germany","Axer P., TU Braunschweig, Germany; Ernst R., TU Braunschweig, Germany; Falk H., Ulm University, Germany; Girault A., INRIA and University of Grenoble, France; Grund D., Saarland University, Germany; Guan N., Uppsala University, Sweden; Jonsson B., Uppsala University, Sweden; Marwedel P., TU Dortmund, Germany; Reineke J., Saarland University, Germany; Rochange C., University of Toulouse, France; Sebastian M., TU Braunschweig, Germany; Von Hanxleden R., CAU Kiel, Germany; Wilhelm R., Saarland University, Germany; Yi W., Uppsala University, Sweden","A large class of embedded systems is distinguished from general-purpose computing systems by the need to satisfy strict requirements on timing, often under constraints on available resources. Predictable system design is concerned with the challenge of building systems for which timing requirements can be guaranteed a priori. Perhaps paradoxically, this problem has become more difficult by the introduction of performanceenhancing architectural elements, such as caches, pipelines, and multithreading, which introduce a large degree of uncertainty and make guarantees harder to provide. The intention of this article is to summarize the current state of the art in research concerning how to build predictable yet performant systems. We suggest precise definitions for the concept of ""predictability"", and present predictability concerns at different abstraction levels in embedded system design. First, we consider timing predictability of processor instruction sets. Thereafter, we consider how programming languages can be equipped with predictable timing semantics, covering both a language-based approach using the synchronous programming paradigm, as well as an environment that provides timing semantics for a mainstream programming language (in this case C). We present techniques for achieving timing predictability on multicores. Finally, we discuss how to handle predictability at the level of networked embedded systems where randomly occurring errors must be considered. © 2014 ACM.","Embedded systems; Predictability; Resource sharing; Safety-critical systems; Timing analysis","C (programming language); Computational linguistics; Embedded software; Semantics; Systems analysis; Architectural element; General-purpose computing; Networked embedded systems; Predictability; Resource sharing; Safety critical systems; Synchronous programming; Timing Analysis; Embedded systems","","","Association for Computing Machinery","15399087","","","","English","ACM Trans. Embedded Comput. Syst.","Article","Final","All Open Access; Green Open Access; Hybrid Gold Open Access","Scopus","2-s2.0-84961291367"
"Dahlem M.; Schneider K.","Dahlem, Marc (56311651400); Schneider, Klaus (58406421600)","56311651400; 58406421600","Compiling synchronous languages to optimal move code for exposed datapath architectures","2020","Proceedings of the 23rd International Workshop on Software and Compilers for Embedded Systems, SCOPES 2020","","","","19","25","0","10.1145/3378678.3391877","https://www.scopus.com/pages/publications/85086731262?origin=resultslist","Insiders Technologies GmbH, Kaiserslautern, Germany; University of Kaiserslautern, Kaiserslautern, Germany","Dahlem M., Insiders Technologies GmbH, Kaiserslautern, Germany; Schneider K., University of Kaiserslautern, Kaiserslautern, Germany","Conventional processor architectures are limited in exploiting instruction level parallelism (ILP). One of the reasons for this limitation is their relatively low number of registers. Thus, recent processor architectures expose their datapaths so that the compiler can take care of directly transporting results from processing units to other processing units. Among these architectures, the Synchronous Control Asynchronous Dataflow (SCAD) architecture is a recently proposed exposed datapath architecture whose goal is to completely bypass the use of registers. Processor architectures with a high degree of ILP like SCAD are particularly useful for executing synchronous programs: The execution of a synchronous program is a sequence of reaction steps that consist of atomic actions that have to be executed in dataflow order. Synchronous programs typically provide a lot of ILP so that exposed datapath architectures may execute these programs efficiently. However, optimal code generation for SCAD is a big challenge: Previous work already showed how one can compile basic blocks to optimal move code for SCAD by means of answer set programming (ASP). This paper extends this approach in order to compile complete synchronous programs instead of only basic blocks to optimal move code. As a result, an ASP-based compiler was developed to translate Quartz programs to move code for the SCAD architecture by maximizing the use of the available ILP in the program while respecting the available resource limitations of the available processor. © 2020 ACM.","dataflow processors; execution time minimization; exposed datapath architectures; hardware synthesis; optimal code synthesis","Computer architecture; Embedded systems; Logic programming; Optimal systems; Answer set programming; Data-path architecture; Instruction level parallelism; Processor architectures; Resource limitations; Synchronous control; Synchronous languages; Synchronous program; Program compilers","","Stuijk S.","Association for Computing Machinery, Inc","","978-145037131-5","","","English","Proc. Int. Workshop Softw. Compil. Embed. Syst., SCOPES","Conference paper","Final","","Scopus","2-s2.0-85086731262"
"DeAntoni J.; Mallet F.","DeAntoni, Julien (11940341600); Mallet, Frédéric (24328821200)","11940341600; 24328821200","TimeSquare: Treat your models with logical time","2012","Lecture Notes in Computer Science (including subseries Lecture Notes in Artificial Intelligence and Lecture Notes in Bioinformatics)","7304 LNCS","","","34","41","78","10.1007/978-3-642-30561-0_4","https://www.scopus.com/pages/publications/84862237263?origin=resultslist","Aoste Team-Project, Université Nice Sophia Antipolis, INRIA Sophia Antipolis Méditerranée, Sophia Antipolis Cedex 06902, 2004 route des Lucioles, France","DeAntoni J., Aoste Team-Project, Université Nice Sophia Antipolis, INRIA Sophia Antipolis Méditerranée, Sophia Antipolis Cedex 06902, 2004 route des Lucioles, France; Mallet F., Aoste Team-Project, Université Nice Sophia Antipolis, INRIA Sophia Antipolis Méditerranée, Sophia Antipolis Cedex 06902, 2004 route des Lucioles, France","TimeSquare is an Eclipse and model-based environment for the specification, analysis and verification of causal and temporal constraints. It implements the MARTE Time Model and its specification language, the Clock Constraint Specification Language (ccsl). Both MARTE and ccsl heavily rely on logical time, made popular by its use in distributed systems and synchronous languages. Logical Time provides a relaxed form of time that is functional, elastic (can be abstracted or refined) and multiform. TimeSquare is based on the latest model-driven technology so that more than 60% of its code is automatically generated. It provides an XText-based editor of constraints, a polychronous clock calculus engine able to process a partial order conforming to the set of constraints and it supports several simulation policies. It has been devised to be connected to several back-ends developed as new plugins to produce timing diagrams, animate uml models, or execute Java code amongst others. © 2012 Springer-Verlag.","Embedded systems; Logical Time; Model-Driven Engineering; Polychronous specifications","Embedded systems; Specifications; Unified Modeling Language; Automatically generated; Clock calculus; Clock constraints; Distributed systems; Java codes; Logical Time; Model-driven; Model-driven Engineering; Partial order; Plug-ins; Synchronous languages; Temporal constraints; Time model; Timesquare; Timing diagrams; UML Model; Clocks","J. DeAntoni; Aoste Team-Project, Université Nice Sophia Antipolis, INRIA Sophia Antipolis Méditerranée, Sophia Antipolis Cedex 06902, 2004 route des Lucioles, France; email: julien.deantoni@inria.fr","","","16113349","978-364230560-3","","","English","Lect. Notes Comput. Sci.","Conference paper","Final","","Scopus","2-s2.0-84862237263"
"Williams B.C.; Ingham M.D.","Williams, Brian C. (7404502203); Ingham, Michel D. (7004330449)","7404502203; 7004330449","Model-based programming: Controlling embedded systems by reasoning about hidden state","2002","Lecture Notes in Computer Science (including subseries Lecture Notes in Artificial Intelligence and Lecture Notes in Bioinformatics)","2470","","","508","524","2","10.1007/3-540-46135-3_34","https://www.scopus.com/pages/publications/23044531999?origin=resultslist","Space Systems and Artificial Intelligence Laboratories, Massachusetts Institute of Technology, 77 Massachusetts Ave, Cambridge, 02139, MA, United States","Williams B.C., Space Systems and Artificial Intelligence Laboratories, Massachusetts Institute of Technology, 77 Massachusetts Ave, Cambridge, 02139, MA, United States; Ingham M.D., Space Systems and Artificial Intelligence Laboratories, Massachusetts Institute of Technology, 77 Massachusetts Ave, Cambridge, 02139, MA, United States","Programming complex embedded systems involves reasoning through intricate system interactions along paths between sensors, actuators and control processors. This is a time-consuming and error-prone process. Furthermore, the resulting code generally lacks modularity and robustness. Model-based programming addresses these limitations, allowing engineers to program by specifying high-level control strategies and by assembling common-sense models of the system hardware and software. To execute a control strategy, model-based executives reason about the models “on the fly”, to track system state, diagnose faults and perform reconfigurations. This paper describes the Reactive Model-based Programming Language (RMPL) and its executive, called Titan. RMPL provides the features of synchronous reactive languages with in a constraint-based modeling framework, with the added ability of being able to read and write to state variables that are hidden with in the physical plant. © Springer-Verlag Berlin Heidelberg 2002.","","Computer programming; Constraint theory; Industrial plants; Modeling languages; Constraint-based modeling; Control processors; Control strategies; Error-prone process; High level control; Intricate systems; Model-based programming; Reactive languages; Embedded systems","","Van Hentenryck P.; Brown University, Box 1910, Providence, 02912, RI","Springer Verlag","03029743","3540441204; 978-354044120-5","","","English","Lect. Notes Comput. Sci.","Conference paper","Final","","Scopus","2-s2.0-23044531999"
"Azam R.; Soudki K.; West J.S.; Noël M.","Azam, Rizwan (55233372900); Soudki, Khaled (7003507840); West, Jeffrey S. (7402746437); Noël, Martin (36731460800)","55233372900; 7003507840; 7402746437; 36731460800","Shear strengthening of RC deep beams with cement-based composites","2018","Engineering Structures","172","","","929","937","39","10.1016/j.engstruct.2018.06.085","https://www.scopus.com/pages/publications/85049089554?origin=resultslist","Department of Civil Engineering, University of Engineering & Technology Lahore, Pakistan; Civil and Environmental Engineering, University of Waterloo, Waterloo, N2L 3G1, ON, Canada; Department of Civil Engineering, University of Ottawa, Ottawa, K1N 6N5, ON, Canada; Civil and Environmental Engineering, University of Waterloo, Waterloo, N2L 3G1, ON, Canada","Azam R., Department of Civil Engineering, University of Engineering & Technology Lahore, Pakistan, Civil and Environmental Engineering, University of Waterloo, Waterloo, N2L 3G1, ON, Canada; Soudki K., Civil and Environmental Engineering, University of Waterloo, Waterloo, N2L 3G1, ON, Canada; West J.S., Civil and Environmental Engineering, University of Waterloo, Waterloo, N2L 3G1, ON, Canada; Noël M., Department of Civil Engineering, University of Ottawa, Ottawa, K1N 6N5, ON, Canada","The effectiveness of cement-based composite systems for strengthening reinforced concrete (RC) deep beams was compared to an epoxy-based carbon fiber reinforced polymer (CFRP) system. Two types of cement-based systems were investigated: carbon fabric reinforced cementitious mortar (CFRCM) and carbon fiber reinforced polymer (CFRP) grid embedded in mortar. Experimental results revealed that the cement-based strengthening systems performed better compared to the epoxy-based system in terms of the observed increase in shear capacity relative to the ultimate strengths of the strengthening system. This is possibly due to the bi-directional fabric used in the cement-based strengthening systems compared to the unidirectional sheets used in the epoxy-based strengthening system as well as their improved bond to the concrete substrate; the beams strengthened with CFRP sheets failed by debonding of the CFRP sheet, whereas no debonding was observed in beams strengthened with cement-based systems. The failure loads of tested beams were predicted using a simple strut and tie model by incorporating the effect of the strengthening system in the diagonal strut capacity. © 2018 Elsevier Ltd","Deep beam; Fabric reinforced cementitious mortar (FRCM); Fiber reinforced polymer (FRP); Reinforced concrete; Shear strengthening; Textile-reinforced concrete (TRC)","Carbon fiber reinforced plastics; Cements; Debonding; Embedded systems; Fiber reinforced plastics; Mortar; Polymers; Reinforced plastics; Cementitious mortars; Deep beam; Fiber reinforced polymers; Shear strengthening; Textile reinforced concretes; carbon fiber; mortar; polymer; reinforced concrete; shear strength; structural component; Reinforced concrete","M. Noël; Department of Civil Engineering, University of Ottawa, Ottawa, K1N 6N5, Canada; email: MartinNoel@uOttawa.ca","","Elsevier Ltd","01410296","","ENSTD","","English","Eng. Struct.","Article","Final","","Scopus","2-s2.0-85049089554"
"Chen J.; De Mendonça J.L.V.; Jalili S.; Ayele B.; Bekele B.N.; Qu Z.; Sharma P.; Shiferaw T.; Zhang Y.; Jeannin J.-B.","Chen, Jiawei (57987630300); De Mendonça, José Luiz Vargas (57987630400); Jalili, Shayan (57221818051); Ayele, Bereket (58082131600); Bekele, Bereket Ngussie (59179526500); Qu, Zhemin (58081607700); Sharma, Pranjal (58082304300); Shiferaw, Tigist (58081957400); Zhang, Yicheng (58081607800); Jeannin, Jean-Baptiste (53877887000)","57987630300; 57987630400; 57221818051; 58082131600; 59179526500; 58081607700; 58082304300; 58081957400; 58081607800; 53877887000","Synchronous Programming and Refinement Types in Robotics: From Verification to Implementation","2022","FTSCS 2022 - Proceedings of the 8th ACM SIGPLAN International Workshop on Formal Techniques for Safety-Critical Systems, co-located with SPLASH 2022","","","","68","79","2","10.1145/3563822.3568015","https://www.scopus.com/pages/publications/85147017142?origin=resultslist","University of Michigan, Ann Arbor, MI, United States; Addis Ababa Institute of Technology, Addis Ababa, Ethiopia","Chen J., University of Michigan, Ann Arbor, MI, United States; De Mendonça J.L.V., University of Michigan, Ann Arbor, MI, United States; Jalili S., University of Michigan, Ann Arbor, MI, United States; Ayele B., Addis Ababa Institute of Technology, Addis Ababa, Ethiopia; Bekele B.N., Addis Ababa Institute of Technology, Addis Ababa, Ethiopia; Qu Z., University of Michigan, Ann Arbor, MI, United States; Sharma P., University of Michigan, Ann Arbor, MI, United States; Shiferaw T., Addis Ababa Institute of Technology, Addis Ababa, Ethiopia; Zhang Y., University of Michigan, Ann Arbor, MI, United States; Jeannin J.-B., University of Michigan, Ann Arbor, MI, United States","Robots and other cyber-physical systems are held to high standards of safety and reliability, and thus one must be confident in the correctness of their software. Formal verification can provide such confidence, but programming languages that lend themselves well to verification often do not produce executable code, and languages that are executable do not typically have precise enough formal semantics. We present MARVeLus, a stream-based approach to combining verification and execution in a synchronous programming language that allows formal guarantees to be made about implementation-level source code. We then demonstrate the end-to-end process of developing a safe robotics application, from modeling and verification to implementation and execution. © 2022 ACM.","cyber-physical systems; formal verification; refinement types; robotics; synchronous programming","Computer hardware description languages; Cyber Physical System; Embedded systems; Robot programming; Semantics; Software reliability; Cybe-physical systems; Cyber-physical systems; Executable codes; Executables; Formal Semantics; High standards; Refinement type; Source codes; Stream-based; Synchronous programming; Formal verification","J. Chen; University of Michigan, Ann Arbor, United States; email: chenjw@umich.edu","Artho C.; Olveczky P.C.","Association for Computing Machinery, Inc","","978-145039907-4","","","English","FTSCS - Proc. ACM SIGPLAN Int. Workshop Formal Tech. Saf.-Crit. Syst., co-located SPLASH","Conference paper","Final","All Open Access; Green Open Access","Scopus","2-s2.0-85147017142"
"Belwal C.; Cheng A.M.K.; Liu B.","Belwal, Chaitanya (6507996126); Cheng, Albert M.K. (7402075079); Liu, Bo (55574234577)","6507996126; 7402075079; 55574234577","Feasibility interval for the transactional event handlers of P-FRP","2013","Journal of Computer and System Sciences","79","5","","530","541","5","10.1016/j.jcss.2012.11.006","https://www.scopus.com/pages/publications/84875226982?origin=resultslist","Department of Computer Science, University of Houston, TX, United States","Belwal C., Department of Computer Science, University of Houston, TX, United States; Cheng A.M.K., Department of Computer Science, University of Houston, TX, United States; Liu B., Department of Computer Science, University of Houston, TX, United States","Functional Reactive Programming (FRP) is a resource aware declarative approach for modeling and building safety-critical embedded systems. Recently, Priority-based FRP (P-FRP) was introduced as a formalism that guarantees real-time response. Due to the state-less nature of execution of functional programs, P-FRP implements a transactional nature of execution where preempted lower-priority tasks are aborted. This makes the response time of a lower-priority task completely dependent on the execution pattern of higher priority tasks. The feasibility interval in the classical preemptive model 1 of real-time systems is known and is dependent on the least common multiple (LCM) of task periods. However, since the abort nature of preemption can induce side-effects on the execution of lower-priority tasks, it has been unknown to date if the feasibility in P-FRP is also dependent on the LCM. In this paper, we rigorously prove that these side-effects of preemption are bounded within the LCM and formally derive a value of the feasibility interval in P-FRP. This value of feasibility interval is vital for more robust schedulability analysis of the P-FRP execution model. © 2012 Elsevier Inc.","Feasibility interval; Functional programming; Real-time systems; Response time analysis; Schedulability","Embedded systems; Functional programming; Interactive computer systems; Response time (computer systems); Safety engineering; Feasibility interval; Functional programs; Functional reactive programming; Least common multiple; Real time response; Response-time analysis; Schedulability; Schedulability analysis; Real time systems","C. Belwal; Department of Computer Science, University of Houston, TX, United States; email: cbelwal@cs.uh.edu","","Academic Press Inc.","00220000","","JCSSB","","English","J. Comput. Syst. Sci.","Article","Final","All Open Access; Bronze Open Access","Scopus","2-s2.0-84875226982"
"","","","Proceedings of the ACM SIGPLAN Conference on Languages, Compilers, and Tools for Embedded Systems (LCTES)","2018","Proceedings of the ACM SIGPLAN Conference on Languages, Compilers, and Tools for Embedded Systems (LCTES)","","","","","","0","","https://www.scopus.com/pages/publications/85050129892?origin=resultslist","","","The proceedings contain 12 papers. The topics discussed include: a memory-bounded, deterministic and terminating semantics for the synchronous programming language Ceau; MakeCode and CODAL: intuitive and efficient embedded systems programming for education; adaptive deep learning model selection on embedded systems; optimizing RAID/SSD controllers with lifetime extension for flash-based SSD array; compositionality in scenario-aware dataflow: a rendezvous perspective; decoupling address generation from loads and stores to improve data access energy efficiency; verification of coarse-grained reconfigurable arrays through random test programs; deep neural networks compiler for a trace-based accelerator; transparent standby for low-power, resource-constrained embedded systems: a programming language-based approach; statically relating program properties for efficient verification; JSCore: architectural support for accelerating JavaScript execution; and an open-source realtime computational platform.","","","","Dubach C.; Zhang Z.","Association for Computing Machinery","","978-145035803-3","","","English","Proc. ACM SIGPLAN Conf. Lang. Compilers Tools Embedded Syst.","Conference review","Final","","Scopus","2-s2.0-85050129892"
"Kim C.-J.; Yun J.-H.; Kim S.; Choe K.-M.; Han T.","Kim, Chul-Joo (36008584500); Yun, Jeong-Han (35148691700); Kim, Seonggun (15046648900); Choe, Kwang-Moo (56259553100); Han, Taisook (7202802359)","36008584500; 35148691700; 15046648900; 56259553100; 7202802359","Over-approximated control flow graph construction on pure Esterel","2010","IEICE Transactions on Information and Systems","E93-D","5","","985","993","1","10.1587/transinf.E93.D.985","https://www.scopus.com/pages/publications/77951868387?origin=resultslist","Division of Computer Science, Kaist, Daejeon, South Korea","Kim C.-J., Division of Computer Science, Kaist, Daejeon, South Korea; Yun J.-H., Division of Computer Science, Kaist, Daejeon, South Korea; Kim S., Division of Computer Science, Kaist, Daejeon, South Korea; Choe K.-M., Division of Computer Science, Kaist, Daejeon, South Korea; Han T., Division of Computer Science, Kaist, Daejeon, South Korea","Esterel is an imperative synchronous language for controldominant reactive systems. Regardless of imperative features of Esterel, combination of parallel execution and preemption makes it difficult to build control flow graphs (CFGs) of Esterel programs. Simple and convenient CFGs can help to analyze Esterel programs. However, previous researches are not suitable for flow analyses of imperative languages. In this work, we present a method to construct over-approximated CFGs for Pure Esterel. Generated CFGs expose invisible interferences among threads and show program structures explicitly so that they are useful for program analyses based on graph theory or control-/data- flows. Copyright © 2010 The Institute of Electronics, Information and Communication Engineers.","Control flow graph; Esterel; Synchronous language","Codes (symbols); Data flow analysis; Embedded systems; Esters; Graph theory; Graphic methods; Control flow graphs; Esterel; Imperative features; Imperative languages; Imperative synchronous languages; Parallel executions; Program structures; Synchronous languages; Flow graphs","C.-J. Kim; Division of Computer Science, Kaist, Daejeon, South Korea; email: chuljoo.kim@gmail.com","","Institute of Electronics, Information and Communication, Engineers, IEICE","09168532","","ITISE","","English","IEICE Trans Inf Syst","Article","Final","All Open Access; Gold Open Access","Scopus","2-s2.0-77951868387"
"Zhou Y.; Lee E.A.","Zhou, Ye (51565321700); Lee, Edward A. (7406967883)","51565321700; 7406967883","Causality interfaces for actor networks","2008","Transactions on Embedded Computing Systems","7","3","29","","","22","10.1145/1347375.1347382","https://www.scopus.com/pages/publications/43949125871?origin=resultslist","University of California, Berkeley, United States; Department of Electrical Engineering and Computer Sciences, University of California, Berkeley, CA 94720, United States","Zhou Y., University of California, Berkeley, United States, Department of Electrical Engineering and Computer Sciences, University of California, Berkeley, CA 94720, United States; Lee E.A., University of California, Berkeley, United States, Department of Electrical Engineering and Computer Sciences, University of California, Berkeley, CA 94720, United States","We consider concurrent models of computation where actors (components that are in charge of their own actions) communicate by exchanging messages. The interfaces of actors principally consist of ports, which mediate the exchange of messages. Actor-oriented architectures contrast with and complement object-oriented models by emphasizing the exchange of data between concurrent components rather than transformation of state. Examples of such models of computation include the classical actor model, synchronous languages, data-flow models, process networks, and discrete-event models. Many experimental and production languages used to design embedded systems are actor oriented and based on one of these models of computation. Many of these models of computation benefit considerably from having access to causality information about the components. This paper augments the interfaces of such components to include such causality information. It shows how this causality information can be algebraically composed so that compositions of components acquire causality interfaces that are inferred from their components and the interconnections. We illustrate the use of these causality interfaces to statically analyze timed models and synchronous language compositions for causality loops and data-flow models for deadlock. We also show that that causality analysis for each communication cycle can be performed independently and in parallel, and it is only necessary to analyze one port for each cycle. Finally, we give a conservative approximation technique for handling dynamically changing causality properties. © 2008 ACM.","Actors; Behavioral types; Causality; Data flow; Deadlock; Discrete-event models; Interfaces; Synchronous languages; Timed systems","Computation theory; Computer architecture; Data flow analysis; Mathematical models; Message passing; Behavioral types; Causality; Discrete event models; Synchronous languages; Timed systems; Interfaces (computer)","Y. Zhou; Department of Electrical Engineering and Computer Sciences, University of California, Berkeley, CA 94720, United States; email: zhouye@eecs.berkeley.edu","","","15583465","","","","English","Trans. Embedded Comput. Syst.","Article","Final","","Scopus","2-s2.0-43949125871"
"Lee E.A.; Zheng H.","Lee, Edward A. (7406967883); Zheng, Haiyang (37044156800)","7406967883; 37044156800","Leveraging synchronous language principles for heterogeneous modeling and design of embedded systems","2007","EMSOFT'07: Proceedings of the Seventh ACM and IEEE International Conference on Embedded Software","","","","114","123","82","10.1145/1289927.1289949","https://www.scopus.com/pages/publications/38849147599?origin=resultslist","Department of EECS, University of California, Berkeley, Berkeley, CA 94720, United States","Lee E.A., Department of EECS, University of California, Berkeley, Berkeley, CA 94720, United States; Zheng H., Department of EECS, University of California, Berkeley, Berkeley, CA 94720, United States","This paper gives a semantics for discrete-event (DE) models that generalizes that of synchronous/reactive (SR) languages, and a continuous-time (CT) semantics that generalizes the DE semantics. It shows that all three semantic models can be used in actor-oriented composition languages, and that despite the fact that CT is the most general, there are good reasons for using each of the more specialized semantics. Moreover, because of the generalization relationship between them, these three models of computation (MoCs) compose hierarchically in arbitrary order. We describe a design system that supports arbitrary combinations of these three MoCs, leveraging the actor abstract semantics of Ptolemy II. Copyright 2007 ACM.","Composition; Discrete events; Hybrid systems; Model-based design; Operational semantics; Simulation; Synchronous languages","Computer programming languages; Mathematical models; Semantics; Systems analysis; Discrete events; Synchronous languages; Embedded systems","E.A. Lee; Department of EECS, University of California, Berkeley, Berkeley, CA 94720, United States; email: eal@eecs.berkeley.edu","","","","978-159593825-1","","","English","EMSOFT07: Proc. ACM IEEE Int. Conf. Embedded Softw.","Conference paper","Final","","Scopus","2-s2.0-38849147599"
"André C.; Mallet F.","André, Charles (56212847900); Mallet, Frédéric (24328821200)","56212847900; 24328821200","Specification and verification of time requirements with CCSL and esterel","2009","ACM SIGPLAN Notices","44","7","","167","176","19","10.1145/1543136.1542475","https://www.scopus.com/pages/publications/67650792460?origin=resultslist","AOSTE Project, I3S/INRIA, Université de Nice-Sophia Antipolis, INRIA Sophia-Antipolis Méditerranée, France","André C., AOSTE Project, I3S/INRIA, Université de Nice-Sophia Antipolis, INRIA Sophia-Antipolis Méditerranée, France; Mallet F., AOSTE Project, I3S/INRIA, Université de Nice-Sophia Antipolis, INRIA Sophia-Antipolis Méditerranée, France","The UML Profile for Modeling and Analysis of Real-Time and Embedded (MARTE) systems has recently been adopted by the OMG. Its Time Model extends the informal and simplistic Simple Time package proposed by UML2 and offers a broad range of capabilities required to model real-time systems including discrete/dense and chronometric/logical time. MARTE OMG specification introduces a Time Structure inspired from Time models of the concurrency theory and proposes a new clock constraint specification language (CCSL) to specify, within the context of UML, logical and chronometric time constraints. This paper introduces the formal semantics of a fundamental subset of CCSL clock constraints and proposes a process to use CCSL both as a high-level specification language for UML models and as a golden model to verify the conformance of implementations with the specification. A digital filtering video application is used as a running example to support the discussion. The application is first formally specified with CCSL and the specification is refined based on feedback from our CCSL-dedicated simulator. In a second phase, an Esterel program of the application is considered. This program is instrumented with observers derived from the CCSL specification. Esterel Studio formal verification facilities are then used to check the conformity of the Esterel implementation with the CCSL specification. A specific library of Esterel observers has been built for this purpose. Copyright © 2009.","MARTE; Synchronous languages; Time model; UML","Application programs; Clocks; Embedded systems; Esters; Formal verification; High level languages; Interactive computer systems; Semantics; Specification languages; Specifications; Unified Modeling Language; Concurrency theory; High level specification; MARTE; Model and analysis; Specification and verification; Synchronous languages; Time model; Video applications; Real time systems","C. André; AOSTE Project, I3S/INRIA, Université de Nice-Sophia Antipolis, INRIA Sophia-Antipolis Méditerranée, France; email: candre@sophia.inria.fr","","Association for Computing Machinery","15232867","","","","English","ACM SIGPLAN Not.","Conference paper","Final","","Scopus","2-s2.0-67650792460"
"Varoumas S.; Crolard T.","Varoumas, Steven (57209978416); Crolard, Tristan (6508025844)","57209978416; 6508025844","WCET of OCaML bytecode on microcontrollers: An automated method and its formalisation","2019","OpenAccess Series in Informatics","72","","5","","","2","10.4230/OASIcs.WCET.2019.5","https://www.scopus.com/pages/publications/85069211013?origin=resultslist","Sorbonne Université, CNRS, Laboratoire d'Informatique de Paris 6, LIP6, Paris, F-75005, France; Cnam, Centre d'études et de recherche en informatique et communications, Cédric 292 rue Saint Martin, Paris, 75003, France","Varoumas S., Sorbonne Université, CNRS, Laboratoire d'Informatique de Paris 6, LIP6, Paris, F-75005, France, Cnam, Centre d'études et de recherche en informatique et communications, Cédric 292 rue Saint Martin, Paris, 75003, France; Crolard T., Cnam, Centre d'études et de recherche en informatique et communications, Cédric 292 rue Saint Martin, Paris, 75003, France","Considering the bytecode representation of a program written in a high-level programming language enables portability of its execution as well as a factorisation of various possible analyses of this program. In this article, we present a method for computing the worst-case execution time (WCET) of an embedded bytecode program fit to run on a microcontroller. Due to the simple memory model of such a device, this automated WCET computation relies only on a control-flow analysis of the program, and can be adapted to multiple models of microcontrollers. This method evaluates the bytecode program using concrete as well as partially unknown values, in order to estimate its longest execution time. We present a software tool, based on this method, that computes the WCET of a synchronous embedded OCaml program. One key contribution of this article is a mechanically checked formalisation of the aforementioned method over an idealised bytecode language, as well as its proof of correctness. © Daniel Kästner, Markus Pister, Simon Wegener, and Christian Ferdinand;","Bytecode; Microcontrollers; OCaml; Synchronous programming; Worst-case execution time","Controllers; High level languages; Bytecode representation; Bytecodes; Control flow analysis; High-level programming language; OCaml; Proof of correctness; Synchronous programming; Worst-case execution time; Microcontrollers","","Altmeyer S.","Schloss Dagstuhl- Leibniz-Zentrum fur Informatik GmbH, Dagstuhl Publishing","21906807","978-395977118-4","","","English","OpenAccess Ser. Informatics","Conference paper","Final","","Scopus","2-s2.0-85069211013"
"Andalam S.; Roop P.S.; Girault A.; Traulsen C.","Andalam, Sidharta (26657876800); Roop, Partha S. (6602395877); Girault, Alain (7005652499); Traulsen, Claus (14042787700)","26657876800; 6602395877; 7005652499; 14042787700","A predictable framework for safety-critical embedded systems","2014","IEEE Transactions on Computers","63","7","6463378","1600","1612","25","10.1109/TC.2013.28","https://www.scopus.com/pages/publications/84903592108?origin=resultslist","Department of Electrical and Computer Engineering, University of Auckland, Auckland 1010, New Zealand; INRIA Grenoble Rhône-Alpes, LIG, POP ART Team, Grenoble 38330, France; Christian-Albrechts Universitat zu Kiel, Kiel 24118, Germany","Andalam S., Department of Electrical and Computer Engineering, University of Auckland, Auckland 1010, New Zealand; Roop P.S., Department of Electrical and Computer Engineering, University of Auckland, Auckland 1010, New Zealand; Girault A., INRIA Grenoble Rhône-Alpes, LIG, POP ART Team, Grenoble 38330, France; Traulsen C., Christian-Albrechts Universitat zu Kiel, Kiel 24118, Germany","Safety-critical embedded systems, commonly found in automotive, space, and health-care, are highly reactive and concurrent. Their most important characteristics are that they require both functional and timing correctness. C has been the language of choice for programming such systems. However, C lacks many features that can make the design process of such systems seamless while also maintaining predictability. This paper addresses the need for a C-based design framework for achieving time predictability. To this end, we propose the PRET-C language and the ARPRET architecture. PRET-C offers a small set of extensions to a subset of C to facilitate effective concurrent programming. We present a new synchronous semantics for PRET-C. It guarantees that all PRET-C programs are deterministic, reactive, and provides thread-safe communication via shared memory access. This simplifies considerably the design of safety-critical systems. We also present the architecture of a precision timed machine (PRET) called ARPRET. It offers the ability to design time predictable architectures through simple customizations of soft-core processors. We have designed ARPRET particularly for efficient and predictable execution of PRET-C. We demonstrate through extensive benchmarking that PRET-C based system design excels in comparison to existing C-based paradigms. We also qualitatively compare our approach to the Berkeley-Columbia PRET approach. We have demonstrated that the proposed approach provides an ideal framework for designing and validating safety-critical embedded systems. © 2014 IEEE.","PRET; PRET-C; Safety-critical systems; synchronous languages; time predictability; WCET; WCRT","Architecture; Computer programming; Design; Embedded systems; Safety engineering; Security systems; Semantics; Systems analysis; PRET; PRET-C; Safety critical systems; Synchronous languages; Time predictabilities; WCET; WCRT; C (programming language)","","","IEEE Computer Society","00189340","","ITCOB","","English","IEEE Trans Comput","Article","Final","","Scopus","2-s2.0-84903592108"
"Wang S.; Watanabe T.","Wang, Sheng (57210816688); Watanabe, Takuo (36931774900)","57210816688; 36931774900","Functional Reactive EDSL with Asynchronous Execution for Resource-Constrained Embedded Systems","2020","Studies in Computational Intelligence","850","","","171","190","5","10.1007/978-3-030-26428-4_12","https://www.scopus.com/pages/publications/85071519053?origin=resultslist","Department of Computer Science, Tokyo Institute of Technology, W8-75, 2-12-1 Ookayama, Meguroku, Tokyo, 152-8552, Japan","Wang S., Department of Computer Science, Tokyo Institute of Technology, W8-75, 2-12-1 Ookayama, Meguroku, Tokyo, 152-8552, Japan; Watanabe T., Department of Computer Science, Tokyo Institute of Technology, W8-75, 2-12-1 Ookayama, Meguroku, Tokyo, 152-8552, Japan","This paper presents a functional reactive embedded domain-specific language (EDSL) for resource-constrained embedded systems and its efficient execution method. In the language, time-varying values changes at discrete points of time rather than continuously. Combined with a mechanism to let users designate the update interval of values, it is possible to derive the minimal value-updates required to produce the user-desired output. Also, the event-driven backend asynchronously updates an input value when its value is required. In this way, we can greatly reduce the number of updates. © 2020, Springer Nature Switzerland AG.","Embedded domain-specific language; Embedded systems; Functional reactive programming; Haskell","","T. Watanabe; Department of Computer Science, Tokyo Institute of Technology, Meguroku, Tokyo, W8-75, 2-12-1 Ookayama, 152-8552, Japan; email: takuo@acm.org","","Springer Verlag","1860949X","","","","English","Stud. Comput. Intell.","Book chapter","Final","","Scopus","2-s2.0-85071519053"
"Yip E.; Girault A.; Roop P.S.; Biglari-Abhari M.","Yip, Eugene (59117934100); Girault, Alain (7005652499); Roop, Partha S. (6602395877); Biglari-Abhari, Morteza (7801530871)","59117934100; 7005652499; 6602395877; 7801530871","Synchronous Deterministic Parallel Programming for Multi-Cores with ForeC","2023","ACM Transactions on Programming Languages and Systems","45","2","11","","","3","10.1145/3591594","https://www.scopus.com/pages/publications/85165701562?origin=resultslist","Software Technologies Research Group, University of Bamberg, Bamberg, 96047, Germany; Univ. Grenoble Alpes, Inria, Cnrs, Grenoble Inp, Lig, France; Department of Ece, The University of Auckland, New Zealand","Yip E., Software Technologies Research Group, University of Bamberg, Bamberg, 96047, Germany; Girault A., Univ. Grenoble Alpes, Inria, Cnrs, Grenoble Inp, Lig, France; Roop P.S., Department of Ece, The University of Auckland, New Zealand; Biglari-Abhari M., Department of Ece, The University of Auckland, New Zealand","Embedded real-time systems are tightly integrated with their physical environment. Their correctness depends both on the outputs and timeliness of their computations. The increasing use of multi-core processors in such systems is pushing embedded programmers to be parallel programming experts. However, parallel programming is challenging because of the skills, experiences, and knowledge needed to avoid common parallel programming traps and pitfalls. This article proposes the ForeC synchronous multi-threaded programming language for the deterministic, parallel, and reactive programming of embedded multi-cores. The synchronous semantics of ForeC is designed to greatly simplify the understanding and debugging of parallel programs. ForeC ensures that ForeC programs can be compiled efficiently for parallel execution and be amenable to static timing analysis. ForeC's main innovation is its shared variable semantics that provides thread isolation and deterministic thread communication. All ForeC programs are correct by construction and deadlock free because no non-deterministic constructs are needed. We have benchmarked our ForeC compiler with several medium-sized programs (e.g., a 2.274-line ForeC program with up to 26 threads and distributed on up to 10 cores, which was based on a 2.155-line non-multi-threaded C program). These benchmark programs show that ForeC can achieve better parallel performance than Esterel, a widely used imperative synchronous language for concurrent safety-critical systems, and is competitive in performance to OpenMP, a popular desktop solution for parallel programming (which implements classical multi-threading, hence is intrinsically non-deterministic). We also demonstrate that the worst-case execution time of ForeC programs can be estimated to a high degree of precision.  © 2023 Copyright held by the owner/author(s). Publication rights licensed to ACM.","code generation; determinism; multi-core; parallelism; Programming language; reactive programming; semantics; synchronous; worst-case execution time","Application programming interfaces (API); Benchmarking; C (programming language); Embedded systems; Interactive computer systems; Multicore programming; Program compilers; Program debugging; Real time systems; Safety engineering; Semantics; Codegeneration; Determinism; Deterministics; Embedded real time systems; Multi-cores; Multithreaded; Parallelism; Reactive programming; Synchronoi; Worst-case execution time; Parallel programming","","","Association for Computing Machinery","01640925","","ATPSD","","English","ACM Trans Program Lang Syst","Article","Final","All Open Access; Green Open Access; Hybrid Gold Open Access","Scopus","2-s2.0-85165701562"
"","","","EMSOFT'07: Proceedings of the Seventh ACM and IEEE International Conference on Embedded Software","2007","EMSOFT'07: Proceedings of the Seventh ACM and IEEE International Conference on Embedded Software","","","","288","","0","","https://www.scopus.com/pages/publications/38849146263?origin=resultslist","","","The proceedings contain 32 papers. The topics discussed include: methods for multi-dimensional robustness optimization in complex embedded systems; performance analysis of distributed embedded systems; leveraging synchronous language principles for heterogeneous modeling and design of embedded systems; necessary and sufficient conditions for deterministic desynchronization; virtual execution of AADL models via a translation into synchronous programs; uniformity improving page allocation for flash memory file systems; exploiting non-volatile RAM to enhance flash file system performance; block recycling schemes and their cost-based optimization in NAND flash memory based storage system; performance estimation of distributed real-time embedded systems by discrete event simulations; influence of different system abstractions on the performance analysis of distributed real-time systems; and user-centered semiautomatic assistive devices.","","Distributed computer systems; Flash memory; Large scale systems; NAND circuits; Storage allocation (computer); Synchronization; Desynchronization; Distributed embedded systems; Real time embedded systems; Synchronous language; Embedded systems","","","","","978-159593825-1","","","English","EMSOFT07: Proc. ACM IEEE Int. Conf. Embedded Softw.","Conference review","Final","","Scopus","2-s2.0-38849146263"
"Rafique O.; Gesell M.; Schneider K.","Rafique, Omair (56024076100); Gesell, Manuel (27567687900); Schneider, Klaus (58406421600)","56024076100; 27567687900; 58406421600","Targeting different abstraction layers by model-based design methods for embedded systems: A case study","2013","2013 IEEE 19th International Conference on Embedded and Real-Time Computing Systems and Applications, RTCSA 2013","","","6732235","334","337","2","10.1109/RTCSA.2013.6732235","https://www.scopus.com/pages/publications/84899412011?origin=resultslist","Department of Computer Science, University of Kaiserslautern, Kaiserslautern, Germany","Rafique O., Department of Computer Science, University of Kaiserslautern, Kaiserslautern, Germany; Gesell M., Department of Computer Science, University of Kaiserslautern, Kaiserslautern, Germany; Schneider K., Department of Computer Science, University of Kaiserslautern, Kaiserslautern, Germany","In this paper, we show how code can be generated at different levels of abstraction from a single source description. To this end, we use a model-driven development tool called Averest that is based on a synchronous programming language. We illustrate our approach by means of a case study from the domain of distributed real-time automotive embedded systems. This paper focuses thereby mainly on the use of the Averest toolkit to generate code at different levels of abstraction. © 2013 IEEE.","","Computer programming; Computer science; Abstraction layer; Automotive embedded systems; Levels of abstraction; Model driven development; Model-based design; Single source; Synchronous programming; Embedded systems","","","IEEE Computer Society","","","","","English","IEEE Int. Conf. Embedded Real-Time Comput. Syst. Appl., RTCSA","Conference paper","Final","","Scopus","2-s2.0-84899412011"
"Susini J.-F.","Susini, Jean-Ferdy (55275710100)","55275710100","The reactive programming approach on top of Java/J2ME","2006","ACM International Conference Proceeding Series","177","","","227","236","3","10.1145/1167999.1168037","https://www.scopus.com/pages/publications/34547345741?origin=resultslist","CEDRIC Laboratory, Conservatoire National des Arts et Mtiers, 75141, Paris, 292, rue Saint Martin, France","Susini J.-F., CEDRIC Laboratory, Conservatoire National des Arts et Mtiers, 75141, Paris, 292, rue Saint Martin, France","Concurrent design facilitate the programming of interactive applications such as games or simulations of virtual worlds. Java has popularized the use of multithreaded programming to address multiple concurrency issues in applications. However, threads are not always fine-grained enough to be successfully applied in all circumstances, especially when it comes to programming on customer electronic devices such as mobile phone or personal digital assistant. The lack of resources (memory, processing power, ...) on such devices makes necessary to be regardful of what is done and when. Even if timing requirements are not hard real time, reactivity of such concurrent systems must be ensured. In this paper, we present the SugarCubes framework and its new features which provide an alternate way to express concurrency in applications, based on the synchronous reactive programming approach. We propose to adapt that programming framework to J2ME in order to build modular embedded interactive applications. Copyright 2006 ACM.","Concurrent programming; Embedded systems; J2ME; Java; Multi-clock reactive systems; Reactive programming approach; Synchronous-asynchronous interaction","Computer simulation; Concurrent engineering; Electronic equipment; Java programming language; Concurrent programming; Multi-clock reactive systems; Reactive programming approach; Synchronous-asynchronous interaction; Computer programming","J.-F. Susini; CEDRIC Laboratory, Conservatoire National des Arts et Mtiers, 75141, Paris, 292, rue Saint Martin, France; email: jean-ferdinand.susini@cnam.fr","","","","","","","English","ACM Int. Conf. Proc. Ser.","Conference paper","Final","","Scopus","2-s2.0-34547345741"
"Singh S.","Singh, Satnam (59833871100)","59833871100","A demonstration of co-design and co-verification in a synchronous language","2004","Proceedings -Design, Automation and Test in Europe, DATE","2","","1269104","1394","1395","0","10.1109/DATE.2004.1269104","https://www.scopus.com/pages/publications/3042662119?origin=resultslist","Xilinx Inc., San Jose, CA 95124, 2100 Logic Drive, United States","Singh S., Xilinx Inc., San Jose, CA 95124, 2100 Logic Drive, United States","This paper illustrates how the synchronous programming language Esterel [3] can be used to design and verify both hardware and software. Also illustrates that power of combining these two complementary technologies for the design and verification of embedded systems. Finally we show how the Esterel technique fits into a conventional system level design flow based on Xilinx's Virtex-II PRO FPGA and present several case studies and actual demonstration of a complete system from concept to implementation. © 2004 IEEE.","","Embedded software; Hardware-software codesign; Integrated circuit design; Printed circuit design; Co-designs; Co-verification; Conventional systems; Design verification; Embedded-system; Esterel; Hardware and software; Power; Synchronous languages; Synchronous programming; Embedded systems","S. Singh; Xilinx Inc., San Jose, CA 95124, 2100 Logic Drive, United States; email: Satnam.Singh@xilinx.com","","Institute of Electrical and Electronics Engineers Inc.","15301591","0769520855; 978-076952085-8","","","English","Proc. Des. Autom. Test Eur. DATE","Conference paper","Final","","Scopus","2-s2.0-3042662119"
"Baird A.; Panda A.; Pearce H.; Pinisetty S.; Roop P.","Baird, Alex (58003044900); Panda, Abhinandan (57211976873); Pearce, Hammond (57190837137); Pinisetty, Srinivas (55568660700); Roop, Partha (6602395877)","58003044900; 57211976873; 57190837137; 55568660700; 6602395877","Scalable Security Enforcement for Cyber Physical Systems","2024","IEEE Access","12","","","14385","14410","5","10.1109/ACCESS.2024.3357714","https://www.scopus.com/pages/publications/85183942401?origin=resultslist","The University of Auckland, Department of Electrical, Computer and Software Engineering, Auckland, 1010, New Zealand; Indian Institute of Technology (IIT) Bhubaneswar, School of Electrical Sciences, Bhubaneswar, 752050, India; University of New South Wales, School of Computer Science and Engineering, Sydney, 2052, NSW, Australia","Baird A., The University of Auckland, Department of Electrical, Computer and Software Engineering, Auckland, 1010, New Zealand; Panda A., Indian Institute of Technology (IIT) Bhubaneswar, School of Electrical Sciences, Bhubaneswar, 752050, India; Pearce H., University of New South Wales, School of Computer Science and Engineering, Sydney, 2052, NSW, Australia; Pinisetty S., Indian Institute of Technology (IIT) Bhubaneswar, School of Electrical Sciences, Bhubaneswar, 752050, India; Roop P., The University of Auckland, Department of Electrical, Computer and Software Engineering, Auckland, 1010, New Zealand","The security of Cyber-Physical Systems (CPSs) is increasingly important as more and more of these systems are added to the Internet of Things (IoT). As we increase the complexity and connectivity of our smart systems, we likewise broaden their digital attack surface. Recorded attacks on CPSs have caused significant physical impacts making methods for mitigation of attacks of paramount importance. The use of runtime enforcement (RE) can prevent violation of security policies. Here, runtime enforcers intervene before the CPS is compromised. Two key challenges are presented: (1) for complex systems, methods for automatically composing multiple policies are lacking; and (2) runtime enforcers are themselves executed digitally - meaning they too could have potential security vulnerabilities. We present the first comprehensive runtime enforcement framework which addresses both challenges. It can compose a lot of security policies in parallel and synthesize these policies into the more trustworthy hardware layers of a system. This removes reliance on potentially vulnerable firmware and software layers. We demonstrate our approach with policies to mitigate a set of attacks on a Fused Filament Fabrication (FFF) 3D printer. The experimental results show linear growth in logic element and register usage as the number of policies increase. This compares favourably to the exponential state space explosion that occurs with the conventional approach of monolithic composition. Additionally, we find higher enforcer clock frequencies are possible with the proposed parallel approach compared to existing serial approaches.  © 2013 IEEE.","cyber-physical systems; runtime enforcement; Security; synchronous programming","3D printing; Cybersecurity; Embedded systems; Firmware; Internet of things; Printing presses; Security systems; Three dimensional displays; Cybe-physical systems; Cyber-physical systems; Hardware; Printer; Runtime enforcements; Runtimes; Security; Software; Synchronous programming; Three-dimensional display; Cyber Physical System","P. Roop; The University of Auckland, Department of Electrical, Computer and Software Engineering, Auckland, 1010, New Zealand; email: p.roop@auckland.ac.nz","","Institute of Electrical and Electronics Engineers Inc.","21693536","","","","English","IEEE Access","Article","Final","All Open Access; Gold Open Access; Green Open Access","Scopus","2-s2.0-85183942401"
"Caspi P.; Colaço J.-L.; Gérard L.; Pouzet M.; Raymond P.","Caspi, Paul (7003700523); Colaço, Jean-Louis (10138798400); Gérard, Léonard (28067944000); Pouzet, Marc (57202122440); Raymond, Pascal (14014305600)","7003700523; 10138798400; 28067944000; 57202122440; 14014305600","Synchronous objects with scheduling policies: Introducing safe shared memory in luster","2009","ACM SIGPLAN Notices","44","7","","11","20","1","","https://www.scopus.com/pages/publications/67650831249?origin=resultslist","VERIMAG, Grenoble, France; Prover Technology, Toulouse, Sweden; LRI, Univ. Paris-Sud 11, INRIA, Orsay, France","Caspi P., VERIMAG, Grenoble, France; Colaço J.-L., Prover Technology, Toulouse, Sweden; Gérard L., LRI, Univ. Paris-Sud 11, INRIA, Orsay, France; Pouzet M., LRI, Univ. Paris-Sud 11, INRIA, Orsay, France; Raymond P., VERIMAG, Grenoble, France","This paper addresses the problem of designing and implementing complex control systems for real-time embedded software. Typical applications involve different control laws corresponding to different phases or modes, e.g., take-off, full flight and landing in a fly-by-wire control system. On one hand, existing methods such as the combination of Simulink/Stateflow provide powerful but unsafe mechanisms by means of imperative updates of shared variables. On the other hand, synchronous languages and tools such as Esterel or SCADE/Lustre are too restrictive and forbid to fully separate the specification of modes from their actual instantiation with a particular control automaton. In this paper, we introduce a conservative extension of a synchronous data-flow language close to Lustre, in order to be able to define systems with modes in a more modular way, while insuring the absence of data-races. We show that such a system can be viewed as an object where modes are methods acting on a shared memory. The object is associated to a scheduling policy which specifies the ways methods can be called to build a valid synchronous reaction. We show that the verification of the proper use of an object reduces to a type inference problem using row types introduced by Wand, Rémy and Vouillon. We define the semantics of the extended synchronous language and the type system. The proposed extension has been implemented and we illustrate its use through several examples. Copyright © 2009.","Block-diagrams; Compilation; Real-time systems; Semantics; Synchronous languages; Type systems","Control; Embedded software; Embedded systems; Flight control systems; Hand tools; Linguistics; Query languages; Scheduling; Semantics; Block-diagrams; Compilation; Complex control systems; Conservative extensions; Control laws; Esterel; Existing method; Fly-by-wire control systems; Real-time embedded software; Scheduling policies; Shared memories; Shared variables; Synchronous data-flow languages; Synchronous languages; Type inferences; Type systems; Typical application; Real time systems","P. Caspi; VERIMAG, Grenoble, France; email: Paul.Caspi@verimag.fr","","","15232867","","","","English","ACM SIGPLAN Not.","Conference paper","Final","","Scopus","2-s2.0-67650831249"
"André C.","André, Charles (56212847900)","56212847900","Synchronous languages and formalisms: Fundamentals; [Langages et formalismes synchrones Fondements]","2005","Journal Europeen des Systemes Automatises","39","1-3","","15","30","0","10.3166/jesa.39.15-30","https://www.scopus.com/pages/publications/33645891660?origin=resultslist","Projet AOSTE (CNRS - UNSA - INRIA), Laboratoire I3S, Les Algorithmes - Bât Euclide B, F-06903 Sophia Antipolis Cedex, 2000 route des Lucioles - B.P. 121, France","André C., Projet AOSTE (CNRS - UNSA - INRIA), Laboratoire I3S, Les Algorithmes - Bât Euclide B, F-06903 Sophia Antipolis Cedex, 2000 route des Lucioles - B.P. 121, France","Synchronous Languages are special purpose languages dedicated to safe programming of real-time and reactive systems. There are now also used in high-level modeling and analysis of complex digital circuits and embedded systems. Synchronous languages and formalisms rely on sound mathematical models. Thus, they are amenable to formal verifications and analysis. This paper presents the foundations of the synchronous approach. The syntax, semantics, and model of computation associated with various languages are illustrated by a simple example.","Logical time; Programming; Reactive systems; Synchronous approach","Computer programming; Digital circuits; Embedded systems; Large scale systems; Mathematical models; Real time systems; Semantics; Syntactics; Logical time; Reactive systems; Synchronous approach; Computer programming languages","C. André; Projet AOSTE (CNRS - UNSA - INRIA), Laboratoire I3S, Les Algorithmes - Bât Euclide B, F-06903 Sophia Antipolis Cedex, 2000 route des Lucioles - B.P. 121, France; email: andre@unice.fr","","Lavoisier","12696935","","","","French","J. Eur. Syst. Autom.","Conference paper","Final","","Scopus","2-s2.0-33645891660"
"Yu C.; Li Y.; Yan T.; Zhang J.","Yu, Chong (60549235800); Li, Yahui (57188712494); Yan, Tingkun (57192066032); Zhang, Jiyu (60549025000)","60549235800; 57188712494; 57192066032; 60549025000","Design of an Autonomous Intelligent Vehicle Based on Nonlinear PID Control","2025","2025 IEEE 7th International Conference on Power, Intelligent Computing and Systems, ICPICS 2025","","","","1788","1793","0","10.1109/ICPICS66386.2025.11347258","https://www.scopus.com/pages/publications/105034493497?origin=resultslist","Shandong University, Qingdao, China","Yu C., Shandong University, Qingdao, China; Li Y., Shandong University, Qingdao, China; Yan T., Shandong University, Qingdao, China; Zhang J., Shandong University, Qingdao, China","This paper proposes a hybrid control architecture for lightweight unmanned vehicle control systems, based on nonlinear control. The system employs a multithreaded programming model to achieve parallel processing of perception, recognition, and control tasks on resource-constrained platforms. The system uses a dual-camera coordination mechanism to divide image acquisition perspectives, enhancing image frame processing efficiency and recognition redundancy. To enhance the trajectory tracking stability of the system in complex paths, the software layer integrates image coordinate transformation and nonlinear control algorithms. At the same time, it integrates the HSV tuning tool and the image grayscale histogram enhancement module to improve the robustness and adaptability of target recognition. At the remote end, the system combines FRP intranet penetration with a 5G communication module to build a low-latency remote control platform, achieving stable remote control operations. On this basis, this paper constructs a complete hardware and software system and completes field verification based on a 400-meter outdoor standard test site to validate the feasibility of the solution. The image processing and nonlinear PID control algorithm in this framework is expected to further advance the technology of autonomous intelligent vehicles. © 2025 IEEE.","autonomous driving; image recognition; Lightweight smart car; multi-Threaded parallel architecture; remote control","Autonomous vehicles; Control system synthesis; Intelligent vehicle highway systems; Light weight vehicles; Mathematical transformations; Multitasking; Parallel architectures; Proportional control systems; Three term control systems; Verification; Autonomous driving; Autonomous intelligent vehicles; Hybrid control architecture; Lightweight smart car; Multi-threaded parallel architecture; Multithreaded; Non linear control; Nonlinear PID control; Smart car; Unmanned vehicle control systems; Image recognition; Remote control","T. Yan; Shandong University, Qingdao, China; email: yantk@sdu.edu.cn","","Institute of Electrical and Electronics Engineers Inc.","","979-833152633-7","","","English","IEEE Int. Conf. Power, Intell. Comput. Syst., ICPICS","Conference paper","Final","","Scopus","2-s2.0-105034493497"
"Lucas D.; Schulz-Rosengarten A.; Von Hanxleden R.; Gretz F.; Grosch F.-J.","Lucas, Daniel (57222516713); Schulz-Rosengarten, Alexander (57191824753); Von Hanxleden, Reinhard (57192869992); Gretz, Friedrich (55515344300); Grosch, Franz-Josef (57195952201)","57222516713; 57191824753; 57192869992; 55515344300; 57195952201","Extracting mode diagrams from blech code","2021","Forum on Specification and Design Languages","2021-September","","","","","2","10.1109/FDL53530.2021.9568375","https://www.scopus.com/pages/publications/85118896449?origin=resultslist","Kiel University, Department of Computer Science, Kiel, Germany; Robert Bosch GmbH, Corporate Research, Renningen, Germany","Lucas D., Kiel University, Department of Computer Science, Kiel, Germany; Schulz-Rosengarten A., Kiel University, Department of Computer Science, Kiel, Germany; Von Hanxleden R., Kiel University, Department of Computer Science, Kiel, Germany; Gretz F., Robert Bosch GmbH, Corporate Research, Renningen, Germany; Grosch F.-J., Robert Bosch GmbH, Corporate Research, Renningen, Germany","Software visualization tools can improve the software development process by providing a graphical overview of source code and enhancing collaboration. We here propose a concept to automatically extract mode diagrams from Blech code, an imperative synchronous programming language for embedded, reactive and safety-critical systems. Our main findings are that the visualization is helpful to understand the stateful nature of the source code and that it can enhance the collaboration between developers. It is also found, however, that a good understanding of the precise diagram semantics meaning of the diagram elements is key. Lastly, the findings indicate that preference on different labeling options is highly subjective.  © 2021 IEEE.","Mode diagrams; Reactive systems; Software visualization; State machines; Synchronous languages","Safety engineering; Semantics; Software design; Visualization; Labelings; Mode diagrams; Reactive system; Safety critical systems; Software development process; Software visualization; Software visualization tool; Source codes; State-machine; Synchronous languages; Embedded systems","D. Lucas; Kiel University, Department of Computer Science, Kiel, Germany; email: stu124145@mail.uni-kiel.de","","IEEE Computer Society","16369874","978-166541825-6","","","English","Forum Specifi. Des. Lang.","Conference paper","Final","","Scopus","2-s2.0-85118896449"
"Leone M.; Aiello M.A.; Balsamo A.; Carozzi F.G.; Ceroni F.; Corradi M.; Gams M.; Garbin E.; Gattesco N.; Krajewski P.; Mazzotti C.; Oliveira D.; Papanicolaou C.; Ranocchiai G.; Roscini F.; Saenger D.","Leone, Marianovella (7101678662); Aiello, Maria Antonietta (55663242000); Balsamo, Alberto (23988640600); Carozzi, Francesca Giulia (55955226600); Ceroni, Francesca (7801412007); Corradi, Marco (58679102100); Gams, Matija (37090546600); Garbin, Enrico (19336809500); Gattesco, Natalino (6603366729); Krajewski, Piotr (56298259300); Mazzotti, Claudio (35612301800); Oliveira, Daniel (9249985900); Papanicolaou, Catherine (8728408100); Ranocchiai, Giovanna (7801436193); Roscini, Francesca (56780353700); Saenger, Dorothea (57078986300)","7101678662; 55663242000; 23988640600; 55955226600; 7801412007; 58679102100; 37090546600; 19336809500; 6603366729; 56298259300; 35612301800; 9249985900; 8728408100; 7801436193; 56780353700; 57078986300","Glass fabric reinforced cementitious matrix: Tensile properties and bond performance on masonry substrate","2017","Composites Part B: Engineering","127","","","196","214","264","10.1016/j.compositesb.2017.06.028","https://www.scopus.com/pages/publications/85021430888?origin=resultslist","Department of Engineering for Innovation, University of Salento, Lecce, Italy; Department of Structures for Engineering and Architecture, University of Naples ‘‘Federico II’’, Via Claudio 21, Naples, 80125, Italy; Department of Architecture, Built Environment and Construction Engineering, Politecnico di Milano, Milan, Italy; Engineering Department, University of Napoli ‘Parthenope’, Centro Direzionale is. C4, Napoli, 80143, Italy; Northumbria University, Mechanical and Construction Engineering Department, Wynne-Jones Building, Newcastle Upon Tyne, NE1 8ST, United Kingdom; University of Perugia, Department of Engineering, Via Duranti, 93, Perugia, 06125, Italy; ZAG, Slovenian National Building and Civil Engineering Institute, Department of Structures, Dimičeva Ulica 12, Ljubljana, 1000, Slovenia; Department of Civil, Environmental and Architectural Engineering, University of Padova, Padua, Italy; Department of Engineering and Architecture, University of Trieste, Piazzale Europa 1, Trieste, 34127, Italy; Faculty of Civil Engineering, Cracow University of Technology, Warszawska 24, Cracow, 31-155, Poland; Department of Civil, Chemical, Environmental and Materials Engineering, Alma Mater Studiorum University of Bologna, Bologna, Italy; Department of Civil Engineering, University of Minho, Campus de Azurém, Guimarães, 4800-058, Portugal; Department of Civil Engineering, University of Patras, Patras, 26500, Greece; Department of Civil and Environmental Engineering, University of Florence, Florence, 50139, Italy; Department of Engineering, Roma Tre University, Rome, Italy; Institute of Building Materials Research, Chair of Building Materials, RWTH Aachen University, Schinkelstrasse 3, Aachen, 52062, Germany","Leone M., Department of Engineering for Innovation, University of Salento, Lecce, Italy; Aiello M.A., Department of Engineering for Innovation, University of Salento, Lecce, Italy; Balsamo A., Department of Structures for Engineering and Architecture, University of Naples ‘‘Federico II’’, Via Claudio 21, Naples, 80125, Italy; Carozzi F.G., Department of Architecture, Built Environment and Construction Engineering, Politecnico di Milano, Milan, Italy; Ceroni F., Engineering Department, University of Napoli ‘Parthenope’, Centro Direzionale is. C4, Napoli, 80143, Italy; Corradi M., Northumbria University, Mechanical and Construction Engineering Department, Wynne-Jones Building, Newcastle Upon Tyne, NE1 8ST, United Kingdom, University of Perugia, Department of Engineering, Via Duranti, 93, Perugia, 06125, Italy; Gams M., ZAG, Slovenian National Building and Civil Engineering Institute, Department of Structures, Dimičeva Ulica 12, Ljubljana, 1000, Slovenia; Garbin E., Department of Civil, Environmental and Architectural Engineering, University of Padova, Padua, Italy; Gattesco N., Department of Engineering and Architecture, University of Trieste, Piazzale Europa 1, Trieste, 34127, Italy; Krajewski P., Faculty of Civil Engineering, Cracow University of Technology, Warszawska 24, Cracow, 31-155, Poland; Mazzotti C., Department of Civil, Chemical, Environmental and Materials Engineering, Alma Mater Studiorum University of Bologna, Bologna, Italy; Oliveira D., Department of Civil Engineering, University of Minho, Campus de Azurém, Guimarães, 4800-058, Portugal; Papanicolaou C., Department of Civil Engineering, University of Patras, Patras, 26500, Greece; Ranocchiai G., Department of Civil and Environmental Engineering, University of Florence, Florence, 50139, Italy; Roscini F., Department of Engineering, Roma Tre University, Rome, Italy; Saenger D., Institute of Building Materials Research, Chair of Building Materials, RWTH Aachen University, Schinkelstrasse 3, Aachen, 52062, Germany","Fibre-reinforced composite materials have gained an increasing success, mostly for strengthening, retrofitting, and repairing existing structures. However some problems may arise with the use of traditional FRP (Fiber Reinforced Polymer), particularly when the compatibility with the substrate and the reversibility of the intervention are required, as in case of cultural heritage buildings, or specific exposition conditions may compromise the long term effectiveness of the reinforcement, as in presence of high temperature and humidity. Starting from these considerations new composite materials are emerging as a more effective solution in certain fields of application and under specific service conditions; in this context, mortar-based composite systems, consisting of one or more layers of uni- or bi-directional fibre nets embedded in cement/lime-based matrix layers, can be used as reinforcement of both concrete and masonry structures. However, the research work dealing with these emerging materials and their performances when used as a strengthening system for existing structures is still limited. Both experimental and theoretical investigations are needed in order to deliver reliable design methodologies. In this work, a Round Robin Test aimed to the characterization of both bond with the existing substrate and tensile performance of glass fabric (in the form of grids) coupled with inorganic mortar matrices is presented. The investigation was conducted at fifteen laboratories involved in the RILEM Technical Committee 250-CSM (Composites for the Sustainable Strengthening of Masonry). With the aim of studying the bond behaviour between Fabric Reinforced Cementitious Matrix (FRCM) composites and masonry substrate, single and double lap shear tests were carried out on brick-masonry prisms. Results provide useful informations about the mechanical properties, the bond capacity and the failure mechanisms of different commercially available glass FRCM systems. Finally, critical aspects are underlined to address the progress of the research work. © 2017 Elsevier Ltd","Bond; Glass; Masonry; Tensile test; Textile Reinforced Mortar","Bonding; Characterization; Composite materials; Embedded systems; Fiber reinforced materials; Fiber reinforced plastics; Glass; Mortar; Reinforcement; Tensile testing; Cementitious matrices; Fiber reinforced polymers; Fibre reinforced composites; Masonry; Strengthening systems; Technical committees; Textile-reinforced mortars; Theoretical investigations; Masonry materials","M. Leone; Monteroni, Edifico “La Stecca”- S.P. 6, Lecce, Italy; email: marianovella.leone@unisalento.it","","Elsevier Ltd","13598368","","CPBEF","","English","Compos Part B: Eng","Article","Final","All Open Access; Green Open Access","Scopus","2-s2.0-85021430888"
"Kamina T.; Aotani T.","Kamina, Tetsuo (12753106000); Aotani, Tomoyuki (14629949300)","12753106000; 14629949300","An approach for persistent time-varying values","2019","Onward! 2019 - Proceedings of the 2019 ACM SIGPLAN International Symposium on New Ideas, New Paradigms, and Reflections on Programming and Software, co-located with SPLASH 2019","","","","17","31","6","10.1145/3359591.3359730","https://www.scopus.com/pages/publications/85076756495?origin=resultslist","Oita University, Japan; Tokyo Institute of Technology, Japan","Kamina T., Oita University, Japan; Aotani T., Tokyo Institute of Technology, Japan","As reactive systems, such as cyber-physical systems and the Internet of Things, become increasingly important, time-varying values, also known as signals, are playing an important role in software development. Although reactive systems require the change histories of some signals to be stored for various purposes such as post analysis and simulation, current programming languages do not provide a way to declare that signals are persistent. This paper proposes a method that realizes persistent signals in a reactive programming language, where (1) every update to each persistent signal is recorded in a time-series database, which can be seen as a part of the programming language runtime; and (2) persistent signals support a convenient time-oriented query mechanism. In this approach, each signal in the reactive programming language is seamlessly connected with the time-series database. This method is implemented as an extension of SignalJ, a Java-based reactive programming language that supports signals. In the implementation, the persistent signal mechanism is integrated with TimescaleDB, a PostgreSQL-based time-series database. In preliminary performance evaluations, our implementation had good responsiveness on most tests, indicating its feasibility for use in many applications. © 2019 Association for Computing Machinery.","Reactive programming; Signals; Time-series databases","Ada (programming language); Computer simulation languages; Database systems; Embedded systems; Query processing; Signaling; Time series; Change history; Current programming; Post analysis; Query mechanisms; Reactive programming; Reactive system; Time Series Database; Time varying; Software design","","Masuhara H.; Petricek T.","Association for Computing Machinery, Inc","","978-145036995-4","","","English","Onward! - Proc. ACM SIGPLAN Int. Symp. New Ideas, New Paradigms, Reflections Program. Softw., co-located SPLASH","Conference paper","Final","","Scopus","2-s2.0-85076756495"
"Roessler P.; Zauner M.","Roessler, Peter (22235447500); Zauner, Martin (24462810400)","22235447500; 24462810400","Evaluation of an esterel-based hardware/software co-design flow","2009","Proceedings - 2009 IEEE International Symposium on Industrial Embedded Systems, SIES 2009","","","5196190","42","45","1","10.1109/SIES.2009.5196190","https://www.scopus.com/pages/publications/70449563182?origin=resultslist","University of Applied Sciences Technikum Wien, Wien, 1200, Hoechstaedtplatz 5, Austria","Roessler P., University of Applied Sciences Technikum Wien, Wien, 1200, Hoechstaedtplatz 5, Austria; Zauner M., University of Applied Sciences Technikum Wien, Wien, 1200, Hoechstaedtplatz 5, Austria","This work describes the evaluation of a hardware/software co-design flow based on the synchronous language EstereI.The paper starts with a short introduction into Esterel and tackles available tools.The focus of this work is an examination of the design flow concerning the practical applicability, based on case studies and related work.Advantages and drawbacks of the design flow are discussed and compared to traditional hardware/software design flows.© 2009 IEEE.","Embedded systems design; Esterel; Hardware/software co-design; Synchronous languagesc","Design; Embedded software; Design flows; Embedded systems design; Esterel; Hardware/software co-design; Hardware/software design; Synchronous languages; Synchronous languagesc; Embedded systems","P. Roessler; University of Applied Sciences Technikum Wien, Wien, 1200, Hoechstaedtplatz 5, Austria; email: roessler@technikum-wien.at","","","","978-142444110-5","","","English","Proc. - IEEE Int. Symp. Ind. Embedded Syst., SIES","Conference paper","Final","","Scopus","2-s2.0-70449563182"
"Yuan S.; Yoong L.H.; Roop P.S.","Yuan, Simon (26658818600); Yoong, Li Hsien (23669604500); Roop, Partha S. (6602395877)","26658818600; 23669604500; 6602395877","Compiling esterel for multi-core execution","2011","Proceedings - 2011 14th Euromicro Conference on Digital System Design: Architectures, Methods and Tools, DSD 2011","","","6037481","727","735","9","10.1109/DSD.2011.97","https://www.scopus.com/pages/publications/80054988357?origin=resultslist","Electrical and Computer Engineering, University of Auckland, Auckland, New Zealand","Yuan S., Electrical and Computer Engineering, University of Auckland, Auckland, New Zealand; Yoong L.H., Electrical and Computer Engineering, University of Auckland, Auckland, New Zealand; Roop P.S., Electrical and Computer Engineering, University of Auckland, Auckland, New Zealand","Esterel is a synchronous language suited for describing reactive embedded systems. It combines fine-grained parallelism with precise timing control for the execution of threads. Due to this, Esterel programs have typically been compiled into sequential code in software implementations, as tight synchronization between a large number of threads cannot be efficiently managed with an operating system (OS). This has enabled concurrent Esterel programs to be executed directly on single-core processors. Recently, however, multi-core processors have been increasingly used to achieve better performance in embedded applications. The conventional approach of generating sequential code from Esterel programs is unable to take advantage of multi-core processors. We overcome this limitation by compiling Esterel into a limited number of thread partitions (up to the number of available cores) to avoid the large overheads of implementing each Esterel thread separately within a conventional multithreading scheme. These partitions are then distributed onto separate cores using a static load-balancing heuristic. The Esterel threads within a partition may then be dynamically scheduled with or without an OS. To evaluate the viability of this approach, we present experimental results comparing the execution of a set of benchmarks using one to four cores on the Intel Core 2 Quad with Linux, and one to two cores on the Xilinx Microblaze without any OS. We have performed extensive benchmarking over large Esterel programs to illustrate that achieving throughput with parallel execution of Esterel is benchmark dependent. © 2011 IEEE.","Concurrent programming; Distributed programming; Languages and compilers; Parallelism and concurrency","Computer operating systems; Concurrency control; Embedded systems; Esters; Microprocessor chips; Multitasking; Parallel processing systems; Program compilers; Signal encoding; Systems analysis; Concurrent programming; Conventional approach; Distributed programming; Embedded application; Esterel; Extensive benchmarking; Fine-grained parallelism; Four-core; Load-Balancing; Multi core; Multi-core processor; Multi-threading; Number of threads; Parallel executions; Parallelism and concurrency; Single-core processors; Software implementation; Synchronous languages; Timing control; Multicore programming","S. Yuan; Electrical and Computer Engineering, University of Auckland, Auckland, New Zealand; email: iyua002@aucklanduni.ac.nz","","","","978-076954494-6","","","English","Proc. - Euromicro Conf. Digit. Syst. Des.: Archit., Methods Tools, DSD","Conference paper","Final","","Scopus","2-s2.0-80054988357"
"Rye P.M.","Rye, Patrick M. (7004492328)","7004492328","Embedded microcontroller networks: Acoustic materials health monitoring","2007","Proceedings of SPIE - The International Society for Optical Engineering","6530","","65301F","","","4","10.1117/12.715213","https://www.scopus.com/pages/publications/35648963570?origin=resultslist","University of California, San Diego, San Diego, CA 92093-0416, 9450 Gilman Drive 0416, United States","Rye P.M., University of California, San Diego, San Diego, CA 92093-0416, 9450 Gilman Drive 0416, United States","Fiber reinforced polymer matrix (FRP) composites have a rich history of diagnosis and characterized using acoustic emissions techniques. The highly dispersive, attenuating, and anisotropic nature of unidirectional composites places an emphasis on high density local sensing as opposed to low density more-global sensing strategies. A high density of sensors naturally implies large quantities of data requiring large bandwidth and substantial processing power. By distributing processing with the sensors themselves results in a decreased demand for bandwidth and lower computational power needed at each node in what is now a parallel processing computer. Desired information, time constraints and mechanical considerations place both hard and soft constraints on our network helping to define its architecture. I will present investigated computing architectures and their benefits and limitations as they relate to the various constraints involved.","","Acoustic emissions; Bandwidth; Computational methods; Microcontrollers; Parallel processing systems; Anisotropic nature; Distributing processing; Embedded microcontroller networks; Materials health monitoring; Fiber reinforced plastics","P.M. Rye; University of California, San Diego, San Diego, CA 92093-0416, 9450 Gilman Drive 0416, United States; email: prye@ucsd.edu","","","0277786X","0819466514; 978-081946651-8","PSISD","","English","Proc SPIE Int Soc Opt Eng","Conference paper","Final","","Scopus","2-s2.0-35648963570"
"Maddaloni G.; Cascardi A.; Balsamo A.; Di Ludovico M.; Micelli F.; Aiello M.A.; Prota A.","Maddaloni, Gennaro (55258117300); Cascardi, Alessio (57035239700); Balsamo, Alberto (23988640600); Di Ludovico, Marco (23469290900); Micelli, Francesco (56039860200); Aiello, Maria Antonietta (55663242000); Prota, Andrea (6603458266)","55258117300; 57035239700; 23988640600; 23469290900; 56039860200; 55663242000; 6603458266","Confinement of full-scale masonry columns with FRCM systems","2017","Key Engineering Materials","747 KEM","","","374","381","58","10.4028/www.scientific.net/KEM.747.374","https://www.scopus.com/pages/publications/85027030158?origin=resultslist","Department of Structures for Engineering and Architecture, University of Naples Federico II, Via Claudio, 21, Naples, 80125, Italy; Department of Innovation Engineering, University of Salento, Piazza Tancredi, 7, Lecce, 73100, Italy","Maddaloni G., Department of Structures for Engineering and Architecture, University of Naples Federico II, Via Claudio, 21, Naples, 80125, Italy; Cascardi A., Department of Innovation Engineering, University of Salento, Piazza Tancredi, 7, Lecce, 73100, Italy; Balsamo A., Department of Structures for Engineering and Architecture, University of Naples Federico II, Via Claudio, 21, Naples, 80125, Italy; Di Ludovico M., Department of Structures for Engineering and Architecture, University of Naples Federico II, Via Claudio, 21, Naples, 80125, Italy; Micelli F., Department of Innovation Engineering, University of Salento, Piazza Tancredi, 7, Lecce, 73100, Italy; Aiello M.A., Department of Innovation Engineering, University of Salento, Piazza Tancredi, 7, Lecce, 73100, Italy; Prota A., Department of Structures for Engineering and Architecture, University of Naples Federico II, Via Claudio, 21, Naples, 80125, Italy","The effectiveness of FRP systems as a confinement technique to strengthen masonry columns has been widely investigated in the last decades. Recently, a new technique, Fabric Reinforced Cementitious Matrix (FRCM), based on the use of fibrous nets embedded in inorganic matrix, has been developed and investigated as a strengthening solution in masonry buildings. Actually, the number of experimental tests on masonry columns confined by using FRCM systems is very limited, especially for real scale specimens. To fill such gap an experimental program aimed at investigating the behaviour of full scale columns made of limestone masonry blocks confined with different FRCM systems has been carried out. The results of four uniaxial compression tests are illustrated and discussed. The used FRCM systems are made with glass and basalt dry nets embedded in a lime-based mortar. The influence of transverse confinement by using internal reinforcement in forms of pultruded GFRP bars has been also investigated. The mechanical properties of the confined specimens resulted increased in terms of load-carrying capacity and ultimate axial strain. © 2017 Trans Tech Publications.","Column; Confinement; FRCM; Masonry; Testing","Columns (structural); Compression testing; Embedded systems; Glass ceramics; Lime; Plasma confinement; Reinforcement; Strain; Testing; Cementitious matrices; Confinement techniques; Experimental program; FRCM; Lime based mortars; Masonry; Transverse confinement; Uni-axial compression tests; Masonry materials","G. Maddaloni; Department of Structures for Engineering and Architecture, University of Naples Federico II, Naples, Via Claudio, 21, 80125, Italy; email: gennaro.maddaloni@unina.it","Di Tommaso A.; University of Bologna, viale Risorgimento 2, Bologna, 40136; Gentilini C.; Castellazzi G.; Department of Civil, Chemical, Environmental and Materials Engineering – DICAM, University of Bologna, Viale del Risorgimento 2, Bologna, 40136","Trans Tech Publications Ltd","10139826","978-303571164-6","KEMAE","","English","Key Eng Mat","Conference paper","Final","All Open Access; Hybrid Gold Open Access","Scopus","2-s2.0-85027030158"
"Nadeem M.; Biglari-Abhari M.; Salcic Z.","Nadeem, Muhammad (57189219413); Biglari-Abhari, Morteza (7801530871); Salcic, Zoran (7003306034)","57189219413; 7801530871; 7003306034","RJOP - A customized Java processor for reactive embedded systems","2011","Proceedings - Design Automation Conference","","","5982024","1038","1043","8","","https://www.scopus.com/pages/publications/80052670341?origin=resultslist","Department of Electrical and Computer Engineering, University of Auckland, Auckland, New Zealand","Nadeem M., Department of Electrical and Computer Engineering, University of Auckland, Auckland, New Zealand; Biglari-Abhari M., Department of Electrical and Computer Engineering, University of Auckland, Auckland, New Zealand; Salcic Z., Department of Electrical and Computer Engineering, University of Auckland, Auckland, New Zealand","This paper presents a novel, high performance and low cost execution architecture for the system level GALS programming language SystemJ, which extends Java with synchronous reactive features present in Esterel and asynchronous constructs of CSP (Communicating Sequential Processes). The new architecture is based on JOP (Java Optimized Processor), which is a hardware implementation of the Java Virtual Machine (JVM). The JOP, inherently suited to data-driven transformational operations, is extended to efficiently execute the control constructs and control flow of SystemJ. The new core, which is called RJOP (Reactive JOP) supports efficient execution of both data dominated and control dominated embedded applications. It also maintains the time-predictable execution of the applications intended for real-time embedded systems and calculation of Worst Case Reaction Time (WCRT) as provided by the original core. The initial results indicate significant performance improvement and lower resource requirements over the existing architectures used for the SystemJ execution. © 2011 ACM.","Java Processor; Reactive Embedded Systems; Synchronous Languages","Architecture; Computer aided design; Computer architecture; Computer operating procedures; Hardware; Java programming language; Real time systems; Communicating sequential process; Control constructs; Control flows; Data-driven; Embedded application; Esterel; Hardware implementations; Java processors; Java virtual machines; Low costs; Performance improvements; Programming language; Reactive Embedded Systems; Real-time embedded systems; Resource requirements; Synchronous languages; System levels; Worst case; Embedded systems","M. Nadeem; Department of Electrical and Computer Engineering, University of Auckland, Auckland, New Zealand; email: mnad011@aucklanduni.ac.nz","","","0738100X","978-145030636-2","PDAWD","","English","Proc Des Autom Conf","Conference paper","Final","","Scopus","2-s2.0-80052670341"
"Belwal C.; Cheng A.M.K.; Ras J.; Wen Y.","Belwal, Chaitanya (6507996126); Cheng, Albert M. K. (7402075079); Ras, J. (26427784400); Wen, Yuanfeng (55479880700)","6507996126; 7402075079; 26427784400; 55479880700","Variable voltage scheduling with the priority-based functional reactive programming language","2013","Proceedings of the 2013 Research in Adaptive and Convergent Systems, RACS 2013","","","","440","445","1","10.1145/2513228.2513271","https://www.scopus.com/pages/publications/84891456452?origin=resultslist","University of Houston, Department of Computer Science, Houston, TX 77004, United States","Belwal C., University of Houston, Department of Computer Science, Houston, TX 77004, United States; Cheng A.M.K., University of Houston, Department of Computer Science, Houston, TX 77004, United States; Ras J., University of Houston, Department of Computer Science, Houston, TX 77004, United States; Wen Y., University of Houston, Department of Computer Science, Houston, TX 77004, United States","In this paper, we consider how energy consumption can be reduced in the Priority-based Functional Reactive Programming (P-FRP) execution model through the implementation of Dynamic Voltage and Frequency Scaling (DVFS), a technique for modifying circuit delays and altering the operating frequency of the CPU. Use of DVFS can have an impact on task execution time, which adversely affects the temporal guarantees required from the real-time scheduler. Most of the existing studies provide solutions which are suitable for the classical model of preemptive task scheduling. Tasks which are schedulable in the preemptive model cannot be guaranteed to be schedulable in P-FRP, since the abort-based preemptive approach often creates additional costs in terms of response times. © 2013 ACM.","embedded system; real-time","Embedded systems; Energy utilization; Scheduling; Additional costs; Dynamic voltage and frequency scaling; Functional reactive programming; Operating frequency; real-time; Real-time schedulers; Task executions; Variable voltage; Functional programming","","","","","978-145032348-2","","","English","Proc. Res. Adapt. Convergent Syst., RACS","Conference paper","Final","","Scopus","2-s2.0-84891456452"
"de Simone R.; André C.","de Simone, Robert (11339046600); André, Charles (56212847900)","11339046600; 56212847900","Towards a ""synchronous reactive"" UML profile?","2006","International Journal on Software Tools for Technology Transfer","8","2","","146","155","5","10.1007/s10009-005-0206-9","https://www.scopus.com/pages/publications/33646151169?origin=resultslist","INRIA Sophia-Antipolis, Sophia-Antipolis, France; I3S Laboratory, University of Nice Sophia-Antipolis, CNRS, Sophia-Antipolis, France","de Simone R., INRIA Sophia-Antipolis, Sophia-Antipolis, France; André C., I3S Laboratory, University of Nice Sophia-Antipolis, CNRS, Sophia-Antipolis, France","The domain of Real-Time Embedded (RTE) systems was ackowledged as being largely influential on many feature additions to the recent UML2.0 standard [Björkander, M., FDL'03 Keynote address, 2003]. Work on UML1.4 Scheduling, Performance & Time (SPT) profile also goes in that direction. Still, the paradigms underlying these modeling efforts are that of software components, running on a real-time OSs with physical time constraints and middleware (e.g., RT-Corba) concerns. In other areas of Embedded System Design other paradigms are at work, owing to codesign techniques at the border between software and hardware, or discrete time mathematical engineering (MATLAB/Simulink) and digital signal processing algorithms, etc. The paradigm of Synchronous Reactive (S/R) systems [Benveniste, A., Berry, G.: The synchronous approach to reactive and real-time systems. Proc. IEEE 79(9), 1270-1282 (1991); Benveniste, A., Caspi, P., Edwards, S., Halbwachs, N., Guernic, P.L., de Simone, R.: Synchronous languages twelve ye ars later. Proc. IEEE 91(1), 64-83 (2003)], with discrete logical time and behavior decomposition into instantaneous reactions, proved quite natural in such areas to model mixed hardware/software System-Level Design (SLD). We describe here some of the modeling p aradigms needed for a true S/R model framework, and corresponding diagrammatic interpretations. The synchronous reactive domain described here should be dealt with and included in the forthcoming UML profile for ""Modeling and Analysis of Real-Time and Embedded systems"" (MARTE), whose request for proposal was recently voted at OMG. © Springer-Verlag 2006.","Embedded systems; Reactive; Real-time; Synchronous; UML","","R. de Simone; INRIA Sophia-Antipolis, Sophia-Antipolis, France; email: robert.de_simone@sophia.inria.fr","","","14332787","","","","English","Int. J. Softw. Tools Technol. Trans.","Article","Final","","Scopus","2-s2.0-33646151169"
"Belwal C.; Cheng A.M.K.","Belwal, Chaitanya (6507996126); Cheng, Albert M.K. (7402075079)","6507996126; 7402075079","A utilization based sufficient condition for P-FRP","2011","Proceedings - 2011 IFIP 9th International Conference on Embedded and Ubiquitous Computing, EUC 2011","","","6104531","237","242","2","10.1109/EUC.2011.11","https://www.scopus.com/pages/publications/84855774984?origin=resultslist","Department of Computer Science, University of Houston, TX, United States","Belwal C., Department of Computer Science, University of Houston, TX, United States; Cheng A.M.K., Department of Computer Science, University of Houston, TX, United States","Priority-based1Functional Reactive Programming (P-FRP) is a new functional programming formalism for developing safety-critical embedded systems. P-FRP allows static priority assignment and guarantees real-time response by preempting lower priority tasks. Due to the state-less nature of functional programs, preempted tasks in P-FRP are aborted and have to restart after the higher priority tasks have completed execution. Since the execution semantics of P-FRP are different from the classical preemptive model of execution, existing utilization based sufficient conditions cannot be applied. In this paper, we derive a new utilization based sufficient schedulability condition for P-FRP, and validate it using experimental task sets. © 2011 IEEE.","Functional programming; Schedulability analysis; Sufficient test; Utilization bound; Worst-case response time","Embedded systems; Human computer interaction; Semantics; Ubiquitous computing; Execution semantics; Functional programs; Priority tasks; Reactive programming; Real-time response; Safety-critical embedded systems; Schedulability analysis; Schedulability conditions; Static priority; Sufficient conditions; Sufficient test; Utilization bound; Worst case response time; Functional programming","C. Belwal; Department of Computer Science, University of Houston, TX, United States; email: cbelwal@cs.uh.edu","","","","978-076954552-3","","","English","Proc. - IFIP Int. Conf. Embedded Ubiquitous Comput., EUC","Conference paper","Final","","Scopus","2-s2.0-84855774984"
"Yip E.; Kuo M.M.Y.; Roop P.S.; Broman D.","Yip, Eugene (59117934100); Kuo, Matthew M. Y. (25641076700); Roop, Partha S. (6602395877); Broman, David (18036903200)","59117934100; 25641076700; 6602395877; 18036903200","Relaxing the synchronous approach for mixed-criticality systems","2014","Real-Time Technology and Applications - Proceedings","2014-October","October","6925993","89","100","19","10.1109/RTAS.2014.6925993","https://www.scopus.com/pages/publications/84937577522?origin=resultslist","Department of ECE, University of Auckland, New Zealand; UC Berkeley, United States; Linköping University, Sweden","Yip E., Department of ECE, University of Auckland, New Zealand; Kuo M.M.Y., Department of ECE, University of Auckland, New Zealand; Roop P.S., Department of ECE, University of Auckland, New Zealand; Broman D., UC Berkeley, United States, Linköping University, Sweden","Synchronous languages are widely used to design safety-critical embedded systems. These languages are based on the synchrony hypothesis, asserting that all tasks must complete instantaneously at each logical time step. This assertion is, however, unsuitable for the design of mixed-criticality systems, where some tasks can tolerate missed deadlines. This paper proposes a novel extension to the synchronous approach for supporting three levels of task criticality: life, mission, and non-critical. We achieve this by relaxing the synchrony hypothesis to allow tasks that can tolerate bounded or unbounded deadline misses. We address the issue of task communication between multi-rate, mixed-criticality tasks, and propose a deterministic lossless communication model. To maximize system utilization, we present a hybrid static and dynamic scheduling approach that executes schedulable tasks during slack time. Extensive benchmarking shows that our approach can schedule up to 15% more task sets and achieve an average of 5.38% better system utilization than the Early-Release EDF (ER-EDF) approach. Tasks are scheduled fairer under our approach and achieve consistently higher execution frequencies, but require more preemptions. © 2014 IEEE.","","Criticality (nuclear fission); Response time (computer systems); Safety engineering; Design safety; Extensive benchmarking; Lossless communication; Mixed criticalities; Mixed-criticality systems; Static and dynamic scheduling; Synchronous languages; System utilization; Embedded systems","","","IEEE Computer Society","10801812","978-147994691-4","PRASF","","English","Real Time Technol Appl Proc","Conference paper","Final","All Open Access; Green Open Access","Scopus","2-s2.0-84937577522"
"De Troyer C.; Nicolay J.; De Meuter W.","De Troyer, Christophe (57195556375); Nicolay, Jens (54406023600); De Meuter, Wolfgang (16306490800)","57195556375; 54406023600; 16306490800","First-class reactive programs for CPS","2017","REBLS 2017 - Proceedings of the 4th ACM SIGPLAN International Workshop on Reactive and Event-Based Languages and Systems, co-located with SPLASH 2017","","","","21","26","3","10.1145/3141858.3141862","https://www.scopus.com/pages/publications/85037094299?origin=resultslist","Software Languages Lab, Vrije Universiteit Brussel, Etterbeek, Brussels, Belgium","De Troyer C., Software Languages Lab, Vrije Universiteit Brussel, Etterbeek, Brussels, Belgium; Nicolay J., Software Languages Lab, Vrije Universiteit Brussel, Etterbeek, Brussels, Belgium; De Meuter W., Software Languages Lab, Vrije Universiteit Brussel, Etterbeek, Brussels, Belgium","Cyber-Physical Systems (CPS) are comprised of a network of devices that vary widely in complexity, ranging from simple sensors to autonomous robots. Traditionally, controlling and sensing these devices happens through API communication, in either push or pull-based fashion. We argue that the computational power of these devices is converging to the point where they can do autonomous computations. This allows application programmers to run programs locally on the sensors, thereby reducing the communication and workload of more central command and control entities. This work introduces the Potato framework that aims to make programming CPS systems intuitively easy and fast. Potato is based on three essential mechanisms: failure handling by means of leasing, distribution by means of first-class reactive programs, and intentional retroactive designation of the network by means of capabilities and dynamic properties. In this paper we focus on the reactive capabilities of our framework. Potato enables programmers to create and deploy first-class reactive programs on CPS devices at run time, abstracting away from the API approach. Each node in the network is equipped with a minimal actor-based middleware that can execute first-class reactive programs. We have implemented Potato as a library in Elixir and have used it to implement several small examples. © 2017 Association for Computing Machinery.","Actors; Distribution; Reactive programming","Embedded systems; Middleware; Actors; Application programmers; Command and control; Computational power; Cyber-physical systems (CPS); Distribution; Reactive programming; Reactive programs; Application programs","","Eugster P.; Salvaneschi G.; De Meuter W.; Ziarek L.","Association for Computing Machinery, Inc","","978-145035515-5","","","English","REBLS - Proc. ACM SIGPLAN Int. Workshop React. Event-Based Lang. Syst., co-located SPLASH","Conference paper","Final","","Scopus","2-s2.0-85037094299"
"Pouzet M.; Raymond P.","Pouzet, Marc (57202122440); Raymond, Pascal (14014305600)","57202122440; 14014305600","Modular static scheduling of synchronous data-flow networks: An efficient symbolic representation","2009","Embedded Systems Week 2009 - Proceedings of the 7th ACM International Conference on Embedded Software, EMSOFT '09","","","","215","224","18","10.1145/1629335.1629365","https://www.scopus.com/pages/publications/72249121011?origin=resultslist","LRI, Univ. Paris-Sud 11, Orsay, France; VERIMAG-CNRS, Grenoble, France","Pouzet M., LRI, Univ. Paris-Sud 11, Orsay, France; Raymond P., VERIMAG-CNRS, Grenoble, France","This paper addresses the question of producing modular sequential imperative code from synchronous data-flow networks. Precisely, given a system with several input and output flows, how to decompose it into a minimal number of sub-systems executed atomically and statically scheduled without restricting possible feedback loops between input and output? Though this question has been identified by Raymond in the early years of Lustre, it has almost been left aside until the recent work of Lublinerman, Szegedy and Tripakis. The problem is proven to be intractable, in the sense that it belongs to the family of optimization problems where the corresponding decision problem - there exists a solution with size c - is NP-complete. Then, the authors derive an iterative algorithm looking for solutions for c = 1, 2, ... where each step is encoded as a SAT problem. Despite the apparent intractability of the problem, our experience is that real programs do not exhibit such a complexity. Based on earlier work by Raymond, this paper presents a new symbolic encoding of the problem in terms of input/output relations. This encoding simplifies the problem, in the sense that it rejects solutions, while keeping all the optimal ones. It allows, in polynomial time, (1) to identify nodes for which several schedules are feasible and thus are possible sources of combinational explosion; (2) to obtain solutions which in some cases are already optimal; (3) otherwise, to get a non trivial lower bound for c to start an iterative combinational search. The solution applies to a large class of block-diagram formalisms based on atomic computations and a delay operator, ranging from synchronous languages such as Lustre or Scade to modeling tools such as Simulink. Copyright 2009 ACM.","Block-diagrams; Compilation; NP-completeness; Partial orders; Preorders; Real-time systems; Semantics; Synchronous languages","Computational complexity; Control theory; Embedded software; Embedded systems; Encoding (symbols); Linguistics; Mathematical operators; Optimization; Polynomial approximation; Semantics; Block diagrams; Np-completeness; Partial order; Preorders; Synchronous languages; Real time systems","M. Pouzet; LRI, Univ. Paris-Sud 11, Orsay, France; email: Marc.Pouzet@lri.fr","","","","978-160558627-4","","","English","Embedded Syst. Week - Proc. ACM Int. Conf. Embedded Softw., EMSOFT","Conference paper","Final","","Scopus","2-s2.0-72249121011"
"","","","Proceedings - International Conference on Application of Concurrency to System Design, ACSD","2001","Proceedings - International Conference on Application of Concurrency to System Design, ACSD","2001-January","","","","","0","","https://www.scopus.com/pages/publications/84952776677?origin=resultslist","","","The proceedings contain 23 papers. The topics discussed include: making meaningful models for mere mortals; overcoming heterophobia: modeling concurrency in heterogeneous systems; analysis of performance limitations in multithreaded multiprocessor architectures; algorithms for signal and message asynchronous communication mechanisms and their analysis; implementing communicating processes in the event of interface difference; from formal specifications to ready-to-use software components: the concurrent object oriented Petri net approach; a Petri net meta-model to develop software components for embedded systems; strength and weaknesses of genetic list scheduling for heterogeneous systems; embedding imperative synchronous languages in interactive theorem provers; asynchronous circuits a structural encoding technique for the synthesis of asynchronous circuits; towards synthesis of monotonic asynchronous circuits from signal transition graphs; and semi-hiding operators and the analysis of active-edge specifications for digital circuits.","","","","","Institute of Electrical and Electronics Engineers Inc.","15504808","076951071X","","","English","Proc. Int. Conf. Appl. Concurrency Syst. Des. ACSD","Conference review","Final","","Scopus","2-s2.0-84952776677"
"Ito S.A.; De Mattos J.C.B.; Carro L.; Toscani S.S.","Ito, S.A. (23024694700); De Mattos, J.C.B. (6603748526); Carro, L. (7004254095); Toscani, S.S. (60626394900)","23024694700; 6603748526; 7004254095; 60626394900","A comparison of OO and reactive based specifications on the design of embedded systems","2000","Proceedings - 13th Symposium on Integrated Circuits and Systems Design","","","876060","391","396","0","10.1109/SBCCI.2000.876060","https://www.scopus.com/pages/publications/84951843548?origin=resultslist","Comput. Sci., Univ. Fed. do Rio Grande do Sul, Porto Alegre, Brazil; Electrical Engineering, UFRGS, Brazil; Computer Science, UNICRUZ, Brazil","Ito S.A., Comput. Sci., Univ. Fed. do Rio Grande do Sul, Porto Alegre, Brazil; De Mattos J.C.B., Comput. Sci., Univ. Fed. do Rio Grande do Sul, Porto Alegre, Brazil; Carro L., Electrical Engineering, UFRGS, Brazil; Toscani S.S., Computer Science, UNICRUZ, Brazil","The growing complexity of embedded systems has claimed more abstract approaches in order to apply some kind of system-level design methodology. Java is a natural candidate for system design language, due to its well known software compatibility and object-oriented features. On the other hand, reactive synchronous languages such as RS present several advantages to model specific domain applications, like embedded reactive real time systems. This paper presents an initial comparison of Java and RS that adopts different models of computation. The comparison has been made in terms of modeling facilities, simulation capability and synthesis results, obtained from the specification of some embedded systems. © 2000 IEEE.","Application software; Communication system control; Computer science; Embedded system; Hardware; Indium tin oxide; Java; Microcontrollers; Object oriented modeling; Real time systems","Application programs; Computational linguistics; Computer control systems; Computer hardware; Computer science; Computer software; Design; Integrated circuits; Interactive computer systems; Java programming language; Microcontrollers; Object oriented programming; Real time systems; Specifications; Systems analysis; Tin oxides; Communication system control; Indium tin oxide; Java; Object oriented model; Object-oriented features; Reactive real time systems; Software compatibility; System design languages; Embedded systems","","Reis R.; Van Noije W.; Monteiro J.C.","Institute of Electrical and Electronics Engineers Inc.","","076950843X; 978-076950843-6","","","English","Proc. - Symp. Integr. Circuits Syst. Des.","Conference paper","Final","","Scopus","2-s2.0-84951843548"
"Liu J.; Wang J.; Li Z.; Sun H.; Wang Y.; Du D.; Chen X.; Chen M.","Liu, Jing (55705933200); Wang, Junyang (57199999614); Li, Zhiwei (57199998202); Sun, Haiying (55547141353); Wang, Yuejun (57188660188); Du, Dehui (14044898400); Chen, Xiaohong (35236403100); Chen, Mingsong (55581519700)","55705933200; 57199999614; 57199998202; 55547141353; 57188660188; 14044898400; 35236403100; 55581519700","ST-LUSTRE: A novel spatio-Temporal language towards safety-critical cyber-physical systems","2017","International Journal of Performability Engineering","13","8","","1219","1232","2","10.23940/ijpe.17.08.p5.12191232","https://www.scopus.com/pages/publications/85038581301?origin=resultslist","National Trustworthy Embedded Software Engineering Reseearch Centre, East China Normal University, Shanghai, 200333, China; Shanghai Fuxin Intelligent Transportation Solutions Co.Ltd, Zhangjiang Hi-Tech Park, Shanghai, 200120, China","Liu J., National Trustworthy Embedded Software Engineering Reseearch Centre, East China Normal University, Shanghai, 200333, China; Wang J., National Trustworthy Embedded Software Engineering Reseearch Centre, East China Normal University, Shanghai, 200333, China; Li Z., National Trustworthy Embedded Software Engineering Reseearch Centre, East China Normal University, Shanghai, 200333, China; Sun H., National Trustworthy Embedded Software Engineering Reseearch Centre, East China Normal University, Shanghai, 200333, China; Wang Y., Shanghai Fuxin Intelligent Transportation Solutions Co.Ltd, Zhangjiang Hi-Tech Park, Shanghai, 200120, China; Du D., National Trustworthy Embedded Software Engineering Reseearch Centre, East China Normal University, Shanghai, 200333, China; Chen X., National Trustworthy Embedded Software Engineering Reseearch Centre, East China Normal University, Shanghai, 200333, China; Chen M., National Trustworthy Embedded Software Engineering Reseearch Centre, East China Normal University, Shanghai, 200333, China","Safety-Critical Cyber-Physical Systems (SCCPSs) are a special kind of Cyber-Physical Systems (CPSs) which highlight the importance of system correctness and safety. To apply automatic testing or model checking technique in CPSs, a model that fully captures the features is required to serve as input. So, a novel efficient spatio-Temporal language and the analysis techniques are demanded to support both temporal and spatial expression and reasoning. In fact, a synchronous language, LUSTRE, is widely used in safety-critical systems development. However, LUSTRE lacks spatial constructors. Thus, it is difficult to express the behaviors related to spatial features in SCCPSs. In this paper, we propose a language named ST-LUSTRE to support the unified modeling of spatial and temporal properties of CPSs. We define the syntax and semantics of ST-LUSTRE. Its semantics is interpreted on the topological space and natural number which is based on time sets. We also specify typical SCCPSs properties in ST-LUSTRE. ST-LUSTRE is successfully applied to a communication based train control system of Shanghai Fuxin Intelligent Transportation Solutions CO.,Ltd. (FITSCO). © 2017 Totem Publisher, Inc. All rights reserved.","Cyber-physical system; Lustre","Automatic testing; Embedded systems; Model checking; Safety engineering; Safety testing; Semantics; Unified Modeling Language; Analysis techniques; Cybe-physical systems; Cyber-physical systems; Luster; Model-checking techniques; Spatial reasoning; Spatio-temporal; Synchronous languages; Temporal and spatial expressions; Temporal language; Cyber Physical System","H. Sun; National Trustworthy Embedded Software Engineering Reseearch Centre, East China Normal University, Shanghai, 200333, China; email: hysun@sei.ecnu.edu.cn","","Totem Publishers Ltd","09731318","","","","English","Int. J. Perform. Eng.","Article","Final","All Open Access; Bronze Open Access","Scopus","2-s2.0-85038581301"
"Kuo M.; Roop P.; Andalam S.; Patel N.","Kuo, Matthew (25641076700); Roop, Partha (6602395877); Andalam, Sidharta (26657876800); Patel, Nitish (56301733900)","25641076700; 6602395877; 26657876800; 56301733900","Precision timed embedded systems using TickPAD memory","2013","Proceedings - International Conference on Application of Concurrency to System Design, ACSD","","","6598356","206","215","2","10.1109/ACSD.2013.30","https://www.scopus.com/pages/publications/84885648298?origin=resultslist","Department of Electrical and Computer Engineering, University of Auckland, New Zealand; TUM CREATE, Singapore, Singapore","Kuo M., Department of Electrical and Computer Engineering, University of Auckland, New Zealand; Roop P., Department of Electrical and Computer Engineering, University of Auckland, New Zealand; Andalam S., TUM CREATE, Singapore, Singapore; Patel N., Department of Electrical and Computer Engineering, University of Auckland, New Zealand","There has been a great deal of impetus for the design of predictable memory such as scratchpad memory. Moreover, static analysis of cache memory is an area of intense research activity. However, there has been minimal development of caches or scratchpads (SPMs) that can exploit the inherent concurrency in synchronous languages. In this paper, we have developed a new memory subsystem, called the TPM (TickPAD memory), for predictable and efficient execution of synchronous programs. TPMs are a hybrid between conventional caches and SPMs: they support dynamic loading of cache lines (like caches) and static allocation of program points (like SPMs). However, the dynamic loading is predictably managed through statically loaded TPM commands. Extensive benchmarking comparing TPMs to SPMs and direct mapped caches reveal that TPM achieves 8.5% WCRT reduction compared to locked SPMs, 12.3% WCRT reduction compared to thread multiplexed SPM and 13.4% WCRT reduction compared to direct mapped caches, while also keeping the analysis time comparatively small. © 2013 IEEE.","-Synchronous; Memory Hierarchy; Worst Case Analysis","Cache memory; Dynamic loads; Memory architecture; Static analysis; Systems analysis; -Synchronous; Direct mapped cache; Extensive benchmarking; Memory hierarchy; Research activities; Synchronous languages; Synchronous program; Worst-case analysis; Loading","","","","15504808","978-076955035-0","","","English","Proc. Int. Conf. Appl. Concurrency Syst. Des. ACSD","Conference paper","Final","","Scopus","2-s2.0-84885648298"
"Parakhiya D.; Thoriya A.; Rangwala H.; Vora T.","Parakhiya, Darshan (59921249000); Thoriya, Amit (57696307800); Rangwala, Husain (59525082900); Vora, Tarak (57191707192)","59921249000; 57696307800; 59525082900; 57191707192","Smart Structural Retrofit: Integrating CFRP Strengthening with IoT-Based Displacement Monitoring for Flexural Performance Assessment of Steel Beams","2025","2025 Artificial Intelligence and Smart Technologies for Sustainability Conference, AISTS 2025","","","","","","0","10.1109/AISTS66100.2025.11233186","https://www.scopus.com/pages/publications/105030925365?origin=resultslist","Marwadi University, Department of Civil Engineering, Rajkot, India","Parakhiya D., Marwadi University, Department of Civil Engineering, Rajkot, India; Thoriya A., Marwadi University, Department of Civil Engineering, Rajkot, India; Rangwala H., Marwadi University, Department of Civil Engineering, Rajkot, India; Vora T., Marwadi University, Department of Civil Engineering, Rajkot, India","This study presents a smart retrofit strategy to enhance the flexural performance of steel beams by combining Carbon Fiber Reinforced Polymer (CFRP) strengthening with an Internet of Things (IoT)-enabled displacement monitoring system. CFRP is favoured for its high strength-to-weight ratio, corrosion resistance, and ease of application, but bonding challenges-particularly premature debonding-limit its long-term reliability. The experimental program evaluated channel and rectangular hollow steel sections retrofitted with single-layer (SL) and double-layer (DL) CFRP wraps using adhesive bonding. Three-point and four-point bending tests revealed that DL configurations significantly improved performance, increasing load capacity by up to 96.6% for channel sections and 92.4% for RHS specimens. To enable real-time performance tracking, a CDP-50 displacement transducer was integrated with a custom IoT system comprising a signal conditioning module, ESP32 microcontroller, and NB-IoT communication. This setup enabled wireless data transmission, cloud-based visualization, and long-term structural health assessment. Results demonstrate that double-layer CFRP substantially enhances both strength and ductility, while the IoT-enabled monitoring system provides scalable, real-time insights into structural behaviour. This integrated approach offers a practical, data-driven solution for modern infrastructure rehabilitation and smart structural monitoring.  © 2025 IEEE.","Bond Behaviour; Fibre Reinforced Polymer; Flexural Strengthening; FRP Retrofit; IoT; Steel Element; Tensile Capacity","Adhesives; Bending strength; Bending tests; Bridge decks; Carbon fiber reinforced plastics; Debonding; Displacement measurement; Retrofitting; Steel beams and girders; Steel fibers; Strengthening (metal); Structural health monitoring; Tensile strength; Bond behaviours; Carbon fibre reinforced polymer; Displacement monitoring; Double layers; Fiber-reinforced polymers; Fibre reinforced polymers; Flexural strengthening; FRP retrofit; Steel elements; Tensile capacity; Internet of things","","","Institute of Electrical and Electronics Engineers Inc.","","979-833159852-5","","","English","Artif. Intell. Smart Technol. Sustain. Conf., AISTS","Conference paper","Final","","Scopus","2-s2.0-105030925365"
"Huang J.; Pei X.; Ou D.; Wang J.","Huang, Jingru (57485771200); Pei, Xilong (56241805100); Ou, Dongxiu (22433620800); Wang, Jianmin (57485145300)","57485771200; 56241805100; 22433620800; 57485145300","A Method for High Availability Software Programming and Testing","2022","Lecture Notes in Electrical Engineering","867 LNEE","","","18","27","1","10.1007/978-981-16-9909-2_3","https://www.scopus.com/pages/publications/85126232908?origin=resultslist","Institute of Electronic and Information Engineering, Tongji University, Shanghai, 200092, China; College of Transportation Engineering, Tongji University, Shanghai, 200092, China; Institute of Software, CAS, Beijing, 100190, China","Huang J., Institute of Electronic and Information Engineering, Tongji University, Shanghai, 200092, China; Pei X., Institute of Electronic and Information Engineering, Tongji University, Shanghai, 200092, China; Ou D., College of Transportation Engineering, Tongji University, Shanghai, 200092, China; Wang J., Institute of Software, CAS, Beijing, 100190, China","From the perspective of computing technology, the safety measures of railway control system, focusing on ensuring of the availability and rapid recovery of failures of the control systems and monitoring the information security of the operating systems, are important to improve the system's trusted computing capabilities. With the rapid development of technologies like 5G-R, cloud computing and IoT, computing technology has made tremendous progress in recent years. However, these technologies have a slow impact on the railway control system. To fill this gap, this paper introduces a programming technology named COMO. And we use the openEuler operating system and Raspberry Pi to build a data collection environment, which reduces the cost and is easy to promote. As the operating system of the entire Raspberry Pi cluster, openEuler opens the intranet IP through Frp and supports access to the data collection platform through the Internet, so that more environments can be coordinated and more data can be collected. Faced with the large amount of data which is log level obtained, this paper presents centralized management about what kind of data to collect and how to evaluate whether the system is healthy. We also do data analysis with traditional tools and is going to do more research based on deep learning technology to provide support for the evaluation of the trusted computing capability of the system software. © 2022, The Author(s), under exclusive license to Springer Nature Singapore Pte Ltd.","5G-R; COMO; High availability software programming; High speed data collection; openEuler","5G mobile communication systems; Availability; Control systems; Data acquisition; Deep learning; Information management; Intranets; Trusted computing; 5g-R; COMO; Computing technology; Data collection; High availability; High availability software programming; High speed data collection; High-speed data; Openeuler; Software programming; Railroads","J. Huang; Institute of Electronic and Information Engineering, Tongji University, Shanghai, 200092, China; email: jingru_h@tongji.edu.cn","Liang J.; Jia L.; Qin Y.; Liu Z.; Diao L.; An M.","Springer Science and Business Media Deutschland GmbH","18761100","978-981169908-5","","","English","Lect. Notes Electr. Eng.","Conference paper","Final","","Scopus","2-s2.0-85126232908"
"André C.; Deantoni J.; Mallet F.; De Simone R.","André, Charles (56212847900); Deantoni, Julien (11940341600); Mallet, Frédéric (24328821200); De Simone, Robert (11339046600)","56212847900; 11940341600; 24328821200; 11339046600","The Time Model of logical clocks available in the OMG MARTE profile","2010","Synthesis of Embedded Software: Frameworks and Methodologies for Correctness by Construction","","","","201","227","12","10.1007/978-1-4419-6400-7_7","https://www.scopus.com/pages/publications/84863032719?origin=resultslist","Laboratoire I3S, UMR 6070 CNRS, Université Nice-Sophia Antipolis, INRIA Sophia Antipolis Méditerranée, 06902 Sophia Antipolis, France; INRIA, Centre de Recherche de Sophia-Antipolis Méditerranée, 06902 Sophia Antipolis, France","André C., Laboratoire I3S, UMR 6070 CNRS, Université Nice-Sophia Antipolis, INRIA Sophia Antipolis Méditerranée, 06902 Sophia Antipolis, France, INRIA, Centre de Recherche de Sophia-Antipolis Méditerranée, 06902 Sophia Antipolis, France; Deantoni J., Laboratoire I3S, UMR 6070 CNRS, Université Nice-Sophia Antipolis, INRIA Sophia Antipolis Méditerranée, 06902 Sophia Antipolis, France, INRIA, Centre de Recherche de Sophia-Antipolis Méditerranée, 06902 Sophia Antipolis, France; Mallet F., Laboratoire I3S, UMR 6070 CNRS, Université Nice-Sophia Antipolis, INRIA Sophia Antipolis Méditerranée, 06902 Sophia Antipolis, France, INRIA, Centre de Recherche de Sophia-Antipolis Méditerranée, 06902 Sophia Antipolis, France; De Simone R., Laboratoire I3S, UMR 6070 CNRS, Université Nice-Sophia Antipolis, INRIA Sophia Antipolis Méditerranée, 06902 Sophia Antipolis, France, INRIA, Centre de Recherche de Sophia-Antipolis Méditerranée, 06902 Sophia Antipolis, France","Multiform logical time, introduced and made popular through its central role in Synchronous Language theory, is already present in many formalisms pertaining to embedded system design, although usually in a hidden fashion. Logical time considers time bases that can be generated from any sort of sequences of events, not necessarily equally spaced in physical time. Our main goal here is to capture some of the essence of multiform logical time, and encapsulate it into a dedicated syntax (CCSL, Clock Constraint Specification Language, part of the UML profile for MARTE). CCSL provides ways to express loose or strict constraints between distinct logical clocks. Solving such clock constraints amounts to relating clocks to a common reference one, which then can be thought of as closer to physical. We motivate the role of MARTE Time Model and CCSL by using them to explain and formally characterize important semantic features of East-ADL/AUTOSAR, AADL, and Ptolemy's SDC models. © 2010 Springer Science+Business Media, LLC.","","","C. André; Laboratoire I3S, UMR 6070 CNRS, Université Nice-Sophia Antipolis, INRIA Sophia Antipolis Méditerranée, 06902 Sophia Antipolis, France; email: Charles.Andre@sophia.inria.fr","","Springer US","","978-144196399-4","","","English","Synthesis of Embedded Softw.: Frameworks and Methodologies for Correctness by Constr.","Book chapter","Final","All Open Access; Green Open Access","Scopus","2-s2.0-84863032719"
"Caspi P.; Colaço J.-L.; Gérard L.; Pouzet M.; Raymond P.","Caspi, Paul (7003700523); Colaço, Jean-Louis (10138798400); Gérard, Léonard (28067944000); Pouzet, Marc (57202122440); Raymond, Pascal (14014305600)","7003700523; 10138798400; 28067944000; 57202122440; 14014305600","Synchronous objects with scheduling policies - Introducing safe shared memory in lustre","2009","Proceedings of the ACM SIGPLAN Conference on Languages, Compilers, and Tools for Embedded Systems (LCTES)","","","","11","20","12","10.1145/1542452.1542455","https://www.scopus.com/pages/publications/70450237993?origin=resultslist","VERIMAG, Grenoble, France; Prover Technology, Toulouse, France; LRI, Univ. Paris-Sud 11, INRIA, Orsay, France","Caspi P., VERIMAG, Grenoble, France; Colaço J.-L., Prover Technology, Toulouse, France; Gérard L., LRI, Univ. Paris-Sud 11, INRIA, Orsay, France; Pouzet M., LRI, Univ. Paris-Sud 11, INRIA, Orsay, France; Raymond P., VERIMAG, Grenoble, France","This paper addresses the problem of designing and implementing complex control systems for real-time embedded software. Typical applications involve different control laws corresponding to different phases or modes, e.g., take-off, full flight and landing in a fly-by-wire control system. On one hand, existing methods such as the combination of Simulink/Stateflow provide powerful but unsafe mechanisms by means of imperative updates of shared variables. On the other hand, synchronous languages and tools such as Esterel or SCADE/Lustre are too restrictive and forbid to fully separate the specification of modes from their actual instantiation with a particular control automaton. In this paper, we introduce a conservative extension of a synchronous data-flow language close to Lustre, in order to be able to define systems with modes in a more modular way, while insuring the absence of data-races. We show that such a system can be viewed as an object where modes are methods acting on a shared memory. The object is associated to a scheduling policy which specifies the ways methods can be called to build a valid synchronous reaction. We show that the verification of the proper use of an object reduces to a type inference problem using row types introduced by Wand, Rémy and Vouillon. We define the semantics of the extended synchronous language and the type system. The proposed extension has been implemented and we illustrate its use through several examples. Copyright © 2009 ACM.","Blockdiagrams; Compilation; Real-time systems; Semantics; Synchronous languages; Type systems","Embedded software; Embedded systems; Flight control systems; Hand tools; Linguistics; Program compilers; Query languages; Scheduling; Semantics; Block diagrams; Compilation; Complex control systems; Conservative extensions; Control laws; Esterel; Existing method; Fly-by-wire control systems; Real-time embedded software; Scheduling policies; Shared memories; Shared variables; Synchronous data-flow languages; Synchronous languages; Type inferences; Type systems; Typical application; Real time systems","P. Caspi; VERIMAG, Grenoble, France; email: Paul.Caspi@verimag.fr","","","","978-160558356-3","","","English","Proc. ACM SIGPLAN Conf. Lang. Compilers Tools Embedded Syst.","Conference paper","Final","","Scopus","2-s2.0-70450237993"
"Siron F.; Potop-Butucaru D.; De Simone R.; Chabrol D.; Methni A.","Siron, Fabien (58265960000); Potop-Butucaru, Dumitru (6506534634); De Simone, Robert (11339046600); Chabrol, Damien (35761112600); Methni, Amira (56652204600)","58265960000; 6506534634; 11339046600; 35761112600; 56652204600","Semantics foundations of PsyC based on synchronous Logical Execution Time","2023","ACM International Conference Proceeding Series","","","","319","324","0","10.1145/3576914.3587495","https://www.scopus.com/pages/publications/85159775420?origin=resultslist","Krono-Safe, Université Côte d'Azur, Inria, France; Inria, France; Krono-Safe, France","Siron F., Krono-Safe, Université Côte d'Azur, Inria, France; Potop-Butucaru D., Inria, France; De Simone R., Inria, France; Chabrol D., Krono-Safe, France; Methni A., Krono-Safe, France","Task models for Real-Time Scheduling (RTS) and Synchronous Reactive (SR) languages are two prominent classes of formalisms for the design and analysis of time-critical embedded systems. Task models allow providing deadlines, periods, or other such kinds of interval time boundaries that make the system description fit for schedulability analysis. Synchronous reactive languages use logical clocks to be activation condition triggers in languages providing programmability. We consider here synchronous LET (sLET) extensions that intend to re-use notions of logical clocks and logical time, for the purpose of providing schedulability boundaries. As its name indicates, sLET borrows deeply from Logical Execution Time ideas, where timing dimensions are all provided at logical design time, but they extend asynchronous events as in xGiotto with SR-inspired programmability and ""first-class citizen""logical clock constructs. Our work results in a two-level semantics of the programming language PsyC. The benefits are to reuse techniques from both RTS and SR. Big-step RTS models provide inputs for task model schedulability analysis and implementation. Meanwhile, SR small-step models provide methodological tools to view any events as a time base (logical clock) and verification technologies (but they do not consider the WCET of tasks to be kept within time boundaries by the scheduling). We show the semantic equivalence of those two semantics at visible time interval boundaries.  © 2023 ACM.","Logical Execution Time; Multiform Logical Time; Real-Time Systems; Synchronous languages","Clocks; Embedded systems; High level languages; Interactive computer systems; Real time systems; Logical clock; Logical execution time; Multiform logical time; Programmability; Reactive languages; Real - Time system; Real time scheduling; Schedulability analysis; Synchronous languages; Task modelling; Semantics","","","Association for Computing Machinery","","979-840070049-1","","","English","ACM Int. Conf. Proc. Ser.","Conference paper","Final","All Open Access; Gold Open Access; Green Open Access","Scopus","2-s2.0-85159775420"
"Wang J.J.; Roop P.S.; Andalam S.","Wang, Jia Jie (56008371300); Roop, Partha S. (6602395877); Andalam, Sidharta (26657876800)","56008371300; 6602395877; 26657876800","ILPc: A novel approach for scalable timing analysis of synchronous programs","2013","2013 International Conference on Compilers, Architecture and Synthesis for Embedded Systems, CASES 2013","","","6662526","","","10","10.1109/CASES.2013.6662526","https://www.scopus.com/pages/publications/84892639459?origin=resultslist","University of Auckland, New Zealand; TUM Create, Germany","Wang J.J., University of Auckland, New Zealand; Roop P.S., University of Auckland, New Zealand; Andalam S., TUM Create, Germany","Synchronous programs have been widely used in the design of safety critical systems such as the flight control of Airbus A-380. To validate the implementations of synchronous programs, it is necessary to map the program's logical time (measured in logical ticks) to physical time (the execution time on a given processor). The static computation of the worst case execution time of logical ticks is called Worst Case Reaction Time (WCRT) analysis. Several approaches for WCRT analysis exist: max-plus algebra, model checking, reachability and integer linear programming (ILP). Of these approaches, reachability, model checking and ILP provide reasonably precise worst case estimates at the expense of longer analysis time. Apart from max-plus based approaches, which can produce large overestimates, the existing approaches suffer from the state space explosion problem. In this paper, we develop a new ILP based approach, called ILPc-which exploits the concurrency explicitly in the ILP formulation to avoid the state space explosion problem. Through extensive bench-marking we demonstrate the efficacy of the approach: for complex programs, ILPc is often orders of magnitude faster compared to the existing approaches, while achieving same level of precision. Thus, this paper paves the way for scalable WCRT analysis of complex embedded systems designed using the synchronous approach. © 2013 IEEE.","Integer linear programming; Scability; Static timing analysis; Synchronous languages","Embedded systems; Integer programming; Model checking; Program compilers; Integer Linear Programming; Orders of magnitude; Safety critical systems; Scability; State-space explosion; Static timing analysis; Synchronous languages; Worst-case execution time; Inductive logic programming (ILP)","","","IEEE Computer Society","","978-147991400-5","","","English","Int. Conf. Compilers, Archit. Synth. Embedded Syst., CASES","Conference paper","Final","","Scopus","2-s2.0-84892639459"
"Roop P.S.; Andalam S.; Von Hanxleden R.; Yuan S.; Traulsen C.","Roop, Partha S. (6602395877); Andalam, Sidharta (26657876800); Von Hanxleden, Reinhard (10045077200); Yuan, Simon (26658818600); Traulsen, Claus (14042787700)","6602395877; 26657876800; 10045077200; 26658818600; 14042787700","Tight WCRT analysis of synchronous C programs","2009","Embedded Systems Week 2009 - 2009 International Conference on Compilers, Architecture, and Synthesis for Embedded Systems, CASES'09","","","","205","214","32","10.1145/1629395.1629424","https://www.scopus.com/pages/publications/72049128371?origin=resultslist","Department of Electrical and Computer Engineering, University of Auckland, New Zealand; Department of Computer Science, Christian-Albrechts-University, Kiel, Germany","Roop P.S., Department of Electrical and Computer Engineering, University of Auckland, New Zealand; Andalam S., Department of Electrical and Computer Engineering, University of Auckland, New Zealand; Von Hanxleden R., Department of Computer Science, Christian-Albrechts-University, Kiel, Germany; Yuan S., Department of Electrical and Computer Engineering, University of Auckland, New Zealand; Traulsen C., Department of Computer Science, Christian-Albrechts-University, Kiel, Germany","Accurate estimation of the tick length of a synchronous program is essential for efficient and predictable implementations that are devoid of timing faults. The techniques to determine the tick length statically are classified as worst case reaction time (WCRT) analysis. While a plethora of techniques exist for worst case execution time (WCET) analysis of procedural programs, there are only a handful of techniques for determining the WCRT value of synchronous programs. Most of these techniques produce overestimates and hence are unsuitable for the design of systems that are predictable while being also efficient. In this paper, we present an approach for the accurate estimation of the exact WCRT value of a synchronous program, called its tight WCRT value, using model checking. For our input specifications we have selected a synchronous C based language called PRET-C that is designed for programming Precision Timed (PRET) architectures. We then present an approach for static WCRT analysis of these programs via an intermediate format called TCCFG. This intermediate representation is then compiled to produce the input for the model checker. Experimental results that compare our approach to existing approaches demonstrate the benefits of the proposed approach. The proposed approach, while presented for PRET-C is also applicable for WCRT analysis of Esterel using simple adjustments to the generated model. The proposed approach thus paves the way for a generic approach for determining the tight WCRT value of synchronous programs at compile time. Copyright 2009 ACM.","Model checking; Precision timed machines; Static timing analysis; Synchronous languages","Embedded systems; Linguistics; Program compilers; Query languages; Time measurement; Accurate estimation; C programs; Compile time; Esterel; Generic approach; Intermediate formats; Intermediate representations; Model checker; Reaction time; Static timing analysis; Synchronous languages; Synchronous program; Timing fault; Worst case; Worst-case execution time analysis; Model checking","","","","","978-160558626-7","","","English","Embedded Syst. Week - Int. Conf. Compilers, Archit., Synth. Embedded Syst., CASES","Conference paper","Final","All Open Access; Green Open Access","Scopus","2-s2.0-72049128371"
"","","","LCTES 2011 - Proceedings of the ACM SIGPLAN/SIGBED 2011 Conference on Languages, Compilers, Tools and Theory for Embedded Systems","2011","Proceedings of the ACM SIGPLAN Conference on Languages, Compilers, and Tools for Embedded Systems (LCTES)","","","","","","0","","https://www.scopus.com/pages/publications/105043630369?origin=resultslist","","","The proceedings contain 17 papers. The topics discussed include: scheduling of stream-based real-time applications for heterogeneous systems; static bus schedule aware scratchpad allocation in multiprocessors; task-level analysis for a language with async/finish parallelism; a low-cost wear-leveling algorithm for block-mapping solid-state disks; an approach to improving the structure of error-handling code in the Linux kernel; targeting complex embedded architectures by combining the multicore communications API (MCAPI) with compile-time virtualization; divide and recycle: types and compilation for a hybrid synchronous language; static analysis of synchronous programs in signal for efficient design of multi-clocked embedded systems; and synchronous programming of device drivers for global resource control in embedded operating systems.","","","","","Association for Computing Machinery","","978-145030555-6","","","English","Proc. ACM SIGPLAN Conf. Lang. Compilers Tools Embedded Syst.","Conference review","Final","","Scopus","2-s2.0-105043630369"
"Holschemacher K.; Käseberg S.","Holschemacher, K. (6506835750); Käseberg, S. (56052157700)","6506835750; 56052157700","Smart FRP systems with embedded FBG for structural monitoring and retrofitting","2013","Proceedings of the 13th East Asia-Pacific Conference on Structural Engineering and Construction, EASEC 2013","","","","","","1","","https://www.scopus.com/pages/publications/84905270658?origin=resultslist","Institute of Concrete Construction, Leipzig University of Applied Sciences, Germany","Holschemacher K., Institute of Concrete Construction, Leipzig University of Applied Sciences, Germany; Käseberg S., Institute of Concrete Construction, Leipzig University of Applied Sciences, Germany","During the last ten years, an increasing number of carbon fiber reinforced polymer (CFRP) applications could have been observed that were focused on refurbishing damaged concrete or steel elements. In some of those applications, properties that are inherent to CFRP's like brittleness and low bonding ductility between the CFRP and concrete has been pointed out to be a challenge, which is considered to refrain this promising technique from a wider range of use. In this paper, we present an optical strain sensor based CFRP system that can be used for strengthening and monitoring a wide range of structures at the same time. Thereby we have used optical fibers containing fiber Bragg grating sensors (FBG) being directly integrated in the FRP systems. This approach is known to have a number of significant advantages compared to conventional methods, e.g. small dimensions, low weight, and a high static and dynamic strain resolution. In our recent work, we have focused on the investigation of reliable fixation and alignment techniques for the silica fibers in order to create a reliable, industrial-grade compound between the sensing FBG element and the FRP system. We present our approach for setting the sensing silica fiber directly on the reinforcing fiber material with an adapted embroidery technique. An embroidery machine using computerized support was modified in order to align and fix the optical fiber accurately to the reinforcement carbon and/or glass fiber matrix. By using programmable machines, a very high degree of production yield and efficiency has been demonstrated for sample FRP structures that were applied to several objects per a manual lamination technique. The FRP system's potential was thoroughly evaluated in multiple four-point beam bending tests, and long-term interrogation in field tests. Our results clearly pave the way for a reliable and efficient industrial fabrication of smart FRP sensing structures for structural health monitoring.","CFRP; Embroidery; Fiber Bragg grating; GFRP; Health monitoring","Carbon Fibers; Concrete; Fiber Optics; Fibers; Lamination; Reinforcement; Sensors; Silica; Structural Design; Carbon fiber reinforced plastics; Concretes; Embedded systems; Fiber optic sensors; Fibers; Fracture mechanics; Laminating; Optical fiber fabrication; Reinforcement; Silica; Structural design; Structural health monitoring; Textile printing; Carbon fiber reinforced polymer; Embroidery; Fiber Bragg Grating Sensors; GFRP; Health monitoring; Industrial fabrication; Optical strain sensors; Programmable machines; Fiber Bragg gratings","K. Holschemacher; Institute of Concrete Construction, Leipzig University of Applied Sciences, Germany; email: klaus.holschemacher@fb.htwk-leipzig.de","","Hokkaido University collection of Scholarly Academic Papers, HUSCAP","","","","","English","Proc. East Asia-Pacific Conf. Struct. Eng. Constr., EASEC","Conference paper","Final","","Scopus","2-s2.0-84905270658"
"Cohen A.; Mandel L.; Plateau F.; Pouzet M.","Cohen, Albert (57207237960); Mandel, Louis (7101842179); Plateau, Florence (10143979800); Pouzet, Marc (57202122440)","57207237960; 7101842179; 10143979800; 57202122440","Abstraction of clocks in synchronous data-flow systems","2008","Lecture Notes in Computer Science (including subseries Lecture Notes in Artificial Intelligence and Lecture Notes in Bioinformatics)","5356 LNCS","","","237","254","8","10.1007/978-3-540-89330-1_17","https://www.scopus.com/pages/publications/58549096283?origin=resultslist","INRIA Saclay, Ile-de-France, Orsay, France; LRI, Orsay, Univ. Paris-Sud 11, France; INRIA Saclay, France; Institut Universitaire de France, France","Cohen A., INRIA Saclay, Ile-de-France, Orsay, France; Mandel L., LRI, Orsay, Univ. Paris-Sud 11, France, INRIA Saclay, France; Plateau F., LRI, Orsay, Univ. Paris-Sud 11, France, INRIA Saclay, France; Pouzet M., LRI, Orsay, Univ. Paris-Sud 11, France, INRIA Saclay, France, Institut Universitaire de France, France","Synchronous data-flow languages such as Lustre manage infinite sequences or streams as basic values. Each stream is associated to a clock which defines the instants where the current value of the stream is present. This clock is a type information and a dedicated type system - the so-called clock-calculus - statically rejects programs which cannot be executed synchronously. In existing synchronous languages, it amounts at asking whether two streams have the same clocks and thus relies on clock equality only. Recent works have shown the interest of introducing some relaxed notion of synchrony, where two streams can be composed as soon as they can be synchronized through the introduction of a finite buffer (as done in the SDF model of Edward Lee). This technically consists in replacing typing by subtyping. The present paper introduces a simple way to achieve this relaxed model through the use of clock envelopes. These clock envelopes are sets of concrete clocks which are not necessarily periodic. This allows to model various features in real-time embedded software such as bounded jitter as found in video-systems, execution time of real-time processes and scheduling resources or the communication through buffers. We present the algebra of clock envelopes and its main theoretical properties. © 2008 Springer Berlin Heidelberg.","Compilation; Kahn process networks; Real-time systems; Semantics; Synchronous languages; Type-systems","Calculations; Clocks; Data streams; Data transfer; Embedded systems; Interactive computer systems; Response time (computer systems); Semantics; Compilation; Kahn process networks; Real-time embedded software; Scheduling resources; Synchronous data flow; Synchronous data-flow languages; Synchronous languages; Type systems; Real time systems","","","Springer Verlag","03029743","3540893296; 978-354089329-5","","","English","Lect. Notes Comput. Sci.","Conference paper","Final","","Scopus","2-s2.0-58549096283"
"Von Hanxleden R.; Mendler M.; Aguado J.; Duderstadt B.; Fuhrmann I.; Motika C.; Mercer S.; O'Brien O.; Roop P.","Von Hanxleden, Reinhard (57192869992); Mendler, Michael (55881981000); Aguado, Joaquín (8409620700); Duderstadt, Björn (55885231900); Fuhrmann, Insa (55884604800); Motika, Christian (57191927573); Mercer, Stephen (55883986000); O'Brien, Owen (55885267300); Roop, Partha (6602395877)","57192869992; 55881981000; 8409620700; 55885231900; 55884604800; 57191927573; 55883986000; 55885267300; 6602395877","Sequentially constructive concurrency - A conservative extension of the synchronous model of computation","2014","ACM Transactions on Embedded Computing Systems","13","4s","144","","","28","10.1145/2627350","https://www.scopus.com/pages/publications/84995602188?origin=resultslist","Dept. of Computer Science, Kiel University, Kiel, Germany; Dept. of Computer Science, Bamberg University, Bamberg, Germany; National Instruments, Austin, TX, United States; Dept. of Electrical and Electronic Engineering, Auckland University, Auckland, New Zealand","Von Hanxleden R., Dept. of Computer Science, Kiel University, Kiel, Germany; Mendler M., Dept. of Computer Science, Bamberg University, Bamberg, Germany; Aguado J., Dept. of Computer Science, Bamberg University, Bamberg, Germany; Duderstadt B., Dept. of Computer Science, Kiel University, Kiel, Germany; Fuhrmann I., Dept. of Computer Science, Kiel University, Kiel, Germany; Motika C., Dept. of Computer Science, Kiel University, Kiel, Germany; Mercer S., National Instruments, Austin, TX, United States; O'Brien O., National Instruments, Austin, TX, United States; Roop P., Dept. of Electrical and Electronic Engineering, Auckland University, Auckland, New Zealand","Synchronous languages ensure determinate concurrency but at the price of restrictions on what programs are considered valid, or constructive. Meanwhile, sequential languages such as C and Java offer an intuitive, familiar programming paradigm but provide no guarantees with regard to determinate concurrency. The sequentially constructive (SC) model of computation (MoC) presented here harnesses the synchronous execution model to achieve determinate concurrency while taking advantage of familiar, convenient programming paradigms from sequential languages. In essence, the SC MoC extends the classical synchronous MoC by allowing variables to be read and written in any order and multiple times, as long as the sequentiality expressed in the program provides sufficient scheduling information to rule out race conditions. This allows to use programming patterns familiar from sequential programming, such as testing and later setting the value of a variable, which are forbidden in the standard synchronous MoC. The SC MoC is a conservative extension in that programs considered constructive in the common synchronous MoC are also SC and retain the same semantics. In this article, we investigate classes of shared variable accesses, define SC-admissible scheduling as a restriction of ""free scheduling,"" derive the concept of sequential constructiveness, and present a priority-based scheduling algorithm for analyzing and compiling SC programs efficiently. 2014 Copyright held by the Owner/Author.","Algorithms; Concurrency; Constructiveness; D.1.3 [programming techniques]: concurrent programming; D.3.1 [programming languages]: formal definitions and theory-semantics; Determinacy; Determinism; Embedded systems; Esterel; Languages; Reactive systems; Synchronous languages; Theory","Algorithms; Computation theory; Embedded systems; Query languages; Scheduling; Scheduling algorithms; Semantics; Concurrency; Concurrent programming; Constructiveness; Determinacy; Determinism; Esterel; Formal definition; Reactive system; Synchronous languages; Theory; Conservative extensions; Priority-based scheduling; Programming paradigms; Scheduling information; Sequential languages; Sequential programming; Shared variable access; C (programming language); Scheduling","R. Von Hanxleden; Dept. of Computer Science, Kiel University, Kiel, Germany; email: rvh@informatik.uni-kiel.de","","Association for Computing Machinery","15399087","","","","English","ACM Trans. Embedded Comput. Syst.","Conference paper","Final","","Scopus","2-s2.0-84995602188"
"Peros S.; Delbruel S.; Michiels S.; Joosen W.; Hughes D.","Peros, Stefanos (57202605259); Delbruel, Sté;phane (57189257666); Michiels, Sam (6603638033); Joosen, Wouter (57202521929); Hughes, Danny (56111496900)","57202605259; 57189257666; 6603638033; 57202521929; 56111496900","Simplifying CPS Application Development through Fine-grained, Automatic Timeout Predictions","2020","ACM Transactions on Internet of Things","1","3","18","","","2","10.1145/3385960","https://www.scopus.com/pages/publications/85151961651?origin=resultslist","Imec-DistriNet Ku Leuven, Celestijnenlaan 200A, Leuven, Vlaams-Brabant, 3001, Belgium","Peros S., Imec-DistriNet Ku Leuven, Celestijnenlaan 200A, Leuven, Vlaams-Brabant, 3001, Belgium; Delbruel S., Imec-DistriNet Ku Leuven, Celestijnenlaan 200A, Leuven, Vlaams-Brabant, 3001, Belgium; Michiels S., Imec-DistriNet Ku Leuven, Celestijnenlaan 200A, Leuven, Vlaams-Brabant, 3001, Belgium; Joosen W., Imec-DistriNet Ku Leuven, Celestijnenlaan 200A, Leuven, Vlaams-Brabant, 3001, Belgium; Hughes D., Imec-DistriNet Ku Leuven, Celestijnenlaan 200A, Leuven, Vlaams-Brabant, 3001, Belgium","Application development for Cyber Physical Systems (CPS) is challenging, because the wireless network and the devices introduce latencies that vary continuously along with the load, status, or environmental conditions of the infrastructure. Reactive programming is well suited for the development of event-driven applications, yet current reactive programming frameworks require developers to predict event arrival time-boundaries at compile time, which is impractical, if not impossible, for CPS. Thus, there is a tradeoff between timeliness and completeness of complex event computations, e.g., operational efficiency in a manufacturing plant: Waiting too long until all individual events arrive can fail to produce a useful result, while not waiting long enough may lead to faults due to incomplete status information. In this article, we propose (a) a set of extensions to state-of-the-art reactive programming frameworks, which remove the burden of specifying timeouts at compile time by utilizing (b) Khronos, a middleware that automatically determines timeouts by taking into account variations in event arrival times due to the underlying infrastructure. Evaluation on a physical testbed shows that the extensions significantly decrease developer effort and that Khronos considerably improves timeliness under varying network configurations and conditions, while still satisfying the application's tolerance to missed events. © 2020 ACM.","Cyber-physical systems; event-driven programming; late arrivals; middleware; reactive programming; time management","Embedded systems; Middleware; Application development; Arrival time; Compile time; Cybe-physical systems; Cyber-physical systems; Event-driven programming; Late arrival; Programming framework; Reactive programming; Time management; Cyber Physical System","","","Association for Computing Machinery","25776207","","","","English","ACM Trans. Internet Things","Article","Final","","Scopus","2-s2.0-85151961651"
"Caspi P.; Curic A.; Maignan A.; Sofronis C.; Tripakis S.; Niebert P.","Caspi, Paul (7003700523); Curic, Adrian (6508136914); Maignan, Aude (57188576630); Sofronis, Christos (6507485743); Tripakis, Stavros (6701546551); Niebert, Peter (15045439800)","7003700523; 6508136914; 57188576630; 6507485743; 6701546551; 15045439800","From simulink to SCADE/Lustre to TTA: A layered approach for distributed embedded applications","2003","Proceedings of the ACM SIGPLAN Conference on Languages, Compilers, and Tools for Embedded Systems (LCTES)","","","","153","162","102","","https://www.scopus.com/pages/publications/0242527400?origin=resultslist","VERIMAG, Centre Equation, 38610 Gières, 2 Avenue de Vignate, France; Lab. d'Informatique Fondamentale, CMI, 13453 Marseille, 39 Rue Joliot-Curie, France","Caspi P.; Curic A.; Maignan A.; Sofronis C.; Tripakis S., VERIMAG, Centre Equation, 38610 Gières, 2 Avenue de Vignate, France; Niebert P., Lab. d'Informatique Fondamentale, CMI, 13453 Marseille, 39 Rue Joliot-Curie, France","We present a layered end-to-end approach for the design and implementation of embedded software on a distributed platform. The approach comprises a high-level modeling and simulation layer (Simulink), a middle-level programming and validation layer (SCADE/Lustre) and a low-level execution layer (TTA). We provide algorithms and tools to pass from one layer to the next. First, a translator from Simulink to Lustre. Second, a set of real-time and code-distribution extensions to Lustre. Third, implementation techniques for decomposing a Lustre program into tasks and messages, scheduling the tasks and messages on the processors and the bus, distributing the Lustre code on the execution platform, and generating the necessary ""glue"" code.","Code distribution; Embedded software; Lustre; Scheduling; Simulink; Synchronous languages","Algorithms; Computer programming; Computer simulation; Distributed computer systems; Embedded systems; High level languages; Program translators; Scheduling; Code distribution; Embedded software; Middle level programming; Safety critical application development environment; Software package Lustre; Software package Simulink; Synchronous languages; Time triggered architecture; Computer aided software engineering","","","","","","","","English","Proc. ACM SIGPLAN Conf. Lang. Compilers Tools Embedded Syst.","Conference paper","Final","","Scopus","2-s2.0-0242527400"
"Nilsson H.","Nilsson, Henrik (35865815300)","35865815300","Dynamic optimization for functional reactive programming using Generalized Algebraic Data Types","2005","ACM SIGPLAN Notices","40","9","","54","65","5","10.1145/1090189.1086374","https://www.scopus.com/pages/publications/33745213154?origin=resultslist","School of Computer Science and Information Technology, University of Nottingham, United Kingdom","Nilsson H., School of Computer Science and Information Technology, University of Nottingham, United Kingdom","A limited form of dependent types, called Generalized Algebraic Data Types (GADTs), has recently been added to the list of Haskell extensions supported by the Glasgow Haskell Compiler. Despite not being full-fledged dependent types, GADTs still offer considerably enlarged scope for enforcing important code and data invariants statically. Moreover, GADTs offer the tantalizing possibility of writing more efficient programs since capturing invariants statically through the type system sometimes obviates entire layers of dynamic tests and associated data markup. This paper is a case study on the applications of GADTs in the context of Yampa, a domain-specific language for Functional Reactive Programming in the form of a self-optimizing, arrow-based Haskell combinator library. The paper has two aims. Firstly, to explore what kind of optimizations GADTs make possible in this context. Much of that should also be relevant for other domain-specific embedded language implementations, in particular arrow-based ones. Secondly, as the actual performance impact of the GADT-based optimizations is not obvious, to quantify this impact, both on tailored micro benchmarks, to establish the effectiveness of individual optimizations, and on two fairly large, realistic applications, to gauge the overall impact. The performance gains for the micro benchmarks are substantial. This implies that the Yampa API could be simplified as a number of ""pre-composed"" primitives that were there mainly for performance reasons are no longer needed. As to the applications, a worthwhile performance gain was obtained in one case whereas the performance was more or less unchanged in the other. Copyright © 2005ACM.","Arrows; Combinator library; Domain-specific languages; DSEL; FRP; Functional programming; GADT; Haskell; Reactive programming; Synchronous dataflow languages; Yampa","Database systems; Dynamic programming; Embedded systems; Optimization; Program compilers; Arrows; Combinator library; Domain specific languages; FRP; Functional programming; GADT; Haskell; Synchronous dataflow languages; Yampa; Structured programming","H. Nilsson; School of Computer Science and Information Technology, University of Nottingham, Nottingham, United Kingdom; email: Henrik.Nilsson@cs.nott.ac.uk","","","03621340","","","","English","ACM SIGPLAN Not.","Article","Final","","Scopus","2-s2.0-33745213154"
"Zhang Q.; Barri K.; Wang Z.L.; Alavi A.H.","Zhang, Qianyun (57219218482); Barri, Kaveh (57207842284); Wang, Zhong Lin (56430045300); Alavi, Amir H. (33867483600)","57219218482; 57207842284; 56430045300; 33867483600","Multifunctional Composite Rebars for Distributed Structural Health Monitoring of Concrete Structures","2021","Structural Health Monitoring 2021: Enabling Next-Generation SHM for Cyber-Physical Systems - Proceedings of the 13th International Workshop on Structural Health Monitoring, IWSHM 2021","","","","253","259","0","","https://www.scopus.com/pages/publications/85139189100?origin=resultslist","Department of Civil and Environmental Engineering, University of Pittsburgh, Pittsburgh, 15260, PA, United States; School of Materials Science and Engineering, Georgia Institute of Technology, Atlanta, 30332, GA, United States; Beijing Institute of Nanoenergy and Nanosystems, Chinese Academy of Sciences, Beijing, 100083, China","Zhang Q., Department of Civil and Environmental Engineering, University of Pittsburgh, Pittsburgh, 15260, PA, United States; Barri K., Department of Civil and Environmental Engineering, University of Pittsburgh, Pittsburgh, 15260, PA, United States; Wang Z.L., School of Materials Science and Engineering, Georgia Institute of Technology, Atlanta, 30332, GA, United States; Alavi A.H., Beijing Institute of Nanoenergy and Nanosystems, Chinese Academy of Sciences, Beijing, 100083, China","Structural health monitoring (SHM) of reinforced concrete structures is a rapidly developing field with significant advancements over the last decade. Most of the existing SHM systems rely on a large number of point sensors attached to or embedded inside the structures. The sensor network should be densely distributed on the structure or around the potential damage areas for an acceptable damage detection performance. Apparently, this is not an optimal solution for an effective cost. On the other hand, issues such as securing a reliable power supply, cable connections and maintenance costs have remained a major challenge for current distributed SHM systems. To cope with these challenges, we propose a novel concept of multifunctional composite reinforcement rebars with sensing and energy harvesting functionalities for reinforced concrete structures. We develop multifunctional rebars via introducing a triboelectric nanogenerator (TENG) technology into the fabrication process of fiber reinforced polymer (FRP) rebars. The developed rebars with built-in TENG mechanism serve both as nanogenerators and distributed sensing systems under external mechanical vibrations. We perform experiential studies to verify the electrical and mechanical performance of the developed self-powering and self-sensing composite rebars. © 2021 Structural Health Monitoring 2021: Enabling Next-Generation SHM for Cyber-Physical Systems - Proceedings of the 13th International Workshop on Structural Health Monitoring, IWSHM 2021. All rights reserved.","","Concrete buildings; Concrete construction; Cyber Physical System; Damage detection; Electric power systems; Embedded systems; Energy harvesting; Fiber reinforced plastics; Piezoelectricity; Reinforced concrete; Sensor networks; Vibrations (mechanical); Damage area; Detection performance; Multifunctional composites; Nanogenerators; Optimal solutions; Point sensors; Reinforced concrete structures; Reliable power supply; Sensors network; Structural health monitoring systems; Structural health monitoring","A.H. Alavi; Beijing Institute of Nanoenergy and Nanosystems, Chinese Academy of Sciences, Beijing, 100083, China; email: alavi@pitt.edu","Farhangdoust S.; Guemes A.; Chang F.-K.","DEStech Publications Inc.","","978-160595687-9","","","English","Struct. Health Monit.: Enabling Next-Gener. SHM Cyber-Phys. Syst. - Proc. Int. Workshop Struct. Health Monit., SHM","Conference paper","Final","","Scopus","2-s2.0-85139189100"
"Ma Y.; Gautier T.; Talpin J.-P.; Le Guernic P.; Yu H.","Ma, Yue (55687242700); Gautier, Thierry (35953675000); Talpin, Jean-Pierre (6602090161); Le Guernic, Paul (6701792272); Yu, Huafeng (59870410100)","55687242700; 35953675000; 6602090161; 6701792272; 59870410100","Compositional modeling of GALS architectures in a polychronous calculation model; [Modélisation compositionnelle d'architectures GALS dans un modèle de calcul polychrone]","2011","Journal Europeen des Systemes Automatises","45","1-3","","61","76","0","10.3166/JESA.45.61-76","https://www.scopus.com/pages/publications/82255171035?origin=resultslist","INRIA Rennes/IRISA, Campus de Beaulieu, F-35042 Rennes, France","Ma Y., INRIA Rennes/IRISA, Campus de Beaulieu, F-35042 Rennes, France; Gautier T., INRIA Rennes/IRISA, Campus de Beaulieu, F-35042 Rennes, France; Talpin J.-P., INRIA Rennes/IRISA, Campus de Beaulieu, F-35042 Rennes, France; Le Guernic P., INRIA Rennes/IRISA, Campus de Beaulieu, F-35042 Rennes, France; Yu H., INRIA Rennes/IRISA, Campus de Beaulieu, F-35042 Rennes, France","AADL is dedicated to high-level design and evaluation of embedded systems. It allows describing both system structure and functional aspects via a component-based approach, e.g., GALS system. The polychronous model of computation stands out from other synchronous specification models by the fact that it allows one specifying a system whose components can have their own activation clocks. It is well adapted to support a GALS design methodology. Its framework Polychrony provides models and methods for modeling, transformation and validation of embedded systems. This paper proposes a methodology for modeling and validation of embedded systems specified in AADL via the multi-clock synchronous programming language Signal. This methodology includes system-level modeling via AADL, automatic transformations from the high-level AADL model to the polychronous model, code distribution, formal verification and simulation of the obtained polychronous model. Our transformation takes into account both the system architecture, particularly described in Integrated Modular Avionics (IMA), and functional aspects, e.g., software components implemented in the polychronous language Signal. AADL components are modeled into the polychronous MoC within the IMA architecture using a library of ARINC services. Distributed code generation is obtained with Polychrony. A case study illustrates our methodology for the reliable design of AADL applications. © 2011 Lavoisier, Paris.","AADL; GALS; IMA; Polychronous model; Signal; Simulation","Codes (symbols); Design; Embedded systems; AADL; GALS; IMA; Signal; Simulation; Computer simulation","Y. Ma; INRIA Rennes/IRISA, Campus de Beaulieu, F-35042 Rennes, France; email: yue.ma@inria.fr","","","12696935","","","","French","J. Eur. Syst. Autom.","Article","Final","All Open Access; Green Open Access","Scopus","2-s2.0-82255171035"
"","","","REBLS 2022 - Proceedings of the 9th ACM SIGPLAN International Workshop on Reactive and Event-Based Languages and Systems, co-located with SPLASH 2022","2022","REBLS 2022 - Proceedings of the 9th ACM SIGPLAN International Workshop on Reactive and Event-Based Languages and Systems, co-located with SPLASH 2022","","","","","","0","","https://www.scopus.com/pages/publications/85146995629?origin=resultslist","","","The proceedings contain 5 papers. The topics discussed include: towards introducing asynchronous tasks to an FRP language for small-scale embedded systems; distributed persistent signals: architecture and implementation; FLOREnce: a hybrid logic-functional reactive programming language; semantics of RxJS; and reactive programming on the bare metal: a formal model for a low-level reactive virtual machine.","","","","De Meuter W.; Eugster P.; Eugster P.; Salvaneschi G.; Sant'Anna F.; Ziarek L.; Weisenburger P.","Association for Computing Machinery, Inc","","978-145039911-1","","","English","REBLS - Proc. ACM SIGPLAN Int. Workshop Reactive Event-Based Lang. Syst., co-located SPLASH","Conference review","Final","","Scopus","2-s2.0-85146995629"
"Sogo K.; Tsuji Y.; Moriguchi S.; Watanabe T.","Sogo, Kento (58714486200); Tsuji, Yuta (58715352200); Moriguchi, Sosuke (55735588400); Watanabe, Takuo (36931774900)","58714486200; 58715352200; 55735588400; 36931774900","Periodic and Aperiodic Task Description Mechanisms in an FRP Language for Small-Scale Embedded Systems","2023","REBLS 2023 - Proceedings of the 10th ACM SIGPLAN International Workshop on Reactive and Event-Based Languages and Systems, Co-located with: SPLASH 2023","","","","43","53","4","10.1145/3623506.3623578","https://www.scopus.com/pages/publications/85177647045?origin=resultslist","Tokyo Institute of Technology, Tokyo, Japan","Sogo K., Tokyo Institute of Technology, Tokyo, Japan; Tsuji Y., Tokyo Institute of Technology, Tokyo, Japan; Moriguchi S., Tokyo Institute of Technology, Tokyo, Japan; Watanabe T., Tokyo Institute of Technology, Tokyo, Japan","This paper presents mechanisms for describing real-time tasks in functional reactive programming (FRP) languages for small-scale embedded systems. We have designed and implemented Emfrp, an FRP language for resource-constrained systems, and demonstrated its usefulness with several applications. However, the language requires using external clocks as time-varying values when describing time-dependent behaviors. In this work, we extend the types of time-varying values that express their update timings to describe periodic and aperiodic tasks. The extensions enable concise and precise descriptions of various timed behaviors. We evaluate prototype implementations of the extended language concerning program size, execution time, and power consumption. © 2023 ACM.","aperiodic tasks; embedded systems; functional reactive programming; language design; periodic tasks","Functional programming; Real time systems; Aperiodic task; Constrained systems; Embedded-system; Functional reactive programming; Language design; Periodic tasks; Real-time tasks; Small scale; Task description; Time varying; Embedded systems","T. Watanabe; Tokyo Institute of Technology, Tokyo, Japan; email: takuo@acm.org","Serrano M.","Association for Computing Machinery, Inc","","979-840070400-0","","","English","REBLS - Proc. ACM SIGPLAN Int. Workshop React. Event-Based Lang. Syst., Co-located: SPLASH","Conference paper","Final","All Open Access; Gold Open Access","Scopus","2-s2.0-85177647045"
"Sculthorpe N.; Nilsson H.","Sculthorpe, Neil (35119391400); Nilsson, Henrik (35865815300)","35119391400; 35865815300","Safe functional reactive programming through dependent types","2009","Proceedings of the ACM SIGPLAN International Conference on Functional Programming, ICFP","","","","23","34","30","10.1145/1596550.1596558","https://www.scopus.com/pages/publications/70450286358?origin=resultslist","School of Computer Science, University of Nottingham, United Kingdom","Sculthorpe N., School of Computer Science, University of Nottingham, United Kingdom; Nilsson H., School of Computer Science, University of Nottingham, United Kingdom","Functional Reactive Programming (FRP) is an approach to reactive programming where systems are structured as networks of functions operating on signals. FRP is based on the synchronous dataflow paradigm and supports both continuous-time and discrete-time signals (hybrid systems).What sets FRP apart from most other languages for similar applications is its support for systems with dynamic structure and for higher-order reactive constructs. Statically guaranteeing correctness properties of programs is an attractive proposition. This is true in particular for typical application domains for reactive programming such as embedded systems. To that end, many existing reactive languages have type systems or other static checks that guarantee domain-specific properties, such as feedback loops always being well-formed. However, they are limited in their capabilities to support dynamism and higher-order data-flow compared with FRP. Thus, the onus of ensuring such properties of FRP programs has so far been on the programmer as established static techniques do not suffice. In this paper, we show how dependent types allow this concern to be addressed. We present an implementation of FRP embedded in the dependently-typed language Agda, leveraging the type system of the host language to craft a domain-specific (dependent) type system for FRP. The implementation constitutes a discrete, operational semantics of FRP, and as it passes the Agda type, coverage, and termination checks, we know the operational semantics is total, which means our type system is safe. Copyright © 2009 ACM.","Dependent types; Domain-specific languages; Dsels; Frp; Functional programming; Reactive programming; Synchronous data-flow","Data flow analysis; Direct digital control systems; Functional programming; Problem oriented languages; Dependent types; Domains specific languages; Dsels; Frp; Functional reactive programming; Functionals; High-order; Reactive programming; Synchronous Dataflow; Type systems; Continuous time systems","N. Sculthorpe; School of Computer Science, University of Nottingham, United Kingdom; email: nas@cs.nott.ac.uk","","Association for Computing Machinery (ACM)","","978-160558332-7","","","English","Proc ACM SIGPLAN Int Conf Funct Program ICFP","Conference paper","Final","","Scopus","2-s2.0-70450286358"
"Adelantado M.; Boniol F.; Pinault D.","Adelantado, M. (6603608420); Boniol, F. (6507057555); Pinault, D. (6603951570)","6603608420; 6507057555; 6603951570","A simulation environment for designing distributed reactid deliberative time-constrained applications","1995","Proceedings of the 28th Annual Simulation Symposium, ANSS 1995","","","393581","186","195","0","10.1109/SIMSYM.1995.393581","https://www.scopus.com/pages/publications/85063392010?origin=resultslist","Onera-Cert/Deri, 2 Avenue Edouard Belin, Toulouse Cedex, 31055, France","Adelantado M., Onera-Cert/Deri, 2 Avenue Edouard Belin, Toulouse Cedex, 31055, France; Boniol F., Onera-Cert/Deri, 2 Avenue Edouard Belin, Toulouse Cedex, 31055, France; Pinault D., Onera-Cert/Deri, 2 Avenue Edouard Belin, Toulouse Cedex, 31055, France","Reactive systems have been defined as systems that maintain an ongoing relationship with their environment. On the contrary, behavior of deliberative systems can be described as computing a function from an initial state to a terminal state. Reactive programming leads to a new programming style supporting a logical notion of time corresponding to instants where programs react. Examples of pure reactive system include man-machine interface handlers or computer games. Most time critical applications have to include a reactive behavior to meet their timing constraints. and a deliberative behavior to face the new requirements of highly sophisticated, complex and distributed real-time systems (air traffic control, nuclear plant control, embedded tactical systems for military applications). In this paper, we describe a simulation environment providing facilities for designing time-constraineddistributedapplicationsinvolving a mixed reactiveldeliberative behavior. The simulator runs on a Sun4 IPX workstation under Unix operating system and X-Window graphical interface. This work is supported by the French Ministry of Defense (DRET). © 1995 IEEE","","Air traffic control; Computer games; Computer workstations; Embedded systems; Interactive computer systems; Military applications; Distributed real time system; French ministry of defense; Man machine interface; Nuclear plant control; Reactive programming; Simulation environment; Time-critical applications; Unix Operating System; Real time systems","M. Adelantado; Onera-Cert/Deri, Toulouse Cedex, 2 Avenue Edouard Belin, 31055, France; email: adele@tls-cs.cert.fr","","Institute of Electrical and Electronics Engineers Inc.","","0818670916; 978-081867091-6","","","English","Proc. Annu. Simul. Symp., ANSS","Conference paper","Final","","Scopus","2-s2.0-85063392010"
"Virtanen S.","Virtanen, Seppo (16040756100)","16040756100","Innovations in Embedded and Real-Time Systems Engineering for Communication","2012","Innovations in Embedded and Real-Time Systems Engineering for Communication","","","","1","377","1","10.4018/978-1-4666-0912-9","https://www.scopus.com/pages/publications/105013279576?origin=resultslist","University of Turku, Finland","Virtanen S., University of Turku, Finland","Description: Like the anti-lock brakes system of a car, real-time systems are time-vital technologies put in place to react under a certain set of circumstances, often vital to security of data, information, or other resources. Innovations in Embedded and Real-Time Systems Engineering for Communication has collected the latest research within the field of real-time systems engineering, and will serve as a vital reference compendium for practitioners and academics. From a wide variety of fields and countries, the authors of this collection are the respective experts in their areas of concentration, giving the latest case studies, methodologies, frameworks, architectures, best practices, and research as it relates to real-time systems engineering for communication. Coverage: The many academic areas covered in this publication include, but are not limited to: • adaptive partition scheduler • context shifting • criteria • Design methods • Digital Signal Processing • Embedded Systems • Real time operating system • Synchronous programming language • System load • Worst-case execution time. © 2012 by IGI Global. All rights reserved.","","Digital signal processing; Interactive computer systems; Real time systems; Security of data; Adaptive partitions; Antilock brake system; Best practices; Case study methodologies; Data informations; Design method; Digital signals; Embedded and real-time systems; Framework/Architecture; Real - Time system; Embedded systems","","","IGI Global","","978-146660913-6; 978-146660912-9","","","English","Innovations in Embedded and Real-Time Systems Engineering for Communication","Book","Final","","Scopus","2-s2.0-105013279576"
"Schmid D.; Schneider K.; Huhn M.; Logothetis G.; Sabelfeld V.","Schmid, Detlef (7102394623); Schneider, Klaus (58406421600); Huhn, Michaela (15769616800); Logothetis, George (6602879614); Sabelfeld, Viktor (6602275529)","7102394623; 58406421600; 15769616800; 6602879614; 6602275529","Formal Verification of Embedded Systems; [Formale Verifikation eingebetteter Systeme]","1999","IT - Information Technology","41","2","","12","16","1","10.1524/itit.1999.41.2.12","https://www.scopus.com/pages/publications/84908883356?origin=resultslist","Institut Für Rechnerentwurf und Fehlertoleranz (IRF), Universität Karlsruhe, Postfach 6980, Karlsruhe, D-76128, Germany","Schmid D., Institut Für Rechnerentwurf und Fehlertoleranz (IRF), Universität Karlsruhe, Postfach 6980, Karlsruhe, D-76128, Germany; Schneider K., Institut Für Rechnerentwurf und Fehlertoleranz (IRF), Universität Karlsruhe, Postfach 6980, Karlsruhe, D-76128, Germany; Huhn M., Institut Für Rechnerentwurf und Fehlertoleranz (IRF), Universität Karlsruhe, Postfach 6980, Karlsruhe, D-76128, Germany; Logothetis G., Institut Für Rechnerentwurf und Fehlertoleranz (IRF), Universität Karlsruhe, Postfach 6980, Karlsruhe, D-76128, Germany; Sabelfeld V., Institut Für Rechnerentwurf und Fehlertoleranz (IRF), Universität Karlsruhe, Postfach 6980, Karlsruhe, D-76128, Germany","We describe the verification system C@S developed at our institute that has been designed for the verification of reactive embedded systems. C@S is based on a new synchronous language PURR, whose concepts are discussed in detail. © R. Oldenbourg Verlag.","","C (programming language); Embedded-system; Synchronous languages; Verification systems; Embedded systems","","","De Gruyter Oldenbourg","16112776","","","","German","IT Info. Tech.","Article","Final","","Scopus","2-s2.0-84908883356"
"Delaval G.; Marchand H.; Rutten E.","Delaval, Gwenaël (15064030600); Marchand, Hervé (7006153758); Rutten, Eric (56276265500)","15064030600; 7006153758; 56276265500","Contracts for modular discrete controller synthesis","2010","Proceedings of the ACM SIGPLAN Conference on Languages, Compilers, and Tools for Embedded Systems (LCTES)","","","","57","66","54","10.1145/1755888.1755898","https://www.scopus.com/pages/publications/77954523005?origin=resultslist","INRIA, Grenoble, France; INRIA, Rennes, France","Delaval G., INRIA, Grenoble, France; Marchand H., INRIA, Rennes, France; Rutten E., INRIA, Grenoble, France","We describe the extension of a reactive programming language with a behavioral contract construct. It is dedicated to the programming of reactive control of applications in embedded systems, and involves principles of the supervisory control of discrete event systems. Our contribution is in a language approach where modular discrete controller synthesis (DCS) is integrated, and it is concretized in the encapsulation of DCS into a compilation process. From transition system specifications of possible behaviors, DCS automatically produces controllers that make the controlled system satisfy the property given as objective. Our language features and compiling technique provide correctness-by-construction in that sense, and enhance reliability and verifiability. Our application domain is adaptive and reconfigurable systems: closed-loop adaptation mechanisms enable flexible execution of functionalities w.r.t. changing resource and environment conditions. Our language can serve programming such adaption controllers. This paper particularly describes the compilation of the language. We present a method for the modular application of discrete controller synthesis on synchronous programs, and its integration in the BZR language. We consider structured programs, as a composition of nodes, and first apply DCS on particular nodes of the program, in order to reduce the complexity of the controller computation; then, we allow the abstraction of parts of the program for this computation; and finally, we show how to recompose the different controllers computed from different abstractions for their correct co-execution with the initial program. Our work is illustrated with examples, and we present quantitative results about its implementation. © 2010 ACM.","adaptive and reconfigurable systems; components; contracts; discrete controller synthesis; modularity; reactive systems; synchronous programming","Abstracting; Computer systems programming; Controllers; Embedded systems; Linguistics; Program compilers; Query languages; Specifications; adaptive and reconfigurable systems; Discrete controller synthesis; Reactive system; Reconfigurable systems; Synchronous programming; Adaptive control systems","G. Delaval; INRIA, Grenoble, France; email: gwenael.delaval@inria.fr","","","","978-160558953-4","","","English","Proc. ACM SIGPLAN Conf. Lang. Compilers Tools Embedded Syst.","Conference paper","Final","All Open Access; Green Open Access","Scopus","2-s2.0-77954523005"
"Scaife N.; Sofronis C.; Caspi P.; Tripakis S.; Maraninchi F.","Scaife, N. (6508213267); Sofronis, C. (6507485743); Caspi, P. (7003700523); Tripakis, S. (6701546551); Maraninchi, F. (57208414472)","6508213267; 6507485743; 7003700523; 6701546551; 57208414472","Defining and translating a ""safe"" subset of simulink/stateflow into lustre","2004","EMSOFT 2004 - Fourth ACM International Conference on Embedded Software","","","","259","268","100","10.1145/1017753.1017795","https://www.scopus.com/pages/publications/21144449776?origin=resultslist","Laboratoire VERIMAG, Centre Equation, 38610 Gieres, 2, avenue de Vignate, France","Scaife N., Laboratoire VERIMAG, Centre Equation, 38610 Gieres, 2, avenue de Vignate, France; Sofronis C., Laboratoire VERIMAG, Centre Equation, 38610 Gieres, 2, avenue de Vignate, France; Caspi P., Laboratoire VERIMAG, Centre Equation, 38610 Gieres, 2, avenue de Vignate, France; Tripakis S., Laboratoire VERIMAG, Centre Equation, 38610 Gieres, 2, avenue de Vignate, France; Maraninchi F., Laboratoire VERIMAG, Centre Equation, 38610 Gieres, 2, avenue de Vignate, France","The Simulink/Stateflow toolset is an integrated suite enabling model-based design and has become popular in the automotive and aeronautics industries. We have previously developed a translator called s21 from Simulink to the synchronous language Lustre and we build upon that work by encompassing Stateflow as well. Stateflow is problematical for synchronous languages because of its unbounded behaviour so we propose analysis techniques to define a subset of Stateflow for which we can define a synchronous semantics. We go further and define a ""safe"" subset of Stateflow which elides features which are potential sources of errors in Stateflow designs. We give an informal presentation of the Stateflow to Lustre translation process and show how our model-checking tool Lesar can be used to verify some of the semantical checks we have proposed. Finally, we present a small case-study. Copyright 2004 ACM.","Automatic translation; Embedded software; Lustre; Simulink","Automotive industry; Aviation; Semantics; Embedded software; Lustre; Simulink; Embedded systems","N. Scaife; Laboratoire VERIMAG, Centre Equation, 38610 Gieres, 2, avenue de Vignate, France; email: Norman.Scaife@imag.fr","","Association for Computing Machinery (ACM)","","1581138601; 978-158113860-3","","","English","Fourth ACM Int. Conf. Embedded Softw.","Conference paper","Final","","Scopus","2-s2.0-21144449776"
"Romberg J.; Bauer A.","Romberg, Jan (13613612000); Bauer, Andreas (57196955648)","13613612000; 57196955648","Loose synchronization of event-triggered networks for distribution of synchronous programs","2004","EMSOFT 2004 - Fourth ACM International Conference on Embedded Software","","","","193","202","11","10.1145/1017753.1017786","https://www.scopus.com/pages/publications/27644457520?origin=resultslist","Technische Universität München, Institut für Informatik, D-85748 Garching, Boltzmannstrasse 3, Germany","Romberg J., Technische Universität München, Institut für Informatik, D-85748 Garching, Boltzmannstrasse 3, Germany; Bauer A., Technische Universität München, Institut für Informatik, D-85748 Garching, Boltzmannstrasse 3, Germany","Dataflow synchronous languages have attracted considerable interest in domains such as real-time control and hardware design. The potential benefits are promising: Discrete-time semantics and deterministic concurrency reduce the state-space of parallel designs, and the engineer's intuition of uniformly progressing physical time is clearly reflected. However, for deriving implementations, use of synchronous programs is currently limited to hardware synthesis, generation of non-distributed software, or deployment on time-triggered architectures. In this paper, it is shown how synchronous dataflow designs can be used for synthesizing distributed applications based on target architectures that do not provide a global time base by default. We propose a distribution method called ""synchronization cascade"" where the nodes' local clocks depend on each other in a tree-like manner. For evaluation of the method, we characterize some requirements for firm real-time applications, and evaluate our approach with respect to the postulated requirements. Copyright 2004 ACM.","AutoFocus; Code Distribution; Embedded Software; Scheduling; Synchronous Languages","Computer hardware; Real time systems; Synchronization; AutoFocus; Code distribution; Embedded software; Embedded systems","J. Romberg; Technische Universität München, Institut für Informatik, D-85748 Garching, Boltzmannstrasse 3, Germany; email: romberg@in.tum.de","","Association for Computing Machinery (ACM)","","1581138601; 978-158113860-3","","","English","Fourth ACM Int. Conf. Embedded Softw.","Conference paper","Final","","Scopus","2-s2.0-27644457520"
"Andre C.; Peraldi M.-A.","Andre, Charles (56212847900); Peraldi, Marie-Agnès (24438178200)","56212847900; 24438178200","Synchronous programming of a real-time microcontroller","1992","Proceedings - Euromicro Conference on Real-Time Systems","","","637472","60","65","1","10.1109/EMWRT.1992.637472","https://www.scopus.com/pages/publications/84884659636?origin=resultslist","LASSY, Équipe de l'I3S - Université de Nice-Sophia Antipolis/CNRS, F 06041 Nice Cedex, 41 Bd Napoléon III, France","Andre C., LASSY, Équipe de l'I3S - Université de Nice-Sophia Antipolis/CNRS, F 06041 Nice Cedex, 41 Bd Napoléon III, France; Peraldi M.-A., LASSY, Équipe de l'I3S - Université de Nice-Sophia Antipolis/CNRS, F 06041 Nice Cedex, 41 Bd Napoléon III, France","The synchronous approach is a new and promising way to design Real-Time systems. We have applied the synchronous programming style to the design of microcontrollers. The programming style is ESTEREL, an imperative synchronous language and the target processor is RTX2000 a high-performance real-time microcontroller. Here, we describe the compilation from ESTEREL down to FORTH(RTX programming language), and we analyze the eficiency of the implementation. Because our method is based on a high-level language (ESTEREL), the developement cycle time to system implementation is drastically reduced and safer. © 1992 IEEE.","","Computer programming languages; Controllers; Esters; Microcontrollers; Cycle time; Eficiency; Esterel; Imperative synchronous languages; Programming styles; Synchronous programming; System implementation; Real time systems","","","","10683070","0818628154; 978-081862815-3","","","English","Proc. Euromicro Conf. Real Time Syst.","Conference paper","Final","","Scopus","2-s2.0-84884659636"
"Segura L.; Higuchi E.; Vinces L.; Oliden J.","Segura, Luis (58619093800); Higuchi, Emilio (58619620300); Vinces, Leonardo (57204942922); Oliden, José (57245143900)","58619093800; 58619620300; 57204942922; 57245143900","Development of a Multimodal Robot Controlled by Raspberry Pi Using Python-Based Graphical Programming Environment","2023","Proceedings of the LACCEI international Multi-conference for Engineering, Education and Technology","2023-July","","","","","0","","https://www.scopus.com/pages/publications/85172393956?origin=resultslist","Universidad Peruana de Ciencias Aplicadas, Peru","Segura L., Universidad Peruana de Ciencias Aplicadas, Peru; Higuchi E., Universidad Peruana de Ciencias Aplicadas, Peru; Vinces L., Universidad Peruana de Ciencias Aplicadas, Peru; Oliden J., Universidad Peruana de Ciencias Aplicadas, Peru","In the fields of computer science and electronics, resources for artificial intelligence and robotics tend to be aimed at experts, making it challenging for students to enter these fields without specialist assistance. To address this issue, this project proposes a cost-effective and educational development environment for graphical programming utilizing node-based programming and a Raspberry Pi-controlled robot. The software architecture, developed in Python, incorporates graphical resources to enable signal processing, remote connection, and artificial intelligence libraries under the functional programming paradigm. The resulting programming environment is intuitive and user-friendly, offering artificial intelligence capabilities to a multimodal robotic system controlled by Raspberry Pi. © 2023 Latin American and Caribbean Consortium of Engineering Institutions. All rights reserved.","artificial intelligence; computer vision; educational robotics; graphical programming; GUI; Learning artificial intelligence; multimodal communication; programming by nodes; Programming language; Raspberry Pi; reactive programming; STEAM; teaching programming","","","Larrondo Petrie M.M.; Texier J.; Matta R.A.R.","Latin American and Caribbean Consortium of Engineering Institutions","24146390","978-628952074-3","","","English","Proc. LACCEI int. multi-conf. eng. educ. technol.","Conference paper","Final","","Scopus","2-s2.0-85172393956"
"Gérard L.; Guatto A.; Pasteur C.; Pouzet M.","Gérard, Léonard (28067944000); Guatto, Adrien (55318820200); Pasteur, Cédric (36464217100); Pouzet, Marc (57202122440)","28067944000; 55318820200; 36464217100; 57202122440","A modular memory optimization for synchronous data-flow languages: Application to arrays in a lustre compiler","2012","Proceedings of the ACM SIGPLAN Conference on Languages, Compilers, and Tools for Embedded Systems (LCTES)","","","","51","60","22","10.1145/2248418.2248426","https://www.scopus.com/pages/publications/84864150636?origin=resultslist","DI, École Normale Supérieure, 75230 Paris, 45 rue d'Ulm, France","Gérard L., DI, École Normale Supérieure, 75230 Paris, 45 rue d'Ulm, France; Guatto A., DI, École Normale Supérieure, 75230 Paris, 45 rue d'Ulm, France; Pasteur C., DI, École Normale Supérieure, 75230 Paris, 45 rue d'Ulm, France; Pouzet M., DI, École Normale Supérieure, 75230 Paris, 45 rue d'Ulm, France","The generation of efficient sequential code for synchronous dataflow languages raises two intertwined issues: control and memory optimization. While the former has been extensively studied, for instance in the compilation of LUSTRE and SIGNAL, the latter has only been addressed in a restricted manner. Yet, memory optimization becomes a pressing issue when arrays are added to such languages. This article presents a two-level solution to the memory optimization problem. It combines a compile-time optimization algorithm, reminiscent of register allocation, paired with language annotations on the source given by the designer. Annotations express in-place modifications and control where allocation is performed. Moreover, they allow external functions performing in-place modifications to be safely imported. Soundness of annotations is guaranteed by a semilinear type system and additional scheduling constraints. A key feature is that annotations for well-typed programs do not change the semantics of the language: removing them may lead to less efficient code but will not alter the semantics. The method has been implemented in a new compiler for a LUSTRE-like synchronous language extended with hierarchical automata and arrays. Experiments show that the proposed approach removes most of the unnecessary array copies, resulting in faster code that uses less memory. Copyright © 2012 ACM.","Blockdiagrams; Compilation; Optimization; Real-time systems; Semantics; Synchronous languages; Type systems","Algorithms; Embedded systems; Program compilers; Real time systems; Semantics; Block diagrams; Compilation; Compile time; Key feature; Memory optimization; Optimization algorithms; Register allocation; Scheduling constraints; Semilinear; Synchronous data-flow languages; Synchronous languages; Type systems; Optimization","L. Gérard; DI, École Normale Supérieure, 75230 Paris, 45 rue d'Ulm, France; email: leonard.gerard@ens.fr","","","","978-145031212-7","","","English","Proc. ACM SIGPLAN Conf. Lang. Compilers Tools Embedded Syst.","Conference paper","Final","All Open Access; Green Open Access","Scopus","2-s2.0-84864150636"
"Jiang Y.; Cheng A.M.K.; Zou X.","Jiang, Yu (57192978212); Cheng, Albert M. K. (7402075079); Zou, Xingliang (56637540500)","57192978212; 7402075079; 56637540500","Schedulability analysis for real-time P-FRP tasks under fixed priority scheduling","2015","Proceedings - IEEE 21st International Conference on Embedded and Real-Time Computing Systems and Applications, RTCSA 2015","","","7299843","31","40","8","10.1109/RTCSA.2015.28","https://www.scopus.com/pages/publications/84962838943?origin=resultslist","School of Computer Science and Technology, Heilongjiang University, Harbin, Heilongjiang, 150080, China; Department of Computer Science, University of Houston, Houston, 77004, TX, United States","Jiang Y., School of Computer Science and Technology, Heilongjiang University, Harbin, Heilongjiang, 150080, China; Cheng A.M.K., Department of Computer Science, University of Houston, Houston, 77004, TX, United States; Zou X., Department of Computer Science, University of Houston, Houston, 77004, TX, United States","This paper studies the schedulability of real-time tasks in the Priority-based Functional Reactive Programming (P-FRP) model under fixed priority scheduling, one of the influential scheduling policies. Since the abort-and-restart execution paradigm of the P-FRP model is different from that of the classic preemptive model, the schedulability analysis for P-FRP tasks under fixed priority scheduling differs widely. In P-FRP, for a synchronous n-task set under fixed priority scheduling, the least common multiple (LCM) of all n task periods is the typical length of a testing interval for a schedulability test. In this paper, we propose and prove a simulation-based tightly sufficient schedulability test in the P-FRP model under fixed priority scheduling for a given priority order, covering scenarios from synchronous task release to asynchronous task release with the initial busy condition, and from implicit deadlines to constrained deadlines. The length of a testing interval for the tightly sufficient test is the LCM of the first n-1 task periods. The tightness of the sufficient condition is shown by examples and the optimality of the search length is proved. © 2015 IEEE.","Feasibility interval; Fixed priority scheduling; Functional reactive programming (FRP); Priority-based FRP; Real-time system; Response time analysis; Schedulability analysis","Embedded systems; Functional programming; Interactive computer systems; Scheduling; Scheduling algorithms; Feasibility interval; Fixed priority scheduling; Functional reactive programming; Priority-based; Response-time analysis; Schedulability analysis; Real time systems","","O'Conner L.","Institute of Electrical and Electronics Engineers Inc.","","978-146737855-0","","","English","Proc. - IEEE Int. Conf. Embed. Real-Time Comput. Syst. Appl., RTCSA","Conference paper","Final","","Scopus","2-s2.0-84962838943"
"Zhu L.; Xu Q.; He J.; Zhu H.","Zhu, Longfei (24802845100); Xu, Qiwen (36642940300); He, Jifeng (6603057316); Zhu, Huibiao (14046380100)","24802845100; 36642940300; 6603057316; 14046380100","A formal model for a hybrid programming language","2015","Lecture Notes in Computer Science (including subseries Lecture Notes in Artificial Intelligence and Lecture Notes in Bioinformatics)","8963","","","125","142","1","10.1007/978-3-319-14806-9_7","https://www.scopus.com/pages/publications/84927666180?origin=resultslist","Shanghai Key Laboratory of Trustworthy Computing, East China Normal University, Shanghai, China; University of Macau, Macau SAR, Macao","Zhu L., Shanghai Key Laboratory of Trustworthy Computing, East China Normal University, Shanghai, China; Xu Q., University of Macau, Macau SAR, Macao; He J., Shanghai Key Laboratory of Trustworthy Computing, East China Normal University, Shanghai, China; Zhu H., Shanghai Key Laboratory of Trustworthy Computing, East China Normal University, Shanghai, China","A cyber-physical system (CPS) is an interactive system of continuous plants and real-time controller programs. These systems usually feature a tight relationship between the physical and computational components and exhibit strict true-concurrency with respect to time. These communication and concurrency issues have been well investigated in event-based synchronous languages but only for discrete systems. In this paper, we present an imperative-style programming language for CPS and explore an observation-oriented denotational semantics for the language. Furthermore, a set of algebraic laws that could facilitate the transformation of programs are investigated and consistency of the algebraic laws can be ensured with respect to the denotational semantics. The algebraic laws which have been established in the framework of our semantic model could greatly enhance the reliability of algebraic transformation. © Springer International Publishing Switzerland 2015","","Computation theory; Computer programming languages; Embedded systems; Semantics; Algebraic transformations; Computational components; Continuous plant; Cyber-Physical System (CPS); Denotational semantics; Interactive system; Real time controllers; Synchronous languages; Algebra","L. Zhu; Shanghai Key Laboratory of Trustworthy Computing, East China Normal University, Shanghai, China; email: lfzhu@sei.ecnu.edu.cn","Naumann D.","Springer Verlag","03029743","978-331914805-2","","","English","Lect. Notes Comput. Sci.","Conference paper","Final","","Scopus","2-s2.0-84927666180"
"Cheong E.; Liu J.","Cheong, Elaine (10144262400); Liu, Jie (55955823500)","10144262400; 55955823500","galsC: A language for event-driven embedded systems","2005","Proceedings -Design, Automation and Test in Europe, DATE '05","II","","1395729","1050","1055","20","10.1109/DATE.2005.165","https://www.scopus.com/pages/publications/33646950698?origin=resultslist","Department of EECS, University of California, Berkeley, Berkeley, CA 94720, United States; Microsoft Research, Redmond, WA 98052, One Microsoft Way, United States","Cheong E., Department of EECS, University of California, Berkeley, Berkeley, CA 94720, United States; Liu J., Microsoft Research, Redmond, WA 98052, One Microsoft Way, United States","We introduce galsC, a language designed for programming event-driven embedded systems such as sensor networks. galsC implements the TinyGALS programming model. At the local level, software components are linked via synchronous method calls to form actors. At the global level, actors communicate with each other asynchronously via message passing, which separates the flow of control between actors. A complementary model called TinyGUYS is a guarded yet synchronous model designed to allow thread-safe sharing of global state between actors via parameters without explicitly passing messages. The galsC compiler extends the nesC compiler, which allows for better type checking and code generation. Having a well-structured concurrency model at the application level greatly reduces the risk of concurrency errors, such as deadlock and race conditions. The galsC language is implemented on the Berkeley motes and is compatible with the TinyOS/nesC component library. We use a multi-hop wireless sensor network as an example to illustrate the effectiveness of the language.","","Computer programming; Embedded systems; Error analysis; Program compilers; Risk assessment; Sensors; Event-driven embedded systems; nesC compiler; Software components; Wireless sensor network; C (programming language)","E. Cheong; Department of EECS, University of California, Berkeley, Berkeley, CA 94720, United States; email: celaine@eecs.berkeley.edu","","Institute of Electrical and Electronics Engineers Inc.","15301591","0769522882; 978-076952288-3","","","English","Proc. Des. Autom. Test Eur. DATE","Conference paper","Final","All Open Access; Green Open Access","Scopus","2-s2.0-33646950698"
"Prochnow S.; Traulsen C.; Von Hanxleden R.","Prochnow, Steffen (14630938800); Traulsen, Claus (14042787700); Von Hanxleden, Reinhard (10045077200)","14630938800; 14042787700; 10045077200","Synthesizing safe state machines from Esterel","2006","ACM SIGPLAN Notices","41","7","","113","124","7","10.1145/1159974.1134667","https://www.scopus.com/pages/publications/33749001748?origin=resultslist","Real-Time and Embedded Systems Group, Department of Computer Science, Christian-Albrechts-Universität Kiel, D-24118 Kiel, Olshausenstr. 40, Germany","Prochnow S., Real-Time and Embedded Systems Group, Department of Computer Science, Christian-Albrechts-Universität Kiel, D-24118 Kiel, Olshausenstr. 40, Germany; Traulsen C., Real-Time and Embedded Systems Group, Department of Computer Science, Christian-Albrechts-Universität Kiel, D-24118 Kiel, Olshausenstr. 40, Germany; Von Hanxleden R., Real-Time and Embedded Systems Group, Department of Computer Science, Christian-Albrechts-Universität Kiel, D-24118 Kiel, Olshausenstr. 40, Germany","Esterel and Safe State Machines (SSMs) are synchronous languages dedicated to the modeling of embedded reactive systems. While Esterel is a textual language, SSMs are based on the graphical Statecharts formalism. Statecharts are often more intuitive to understand than their textual counterpart, and their animated simulation can help to visualize subtle behaviors of a program. However, in terms of editing speed, revision management, and meta-modeling, the textual nature of Esterel is advantageous. We present an approach to transform Esterel v5 programs into equivalent SSMs. This permits a design flow where the designer develops a system at the Esterel level, but uses a graphical browser and simulator to inspect and validate the system under development. We synthesize SSMs in two phases. The first phase transforms an Esterel program into an equivalent SSM, using a structural translation that results in correct, but typically not very compact SSMs. The second phase iteratively applies optimization rules that aim to reduce the number of states, transitions and hierarchy levels to enhance readability of the SSM. As it turned out, this optimization is also useful for the traditional, manual design of SSMs. The complete transformation has been implemented in a prototypical modeling environment, which allows to demonstrate the practicality of this approach and the compactness of the generated SSMs. Copyright © 2006 ACM.","Esterel; Reactive systems; Safe State Machines; Statecharts; SyncCharts; Textual/graphical languages","Animation; Computer simulation; Embedded systems; Graphical user interfaces; Software prototyping; Esterel; Graphical languages; Reactive systems; Safe State Machines; Statecharts; SyncCharts; Textual languages; Formal languages","S. Prochnow; Real-Time and Embedded Systems Group, Department of Computer Science, Christian-Albrechts-Universität Kiel, D-24118 Kiel, Olshausenstr. 40, Germany; email: spr@informatik.uni-kiel.de","","","03621340","","","","English","ACM SIGPLAN Not.","Article","Final","","Scopus","2-s2.0-33749001748"
"","","","LCTES'11 - Proceedings of the ACM SIGPLAN/SIGBED 2011 Conference on Languages, Compilers, Tools and Theory for Embedded Systems","2011","Proceedings of the ACM SIGPLAN Conference on Languages, Compilers, and Tools for Embedded Systems (LCTES)","","","","","","0","","https://www.scopus.com/pages/publications/79955672574?origin=resultslist","","","The proceedings contain 17 papers. The topics discussed include: divide and recycle: types and compilation for a hybrid synchronous language; static analysis of synchronous programs in signal for efficient design of multi-clocked embedded systems; synchronous programming of device drivers for global resource control in embedded operating systems; dependence-based multi-level tracing and replay for wireless sensor networks debugging; lowering overhead in sampling-based execution monitoring and tracing; software debugging and testing using the abstract diagnosis theory; cache persistence analysis - a novel approach theory and practice; predictable task migration for locked caches in multi-core systems; precise and efficient parametric path analysis; an instruction-scheduling-aware data partitioning technique for coarse-grained reconfigurable architectures; and global productiveness propagation: a code optimization technique to speculatively prune useless narrow computations.","","","","","","","978-145030555-6","","","English","Proc. ACM SIGPLAN Conf. Lang. Compilers Tools Embedded Syst.","Conference review","Final","","Scopus","2-s2.0-79955672574"
"Park H.; Malik A.; Salcic Z.","Park, Heejong (55604379300); Malik, Avinash (25641264300); Salcic, Zoran (7003306034)","55604379300; 25641264300; 7003306034","Times square - Marriage of real-time and logical-time in GALS and synchronous languages","2014","RTCSA 2014 - 20th IEEE International Conference on Embedded and Real-Time Computing Systems and Applications","","","6910540","","","2","10.1109/RTCSA.2014.6910540","https://www.scopus.com/pages/publications/84908626171?origin=resultslist","Department of Electrical and Computer Engineering, University of Auckland, Auckland, New Zealand","Park H., Department of Electrical and Computer Engineering, University of Auckland, Auckland, New Zealand; Malik A., Department of Electrical and Computer Engineering, University of Auckland, Auckland, New Zealand; Salcic Z., Department of Electrical and Computer Engineering, University of Auckland, Auckland, New Zealand","In this paper we introduce exact and non-exact real-time waits in reactive Globally Asynchronous Locally Synchronous (GALS) programming languages and synchronous languages as their subset. The language constructs that allow use of real-time waits are illustrated on the SystemJ GALS language. They allow system designers to explicitly use, at the specification level, not only logical time but also the real-time in order to control program execution. The introduced concepts utilize execution platforms that allow finding best and worst reaction time of a GALS or synchronous program. © 2014 IEEE.","","Embedded systems; Control program; Execution platforms; Globally asynchronous locally synchronous; Language constructs; Real time; Synchronous languages; Synchronous program; System designers; Real time systems","","","Institute of Electrical and Electronics Engineers Inc.","","978-147993953-4","","","English","RTCSA - IEEE Int. Conf. Embedded Real-Time Comput. Syst. Appl.","Conference paper","Final","","Scopus","2-s2.0-84908626171"
"Liu T.; Ding L.; Yao Y.; Deng X.; Zhang Y.; Jiang K.","Liu, Tianqi (59984237200); Ding, Linzhe (59984012800); Yao, Yahui (59984909300); Deng, Xiaogang (59984909400); Zhang, Yutian (59983794100); Jiang, Kaiyi (59983575200)","59984237200; 59984012800; 59984909300; 59984909400; 59983794100; 59983575200","Dangerous Driving Behavior Monitoring System based on Raspberry PI 5","2025","2025 4th International Symposium on Computer Applications and Information Technology, ISCAIT 2025","","","","1023","1028","0","10.1109/ISCAIT64916.2025.11010443","https://www.scopus.com/pages/publications/105010205287?origin=resultslist","Guilin University of Electronic Technology, College of Information and Communication, Guilin, China","Liu T., Guilin University of Electronic Technology, College of Information and Communication, Guilin, China; Ding L., Guilin University of Electronic Technology, College of Information and Communication, Guilin, China; Yao Y., Guilin University of Electronic Technology, College of Information and Communication, Guilin, China; Deng X., Guilin University of Electronic Technology, College of Information and Communication, Guilin, China; Zhang Y., Guilin University of Electronic Technology, College of Information and Communication, Guilin, China; Jiang K., Guilin University of Electronic Technology, College of Information and Communication, Guilin, China","According to the domestic and foreign highway traffic safety accident reports, driver fatigue driving and distracted driving are the main causes of traffic safety accidents, and the concealment and severity of accidents are much higher than others. Therefore, vehicle driving behavior monitoring plays an important role in reducing traffic accidents. This paper proposes a method based on image processing technology to detect fatigue driving and distracted driving. For the former, this paper uses the 68-aspect feature point detection algorithm encapsulated in the Dlib library, and extracts facial fatigue information through the shape detector of Dlib for face recognition and eye and mouth location tracking. For the latter, this paper proposes a driving behavior recognition method based on YOLOv5-Lite, a lightweight object detection model, which still has a good detection effect while reducing the calculation amount, so that it can be easily deployed to edge devices. The Python Flask micro framework and FRP (Fast Reverse Proxy) Intranet penetration tool are used to realize remote real-time web monitoring of drivers, complete the overall function of the system, and can effectively reduce road traffic safety accidents.  © 2025 IEEE.","Distraction detection; Dlib; Fatigue detection; remote monitoring; YOLOv5Lite","Accident prevention; Behavioral research; Big data; Eye tracking; Face recognition; Fatigue of materials; Feature extraction; Highway accidents; Highway engineering; Intelligent vehicle highway systems; Motor transportation; Remote control; Behavior monitoring system; Dangerous drivings; Distraction detection; Dlib; Driving behaviour; Fatigue detection; Remote monitoring; Safety accidents; Traffic safety; Yolov5lite; Object detection","K. Jiang; Guilin University of Electronic Technology, College of Information and Communication, Guilin, China; email: 2366101034@qq.com","","Institute of Electrical and Electronics Engineers Inc.","","979-833154285-6","","","English","Int. Symp. Comput. Appl. Inf. Technol., ISCAIT","Conference paper","Final","","Scopus","2-s2.0-105010205287"
"Navarro A.; Ponge J.; Le Mouël F.; Escoffier C.","Navarro, Arthur (57337614800); Ponge, Julien (21743694200); Le Mouël, Frédéric (15136452200); Escoffier, Clément (22733866600)","57337614800; 21743694200; 15136452200; 22733866600","Considerations for integrating virtual threads in a Java framework: a Quarkus example in a resource-constrained environment","2023","DEBS 2023 - Proceedings of the 17th ACM International Conference on Distributed and Event-based Systems","","","","103","114","4","10.1145/3583678.3596895","https://www.scopus.com/pages/publications/85170034270?origin=resultslist","Red Hat, Univ Lyon, Insa Lyon, Inria, Citi, EA3720, Villeurbanne, France; Red Hat, Lyon, France; Univ Lyon, Insa Lyon, Inria, Citi, EA3720, Villeurbanne, France; Red Hat, Valence, France","Navarro A., Red Hat, Univ Lyon, Insa Lyon, Inria, Citi, EA3720, Villeurbanne, France; Ponge J., Red Hat, Lyon, France; Le Mouël F., Univ Lyon, Insa Lyon, Inria, Citi, EA3720, Villeurbanne, France; Escoffier C., Red Hat, Valence, France","Virtual threads are a highly anticipated feature in the Java world, aiming at improving resource efficiency in the JVM for I/O intensive operations while simplifying developer experience. This feature keeps the traditional thread abstraction and makes it compatible with most of the existing Java applications, allowing developers preferring synchronous imperative abstractions to benefit from better performance without switching to asynchronous and reactive programming models. However, limitations currently hinder the usability of virtual threads. These limitations must be considered when building a piece of software around virtual threads for they might have non-trivial effects. This paper (i) discusses the different strategies envisioned to leverage virtual threads in the Quarkus framework, (ii) gives an overview of the final implementation, (iii) presents the benchmark used to characterize the benefits of using virtual threads in a typical container environment where resources are scarce compared to using Quarkus with traditional thread pools and Quarkus with reactive libraries ; (iv) results are interpreted and discussed. Our study reveals that the integration of virtual threads in Quarkus doesn't perform as well as Quarkus-reactive. This seems to be due to a mismatch between the core hypothesis of Netty and virtual threads regarding the amount of threads available.  © 2023 ACM.","benchmarking; concurrency; java; reactive programming; virtual threads","Digital libraries; Java programming language; Asynchronous programming; Concurrency; Java; Java applications; Non-trivial; Performance; Programming models; Reactive programming; Resource efficiencies; Virtual thread; Abstracting","","","Association for Computing Machinery, Inc","","979-840070122-1","","","English","DEBS - Proc. ACM Int. Conf. Distrib. Event-based Syst.","Conference paper","Final","All Open Access; Gold Open Access; Green Open Access","Scopus","2-s2.0-85170034270"
"Logothetis G.","Logothetis, Georgios (6602879614)","6602879614","Forward symbolic model checking for real time systems","2005","Proceedings of the Asia and South Pacific Design Automation Conference, ASP-DAC","2","","1466519","1043","1046","0","10.1145/1120725.1120820","https://www.scopus.com/pages/publications/84861438966?origin=resultslist","University of Karlsruhe, Institute for Computer Design and Fault Tolerance, Department of Computer Science, 76128 Karlsruhe, P.O. Box 6980, Germany","Logothetis G., University of Karlsruhe, Institute for Computer Design and Fault Tolerance, Department of Computer Science, 76128 Karlsruhe, P.O. Box 6980, Germany","Synchronous languages are widely used in industrial applications for the design and implementation of real-time embedded and reactive systems and are also well-suited for real-time verification purposes, since they have clean formal semantics. In this paper we focuse on the real-time temporal logic JCTL, which can directly support the real-time formal verification of synchronous programs for the design of systems in earlier (high-level) as well as in later (low-level) design stages, creating a bridging between industrial real-time descriptions and formal real-time verification. We extend the model-checking capabilities of JCTL, by introducing new forward symbolic model-checking techniques, allowing JCTL to benefit from both, forward- as well as traditional backward state traversal methods and of course, their combination. © 2005 IEEE.","","Computer aided design; Embedded systems; Formal verification; Interactive computer systems; Model checking; Semantics; Design and implementations; Design stage; Formal Semantics; Reactive system; Real-time temporal logic; Symbolic model checking; Synchronous languages; Synchronous program; Real time systems","G. Logothetis; University of Karlsruhe, Institute for Computer Design and Fault Tolerance, Department of Computer Science, 76128 Karlsruhe, P.O. Box 6980, Germany; email: George.Logothetis@informatik.uni-karlsruhe.de","","Institute of Electrical and Electronics Engineers Inc.","","0780387368; 978-078038736-2","","","English","Proc Asia South Pac Des Autom Conf","Conference paper","Final","","Scopus","2-s2.0-84861438966"
"Roop P.S.; Sowmya A.; Ramesh S.","Roop, P.S. (6602395877); Sowmya, A. (6603623225); Ramesh, S. (60342490800)","6602395877; 6603623225; 60342490800","A formal approach to component based development of synchronous programs","2001","Proceedings of the Asia and South Pacific Design Automation Conference, ASP-DAC","2001-January","","913344","421","424","2","10.1109/ASPDAC.2001.913344","https://www.scopus.com/pages/publications/84883088027?origin=resultslist","School of Computer Science and Engineering, University of New South Wales, Sydney, 2052, NSW, Australia; Department of Computer Science and Engineering, Indian Institute of Technology, Bombay, 400 076, India","Roop P.S., School of Computer Science and Engineering, University of New South Wales, Sydney, 2052, NSW, Australia; Sowmya A., School of Computer Science and Engineering, University of New South Wales, Sydney, 2052, NSW, Australia; Ramesh S., Department of Computer Science and Engineering, Indian Institute of Technology, Bombay, 400 076, India","Synchronous languages may be used for specification and design of embedded systems. Assuming the availability of a library of synchronous programs, we propose a technique to enable reuse of these programs, via an algorithm for automatic matching of a design function to a program from the library. The algorithm, when successful, generates an interface which automatically adapts the program. The algorithm is based on a new simulation relation called synchronous forced simulation, which is shown to be necessary and sufficient for matching a given pair of function and program. © 2001 IEEE.","Algorithm design and analysis; Computer science; Databases; Design engineering; Embedded system; Industrial relations; Intellectual property; Internet; Libraries; Time to market","Algorithms; Availability; Computer aided design; Computer science; Database systems; Design; Embedded systems; Industrial relations; Intellectual property; Internet; Libraries; Algorithm design and analysis; Component-Based Development; Design Engineering; Simulation relation; Specification and designs; Synchronous languages; Synchronous program; Time to market; Computer software reusability","","","Institute of Electrical and Electronics Engineers Inc.","","0780366336","","","English","Proc Asia South Pac Des Autom Conf","Conference paper","Final","","Scopus","2-s2.0-84883088027"
"Hili N.; Girault A.; Jenn E.","Hili, Nicolas (56242247400); Girault, Alain (7005652499); Jenn, Eric (6506594130)","56242247400; 7005652499; 6506594130","Worst-case reaction time optimization on deterministic multi-core architectures with synchronous languages","2019","Proceedings - 2019 IEEE 25th International Conference on Embedded and Real-Time Computing Systems and Applications, RTCSA 2019","","","8864570","","","9","10.1109/RTCSA.2019.8864570","https://www.scopus.com/pages/publications/85074196190?origin=resultslist","IRT Saint-Exupéry, CS 34436, 3 Rue Tarfaya, Toulouse, 31400, France; CNRS, Grenoble INP, LIG, Univ. Grenoble Alpes., Inria, Grenoble, F-38000, France; Thales AVS, 105 Avenue du Général Eisenhower, Toulouse, F31036, France","Hili N., IRT Saint-Exupéry, CS 34436, 3 Rue Tarfaya, Toulouse, 31400, France; Girault A., CNRS, Grenoble INP, LIG, Univ. Grenoble Alpes., Inria, Grenoble, F-38000, France; Jenn E., IRT Saint-Exupéry, CS 34436, 3 Rue Tarfaya, Toulouse, 31400, France, Thales AVS, 105 Avenue du Général Eisenhower, Toulouse, F31036, France","In this paper, we propose a new approach for the predictability and optimality of the inter-core communication and execution of tasks allocated on different cores of multicore architectures. Our approach is based on the execution of synchronous programs written in the ForeC programming language on deterministic architectures called PREcision Timed. The originality of the work resides in the time-triggered model of computation and communication that allows for a very precise control over the thread execution. Synchronization is done via configurable Time Division Multiple Access (TDMA) arbitrations where the optimal size and offset of the time slots are computed to reduce the inter-core synchronization costs. We implemented a robotic application and simulated it using MORSE, a robotic simulation environment. Results show that the model we propose guarantees time-predictable inter-core communication, the absence of concurrent accesses (without relying on hardware mechanisms), and allows for optimized execution throughput. © 2019 IEEE.","Architecture; Inter-core synchronizations; Multi-core; PRET; Synchronous Languages","Architecture; Embedded systems; Robotics; Software architecture; Synchronization; Time division multiple access; Inter-core communications; Inter-core synchronization; Multi core; Multicore architectures; PRET; Robotic applications; Synchronous languages; Time  division multiple accesses (TDMA); Real time systems","","","Institute of Electrical and Electronics Engineers Inc.","","978-172813197-9","","","English","Proc. - IEEE Int. Conf. Embed. Real-Time Comput. Syst. Appl., RTCSA","Conference paper","Final","All Open Access; Green Open Access","Scopus","2-s2.0-85074196190"
"Jahier E.; Halbwachs N.; Raymond P.","Jahier, Erwan (55879824500); Halbwachs, Nicolas (6701491398); Raymond, Pascal (14014305600)","55879824500; 6701491398; 14014305600","Engineering functional requirements of reactive systems using synchronous languages","2013","Proceedings of the 8th IEEE International Symposium on Industrial Embedded Systems, SIES 2013","","","6601486","140","149","11","10.1109/SIES.2013.6601486","https://www.scopus.com/pages/publications/84885401004?origin=resultslist","CNRS, Verimag, Gières, 2 avenue de Vignate, France","Jahier E., CNRS, Verimag, Gières, 2 avenue de Vignate, France; Halbwachs N., CNRS, Verimag, Gières, 2 avenue de Vignate, France; Raymond P., CNRS, Verimag, Gières, 2 avenue de Vignate, France","mia Automating the functional testing of reactive systems requires to provide a formal specification of the system environment which defines the admissible test inputs. It also requires a specification of the expected properties of the system in order to decide whether a test succeeds or fails. Engineering these formal specifications is a difficult task, as it is not part of the usual manual testing process. In this paper, we report some experiments that have been conducted within a project in collaboration with industrial developers of nuclear power plant control systems. In this project, automatic testing tools have been used for checking the correctness of reactive systems developed incrementally, using heterogeneous industrial engineering workbenches. But these tools appeared to be useful also for elaborating and refining formal, consistent, and accurate functional requirements. © 2013 IEEE.","","Automatic testing; Embedded systems; Industry; Nuclear power plants; Tools; Engineering workbenches; Formal Specification; Functional requirement; Functional testing; Power plant control; Reactive system; Synchronous languages; System environment; Specifications","","","","","978-147990658-1","","","English","Proc. IEEE Int. Symp. Ind. Embedded Syst., SIES","Conference paper","Final","","Scopus","2-s2.0-84885401004"
"Baudart G.; Jacquemard F.; Mandel L.; Pouzet M.","Baudart, Guillaume (55926186800); Jacquemard, Florent (7003470002); Mandel, Louis (7101842179); Pouzet, Marc (57202122440)","55926186800; 7003470002; 7101842179; 57202122440","A synchronous embedding of Antescofo, a domain-specific language for interactive mixed music","2013","2013 Proceedings of the International Conference on Embedded Software, EMSOFT 2013","","","6658579","","","3","10.1109/EMSOFT.2013.6658579","https://www.scopus.com/pages/publications/84892653274?origin=resultslist","ENS de Cachan, Antenne de Bretagne, DI École normale supérieure, France; IRCAM Paris, INRIA Paris-Rocquencourt, France; Univ. Paris-Sud 11, DI École normale supérieure, INRIA, France; Univ. Pierre et Marie Curie, DI École normale supérieure, INRIA Paris-Rocquencourt, France","Baudart G., ENS de Cachan, Antenne de Bretagne, DI École normale supérieure, France; Jacquemard F., IRCAM Paris, INRIA Paris-Rocquencourt, France; Mandel L., Univ. Paris-Sud 11, DI École normale supérieure, INRIA, France; Pouzet M., Univ. Pierre et Marie Curie, DI École normale supérieure, INRIA Paris-Rocquencourt, France","Antescofo is recently developed software for musical score following and mixed music: it automatically, and in real-time, synchronizes electronic instruments with a musician playing on a classical instrument. Therefore, it faces some of the same major challenges as embedded systems. The system provides a programming language used by composers to specify musical pieces that mix interacting electronic and classical instruments. This language is developed with and for musicians and it continues to evolve according to their needs. Yet its semantics has only recently been formally defined. This paper presents a synchronous semantics for the core language of Antescofo and an alternative implementation based on an embedding inside an existing synchronous language, namely ReactiveML. The semantics reduces to a few rules, is mathematically precise and leads to an interpretor of only a few hundred lines. The efficiency of this interpretor compares well with that of the actual implementation: on all musical pieces we have tested, response times have been less than the reaction time of the human ear. Moreover, this embedding permitted the prototyping of several new programming constructs, some of which are described in this paper. © 2013 IEEE.","Error handling and synchronization strategies; Language embedding; Mixed music; Synchronous programming","Electronic musical instruments; Electronics industry; Embedded software; Embedded systems; Problem oriented languages; Semantics; Domain specific languages; Electronic instruments; Language embedding; Mixed music; Musical pieces; Synchronization strategies; Synchronous languages; Synchronous programming; Software prototyping","","","IEEE Computer Society","","978-147991443-2","","","English","Proc. Int. Conf. Embedded Softw., EMSOFT","Conference paper","Final","","Scopus","2-s2.0-84892653274"
"Hartmann T.; Moawad A.; Fouquet F.; Nain G.; Klein J.; Le Traon Y.","Hartmann, Thomas (57194343151); Moawad, Assaad (55810011500); Fouquet, Francois (36630197700); Nain, Gregory (36914462100); Klein, Jacques (56282553000); Le Traon, Yves (55884641800)","57194343151; 55810011500; 36630197700; 36914462100; 56282553000; 55884641800","Stream my models: Reactive peer-to-peer distributed models@run.time","2015","2015 ACM/IEEE 18th International Conference on Model Driven Engineering Languages and Systems, MODELS 2015 - Proceedings","","","7338238","80","89","19","10.1109/MODELS.2015.7338238","https://www.scopus.com/pages/publications/84961621637?origin=resultslist","Interdisciplinary Centre for Security, Reliability and Trust (SnT), University of Luxembourg, Luxembourg","Hartmann T., Interdisciplinary Centre for Security, Reliability and Trust (SnT), University of Luxembourg, Luxembourg; Moawad A., Interdisciplinary Centre for Security, Reliability and Trust (SnT), University of Luxembourg, Luxembourg; Fouquet F., Interdisciplinary Centre for Security, Reliability and Trust (SnT), University of Luxembourg, Luxembourg; Nain G., Interdisciplinary Centre for Security, Reliability and Trust (SnT), University of Luxembourg, Luxembourg; Klein J., Interdisciplinary Centre for Security, Reliability and Trust (SnT), University of Luxembourg, Luxembourg; Le Traon Y., Interdisciplinary Centre for Security, Reliability and Trust (SnT), University of Luxembourg, Luxembourg","The models@run.time paradigm promotes the use of models during the execution of cyber-physical systems to represent their context and to reason about their runtime behaviour. However, current modeling techniques do not allow to cope at the same time with the large-scale, distributed, and constantly changing nature of these systems. In this paper, we introduce a distributed models@run.time approach, combining ideas from reactive programming, peer-to-peer distribution, and large-scale models@run.time. We define distributed models as observable streams of chunks that are exchanged between nodes in a peer-to-peer manner. A lazy loading strategy allows to transparently access the complete virtual model from every node, although chunks are actually distributed across nodes. Observers and automatic reloading of chunks enable a reactive programming style. We integrated our approach into the Kevoree Modeling Framework and demonstrate that it enables frequently changing, reactive distributed models that can scale to millions of elements and several thousand nodes. © 2015 IEEE.","Asynchronous programming; Distributed models; Models@run.time; Peer-to-peer; Reactive programming","Computational linguistics; Asynchronous programming; Distributed models; Models@run.time; Peer to peer; Reactive programming; Embedded systems","","","Institute of Electrical and Electronics Engineers Inc.","","978-146736908-4","","","English","ACM/IEEE Int. Conf. Model Driven Eng. Lang. Syst., MODELS - Proc.","Conference paper","Final","All Open Access; Green Open Access","Scopus","2-s2.0-84961621637"
"Ju L.; Huynh B.K.; Roychoudhury A.; Chakraborty S.","Ju, Lei (20435958400); Huynh, Bach Khoa (26424595800); Roychoudhury, Abhik (7005260419); Chakraborty, Samarjit (35261592900)","20435958400; 26424595800; 7005260419; 35261592900","Performance debugging of Esterel specifications","2008","Embedded Systems Week 2008 - Proceedings of the 6th IEEE/ACM/IFIP International Conference on Hardware/Software Codesign and System Synthesis, CODES+ISSS 2008","","","","173","178","28","10.1145/1450135.1450175","https://www.scopus.com/pages/publications/63349087376?origin=resultslist","Department of Computer Science, National University of Singapore, Singapore","Ju L., Department of Computer Science, National University of Singapore, Singapore; Huynh B.K., Department of Computer Science, National University of Singapore, Singapore; Roychoudhury A., Department of Computer Science, National University of Singapore, Singapore; Chakraborty S., Department of Computer Science, National University of Singapore, Singapore","Synchronous languages like Esterel have been widely adopted for designing reactive systems in safety-critical domains such as avionics. Specifications written in Esterel are based on the underlying ""synchrony hypothesis"", where the computation/communication associated with the processing of all events occurring within the same ""clock tick"" are assumed to happen instantaneously (or in zero time). In reality, Esterel specifications get compiled to implementations (such as C code) which do not satisfy the perfect synchrony assumption. Hence, platform-specific timing analysis of such implementations is an important research topic. Interest in this area has lately been renewed with the recent advances in Worst-case Execution Time (WCET) analysis techniques. In this paper we perform WCET analysis on sequential C code and exploit the structure of the code generated from Esterel specifications to obtain tight WCET estimates. Such estimates can validate Esterel-level assumptions on the instantaneous processing of signals or events that occur together. More importantly, they can be used to identify parts of the specification which might pose as timing/performance bottlenecks with respect to the underlying platform. This is done by exploiting traceability links between Esterel specifications and the generated C code, which map the time-critical computations at the C-level back to the Esterel-level. This not only allows a designer to optimize or simplify Esterel specifications, but also choose/configure suitable implementation platforms. We show the results of our WCET analysis on a set of standard Esterel benchmarks and illustrate the utility of our model-code traceability technique using an Esterel specification of a reflex game application. Copyright 2008 ACM.","Esterel; Synchronous programming; WCET analysis","Benchmarking; Integrated circuits; Query languages; Specifications; C codes; Esterel; Implementation platforms; Performance debugging; Reactive systems; Research topics; Safety-critical domains; Synchronous languages; Synchronous programming; Timing Analysis; Traceability links; Traceability techniques; WCET analysis; Worst-case execution time analysis; Zero time; Embedded systems","L. Ju; Department of Computer Science, National University of Singapore, Singapore; email: julei@comp.nus.edu.sg","","","","978-160558470-6","","","English","Embedded Syst. Week - Proc. IEEE/ACM/IFIP Int. Conf. Hardw./Softw. Codesign Syst. Synth.","Conference paper","Final","","Scopus","2-s2.0-63349087376"
"Zhao J.; Signorini C.; Nobili A.; Liebscher M.; Kohout J.; Hájková P.; Mechtcherine V.","Zhao, Jitong (57218677587); Signorini, Cesare (57192997232); Nobili, Andrea (9846201500); Liebscher, Marco (55829540000); Kohout, Jan (57211059910); Hájková, Pavlína (15055876400); Mechtcherine, Viktor (15848808400)","57218677587; 57192997232; 9846201500; 55829540000; 57211059910; 15055876400; 15848808400","Experimental and analytical analysis of the bond alteration of impregnated carbon fibre reinforcements embedded in alkali-activated concrete at elevated temperatures","2024","Construction and Building Materials","435","","136794","","","6","10.1016/j.conbuildmat.2024.136794","https://www.scopus.com/pages/publications/85195179570?origin=resultslist","Institute of Construction Materials, TU Dresden, Georg-Schumann-Str. 7, Dresden, 01187, Germany; Department of Engineering “Enzo Ferrari”, University of Modena and Reggio Emilia, Modena, 41125, Italy; ORLEN UniCRE a.s., Revoluční 1521/84, Ústí nad Labem, 400 01, Czech Republic; Department of Material Science, Faculty of Mechanical Engineering, Technical University of Liberec, Studentská 1402/2, Liberec, 461 17, Czech Republic","Zhao J., Institute of Construction Materials, TU Dresden, Georg-Schumann-Str. 7, Dresden, 01187, Germany; Signorini C., Institute of Construction Materials, TU Dresden, Georg-Schumann-Str. 7, Dresden, 01187, Germany; Nobili A., Department of Engineering “Enzo Ferrari”, University of Modena and Reggio Emilia, Modena, 41125, Italy; Liebscher M., Institute of Construction Materials, TU Dresden, Georg-Schumann-Str. 7, Dresden, 01187, Germany; Kohout J., ORLEN UniCRE a.s., Revoluční 1521/84, Ústí nad Labem, 400 01, Czech Republic, Department of Material Science, Faculty of Mechanical Engineering, Technical University of Liberec, Studentská 1402/2, Liberec, 461 17, Czech Republic; Hájková P., ORLEN UniCRE a.s., Revoluční 1521/84, Ústí nad Labem, 400 01, Czech Republic, Department of Material Science, Faculty of Mechanical Engineering, Technical University of Liberec, Studentská 1402/2, Liberec, 461 17, Czech Republic; Mechtcherine V., Institute of Construction Materials, TU Dresden, Georg-Schumann-Str. 7, Dresden, 01187, Germany","The restricted operating temperature range of fibre-reinforced polymer (FRP) systems for upgrading and retrofitting reinforced concrete structures is among the key limiting factors of this technology. Indeed, an alternative reinforcing system, known as Mineral-impregnated Carbon-Fibre (MCF), has recently emerged to address this issue. This paper presents an experimental investigation of the performance of MCF systems embedded in fine-grained, Alkali-Activated Concrete (AAC), which have been pre-heated at 100 °C (or 200 °C) and then tested in pull-out at the target temperature. For the purpose of assessing the bond quality against thermal exposure, results are compared with the control group (ambient temperature 20 °C), as well as with an epoxy-impregnated commercial roving. In addition, specimens are characterised at the fibre-to-matrix interface by microscopy and by physical–chemical analytical techniques. Experimental data are fitted onto a one-dimensional stress-and-friction analytical model to determine the characteristic properties of the temperature-dependent bond–slip behaviour of MCFs. Findings suggest enhanced chemical compatibility and reinforcing capabilities at elevated temperature for MCFs, primarily ascribed to the impregnation quality and to the AAC capacity to withstand thermal strain. © 2024 The Author(s)","Automation; Carbon-fibre composite; Geopolymer; Impregnation; Reinforcement","Embedded systems; Fiber reinforced plastics; Impregnation; Quality control; Reinforced concrete; Temperature; Alkali-activated concretes; Analytical analysis; Carbon fiber reinforcement; Carbon fibre composites; Elevated temperature; Experimental analysis; Fiber-reinforced polymers; Geopolymer; Impregnated carbons; Operating temperature ranges; Carbon fibers","M. Liebscher; Institute of Construction Materials, TU Dresden, Dresden, Georg-Schumann-Str. 7, 01187, Germany; email: marco.liebscher@tu-dresden.de","","Elsevier Ltd","09500618","","CBUME","","English","Constr Build Mater","Article","Final","All Open Access; Green Open Access; Hybrid Gold Open Access","Scopus","2-s2.0-85195179570"
"","","","Programming 2023 Companion - Proceedings of the 7th International Conference on the Art, Science, and Engineering of Programming","2023","ACM International Conference Proceeding Series","","","","","","0","","https://www.scopus.com/pages/publications/85176089369?origin=resultslist","","","The proceedings contain 17 papers. The topics discussed include: a compact and extensible portable scheme VM; threaded execution as a dual to native code; implementation and evaluation of an interpreter for functional reactive programming on small embedded devices; cross-language interoperability of heterogeneous code; clerk: moldable live programming for Clojure; five futures with AI coding agents; multiple-representation visual compositional dataflow programming; my space, our space, their space: a first glance at developers’ experience of spaces; object-centric time-travel debugging: exploring traces of objects; probe log: visualizing the control flow of Babylonian programming; programmer stories, stories for programmers: exploring storytelling in software development; and ReactCOP supporting layer parameter management for front-end web applications.","","","","Chiba S.; Cong Y.; Boix E.G.","Association for Computing Machinery","","979-840070755-1","","","English","ACM Int. Conf. Proc. Ser.","Conference review","Final","","Scopus","2-s2.0-85176089369"
"Zhu L.; Zhao Y.; Zhu H.; Xu Q.","Zhu, Longfei (24802845100); Zhao, Yongxin (36122020600); Zhu, Huibiao (14046380100); Xu, Qiwen (36642940300)","24802845100; 36122020600; 14046380100; 36642940300","Towards a modeling language for cyber-physical systems","2013","Lecture Notes in Computer Science (including subseries Lecture Notes in Artificial Intelligence and Lecture Notes in Bioinformatics)","8051 LNCS","","","394","411","1","10.1007/978-3-642-39698-4_24","https://www.scopus.com/pages/publications/84883252193?origin=resultslist","East China Normal University, Shanghai, China; National University of Singapore, Singapore; University of Macau, Macao","Zhu L., East China Normal University, Shanghai, China; Zhao Y., National University of Singapore, Singapore; Zhu H., East China Normal University, Shanghai, China; Xu Q., University of Macau, Macao","A cyber-physical system (CPS) is an interactive system of continuous plants and real-time controller programs. These systems usually feature a tight relationship between the physical and computational components and exhibit true concurrency with respect to time. These communication and concurrency issues have been well investigated in event based synchronous languages but only for discrete systems. In this paper, we investigate the distinct features of CPS and propose an imperative-style language framework for the programming of CPS. To characterize the semantics of the language, a set of algebraic laws are provided, which can be used to reduce arbitrary program into normal form. The programs in the normal form exhibit clear time-consuming and instantaneous behaviors. Moreover, the algebraic laws can be used in the transformation from the high level hybrid program specification to low level controller programs interacting with the physical plants. We will investigate this part in the follow-up work. © 2013 Springer-Verlag.","","Algebra; Consumer behavior; Semantics; Computational components; Cyber physical systems (CPSs); Cyber-physical systems (CPS); Interactive system; Low-level controllers; Program specification; Real-time controllers; Synchronous languages; Embedded systems","","","","16113349","978-364239697-7","","","English","Lect. Notes Comput. Sci.","Conference paper","Final","","Scopus","2-s2.0-84883252193"
"Sculthorpe N.; Nilsson H.","Sculthorpe, Neil (35119391400); Nilsson, Henrik (35865815300)","35119391400; 35865815300","Safe functional reactive programming through dependent types","2009","ACM SIGPLAN Notices","44","9","","23","34","5","10.1145/1631687.1596558","https://www.scopus.com/pages/publications/70449116371?origin=resultslist","School of Computer Science, University of Nottingham, Nottingham, United Kingdom","Sculthorpe N., School of Computer Science, University of Nottingham, Nottingham, United Kingdom; Nilsson H., School of Computer Science, University of Nottingham, Nottingham, United Kingdom","Functional Reactive Programming (FRP) is an approach to reactive programming where systems are structured as networks of functions operating on signals. FRP is based on the synchronous dataflow paradigm and supports both continuous-time and discrete-time signals (hybrid systems).What sets FRP apart from most other languages for similar applications is its support for systems with dynamic structure and for higher-order reactive constructs. Statically guaranteeing correctness properties of programs is an attractive proposition. This is true in particular for typical application domains for reactive programming such as embedded systems. To that end, many existing reactive languages have type systems or other static checks that guarantee domain-specific properties, such as feedback loops always being well-formed. However, they are limited in their capabilities to support dynamism and higher-order data-flow compared with FRP. Thus, the onus of ensuring such properties of FRP programs has so far been on the programmer as established static techniques do not suffice. In this paper, we show how dependent types allow this concern to be addressed. We present an implementation of FRP embedded in the dependently-typed language Agda, leveraging the type system of the host language to craft a domain-specific (dependent) type system for FRP. The implementation constitutes a discrete, operational semantics of FRP, and as it passes the Agda type, coverage, and termination checks, we know the operational semantics is total, which means our type system is safe. © 2009 ACM.","Dependent types; Domain-specific languages; DSELS; FRP; Functional programming; Reactive programming; Synchronous data-flow","Continuous time systems; Data transfer; Embedded systems; Functional programming; Hybrid systems; Problem oriented languages; Semantics; Dependent types; Domain specific languages; DSELS; Reactive programming; Synchronous data flow; Computer systems programming","N. Sculthorpe; School of Computer Science, University of Nottingham, Nottingham, United Kingdom; email: nas@cs.nott.ac.uk","","Association for Computing Machinery (ACM)","15232867","","","","English","ACM SIGPLAN Not.","Conference paper","Final","","Scopus","2-s2.0-70449116371"
"Takimoto S.; Moriguchi S.; Watanabe T.","Takimoto, Satoshi (59721927400); Moriguchi, Sosuke (55735588400); Watanabe, Takuo (36931774900)","59721927400; 55735588400; 36931774900","Mode Management of Peripherals Based on State Transition Model in FRP Language for Embedded Systems; [組込みシステム向け FRP 言語における状態遷移モデルに基づいた周辺装置の状態制御]","2025","Computer Software","42","1","","40","53","0","10.11309/jssst.42.1_40","https://www.scopus.com/pages/publications/105001735893?origin=resultslist","Department of Computer Science, Tokyo Institute of Technology, Institute of Science Tokyo, Japan","Takimoto S., Department of Computer Science, Tokyo Institute of Technology, Institute of Science Tokyo, Japan; Moriguchi S., Department of Computer Science, Tokyo Institute of Technology, Institute of Science Tokyo, Japan; Watanabe T., Department of Computer Science, Tokyo Institute of Technology, Institute of Science Tokyo, Japan","XStorm, an FRP language for small-scale embedded systems, allows us to concisely describe state-dependent behaviors based on the state transition model. However, when we use different sets of peripheral devices depending on states, device management, such as switching power modes, should be implemented in a driver code in C. This would result in bugs as inconsistency between the state in the XStorm program and that in the driver code cannot be detected. In this research, we extend XStorm’s state hook model to express modes of peripherals that depend on states. By the extension, the language manages modes of peripherals, and thus the inconsistency is statically avoided. © 2025 Japan Society for Software Science and Technology. All rights reserved.","","Embedded software; Problem oriented languages; Behavior-based; Device management; Embedded-system; On state; Peripheral devices; Power modes; Small scale; State-dependent; State-transition model; Switching power; C (programming language)","","","Japan Society for Software Science and Technology","02896540","","","","Japanese","Comput. Softw.","Article","Final","","Scopus","2-s2.0-105001735893"
"Izawa Y.; Kadomoto J.; Irie H.; Sakai S.","Izawa, Yusuke (57211147486); Kadomoto, Junichiro (56816939600); Irie, Hidetsugu (37012674200); Sakai, Shuichi (35493788200)","57211147486; 56816939600; 37012674200; 35493788200","A Functional Reactive Programming Language for Wirelessly Connected Shape-Changeable Chiplet-Based Computers","2023","SPLASH Companion 2023 - Companion Proceedings of the 2023 ACM SIGPLAN International Conference on Systems, Programming, Languages, and Applications: Software for Humanity","","","","61","62","1","10.1145/3618305.3623608","https://www.scopus.com/pages/publications/85178383980?origin=resultslist","IBM Research, Tokyo, Japan; University of Tokyo, Tokyo, Japan","Izawa Y., IBM Research, Tokyo, Japan; Kadomoto J., University of Tokyo, Tokyo, Japan; Irie H., University of Tokyo, Tokyo, Japan; Sakai S., University of Tokyo, Tokyo, Japan","This work presents the concept of MorphLang, a functional reactive programming language tailored for shape-changeable computers, which are built using wirelessly interconnected chiplets. MorphLang simplifies the programming process for these systems by concentrating on the basic behaviors of individual nodes and their asynchronous communication. The language allows for compilation into binary or Arduino formats, and programs can be transmitted to each node either wirelessly or through physical connections.  © 2023 ACM.","embedded systems; reactive programming; shape-changeable computer","Computer programming languages; Functional programming; Asynchronous communication; Embedded-system; Functional reactive programming; Physical connections; Programming process; Reactive programming; Shape-changeable computer; Embedded systems","","Vasconcelos V.T.","Association for Computing Machinery, Inc","","979-840070384-3","","","English","SPLASH Companion - Companion Proc. ACM SIGPLAN Int. Conf. Syst., Program., Lang., Appl.: Softw.Humanit.","Conference paper","Final","All Open Access; Gold Open Access","Scopus","2-s2.0-85178383980"
"Rafique O.; Gesell M.; Schneider K.","Rafique, Omair (56024076100); Gesell, Manuel (27567687900); Schneider, Klaus (58406421600)","56024076100; 27567687900; 58406421600","Generating hardware specific code at different abstraction levels using averest","2013","Proceedings of the 16th International Workshop on Software and Compilers for Embedded Systems, M-SCOPES 2013","","","","90","92","5","10.1145/2463596.2486154","https://www.scopus.com/pages/publications/84893389023?origin=resultslist","Department of Computer Science, University of Kaiserslautern, Kaiserslautern, Germany","Rafique O., Department of Computer Science, University of Kaiserslautern, Kaiserslautern, Germany; Gesell M., Department of Computer Science, University of Kaiserslautern, Kaiserslautern, Germany; Schneider K., Department of Computer Science, University of Kaiserslautern, Kaiserslautern, Germany","In general, embedded systems can be designed at different levels of abstraction, e.g., as pure hardware circuit designs, as bare-iron level programs (without an operating system), as programs based on a real-time operating system, and as models of a model-driven development. This paper focuses on a synchronous model-driven development tool called Averest. Using Averest, we describe how we consider and combine system descriptions at the mentioned four levels of abstraction. We discuss a case study targeting a distributed embedded system where these different levels have been used. Copyright © 2013 ACM.","Abstraction levels; ACM proceedings; Averest; Hardware specific code; Real-time embedded systems; Synchronous languages","Abstracting; Computer operating systems; Hardware; Program compilers; Abstraction level; ACM proceedings; Averest; Real-time embedded systems; Synchronous languages; Embedded systems","","","Association for Computing Machinery","","978-145032142-6","","","English","Proc. Int. Workshop Softw. Compilers Embedded Syst., M-SCOPES","Conference paper","Final","","Scopus","2-s2.0-84893389023"
"Talpin J.-P.; Brunette C.; Gautier T.; Gamatié A.","Talpin, Jean-Pierre (6602090161); Brunette, Christian (18036519600); Gautier, Thierry (35953675000); Gamatié, Abdoulaye (16301118500)","6602090161; 18036519600; 35953675000; 16301118500","Polychronous mode automata","2006","IEEE International Conference on Embedded Software, EMSOFT 2006","","","","83","92","17","10.1145/1176887.1176900","https://www.scopus.com/pages/publications/34547442921?origin=resultslist","IRISA/INRIA-Rennes, Campus de Beaulieu, F-35042 Rennes, France; INRIA Futurs, 59260 Lezennes, 6b Av. Pierre et Marie Curie, France","Talpin J.-P., IRISA/INRIA-Rennes, Campus de Beaulieu, F-35042 Rennes, France; Brunette C., IRISA/INRIA-Rennes, Campus de Beaulieu, F-35042 Rennes, France; Gautier T., IRISA/INRIA-Rennes, Campus de Beaulieu, F-35042 Rennes, France; Gamatié A., INRIA Futurs, 59260 Lezennes, 6b Av. Pierre et Marie Curie, France","Among related synchronous programming principles, the model of computation of the POLYCHRONY workbench stands out by its capability to give high-level description of systems where each component owns a local activation clock (such as, typically,distributed real-time systems or systems on a chip). In order to bring the modeling capability of POLYCHRONY to the context of a model-driven engineering toolset for embedded system design, we define a diagramic notation composed of mode automata and data-flow equations on top of the multi-clocked synchronous model of computation supported by the POLYCHRONY workbench. We demonstrate the agility of this paradigm by considering the example of an integrated modular avionics application. Our presentation features the formalization and use of model transformation techniques of the GME environment to embed the extension of POLYCHRONY's meta-model with mode automata. Copyright 2006 ACM.","","Computer programming; Data flow analysis; Embedded systems; Mathematical models; Metadata; Data flow equations; Model driven engineering; Synchronous programming; Automata theory","J.-P. Talpin; IRISA/INRIA-Rennes, Campus de Beaulieu, F-35042 Rennes, France; email: Jean-Pierre.Talpin@irisa.fr","","","","1595935428; 978-159593542-7","","","English","Int. Conf. Embedded Softw. EMSOFT","Conference paper","Final","All Open Access; Green Open Access","Scopus","2-s2.0-34547442921"
"Mallet F.","Mallet, Frédéric (24328821200)","24328821200","Time: It is only Logical!","2023","Lecture Notes in Computer Science (including subseries Lecture Notes in Artificial Intelligence and Lecture Notes in Bioinformatics)","14080 LNCS","","","323","347","0","10.1007/978-3-031-40436-8_12","https://www.scopus.com/pages/publications/85172027299?origin=resultslist","Université Côte d’Azur, CNRS, Inria, I3S, Nice, France","Mallet F., Université Côte d’Azur, CNRS, Inria, I3S, Nice, France","Logical Clocks play an important role for the design and modelling of concurrent systems. The Clock Constraint Specification Language (ccsl) was built in 2009, as part of an annex of the UML Profile for MARTE, to give a proper syntax to handle logical clocks as first class citizens. The syntax gave rise to a series of different semantic interpretations along with various verification tools. Usecases are diverse and include languages to express timing requirements, temporal or spatio-temporal logics to capture expected safety properties, meta-languages to give an operational semantics to domain-specific languages. The application domains include avionics, safety-critical transportation systems, self-driving vehicles, systems engineering models, cyber-physical systems. This paper reviews the effort conducted since 2009 on ccsl. A large part of this effort was made possible by Professor He Jifeng and his will to build in Shanghai a research centre of excellence for trustworthy systems. Researchers there found inspiration in the heritage left by the different schools working around the world on concurrency theory, including the school of synchronous languages from which ccsl has emerged. © 2023, The Author(s), under exclusive license to Springer Nature Switzerland AG.","Cyber-Physical Systems; Logical Time; Polychronous languages","Embedded systems; Problem oriented languages; Safety engineering; Semantics; Specification languages; Syntactics; Clock constraints; Concurrent systems; Constraint specification languages; Cybe-physical systems; Cyber-physical systems; Design and modeling; Logical clock; Logical time; Polychronoi language; Semantic interpretation; Cyber Physical System","F. Mallet; Université Côte d’Azur, CNRS, Inria, I3S, Nice, France; email: Frederic.Mallet@univ-cotedazur.fr","","Springer Science and Business Media Deutschland GmbH","03029743","","","","English","Lect. Notes Comput. Sci.","Book chapter","Final","","Scopus","2-s2.0-85172027299"
"Erpenbach E.; Altenbernd P.","Erpenbach, E. (7801396128); Altenbernd, P. (6508296230)","7801396128; 6508296230","Worst-case execution times and schedulability analysis of statecharts models","1999","Proceedings - Euromicro Conference on Real-Time Systems","","","777452","70","77","7","10.1109/EMRTS.1999.777452","https://www.scopus.com/pages/publications/33744500364?origin=resultslist","C-Lab., 33095 Paderborn, Germany","Erpenbach E., C-Lab., 33095 Paderborn, Germany; Altenbernd P., C-Lab., 33095 Paderborn, Germany","Synchronous languages have proven to be very adequate for the modeling of embedded systems. However, such languages assume that all responses to external stimuli are computed infinitely fast (in zero time). It is the task of lower design steps to ensure that timeliness requirements are met even when the actual execution time of the generated code on the target is taken into account. Being able to determine both the worst-case execution time (WCET) an the worst-case response time (WCRT) of synchronous models is therefore crucial for the design of real-rime applications. This paper focuses on the language statecharts, but describes a method for analyzing the real-time behavior of synchronous models in general. For this purpose, we take aspects specific to the semantics of synchronous languages into consideration to provide both an efficient and accurate analysis of tasks generated from synchronous models. This method has been integrated in a code generator for STATEMATE and experimental results are presented. © 1999 IEEE.","","Semantics; Accurate analysis; Code generators; External stimulus; Schedulability analysis; Synchronous languages; Synchronous models; Worst case response time; Worst-case execution time; Real time systems","","","","10683070","0769502407; 978-076950240-3","","","English","Proc. Euromicro Conf. Real Time Syst.","Conference paper","Final","","Scopus","2-s2.0-33744500364"
"Yang Z.; Bodeveix J.-P.; Filali M.; Hu K.; Ma D.","Yang, Zhibin (55716670400); Bodeveix, Jean-Paul (6506097960); Filali, Mamoun (7004744985); Hu, Kai (22979676500); Ma, Dianfu (7402075451)","55716670400; 6506097960; 7004744985; 22979676500; 7402075451","A verified transformation: From polychronous programs to a variant of clocked guarded actions","2014","Proceedings of the 17th International Workshop on Software and Compilers for Embedded Systems, SCOPES 2014","","","","128","137","7","10.1145/2609248.2609259","https://www.scopus.com/pages/publications/84908885997?origin=resultslist","IRIT, Université de Toulouse, France; IRIT-CNRS, Université de Toulouse, France; School of Computer Science and Engineering, Beihang University, Beijing, China","Yang Z., IRIT, Université de Toulouse, France; Bodeveix J.-P., IRIT, Université de Toulouse, France; Filali M., IRIT-CNRS, Université de Toulouse, France; Hu K., School of Computer Science and Engineering, Beihang University, Beijing, China; Ma D., School of Computer Science and Engineering, Beihang University, Beijing, China","SIGNAL belongs to the synchronous languages family. Such languages are widely used in the design of safety-critical realtime systems such as avionics, space systems, and nuclear power plants. This paper reports a key step of a verified SIGNAL compiler prototype, that is the transformation from a subset of SIGNAL to S-CGA (a variant of clocked guarded actions) and the proof of semantics preservation. Compared with the existing SIGNAL compiler, we use clocked guarded actions as the intermediate representation, to integrate more synchronous programs into our verified compiler prototype in the future. However, in contrast to the SIGNAL language, clocked guarded actions can evaluate a variable even if its clock does not hold. Thus, we propose a variant of clocked guarded actions, namely S-CGA, which constrains variable accesses as done by SIGNAL. To conform with the revised semantics of clocked guarded actions, we also do some adjustments on the existing translation rules from SIGNAL to clocked guarded actions. Finally, the verified transformation is mechanized in the theorem prover Coq.","Guarded actions; Semantics preservation; SIGNAL; Synchronous languages; Verified compiler","Clocks; Embedded systems; Nuclear fuels; Nuclear power plants; Safety engineering; Semantics; Signaling; Theorem proving; Guarded actions; Intermediate representations; Signal language; Synchronous languages; Synchronous program; Theorem provers; Translation rules; Verified compiler; Program compilers","","Stuijk S.","Association for Computing Machinery","","978-145032941-5","","","English","Proc. Int. Workshop Softw. Compilers Embedded Syst., SCOPES","Conference paper","Final","All Open Access; Green Open Access","Scopus","2-s2.0-84908885997"
"Schaller M.-B.; Kaeseberg S.; Thiel T.","Schaller, Maria-Barbara (57192960014); Kaeseberg, Stefan (56052157700); Thiel, Torsten (9739841500)","57192960014; 56052157700; 9739841500","Smart CFRP systems with embedded fbg for structural monitoring and retrofitting","2013","Optical Fibers: New Developments","","","","317","330","0","","https://www.scopus.com/pages/publications/85017612521?origin=resultslist","GGB mbH, Espenhain, Germany; HTWK Leipzig, Germany; AOS GmbH, Dresden, Germany","Schaller M.-B., GGB mbH, Espenhain, Germany; Kaeseberg S., HTWK Leipzig, Germany; Thiel T., AOS GmbH, Dresden, Germany","The fields of activity in civil engineering are subjected to a constant change. Thereby maintenance, strengthening and monitoring of existing buildings have become more and more important. During the last ten years an increasing amount of Carbon Fiber Reinforced Polymer (CFRP) applications to rehabilitate damaged concrete or steel elements was observed. Thereby some important disadvantages of the brittle materials must be considered, for example the low ductility of the bond between CFRP and concrete and brittle failure of FRP. With embedded sensor systems it is possible to measure crack propagation and strains. In this paper a sensor based CFRP system will be presented, that can be used for strengthening and measuring. The used optical fibers with Fiber Bragg Gratings (FBG) have a large number of advantages in opposite to electrical measuring methods. Examples are small dimensions, low weight as well as high static and dynamic resolution of measured values. A Bragg Grating consists of a periodic sequence of artificial and equidistant refraction switches in the core of an optical fiber. It can be produced over emblazing of an interference pattern of ultraviolet light. The core is surrounded by cladding. The main problem during the investigations was the fixing of the glass fiber and the small FBG at the designated position. In this paper the possibility of setting the glass fiber with embroidery at the reinforcing fiber material will be presented. The direct embroider of the optical fiber (and the FBGS) clearly simplifies the fixing. An embroidery machine, using computerized support, is able to fix the fiber optical system accurately fitting at the carbon fiber material. By using computer-controlled machines it is possible to achieve a very high degree of prefabrication as well as a high productiveness. The economic industrial fabrication of smart structures can be realized. Another possibility is the direct converting at the building site by handmade lamination with an epoxy resin. On the basis of four point bending tests on beams (dimensions of 700 × 150 × 150 mm) and confined columns the potential of the Smart CFRP system is introduced. © 2013 by Nova Science Publishers, Inc.","Automotive; Civil engineering; Energy generation and distribution; Marine; Pipelines; Production, etc.); Railway; SHM applications (Aerospace","Bending tests; Bragg gratings; Carbon fiber reinforced plastics; Civil engineering; Concretes; Embedded systems; Epoxy resins; Fiber reinforced plastics; Fibers; Glass; Glass fibers; Marine applications; Marine engineering; Optical fiber fabrication; Optical fibers; Optical switches; Optical systems; Pipelines; Reinforced concrete; Reinforcement; Steel fibers; Strengthening (metal); Textile printing; Automotive; Energy generations; Marine; Railway; SHM applications (Aerospace; Fiber Bragg gratings","M.-B. Schaller; Leipziger Straße 14, Espenhain, D-04579, Germany; email: mbschaller@ggb.de","","Nova Science Publishers, Inc.","","978-162808428-3; 978-162808425-2","","","English","Optical Fibers: New Developments","Book chapter","Final","","Scopus","2-s2.0-85017612521"
"Closse E.; Poize M.; Pulou J.; Venier P.; Weil D.","Closse, Etienne (7801394528); Poize, Michel (6602394203); Pulou, Jacques (23478327200); Venier, Patrick (7004589204); Weil, Daniel (57198043609)","7801394528; 6602394203; 23478327200; 7004589204; 57198043609","SAXO-RT: Interpreting ESTEREL semantic on a sequential execution structure","2002","Electronic Notes in Theoretical Computer Science","65","5","","80","94","33","10.1016/S1571-0661(05)80443-8","https://www.scopus.com/pages/publications/23844501128?origin=resultslist","France Telecom R and D, 38243 Meylan Cedex, 28 chemin du Vieux Chêne, France","Closse E., France Telecom R and D, 38243 Meylan Cedex, 28 chemin du Vieux Chêne, France; Poize M., France Telecom R and D, 38243 Meylan Cedex, 28 chemin du Vieux Chêne, France; Pulou J., France Telecom R and D, 38243 Meylan Cedex, 28 chemin du Vieux Chêne, France; Venier P., France Telecom R and D, 38243 Meylan Cedex, 28 chemin du Vieux Chêne, France; Weil D., France Telecom R and D, 38243 Meylan Cedex, 28 chemin du Vieux Chêne, France","The SAXO-RT compiler implements a original method for compiling the concurrent synchronous language ESTEREL into sequential C code. The method is optimized for embedded systems with very tight memory and real-time constraints and shows significant performance improvement on industrial size examples. Source code is sliced into small code sequences called control points, statically scheduled so as to be compatible with ESTEREL semantic. Speed reaction is optimized without increasing code size, by executing at each reaction only active code sequences. In this paper, we present in detail how ESTEREL semantic is interpreted on our execution structure. © 2002 Published by Elsevier Science B. V.","","Computational complexity; Data storage equipment; Embedded systems; Mathematical models; Real time systems; Semantics; Control points; Control-command systems; ESTEREL semantics; Sequential Execution Structure; Program compilers","","","Elsevier","15710661","","","","English","Electron. Notes Theor. Comput. Sci.","Conference paper","Final","All Open Access; Gold Open Access","Scopus","2-s2.0-23844501128"
"Brandt J.; Schneider K.","Brandt, Jens (13609374600); Schneider, Klaus (58406421600)","13609374600; 58406421600","Static data-flow analysis of synchronous programs","2009","2009 7th IEEE-ACM International Conference on Formal Methods and Models for Co-Design, MEMOCODE '09","","","5185392","161","170","9","10.1109/MEMCOD.2009.5185392","https://www.scopus.com/pages/publications/70449502122?origin=resultslist","Embedded Systems Group, Department of Computer Science, University of Kaiserslautern, Germany","Brandt J., Embedded Systems Group, Department of Computer Science, University of Kaiserslautern, Germany; Schneider K., Embedded Systems Group, Department of Computer Science, University of Kaiserslautern, Germany","Synchronous programming languages are well-suited for the design of safety-critical real-time embedded systems. However, the compilers and synthesis procedures are challenged by the synchronous programming paradigm and have to solve additional problems like causality and schizophrenia problems. Algorithms to solve these basic compilation problems have already become mature, but code optimization still lacks behind. Often, code optimization is left to the back-end tools like compilers for sequential software or hardware synthesis tools. In this paper, we develop a static analysis procedure to introduce code optimization techniques to synchronous languages. We develop specialized code optimization procedures that can be applied to all kinds of synchronous languages. Similar to the code optimization techniques used for the compilation of sequential software, our procedures are also based on a static data-flow analysis that is adapted to the synchronous programing model. © 2009 IEEE.","","Computer aided language translation; Computer software; Data flow analysis; Embedded systems; Linguistics; Optimization; Problem oriented languages; Problem solving; Program compilers; Pulsatile flow; Real time systems; Code optimization; Code optimization technique; Compilation problems; Hardware synthesis; Real-time embedded systems; Safety-critical; Sequential softwares; Synchronous languages; Synchronous program; Synchronous programming; Synthesis procedure; Formal methods","","","","","978-142444806-7","","","English","IEEE-ACM Int. Conf. Form. Methods Models Co-Design, MEMOCODE","Conference paper","Final","","Scopus","2-s2.0-70449502122"
"Balluchi A.; Di Benedetto M.D.; Pinello C.; Sangiovanni-Vincentelli A.L.","Balluchi, Andrea (7004433370); Di Benedetto, Maria Domenica (7006607418); Pinello, Claudio (55887004500); Sangiovanni-Vincentelli, Alberto Luigi (35513835900)","7004433370; 7006607418; 55887004500; 35513835900","Mixed models of computation in the design of automotive engine control","2001","Proceedings of the IEEE Conference on Decision and Control","4","","","3308","3313","3","","https://www.scopus.com/pages/publications/0035711501?origin=resultslist","PARADES, 00186 Roma, Via San Pantaleo, 66, Italy","Balluchi A., PARADES, 00186 Roma, Via San Pantaleo, 66, Italy; Di Benedetto M.D., PARADES, 00186 Roma, Via San Pantaleo, 66, Italy; Pinello C., PARADES, 00186 Roma, Via San Pantaleo, 66, Italy; Sangiovanni-Vincentelli A.L., PARADES, 00186 Roma, Via San Pantaleo, 66, Italy","In this paper we discuss isses involved in system level design of complex embedded systems, we focus on automotive engine and power-train control applications. We briefly illustrate the problem of capturing a complicated plant and of designing control laws that satisfy multiple requirements in different regions of operation. We propose a unified framework, the Tagged Signal Model (TSM) based on an extended theory of hybrid systems. Our framework can put together engine models that are a combination of finite state machines, discrete event and sequential processes, powertrain models, sensors and actuators, and at last controller models. The synchronous reactive language formalism can be used for the design of the controller so that synthesis procedures can be followed to generate either the hardware or the software.","","Automobile engines; Computer programming languages; Computer systems programming; Embedded systems; Finite automata; Mathematical models; Automotive engine control; Tagged signal model; Control system synthesis","A. Balluchi; PARADES, 00186 Roma, Via San Pantaleo, 66, Italy; email: balluchi@parades.rm.cnr.it","","","01912216","","PCDCD","","English","Proc IEEE Conf Decis Control","Conference paper","Final","","Scopus","2-s2.0-0035711501"
"Cooper G.H.; Krishnamurthi S.","Cooper, Gregory H. (8307990100); Krishnamurthi, Shriram (7006567277)","8307990100; 7006567277","Embedding dynamic dataflow in a call-by-value language","2006","Lecture Notes in Computer Science (including subseries Lecture Notes in Artificial Intelligence and Lecture Notes in Bioinformatics)","3924 LNCS","","","294","308","117","10.1007/11693024_20","https://www.scopus.com/pages/publications/33745787935?origin=resultslist","Brown University, Providence, RI 02912, United States","Cooper G.H., Brown University, Providence, RI 02912, United States; Krishnamurthi S., Brown University, Providence, RI 02912, United States","This paper describes FrTime, an extension of Scheme designed for writing interactive applications. Inspired by functional reactive programming, the language embeds dynamic dataflow within a call-by-value functional language. The essence of the embedding is to make program expressions evaluate to nodes in a dataflow graph. This strategy eases importation of legacy code and permits incremental program construction. We have integrated FrTime with the DrScheme programming environment and have used it to develop several novel applications. We describe FrTime's design and implementation in detail and present a formal semantics of its evaluation model. © Springer-Verlag Berlin Heidelberg 2006.","","Codes (symbols); Computer aided design; Computer programming; Computer programming languages; Data reduction; Graph theory; Interactive computer systems; Mathematical models; Semantics; Technical writing; Virtual reality; Computational linguistics; Data flow analysis; Formal methods; Semantics; Design and implementations; Formal Semantics; Functional languages; Functional reactive programming; Interactive applications; Novel applications; Program construction; Programming environment; Call-by-value languages; Dynamic dataflow; Interactive applications; Legacy codes; Embedded systems; Functional programming","G.H. Cooper; Brown University, Providence, RI 02912, United States; email: greg@cs.brown.edu","","","16113349","354033095X; 978-354033095-0","","","English","Lect. Notes Comput. Sci.","Conference paper","Final","","Scopus","2-s2.0-33745787935"
"Erpenbach Edwin; Stroop Joachim; Rammig Franz J.","Erpenbach, Edwin (7801396128); Stroop, Joachim (6602425286); Rammig, Franz J. (6701878550)","7801396128; 6602425286; 6701878550","On the compilation of statecharts models into target code for embedded systems","1999","Proceedings of the IEEE International Symposium on Computer-Aided Control System Design","","","","249","254","1","","https://www.scopus.com/pages/publications/0033348896?origin=resultslist","C-LAB, Paderborn, Germany","Erpenbach Edwin, C-LAB, Paderborn, Germany; Stroop Joachim, C-LAB, Paderborn, Germany; Rammig Franz J., C-LAB, Paderborn, Germany","Synchronous languages are proven to be very adequate for modeling embedded systems. Although this report focuses on the language statecharts, it describes how knowledge about the worst-case number of iteration steps (WCNIS) can be used to avoid time consuming run-time detection of stability and significantly improve the quality of programs generated from such models in general. A method for determining the WCNIS a given statecharts model executes to reach a stable state is also presented.","","Computational linguistics; Computer architecture; Computer programming languages; Computer simulation; Data storage equipment; Program compilers; Rapid prototyping; Statecharts models; Synchronous languages; Embedded systems","","","IEEE","","","00247","","English","Proc IEEE Int Symp Comput Aid Control Syst Des","Conference paper","Final","","Scopus","2-s2.0-0033348896"
"Sun K.","Sun, Ke (56441978800)","56441978800","Multi-rate system design through integrating synchronous components","2015","Lecture Notes in Computer Science (including subseries Lecture Notes in Artificial Intelligence and Lecture Notes in Bioinformatics)","9399","","","464","482","0","10.1007/978-3-319-25150-9_27","https://www.scopus.com/pages/publications/84952058820?origin=resultslist","University of Rennes 1, Campus de Beaulieu, Rennes Cedex, 35042, France","Sun K., University of Rennes 1, Campus de Beaulieu, Rennes Cedex, 35042, France","This paper presents a component-based scheme for the development of multi-rate critical embedded systems. A multi-rate system is formally specified as a modular assembly of several locally monoclocked components into a globally multi-clocked system. Mono-clocked components are modeled in particular using the synchronous programming language Quartz. Each synchronous component is first transformed into an intermediate model of clocked guarded actions. Based on the abstraction of component behaviors, consistent communication networks can be established, in which the production and consumption of inter-component dataflow are related by affine relations. Furthermore, symbolic component schedules and corresponding minimal buffering requirements are computed. © Springer International Publishing Switzerland 2015.","Affine relation; Component-based design; Symbolic schedule; Synchronous programming","Embedded systems; Affine relation; Buffering requirements; Component based design; Component behavior; Multi-rate systems; Production and consumption; Synchronous components; Synchronous programming; Clocks","K. Sun; University of Rennes 1, Campus de Beaulieu, Rennes Cedex, 35042, France; email: ke.sun.x@gmail.com","Rueda C.; Valencia F.D.; Valencia F.D.; Leucker M.","Springer Verlag","03029743","978-331925149-3","","","English","Lect. Notes Comput. Sci.","Conference paper","Final","","Scopus","2-s2.0-84952058820"
