"Authors","Author full names","Author(s) ID","Title","Year","Source title","Volume","Issue","Art. No.","Page start","Page end","Cited by","DOI","Link","Document Type","Publication Stage","Open Access","Source","EID"
"Yang Z.; Bodeveix J.-P.; Filali M.; Hu K.; Zhao Y.; Ma D.","Yang, Zhibin (55716670400); Bodeveix, Jean-Paul (6506097960); Filali, Mamoun (7004744985); Hu, Kai (22979676500); Zhao, Yongwang (21744050500); Ma, Dianfu (7402075451)","55716670400; 6506097960; 7004744985; 22979676500; 21744050500; 7402075451","Towards a verified compiler prototype for the synchronous language SIGNAL","2016","Frontiers of Computer Science","10","1","","37","53","12","10.1007/s11704-015-4364-y","https://www.scopus.com/pages/publications/84952630628?origin=resultslist","Article","Final","All Open Access; Green Open Access","Scopus","2-s2.0-84952630628"
"Petersohn C.; Huizing C.; Peleska J.; De Roever W.-P.","Petersohn, Carsta (6603040797); Huizing, Cornelis (7801363688); Peleska, Jan (7003303450); De Roever, Willem-Paul (57209857086)","6603040797; 7801363688; 7003303450; 57209857086","Formal semantics for Ward and Mellor's transformation schemas and its application to fault tolerant systems","1998","Computer Systems Science and Engineering","13","2","","131","136","1","","https://www.scopus.com/pages/publications/0032024866?origin=resultslist","Article","Final","","Scopus","2-s2.0-0032024866"
"Bai Y.; Brandt J.; Schneider K.","Bai, Yu (55382404100); Brandt, Jens (13609374600); Schneider, Klaus (58406421600)","55382404100; 13609374600; 58406421600","SMT-based optimization for synchronous programs","2011","Proceedings of the 14th International Workshop on Software and Compilers for Embedded Systems, SCOPES 2011","","","","11","20","1","10.1145/1988932.1988935","https://www.scopus.com/pages/publications/80051869697?origin=resultslist","Conference paper","Final","","Scopus","2-s2.0-80051869697"
"Belwal C.; Cheng A.M.K.","Belwal, Chaitanya (6507996126); Cheng, Albert M. K. (7402075079)","6507996126; 7402075079","Determining actual response time in P-FRP","2011","Lecture Notes in Computer Science (including subseries Lecture Notes in Artificial Intelligence and Lecture Notes in Bioinformatics)","6539 LNCS","","","250","264","8","10.1007/978-3-642-18378-2_20","https://www.scopus.com/pages/publications/79551607203?origin=resultslist","Conference paper","Final","","Scopus","2-s2.0-79551607203"
"Biernacki D.; Colaço J.-L.; Hamon G.; Pouzet M.","Biernacki, Dariusz (8555890200); Colaço, Jean-Louis (10138798400); Hamon, Grégoire (56234111200); Pouzet, Marc (57202122440)","8555890200; 10138798400; 56234111200; 57202122440","Clock-directed modular code generation for synchronous data-flow languages","2008","Proceedings of the ACM SIGPLAN Conference on Languages, Compilers, and Tools for Embedded Systems (LCTES)","","","","121","130","65","10.1145/1375657.1375674","https://www.scopus.com/pages/publications/84865688660?origin=resultslist","Conference paper","Final","","Scopus","2-s2.0-84865688660"
"Forget J.; Boniol F.; Lesens D.; Pagetti C.","Forget, Julien (25960555900); Boniol, Frédéric (6507057555); Lesens, David (14045456200); Pagetti, Claire (55922785400)","25960555900; 6507057555; 14045456200; 55922785400","A real-time architecture design language for multi-rate embedded control systems","2010","Proceedings of the ACM Symposium on Applied Computing","","","","527","534","19","10.1145/1774088.1774196","https://www.scopus.com/pages/publications/77954714002?origin=resultslist","Conference paper","Final","","Scopus","2-s2.0-77954714002"
"Lublinerman R.; Szegedy C.; Tripakis S.","Lublinerman, Roberto (15623422700); Szegedy, Christian (60472274400); Tripakis, Stavros (6701546551)","15623422700; 60472274400; 6701546551","Modular code generation from synchronous block diagrams: Modularity vs. code size","2009","Conference Record of the Annual ACM Symposium on Principles of Programming Languages","","","","78","89","27","10.1145/1480881.1480893","https://www.scopus.com/pages/publications/67649868329?origin=resultslist","Conference paper","Final","","Scopus","2-s2.0-67649868329"
"Ouy J.","Ouy, Julien (23568553800)","23568553800","A survey of desynchronization in a polychronous model of computation","2006","Electronic Notes in Theoretical Computer Science","146","2","","151","167","2","10.1016/j.entcs.2005.05.040","https://www.scopus.com/pages/publications/30644468037?origin=resultslist","Conference paper","Final","All Open Access; Gold Open Access","Scopus","2-s2.0-30644468037"
"Oeyen B.; De Koster J.; De Meuter W.","Oeyen, Bjarno (57206670827); De Koster, Joeri (55105023900); De Meuter, Wolfgang (16306490800)","57206670827; 55105023900; 16306490800","Reactive Programming on the Bare Metal: A Formal Model for a Low-Level Reactive Virtual Machine","2022","REBLS 2022 - Proceedings of the 9th ACM SIGPLAN International Workshop on Reactive and Event-Based Languages and Systems, co-located with SPLASH 2022","","","","50","62","1","10.1145/3563837.3568342","https://www.scopus.com/pages/publications/85146980553?origin=resultslist","Conference paper","Final","","Scopus","2-s2.0-85146980553"
"Berry G.","Berry, Gérard (7202085820)","7202085820","Synchronous programming techniques for embedded systems: Present and future","2001","Lecture Notes in Computer Science (including subseries Lecture Notes in Artificial Intelligence and Lecture Notes in Bioinformatics)","2211","","","50","","0","10.1007/3-540-45449-7_4","https://www.scopus.com/pages/publications/84947208083?origin=resultslist","Conference paper","Final","","Scopus","2-s2.0-84947208083"
"Weber J.; Shi J.; Zhang C.","Weber, Jarod (57197704774); Shi, Jianfeng (55491830500); Zhang, Chuck (55605776068)","57197704774; 55491830500; 55605776068","Embedded capacitance sensor array for structural health monitoring of pipeline systems","2017","American Society of Mechanical Engineers, Pressure Vessels and Piping Division (Publication) PVP","5","","","","","1","10.1115/PVP2017-65473","https://www.scopus.com/pages/publications/85034029315?origin=resultslist","Conference paper","Final","","Scopus","2-s2.0-85034029315"
"Di Natale M.; Zeng H.","Di Natale, Marco (7006960620); Zeng, Haibo (35191392200)","7006960620; 35191392200","Models and Tools for Complex Embedded Software and Systems","2026","Electronic Design Automation for IC System Design, Verification, and Testing: Volume 1","","","","148","206","0","10.1201/9781003608721-10","https://www.scopus.com/pages/publications/105040316890?origin=resultslist","Book chapter","Final","","Scopus","2-s2.0-105040316890"
"Edwards S.A.; Hui J.","Edwards, Stephen A. (7401520724); Hui, John (57223732651)","7401520724; 57223732651","The Sparse Synchronous Model","2020","Forum on Specification and Design Languages","2020-September","","9232938","","","15","10.1109/FDL50818.2020.9232938","https://www.scopus.com/pages/publications/85096120892?origin=resultslist","Conference paper","Final","","Scopus","2-s2.0-85096120892"
"Jahier E.; Halbwachs N.; Raymond P.","Jahier, Erwan (55879824500); Halbwachs, Nicolas (6701491398); Raymond, Pascal (14014305600)","55879824500; 6701491398; 14014305600","Synchronous modeling and validation of priority inheritance schedulers","2009","Lecture Notes in Computer Science (including subseries Lecture Notes in Artificial Intelligence and Lecture Notes in Bioinformatics)","5503","","","140","154","3","10.1007/978-3-642-00593-0_10","https://www.scopus.com/pages/publications/67650174011?origin=resultslist","Conference paper","Final","All Open Access; Green Open Access","Scopus","2-s2.0-67650174011"
"Hui J.; Edwards S.A.","Hui, John (57223732651); Edwards, Stephen A. (7401520724)","57223732651; 7401520724","The Sparse Synchronous Model on Real Hardware","2024","ACM Transactions on Embedded Computing Systems","23","5","69","","","3","10.1145/3572920","https://www.scopus.com/pages/publications/85204038918?origin=resultslist","Article","Final","All Open Access; Bronze Open Access","Scopus","2-s2.0-85204038918"
"Motika C.; von Hanxleden R.","Motika, Christian (55447052600); von Hanxleden, Reinhard (10045077200)","55447052600; 10045077200","Light-weight Synchronous Java (SJL): An approach for programming deterministic reactive systems with Java","2015","Computing","97","3","","281","307","1","10.1007/s00607-014-0416-7","https://www.scopus.com/pages/publications/84924223081?origin=resultslist","Article","Final","","Scopus","2-s2.0-84924223081"
"","","","Proceedings of the 13th International Workshop on Software and Compilers for Embedded Systems, SCOPES 2010","2010","Proceedings of the 13th International Workshop on Software and Compilers for Embedded Systems, SCOPES 2010","","","","","","0","","https://www.scopus.com/pages/publications/77955132528?origin=resultslist","Conference review","Final","","Scopus","2-s2.0-77955132528"
"Menna C.; Balsamo A.; Maddaloni G.; Prota A.","Menna, Costantino (37561907900); Balsamo, Alberto (23988640600); Maddaloni, Gennaro (55258117300); Prota, Andrea (6603458266)","37561907900; 23988640600; 55258117300; 6603458266","Comparative assessment of the tensile behavior of steel and textile reinforced mortar systems","2018","American Concrete Institute, ACI Special Publication","2017-March","SP 324","","","","8","","https://www.scopus.com/pages/publications/85057866948?origin=resultslist","Conference paper","Final","","Scopus","2-s2.0-85057866948"
"Calus B.; Reynders B.; Devriese D.; Noorman J.; Piessens F.","Calus, Ben (57198803595); Reynders, Bob (56418336400); Devriese, Dominique (36198086100); Noorman, Job (55447479800); Piessens, Frank (6602153049)","57198803595; 56418336400; 36198086100; 55447479800; 6602153049","FRP IoT Modules as a Scala DSL","2017","REBLS 2017 - Proceedings of the 4th ACM SIGPLAN International Workshop on Reactive and Event-Based Languages and Systems, co-located with SPLASH 2017","","","","15","20","9","10.1145/3141858.3141861","https://www.scopus.com/pages/publications/85037111104?origin=resultslist","Conference paper","Final","All Open Access; Green Open Access","Scopus","2-s2.0-85037111104"
"Schaller M.-B.; K̈seberg S.; Kuhnec M.","Schaller, M.-B. (57192960014); K̈seberg, S. (36606424100); Kuhnec, M. (36606352600)","57192960014; 36606424100; 36606352600","Smart CFRP systems for the controlled retrofitting of reinforced concrete members","2010","Proceedings of SPIE - The International Society for Optical Engineering","7653","","76533C","","","4","10.1117/12.864936","https://www.scopus.com/pages/publications/77957826479?origin=resultslist","Conference paper","Final","","Scopus","2-s2.0-77957826479"
"Hadidi R.; Ghaleshahi N.S.; Asgari B.; Kim H.","Hadidi, Ramyad (57194285399); Ghaleshahi, Nima Shoghi (57220179211); Asgari, Bahar (57209458621); Kim, Hyesoon (8851882000)","57194285399; 57220179211; 57209458621; 8851882000","Context-Aware Task Handling in Resource-Constrained Robots with Virtualization","2023","Proceedings - IEEE International Conference on Edge Computing","2023-July","","","255","261","0","10.1109/EDGE60047.2023.00047","https://www.scopus.com/pages/publications/85173442400?origin=resultslist","Conference paper","Final","","Scopus","2-s2.0-85173442400"
"Kazemi Z.; Cheng A.M.K.","Kazemi, Zeinab (57191891754); Cheng, Albert M.K. (7402075079)","57191891754; 7402075079","A Scratchpad Memory-Based Execution Platform for Functional Reactive Systems and Its Static Timing Analysis","2016","Proceedings - 2016 IEEE 22nd International Conference on Embedded and Real-Time Computing Systems and Applications, RTCSA 2016","","","7579953","176","181","1","10.1109/RTCSA.2016.43","https://www.scopus.com/pages/publications/84994494333?origin=resultslist","Conference paper","Final","","Scopus","2-s2.0-84994494333"
"Bai Y.; Rafique O.; Schneider K.","Bai, Yu (57226482984); Rafique, Omair (56024076100); Schneider, Klaus (58406421600)","57226482984; 56024076100; 58406421600","A Model-based Design Flow for Asynchronous Implementations from Synchronous Specifications","2021","Proceedings -Design, Automation and Test in Europe, DATE","2021-February","","9474190","862","867","0","10.23919/DATE51398.2021.9474190","https://www.scopus.com/pages/publications/85111002431?origin=resultslist","Conference paper","Final","","Scopus","2-s2.0-85111002431"
"Yokoyama A.; Moriguchi S.; Watanabe T.","Yokoyama, Akihiko (57350883100); Moriguchi, Sosuke (55735588400); Watanabe, Takuo (36931774900)","57350883100; 55735588400; 36931774900","A functional reactive programming language for small-scale embedded systems with recursive data types","2021","Journal of Information Processing","29","","","685","706","3","10.2197/IPSJJIP.29.685","https://www.scopus.com/pages/publications/85119692107?origin=resultslist","Article","Final","All Open Access; Gold Open Access; Green Open Access","Scopus","2-s2.0-85119692107"
"Santos R.C.M.; Lima G.F.; Sant'anna F.; Ierusalimschy R.; Haeusler E.H.","Santos, Rodrigo C. M. (49962320300); Lima, Guilherme F. (55954219800); Sant'anna, Francisco (35183862400); Ierusalimschy, Roberto (55925861600); Haeusler, Edward H. (6603717884)","49962320300; 55954219800; 35183862400; 55925861600; 6603717884","A memory-bounded, deterministic and terminating semantics for the synchronous programming language Céu","2018","ACM SIGPLAN Notices","53","6","","1","18","0","10.1145/3211332.3211334","https://www.scopus.com/pages/publications/85084189766?origin=resultslist","Article","Final","","Scopus","2-s2.0-85084189766"
"Liou C.-Y.; Chiueh H.","Liou, Chia-Yi (24758999100); Chiueh, Herming (6602443367)","24758999100; 6602443367","An ALU cluster intellectual property for magnetic RAM media applications platform","2007","Records of the IEEE International Workshop on Memory Technology, Design and Testing","","","4547622","67","70","0","10.1109/MTDT.2007.4547622","https://www.scopus.com/pages/publications/50849107319?origin=resultslist","Conference paper","Final","","Scopus","2-s2.0-50849107319"
"Hanus M.; Höppner K.","Hanus, Michael (7005963146); Höppner, Klaus (8382817500)","7005963146; 8382817500","Programming autonomous robots in curry","2002","Electronic Notes in Theoretical Computer Science","76","","","178","196","5","10.1016/S1571-0661(04)80793-X","https://www.scopus.com/pages/publications/18944383648?origin=resultslist","Conference paper","Final","All Open Access; Gold Open Access","Scopus","2-s2.0-18944383648"
"Andre C.; Peraldi M.A.","Andre, C. (56212847900); Peraldi, M.A. (24438178200)","56212847900; 24438178200","Simulation of temporal behaviour based on a synchronous language","1994","Proceedings of the IEEE International Workshop on Modeling, Analysis, and Simulation of Computer and Telecommunication Systems","","","","147","157","0","","https://www.scopus.com/pages/publications/0028094333?origin=resultslist","Conference paper","Final","","Scopus","2-s2.0-0028094333"
"Ran D.; Chen Z.; Sun Y.; Yang Z.-B.","Ran, Dan (59941447400); Chen, Zhe (56931685300); Sun, Yi (60163055900); Yang, Zhi-Bin (55716670400)","59941447400; 56931685300; 60163055900; 55716670400","SCADE Model Checking Based on Program Transformation; [基于程序转化的SCADE模型检测]","2021","Computer Science","48","12","","125","130","7","10.11896/jsjkx.201100080","https://www.scopus.com/pages/publications/105020266968?origin=resultslist","Article","Final","","Scopus","2-s2.0-105020266968"
"Varró D.","Varró, Dániel (57203069783)","57203069783","Incremental queries and transformations: From concepts to industrial applications","2016","Lecture Notes in Computer Science (including subseries Lecture Notes in Artificial Intelligence and Lecture Notes in Bioinformatics)","9587","","","51","59","5","10.1007/978-3-662-49192-8_5","https://www.scopus.com/pages/publications/84956602879?origin=resultslist","Conference paper","Final","","Scopus","2-s2.0-84956602879"
"Belwal C.; Wen Y.; Cheng A.M.K.","Belwal, Chaitanya (6507996126); Wen, Yuanfeng (55479880700); Cheng, Albert M.K. (7402075079)","6507996126; 55479880700; 7402075079","Utilisation bounds of P-FRP tasks","2014","International Journal of Embedded Systems","6","1","","61","72","0","10.1504/IJES.2014.060918","https://www.scopus.com/pages/publications/84900437102?origin=resultslist","Article","Final","","Scopus","2-s2.0-84900437102"
"Bärenz M.; Perez I.","Bärenz, Manuel (57197833955); Perez, Ivan (57189301965)","57197833955; 57189301965","Rhine: FRP with type-level clocks","2018","ACM SIGPLAN Notices","53","7","","145","157","9","10.1145/3242744.3242757","https://www.scopus.com/pages/publications/85084858798?origin=resultslist","Article","Final","","Scopus","2-s2.0-85084858798"
"Schneider K.; Brandt J.","Schneider, Klaus (58406421600); Brandt, Jens (13609374600)","58406421600; 13609374600","Quartz: A synchronous language for model-based design of reactive embedded systems","2017","Handbook of Hardware/Software Codesign","","","","29","58","9","10.1007/978-94-017-7267-9_3","https://www.scopus.com/pages/publications/85035324149?origin=resultslist","Book chapter","Final","","Scopus","2-s2.0-85035324149"
"Gretz F.; Grosch F.-J.","Gretz, Friedrich (55515344300); Grosch, Franz-Josef (57195952201)","55515344300; 57195952201","Blech, Imperative Synchronous Programming!","2018","Forum on Specification and Design Languages","2018-September","","8524036","","","5","10.1109/FDL.2018.8524036","https://www.scopus.com/pages/publications/85057797617?origin=resultslist","Conference paper","Final","","Scopus","2-s2.0-85057797617"
"Azam R.; Soudki K., Prof.","Azam, Rizwan (55233372900); Soudki, Khaled (7003507840)","55233372900; 7003507840","Strengthening of shear-critical RC beams with cementbased composites: A pilot study","2014","Proceedings of the 7th International Conference on FRP Composites in Civil Engineering, CICE 2014","","","","","","1","","https://www.scopus.com/pages/publications/85067764778?origin=resultslist","Conference paper","Final","","Scopus","2-s2.0-85067764778"
"Mertiny P.; Bashar M.; Parashar A.; Juss K.","Mertiny, Pierre (6506323314); Bashar, Mohammad (36672492400); Parashar, Avinash (23668772300); Juss, Kulvinder (27667693600)","6506323314; 36672492400; 23668772300; 27667693600","Technological advances for improved performance and operation of fiber-reinforced polymer piping","2010","American Society of Mechanical Engineers, Pressure Vessels and Piping Division (Publication) PVP","3","","","31","36","0","10.1115/PVP2010-25146","https://www.scopus.com/pages/publications/80155184199?origin=resultslist","Conference paper","Final","","Scopus","2-s2.0-80155184199"
"Ou J.","Ou, Jinping (7202845830)","7202845830","Research and practice of intelligent sensing technologies in civil structural health monitoring in the mainland of China","2006","Proceedings of SPIE - The International Society for Optical Engineering","6176","","61761D","","","14","10.1117/12.663993","https://www.scopus.com/pages/publications/33749557812?origin=resultslist","Conference paper","Final","","Scopus","2-s2.0-33749557812"
"Gamatié A.; Gautier T.; Besnard L.","Gamatié, Abdoulaye (16301118500); Gautier, Thierry (35953675000); Besnard, Loïc (55884178800)","16301118500; 35953675000; 55884178800","Modeling of avionics applications and performance evaluation techniques using the synchronous language SIGNAL","2004","Electronic Notes in Theoretical Computer Science","88","","","87","103","4","10.1016/j.entcs.2003.05.002","https://www.scopus.com/pages/publications/18944377419?origin=resultslist","Conference paper","Final","All Open Access; Gold Open Access","Scopus","2-s2.0-18944377419"
"Hossain M.I.; Zisad S.N.; Uddin N.; Hasan R.","Hossain, Md Ismail (58657804400); Zisad, Sharif Noor (57219315682); Uddin, Nasim (7003593965); Hasan, Ragib (8529353900)","58657804400; 57219315682; 7003593965; 8529353900","SmartWall: An Infrastructure for Sensory and Computation-Capable Buildings Using Sustainable and Low-Cost Smart Materials","2025","Proceedings - 2025 IEEE World Forum on Public Safety Technology, WF-PST 2025","","","","166","171","0","10.1109/WF-PST65083.2025.00032","https://www.scopus.com/pages/publications/105035612081?origin=resultslist","Conference paper","Final","","Scopus","2-s2.0-105035612081"
"Kaur P.; Bhardwaj L.; Tanwar R.","Kaur, Pravleen (57219315547); Bhardwaj, Lakshya (57219315255); Tanwar, Rohit (56154913500)","57219315547; 57219315255; 56154913500","Structural health monitoring system for bridges using internet of things","2021","Lecture Notes in Networks and Systems","140","","","781","790","0","10.1007/978-981-15-7130-5_64","https://www.scopus.com/pages/publications/85092195176?origin=resultslist","Conference paper","Final","","Scopus","2-s2.0-85092195176"
"Ras J.; Cheng A.M.K.","Ras, Jim (26427784400); Cheng, Albert M. K. (7402075079)","26427784400; 7402075079","Response time analysis of the Abort-and-Restart model under symmetric multiprocessing","2010","Proceedings - 10th IEEE International Conference on Computer and Information Technology, CIT-2010, 7th IEEE International Conference on Embedded Software and Systems, ICESS-2010, ScalCom-2010","","","5577989","1954","1961","9","10.1109/CIT.2010.332","https://www.scopus.com/pages/publications/78249247711?origin=resultslist","Conference paper","Final","","Scopus","2-s2.0-78249247711"
"Budde R.; Poigné A.; Sylla K.-H.","Budde, Reinhard (7006696035); Poigné, Axel (6603543841); Sylla, Karl-Heinz (57193438794)","7006696035; 6603543841; 57193438794","On the construction of dependable embedded software by synchronous programming; [Zur konstruktion verlässlicher eingebetteter software durch synchrone programmierung]","2003","At-Automatisierungstechnik","51","8","","368","376","0","10.1524/auto.51.8.368.20906","https://www.scopus.com/pages/publications/85041063222?origin=resultslist","Article","Final","","Scopus","2-s2.0-85041063222"
"Valan Arasu A.; Sornakumar T.","Valan Arasu, A. (21834926400); Sornakumar, T. (6602471253)","21834926400; 6602471253","Life cycle cost analysis of new FRP based solar parabolic trough collector hot water generation system","2008","Journal of Zhejiang University: Science A","9","3","","416","422","16","10.1631/jzus.A072134","https://www.scopus.com/pages/publications/39349111802?origin=resultslist","Article","Final","","Scopus","2-s2.0-39349111802"
"Tardieu O.","Tardieu, Olivier (10144733900)","10144733900","Goto and Concurrency Introducing Safe Jumps in Esterel","2006","Electronic Notes in Theoretical Computer Science","153","4","","55","70","0","10.1016/j.entcs.2006.02.025","https://www.scopus.com/pages/publications/33745000700?origin=resultslist","Article","Final","All Open Access; Gold Open Access","Scopus","2-s2.0-33745000700"
"Moriguchi S.; Watanabe T.","Moriguchi, Sosuke (55735588400); Watanabe, Takuo (36931774900)","55735588400; 36931774900","Developing Distributed Systems with Multiparty Functional Reactive Programming","2023","ACM International Conference Proceeding Series","","","","61","66","1","10.1145/3631991.3632000","https://www.scopus.com/pages/publications/85182739871?origin=resultslist","Conference paper","Final","All Open Access; Gold Open Access","Scopus","2-s2.0-85182739871"
"Benveniste A.; Bourke T.; Caillaud B.; Pagano B.; Pouzet M.","Benveniste, Albert (7004977693); Bourke, Timothy (18036559300); Caillaud, Benoit (55605009400); Pagano, Bruno (6507602202); Pouzet, Marc (57202122440)","7004977693; 18036559300; 55605009400; 6507602202; 57202122440","A type-based analysis of causality loops in hybrid systems modelers","2014","HSCC 2014 - Proceedings of the 17th International Conference on Hybrid Systems: Computation and Control (Part of CPS Week)","","","","71","81","11","10.1145/2562059.2562125","https://www.scopus.com/pages/publications/84899712809?origin=resultslist","Conference paper","Final","","Scopus","2-s2.0-84899712809"
"Watanabe T.; Sawada K.","Watanabe, Takuo (36931774900); Sawada, Kensuke (36945398700)","36931774900; 36945398700","Towards Reflection in an FRP Language for Small-Scale Embedded Systems","2017","ACM International Conference Proceeding Series","Part F129681","","a10","","","2","10.1145/3079368.3079387","https://www.scopus.com/pages/publications/85028755123?origin=resultslist","Conference paper","Final","","Scopus","2-s2.0-85028755123"
"Monniaux D.","Monniaux, David (7003603592)","7003603592","Automatic modular abstractions for template numerical constraints","2010","Logical Methods in Computer Science","6","3","","1","50","24","10.2168/lmcs-6(3:4)2010","https://www.scopus.com/pages/publications/77957578743?origin=resultslist","Article","Final","All Open Access; Gold Open Access; Green Open Access","Scopus","2-s2.0-77957578743"
"Benveniste A.; Bourke T.; Caillaud B.; Pouzet M.","Benveniste, Albert (7004977693); Bourke, Timothy (18036559300); Caillaud, Benoît (55605009400); Pouzet, Marc (57202122440)","7004977693; 18036559300; 55605009400; 57202122440","Divide and recycle: Types and compilation for a hybrid synchronous language","2011","Proceedings of the ACM SIGPLAN Conference on Languages, Compilers, and Tools for Embedded Systems (LCTES)","","","","61","70","17","10.1145/1967677.1967687","https://www.scopus.com/pages/publications/79955657815?origin=resultslist","Conference paper","Final","","Scopus","2-s2.0-79955657815"
"Talpin J.-P.; Brandt J.; Gemünde M.; Schneider K.; Shukla S.","Talpin, Jean-Pierre (6602090161); Brandt, Jens (13609374600); Gemünde, Mike (35310049100); Schneider, Klaus (58406421600); Shukla, Sandeep (7202528532)","6602090161; 13609374600; 35310049100; 58406421600; 7202528532","Constructive polychronous systems","2014","Science of Computer Programming","96","P3","","377","394","12","10.1016/j.scico.2014.04.009","https://www.scopus.com/pages/publications/84908328531?origin=resultslist","Conference paper","Final","","Scopus","2-s2.0-84908328531"
"De Troyer C.; Nicolay J.; De Meuter W.","De Troyer, Christophe (57195556375); Nicolay, Jens (54406023600); De Meuter, Wolfgang (16306490800)","57195556375; 54406023600; 16306490800","Building iot systems using distributed first-class reactive programming","2018","Proceedings of the International Conference on Cloud Computing Technology and Science, CloudCom","2018-December","","8591014","185","192","10","10.1109/CloudCom2018.2018.00045","https://www.scopus.com/pages/publications/85061130867?origin=resultslist","Conference paper","Final","","Scopus","2-s2.0-85061130867"
"Motika C.; Von Hanxleden R.; Heinold M.","Motika, Christian (55447052600); Von Hanxleden, Reinhard (10045077200); Heinold, Mirko (56415088100)","55447052600; 10045077200; 56415088100","Programming deterministic reactive systems with Synchronous Java","2014","16th IEEE International Symposium on Object/Component/Service-Oriented Real-Time Distributed Computing, ISORC 2013","","","6913222","","","0","10.1109/ISORC.2013.6913222","https://www.scopus.com/pages/publications/84910050386?origin=resultslist","Conference paper","Final","","Scopus","2-s2.0-84910050386"
"Delaval G.; Rutten É.","Delaval, Gwenaël (15064030600); Rutten, Éric (56276265500)","15064030600; 56276265500","A domain-specific language for task handlers generation, applying discrete controller synthesis","2006","Proceedings of the ACM Symposium on Applied Computing","1","","","901","905","1","10.1145/1141277.1141487","https://www.scopus.com/pages/publications/33751049657?origin=resultslist","Conference paper","Final","All Open Access; Green Open Access","Scopus","2-s2.0-33751049657"
"Wang J.; Roop P.S.; Girault A.","Wang, Jiajie (56008371300); Roop, Patha S. (6602395877); Girault, Alain (7005652499)","56008371300; 6602395877; 7005652499","Energy and timing aware synchronous programming","2016","Proceedings of the 13th International Conference on Embedded Software, EMSOFT 2016","","","a1","","","3","10.1145/2968478.2968500","https://www.scopus.com/pages/publications/84995468173?origin=resultslist","Conference paper","Final","All Open Access; Green Open Access","Scopus","2-s2.0-84995468173"
"Pinisetty S.; Roop P.S.; Smyth S.; Allen N.; Tripakis S.; Von Hanxleden R.","Pinisetty, Srinivas (55568660700); Roop, Partha S. (6602395877); Smyth, Steven (57191920926); Allen, Nathan (57189641013); Tripakis, Stavros (6701546551); Von Hanxleden, Reinhard (57192869992)","55568660700; 6602395877; 57191920926; 57189641013; 6701546551; 57192869992","Runtime enforcement of cyber-physical systems","2017","ACM Transactions on Embedded Computing Systems","16","5s","178","","","51","10.1145/3126500","https://www.scopus.com/pages/publications/85030688077?origin=resultslist","Conference paper","Final","All Open Access; Green Open Access","Scopus","2-s2.0-85030688077"
"Esterhuyse C.A.; Lion B.; Hiep H.-D.A.; Arbab F.","Esterhuyse, Christopher A. (57215409344); Lion, Benjamin (57207859391); Hiep, Hans-Dieter A. (57212535193); Arbab, Farhad (56912054400)","57215409344; 57207859391; 57212535193; 56912054400","Formal Foundations for Reowolf: Multi-party Sessions via Synchronous Protocol Programming","2025","Lecture Notes in Computer Science","15731 LNCS","","","3","29","0","10.1007/978-3-031-95589-1_1","https://www.scopus.com/pages/publications/105009404317?origin=resultslist","Conference paper","Final","All Open Access; Green Open Access","Scopus","2-s2.0-105009404317"
"Dane S.Z.; Chen J.; Pouzet M.; Jeannin J.-B.","Dane, Serra Z. (60674791700); Chen, Jiawei (57987630300); Pouzet, Marc (57202122440); Jeannin, Jean-Baptiste (53877887000)","60674791700; 57987630300; 57202122440; 53877887000","Towards Formal Verification of Hybrid Synchronous Programs with Refinement Types","2026","Lecture Notes in Computer Science","16622 LNCS","","","456","476","0","10.1007/978-3-032-28079-4_21","https://www.scopus.com/pages/publications/105042449817?origin=resultslist","Conference paper","Final","","Scopus","2-s2.0-105042449817"
"Salcic Z.; Roop P.","Salcic, Zoran (7003306034); Roop, Partha (6602395877)","7003306034; 6602395877","Customizing processor cores to support reactivity","2004","Proceedings of the International Conference on Engineering of Reconfigurable Systems and Algorithms, ERSA'04","","","","194","200","3","","https://www.scopus.com/pages/publications/12744281445?origin=resultslist","Conference paper","Final","","Scopus","2-s2.0-12744281445"
"Shateri M.; Thomson D.; Ghaib M.; Svecova D.","Shateri, Mohammadhadi (57194072483); Thomson, Douglas (13310318900); Ghaib, Maha (57194069027); Svecova, Dagmar (7004169623)","57194072483; 13310318900; 57194069027; 7004169623","System for logging acoustic emission signals from FRP reinforcing rods that is suitable for field and long term laboratory testing","2017","Structural Health Monitoring 2017: Real-Time Material State Awareness and Data-Driven Safety Assurance - Proceedings of the 11th International Workshop on Structural Health Monitoring, IWSHM 2017","1","","","1220","1227","1","10.12783/shm2017/13990","https://www.scopus.com/pages/publications/85032454030?origin=resultslist","Conference paper","Final","","Scopus","2-s2.0-85032454030"
"Yang Z.; Bodeveix J.-P.; Filali M.","Yang, Zhibin (55716670400); Bodeveix, Jean-Paul (6506097960); Filali, Mamoun (7004744985)","55716670400; 6506097960; 7004744985","Multi-core code generation from polychronous programs with time-predictable properties","2014","CEUR Workshop Proceedings","1233","","","","","0","","https://www.scopus.com/pages/publications/84911479001?origin=resultslist","Conference paper","Final","","Scopus","2-s2.0-84911479001"
"Jahier E.; Raymond P.; Baufreton P.","Jahier, Erwan (55879824500); Raymond, Pascal (14014305600); Baufreton, Philippe (15047555300)","55879824500; 14014305600; 15047555300","Case studies with Lurette V2","2006","International Journal on Software Tools for Technology Transfer","8","6","","517","530","19","10.1007/s10009-006-0023-9","https://www.scopus.com/pages/publications/33750461233?origin=resultslist","Conference paper","Final","All Open Access; Green Open Access","Scopus","2-s2.0-33750461233"
"Panda A.; Baird A.; Pinisetty S.; Roop P.","Panda, Abhinandan (57211976873); Baird, Alex (58003044900); Pinisetty, Srinivas (55568660700); Roop, Partha (6602395877)","57211976873; 58003044900; 55568660700; 6602395877","Incremental Security Enforcement for Cyber-Physical Systems","2023","IEEE Access","11","","","18475","18498","8","10.1109/ACCESS.2023.3246121","https://www.scopus.com/pages/publications/85149385453?origin=resultslist","Article","Final","All Open Access; Gold Open Access; Green Open Access","Scopus","2-s2.0-85149385453"
"Bärenz M.; Perez I.","Bärenz, Manuel (57197833955); Perez, Ivan (57189301965)","57197833955; 57189301965","Rhine: FRP with type-level clocks","2018","Haskell 2018 - Proceedings of the 11th ACM SIGPLAN International Symposium on Haskell, co-located with ICFP 2018","","","","145","157","10","10.1145/3242744.3242757","https://www.scopus.com/pages/publications/85056707257?origin=resultslist","Conference paper","Final","","Scopus","2-s2.0-85056707257"
"Loyola B.R.; Loh K.J.; La Saponara V.","Loyola, Bryan R. (14829260000); Loh, Kenneth J. (14039180400); La Saponara, Valeria (57192987905)","14829260000; 14039180400; 57192987905","Static and dynamic strain monitoring of GFRP composites using carbon nanotube thin films","2011","Proceedings of SPIE - The International Society for Optical Engineering","7981","","798108","","","9","10.1117/12.881006","https://www.scopus.com/pages/publications/79956307917?origin=resultslist","Conference paper","Final","","Scopus","2-s2.0-79956307917"
"Alras M.; Caspi P.; Girault A.; Raymond P.","Alras, Mouaiad (35078123500); Caspi, Paul (7003700523); Girault, Alain (7005652499); Raymond, Pascal (14014305600)","35078123500; 7003700523; 7005652499; 14014305600","Model-based design of embedded control systems by means of a synchronous intermediate model","2009","Proceedings - 2009 International Conference on Embedded Software and Systems, ICESS 2009","","","5066624","3","10","11","10.1109/ICESS.2009.36","https://www.scopus.com/pages/publications/70349706044?origin=resultslist","Conference paper","Final","All Open Access; Green Open Access","Scopus","2-s2.0-70349706044"
"","","","MODULARITY Companion 2016 - Companion Proceedings of the 15th International Conference on Modularity","2016","MODULARITY Companion 2016 - Companion Proceedings of the 15th International Conference on Modularity","","","","","","0","","https://www.scopus.com/pages/publications/84965010183?origin=resultslist","Conference review","Final","","Scopus","2-s2.0-84965010183"
"Omnès T.J.-F.; Bouchebaba Y.; Kulkarni C.; Coelho F.","Omnès, Thierry J.-F. (6507997993); Bouchebaba, Youcef (15076728300); Kulkarni, Chidamber (7003817618); Coelho, Fabien (56273978100)","6507997993; 15076728300; 7003817618; 56273978100","Recent advances in low-power design and functional coverification automation from the earliest system-level design stages","2005","Low-Power Processors and Systems on Chips","","","","20","1","0","","https://www.scopus.com/pages/publications/85056941288?origin=resultslist","Book chapter","Final","","Scopus","2-s2.0-85056941288"
"Bourke T.; Colaço J.-L.; Pagano B.; Pasteur C.; Pouzet M.","Bourke, Timothy (18036559300); Colaço, Jean-Louis (10138798400); Pagano, Bruno (6507602202); Pasteur, Cédric (36464217100); Pouzet, Marc (57202122440)","18036559300; 10138798400; 6507602202; 36464217100; 57202122440","A synchronous-based code generator for explicit hybrid systems languages","2015","Lecture Notes in Computer Science (including subseries Lecture Notes in Artificial Intelligence and Lecture Notes in Bioinformatics)","9031","","","69","88","9","10.1007/978-3-662-46663-6_4","https://www.scopus.com/pages/publications/84926620015?origin=resultslist","Article","Final","","Scopus","2-s2.0-84926620015"
"Bauer K.; Schneider K.","Bauer, Kerstin (56220477600); Schneider, Klaus (58406421600)","56220477600; 58406421600","Teaching cyber-physical systems: Programming approach","2013","Proceedings of the 2012 Workshop on Embedded and Cyber-Physical Systems Education, WESE 2012","","","3","","","13","10.1145/2530544.2530547","https://www.scopus.com/pages/publications/84885918845?origin=resultslist","Conference paper","Final","","Scopus","2-s2.0-84885918845"
"Shyamasundar R.K.; Aghav J.V.","Shyamasundar, R.K. (7004591075); Aghav, J.V. (48861137300)","7004591075; 48861137300","Validating real-time constraints in embedded systems","2001","Proceedings of IEEE Pacific Rim International Symposium on Dependable Computing, PRDC","2001-January","","992719","347","355","5","10.1109/PRDC.2001.992719","https://www.scopus.com/pages/publications/84945932311?origin=resultslist","Conference paper","Final","","Scopus","2-s2.0-84945932311"
"Shwetank; Vishwakarma A.; Prajapati S.; Amrish; Kumar S.","Shwetank (59951706600); Vishwakarma, Aakash (58881785800); Prajapati, Shivam (59951615300); Amrish (59951805800); Kumar, Sheetal (59951674500)","59951706600; 58881785800; 59951615300; 59951805800; 59951674500","IoT-Web Smart Waste Management System for Environmental Sustainability in Smart Cities: An Integrated Approach Under Swachh Bharat Mission","2025","2025 International Conference on Cognitive Computing in Engineering, Communications, Sciences and Biomedical Health Informatics, IC3ECSBHI 2025","","","","369","373","3","10.1109/IC3ECSBHI63591.2025.10991162","https://www.scopus.com/pages/publications/105008419242?origin=resultslist","Conference paper","Final","","Scopus","2-s2.0-105008419242"
"Schneider K.; Brandt J.; Schuele T.","Schneider, K. (58406421600); Brandt, J. (13609374600); Schuele, T. (9638988200)","58406421600; 13609374600; 9638988200","Causality analysis of synchronous programs with delayed actions","2004","CASES 2004: International Conference on Compilers, Architecture, and Synthesis for Embedded Systems","","","","179","189","33","10.1145/1023833.1023859","https://www.scopus.com/pages/publications/29144484739?origin=resultslist","Conference paper","Final","","Scopus","2-s2.0-29144484739"
"Bourke T.; Sowmya A.","Bourke, T. (18036559300); Sowmya, A. (6603623225)","18036559300; 6603623225","Formal models in industry standard tools: An Argos block within simulink","2005","International Journal of Software Engineering and Knowledge Engineering","15","2","","389","395","3","10.1142/S0218194005002300","https://www.scopus.com/pages/publications/21144434508?origin=resultslist","Article","Final","","Scopus","2-s2.0-21144434508"
"Bornemann S.; Polle C.; Bosse S.; May D.; Skowrons M.; Jakli A.; Lussem B.","Bornemann, Sarah (57350973100); Polle, Christoph (57889516300); Bosse, Stefan (6603212412); May, David (57959761400); Skowrons, Michael (57457971400); Jakli, Antal (7004859470); Lussem, Björn (8623437600)","57350973100; 57889516300; 6603212412; 57959761400; 57457971400; 7004859470; 8623437600","Integration of Organic-Electrochemical Transistors into Composite Material for Structural Health Monitoring","2026","Procedia Computer Science","276","","","126","137","1","10.1016/j.procs.2026.02.016","https://www.scopus.com/pages/publications/105041146042?origin=resultslist","Conference paper","Final","All Open Access; Gold Open Access","Scopus","2-s2.0-105041146042"
"Varoumas S.; Pesin B.; Vaugon B.; Chailloux E.","Varoumas, Steven (57209978416); Pesin, Basile (57218576816); Vaugon, Benoît (56974483200); Chailloux, Emmanuel (6506184041)","57209978416; 57218576816; 56974483200; 6506184041","Programming microcontrollers through high-level abstractions: The OMicroB project","2023","Journal of Computer Languages","77","","101228","","","2","10.1016/j.cola.2023.101228","https://www.scopus.com/pages/publications/85171337618?origin=resultslist","Article","Final","All Open Access; Green Open Access","Scopus","2-s2.0-85171337618"
"Sarkar A.; Sheeran M.","Sarkar, Abhiroop (57219448989); Sheeran, Mary (55883770900)","57219448989; 55883770900","Hailstorm: A statically-typed, purely functional language for IoT applications","2020","ACM International Conference Proceeding Series","","","3414092","","","11","10.1145/3414080.3414092","https://www.scopus.com/pages/publications/85092760877?origin=resultslist","Conference paper","Final","All Open Access; Green Open Access","Scopus","2-s2.0-85092760877"
"Santos R.C.M.; Lima G.F.; Sant’Anna F.; Ierusalimschy R.; Haeusler E.H.","Santos, Rodrigo C.M. (49962320300); Lima, Guilherme F. (55954219800); Sant’Anna, Francisco (35183862400); Ierusalimschy, Roberto (55925861600); Haeusler, Edward H. (6603717884)","49962320300; 55954219800; 35183862400; 55925861600; 6603717884","A memory-Bounded, deterministic and terminating semantics for the synchronous programming language céu","2018","Proceedings of the ACM SIGPLAN Conference on Languages, Compilers, and Tools for Embedded Systems (LCTES)","","","","1","18","2","10.1145/3211332.3211334","https://www.scopus.com/pages/publications/85050102348?origin=resultslist","Conference paper","Final","","Scopus","2-s2.0-85050102348"
"Aguado J.; Mendler M.; von Hanxleden R.; Fuhrmann I.","Aguado, Joaquín (8409620700); Mendler, Michael (55881981000); von Hanxleden, Reinhard (10045077200); Fuhrmann, Insa (55884604800)","8409620700; 55881981000; 10045077200; 55884604800","Denotational fixed-point semantics for constructive scheduling of synchronous concurrency","2015","Acta Informatica","52","4-5","","393","442","8","10.1007/s00236-015-0238-x","https://www.scopus.com/pages/publications/84930416943?origin=resultslist","Article","Final","","Scopus","2-s2.0-84930416943"
"Schneider K.; Wenz M.","Schneider, K. (58406421600); Wenz, M. (57190916940)","58406421600; 57190916940","A new method for compiling schizophrenic synchronous programs","2001","CASES 2001 - Proceedings of the 2001 International Conference on Compilers, Architecture, and Synthesis for Embedded Systems","","","","49","58","21","10.1145/502217.502226","https://www.scopus.com/pages/publications/84887910786?origin=resultslist","Conference paper","Final","","Scopus","2-s2.0-84887910786"
"Li X.; Boldt M.; Von Hanxleden R.","Li, Xin (57775480800); Boldt, Marian (10044296100); Von Hanxleden, Reinhard (10045077200)","57775480800; 10044296100; 10045077200","Mapping Esterel onto a multi-threaded embedded processor","2006","ACM SIGPLAN Notices","41","11","","303","314","2","10.1145/1168918.1168896","https://www.scopus.com/pages/publications/33846546600?origin=resultslist","Conference paper","Final","","Scopus","2-s2.0-33846546600"
"Sant’Anna F.; Ierusalimschy R.; Rodriguez N.; Rossetto S.; Branco A.","Sant’Anna, Francisco (35183862400); Ierusalimschy, Roberto (55925861600); Rodriguez, Noemi (7103138636); Rossetto, Silvana (21743607300); Branco, Adriano (56147589500)","35183862400; 55925861600; 7103138636; 21743607300; 56147589500","The design and implementation of the synchronous language CÉU","2017","ACM Transactions on Embedded Computing Systems","16","4","98","","","15","10.1145/3035544","https://www.scopus.com/pages/publications/85026513870?origin=resultslist","Article","Final","","Scopus","2-s2.0-85026513870"
"Edwards S.A.","Edwards, Stephen A. (7401520724)","7401520724","An Esterel compiler for large control-dominated systems","2002","IEEE Transactions on Computer-Aided Design of Integrated Circuits and Systems","21","2","","169","183","65","10.1109/43.980257","https://www.scopus.com/pages/publications/0036473766?origin=resultslist","Article","Final","","Scopus","2-s2.0-0036473766"
"Gueye S.M.-K.; Rutten É.; Diguet J.-P.","Gueye, Soguy Mak-Kare (55605210300); Rutten, Eric (56276265500); Diguet, Jean-Philippe (35614416800)","55605210300; 56276265500; 35614416800","Autonomic management of reconfigurations in DPR FPGA-based embedded system","2018","Proceedings - 2018 International Conference on High Performance Computing and Simulation, HPCS 2018","","","8514398","557","558","0","10.1109/HPCS.2018.00093","https://www.scopus.com/pages/publications/85057422216?origin=resultslist","Conference paper","Final","All Open Access; Green Open Access","Scopus","2-s2.0-85057422216"
"Williams B.C.; Ingham M.D.; Chung S.H.; Elliott P.H.","Williams, Brian C. (7404502203); Ingham, Michel D. (7004330449); Chung, Seung H. (55220387800); Elliott, Paul H. (26660964200)","7404502203; 7004330449; 55220387800; 26660964200","Model-based programming of intelligent embedded systems and robotic space explorers","2003","Proceedings of the IEEE","91","1","","212","236","137","10.1109/JPROC.2002.805828","https://www.scopus.com/pages/publications/0141727275?origin=resultslist","Article","Final","","Scopus","2-s2.0-0141727275"
"","","","4th International Conference on Foundations of Software Science and Computation Structures, FOSSACS 2001 Held as Part of the Joint European Conferences on Theory and Practice of Software, ETAPS 2001","2001","Lecture Notes in Computer Science (including subseries Lecture Notes in Artificial Intelligence and Lecture Notes in Bioinformatics)","2030","","","1","412","0","","https://www.scopus.com/pages/publications/84945278131?origin=resultslist","Conference review","Final","","Scopus","2-s2.0-84945278131"
"Gamatie A.","Gamatie, Abdoulaye (16301118500)","16301118500","Designing embedded systems with the SIGNAL programming language: Synchronous, reactive specification","2010","Designing Embedded Systems with the SIGNAL Programming Language: Synchronous, Reactive Specification","","","","1","259","41","10.1007/978-1-4419-0941-1","https://www.scopus.com/pages/publications/84892320021?origin=resultslist","Book","Final","","Scopus","2-s2.0-84892320021"
"Moussa M.; Williams A.; Roffe S.; Morton D.","Moussa, Mark (58736031700); Williams, Andre (60245662500); Roffe, Seth (57219402800); Morton, Douglas (57203078013)","58736031700; 60245662500; 57219402800; 57203078013","PyroFocus: A Deep Learning Approach to Real-Time Wildfire Detection in Multispectral Remote Sensing Imagery","2025","Proceedings - 2025 IEEE/CVF International Conference on Computer Vision Workshops, ICCV-W 2025","","","","2855","2864","3","10.1109/ICCVW69036.2025.00298","https://www.scopus.com/pages/publications/105035171984?origin=resultslist","Conference paper","Final","","Scopus","2-s2.0-105035171984"
"Zou X.; Cheng A.M.K.; Jiang Y.","Zou, Xingliang (56637540500); Cheng, Albert M.K. (7402075079); Jiang, Yu (57192978212)","56637540500; 7402075079; 57192978212","P-FRP task scheduling: A survey","2016","2016 1st CPSWeek Workshop on Declarative Cyber-Physical Systems, DCPS 2016","","","7588295","","","6","10.1109/DCPS.2016.7588295","https://www.scopus.com/pages/publications/85009727600?origin=resultslist","Conference paper","Final","","Scopus","2-s2.0-85009727600"
"Helbling C.; Guyer S.Z.","Helbling, Caleb (57193856633); Guyer, Samuel Z. (8221429100)","57193856633; 8221429100","Juniper: A functional reactive programming language for the Arduino","2016","FARM 2016 - Proceedings of the 4th International Workshop on Functional Art, Music, Modelling, and Design, co-located with ICFP 2016","","","","8","16","27","10.1145/2975980.2975982","https://www.scopus.com/pages/publications/85017180690?origin=resultslist","Conference paper","Final","All Open Access; Green Open Access","Scopus","2-s2.0-85017180690"
"Vecchié E.; Talpin J.-P.; Boisgérault S.","Vecchié, Eric (15837673200); Talpin, Jean-Pierre (6602090161); Boisgérault, Sébastien (36195604700)","15837673200; 6602090161; 36195604700","A higher-order extension for imperative synchronous languages","2010","Proceedings of the 13th International Workshop on Software and Compilers for Embedded Systems, SCOPES 2010","","","7","","","3","10.1145/1811212.1811222","https://www.scopus.com/pages/publications/77955146600?origin=resultslist","Conference paper","Final","","Scopus","2-s2.0-77955146600"
"Prochnow S.; Traulsen C.; Von Hanxleden R.","Prochnow, Stoffen (14630938800); Traulsen, Claus (14042787700); Von Hanxleden, Reinhard (10045077200)","14630938800; 14042787700; 10045077200","Synthesizing safe state machines from esterel","2006","Proceedings of the ACM SIGPLAN Conference on Languages, Compilers, and Tools for Embedded Systems (LCTES)","2006","","","113","124","9","10.1145/1134650.1134667","https://www.scopus.com/pages/publications/33746067121?origin=resultslist","Conference paper","Final","","Scopus","2-s2.0-33746067121"
"Mueller W.; Meyer A.; Zabel H.","Mueller, Wolfgang (57213664077); Meyer, Arne (56302418200); Zabel, Henning (15137714700)","57213664077; 56302418200; 15137714700","A language for the rapid prototyping of mobile evolving agents","2001","Proceedings of the Hawaii International Conference on System Sciences","","","138","73","","2","10.1109/HICSS.2001.926319","https://www.scopus.com/pages/publications/0034970841?origin=resultslist","Article","Final","","Scopus","2-s2.0-0034970841"
"Lee B.J.; Lee C.H.","Lee, Byoung Jin (57222736588); Lee, Choong Hoon (49361792500)","57222736588; 49361792500","Fuel Rail Pressure Control Characteristics of a GDI High-Pressure Fuel Pump Using a Newly Developed Experimental System Controlled with a Microcontroller","2021","International Journal of Automotive Technology","22","2","","489","497","4","10.1007/s12239-021-0045-z","https://www.scopus.com/pages/publications/85103901775?origin=resultslist","Article","Final","","Scopus","2-s2.0-85103901775"
"Berthier N.; Maraninchi F.; Mounier L.","Berthier, Nicolas (37116499200); Maraninchi, Florence (57208414472); Mounier, Laurent (6603106167)","37116499200; 57208414472; 6603106167","Synchronous programming of device drivers for global resource control in embedded operating systems","2011","Proceedings of the ACM SIGPLAN Conference on Languages, Compilers, and Tools for Embedded Systems (LCTES)","","","","81","90","1","10.1145/1967677.1967689","https://www.scopus.com/pages/publications/79955651690?origin=resultslist","Conference paper","Final","","Scopus","2-s2.0-79955651690"
"Gautier T.; Le Guernic P.; Besnard L.; Talpin J.-P.","Gautier, Thierry (35953675000); Le Guernic, Paul (6701792272); Besnard, Loïc (55884178800); Talpin, Jean-Pierre (6602090161)","35953675000; 6701792272; 55884178800; 6602090161","The polychronous model of computation and Kahn process networks","2023","Science of Computer Programming","228","","102958","","","3","10.1016/j.scico.2023.102958","https://www.scopus.com/pages/publications/85158909686?origin=resultslist","Article","Final","All Open Access; Green Open Access","Scopus","2-s2.0-85158909686"
"Gretz F.; Grosch F.-J.","Gretz, Friedrich (55515344300); Grosch, Franz-Josef (57195952201)","55515344300; 57195952201","Blech, imperative synchronous programming!","2020","Lecture Notes in Electrical Engineering","611","","","161","186","2","10.1007/978-3-030-31585-6_9","https://www.scopus.com/pages/publications/85077508573?origin=resultslist","Book chapter","Final","","Scopus","2-s2.0-85077508573"
"Monniaux D.","Monniaux, David (7003603592)","7003603592","Automatic modular abstractions for linear constraints","2009","Conference Record of the Annual ACM Symposium on Principles of Programming Languages","","","","140","151","31","10.1145/1480881.1480899","https://www.scopus.com/pages/publications/67649859656?origin=resultslist","Conference paper","Final","All Open Access; Green Open Access","Scopus","2-s2.0-67649859656"
"","","","Proceedings of the 10th International Workshop on Context-Oriented Programming: Advanced Modularity for Run-time Composition, COP 2018 - Co-located with the European Conference on Object-Oriented Programming","2018","Proceedings of the 10th International Workshop on Context-Oriented Programming: Advanced Modularity for Run-time Composition, COP 2018 - Co-located with the European Conference on Object-Oriented Programming","","","","","","0","","https://www.scopus.com/pages/publications/85055868193?origin=resultslist","Conference review","Final","","Scopus","2-s2.0-85055868193"
"Gburzyński P.; Kopciuszewska E.","Gburzyński, Paweł (7004346818); Kopciuszewska, Elżbieta (57219927231)","7004346818; 57219927231","ON RAPID DEVELOPMENT OF REACTIVE WIRELESS SENSOR SYSTEMS","2019","System Safety: Human - Technical Facility - Environment","1","1","","574","582","2","10.2478/czoto-2019-0073","https://www.scopus.com/pages/publications/85071630168?origin=resultslist","Conference paper","Final","All Open Access; Gold Open Access","Scopus","2-s2.0-85071630168"
"Malik A.; Salcic Z.; Roop P.S.; Girault A.","Malik, Avinash (25641264300); Salcic, Zoran (7003306034); Roop, Partha S. (6602395877); Girault, Alain (7005652499)","25641264300; 7003306034; 6602395877; 7005652499","SystemJ: A GALS language for system level design","2010","Computer Languages, Systems and Structures","36","4","","317","344","61","10.1016/j.cl.2010.01.001","https://www.scopus.com/pages/publications/77957879241?origin=resultslist","Article","Final","","Scopus","2-s2.0-77957879241"
"Elamary A.S.; Abd-Elwahab R.K.","Elamary, Ahmed S. (36160148400); Abd-Elwahab, Rafik K. (59663463900)","36160148400; 59663463900","Numerical simulation of concrete beams reinforced with composite GFRP-Steel bars under three points bending","2016","Structural Engineering and Mechanics","57","5","","937","949","13","10.12989/sem.2016.57.5.937","https://www.scopus.com/pages/publications/84963722735?origin=resultslist","Article","Final","","Scopus","2-s2.0-84963722735"
"Berry G.","Berry, G. (7202085820)","7202085820","Formally unifying modeling and design for embedded systems - A personal view","2016","Lecture Notes in Computer Science (including subseries Lecture Notes in Artificial Intelligence and Lecture Notes in Bioinformatics)","9953 LNCS","","","134","149","6","10.1007/978-3-319-47169-3_11","https://www.scopus.com/pages/publications/84994035707?origin=resultslist","Conference paper","Final","","Scopus","2-s2.0-84994035707"
"André C.; Péraldi M.-A.","André, Charles (56212847900); Péraldi, Marie-Agnès (24438178200)","56212847900; 24438178200","Predictability of a RTX2000-based implementation","1996","Real-Time Systems","10","3","","223","244","2","10.1007/bf00383386","https://www.scopus.com/pages/publications/0030151597?origin=resultslist","Article","Final","","Scopus","2-s2.0-0030151597"
"Mathaikutty D.A.; Ahuja S.; Dingankar A.; Shukla S.","Mathaikutty, Deepak A. (8454131600); Ahuja, Sumit (21833780000); Dingankar, Ajit (6603667344); Shukla, Sandeep (7202528532)","8454131600; 21833780000; 6603667344; 7202528532","Model-driven test generation for system level validation","2007","Proceedings - IEEE International High-Level Design Validation and Test Workshop, HLDVT","","","4392792","83","90","22","10.1109/HLDVT.2007.4392792","https://www.scopus.com/pages/publications/47949095171?origin=resultslist","Conference paper","Final","","Scopus","2-s2.0-47949095171"
"Potop-Butucaru D.; De Simone R.; Talpin J.-P.","Potop-Butucaru, Dumitru (6506534634); De Simone, Robert (11339046600); Talpin, Jean-Pierre (6602090161)","6506534634; 11339046600; 6602090161","The synchronous hypothesis and synchronous languages","2005","Embedded Systems: Handbook","","","","8","1","34","10.1201/9781420038163","https://www.scopus.com/pages/publications/33744523955?origin=resultslist","Book chapter","Final","","Scopus","2-s2.0-33744523955"
"Well D.; Bertin V.; Closse E.; Poize M.; Venier P.; Pulou J.","Well, Daniel (6507722137); Bertin, Valérie (13608832500); Closse, Etienne (7801394528); Poize, Michel (6602394203); Venier, Patrick (7004589204); Pulou, Jacques (23478327200)","6507722137; 13608832500; 7801394528; 6602394203; 7004589204; 23478327200","Efficient compilation of Esterel for real-time embedded systems","2000","Proceedings of the International Conference on Compilers, Architecture and Synthesis for Embedded Systems","","","","2","8","31","","https://www.scopus.com/pages/publications/0034592459?origin=resultslist","Conference paper","Final","","Scopus","2-s2.0-0034592459"
"Tilbian J.; Cabrera A.","Tilbian, Joseph (57192295366); Cabrera, Andrés (26031220300)","57192295366; 26031220300","Stride: A declarative and reactive language for sound synthesis and beyond","2016","ICMC 2016 - 42nd International Computer Music Conference, Proceedings","","","","471","477","2","","https://www.scopus.com/pages/publications/85003422131?origin=resultslist","Conference paper","Final","","Scopus","2-s2.0-85003422131"
"Benveniste A.; Caspi P.; Edwards S.A.; Halbwachs N.; Le Guernic P.; De Simone R.","Benveniste, Albert (7004977693); Caspi, Paul (7003700523); Edwards, Stephen A. (7401520724); Halbwachs, Nicolas (6701491398); Le Guernic, Paul (6701792272); De Simone, Robert (11339046600)","7004977693; 7003700523; 7401520724; 6701491398; 6701792272; 11339046600","The synchronous languages 12 years later","2003","Proceedings of the IEEE","91","1","","64","83","765","10.1109/JPROC.2002.805826","https://www.scopus.com/pages/publications/33646800850?origin=resultslist","Review","Final","All Open Access; Green Open Access","Scopus","2-s2.0-33646800850"
"Yokoyama A.; Moriguchi S.; Watanabe T.","Yokoyama, Akihiko (57350883100); Moriguchi, Sosuke (55735588400); Watanabe, Takuo (36931774900)","57350883100; 55735588400; 36931774900","Switching Mechanism for Update Timing of Time-Varying Values in an FRP Language for Small-Scale Embedded Systems","2024","ACM International Conference Proceeding Series","","","","45","54","0","10.1145/3651781.3651789","https://www.scopus.com/pages/publications/85195385238?origin=resultslist","Conference paper","Final","All Open Access; Gold Open Access","Scopus","2-s2.0-85195385238"
"Brandt J.; Schneider K.","Brandt, Jens (13609374600); Schneider, Klaus (58406421600)","13609374600; 58406421600","Separate compilation for synchronous programs","2009","ACM International Conference Proceeding Series","320","","","1","10","21","10.1145/1543820.1543822","https://www.scopus.com/pages/publications/70449478475?origin=resultslist","Conference paper","Final","","Scopus","2-s2.0-70449478475"
"Yip E.; Girault A.; Roop P.S.; Biglari-Abhari M.","Yip, Eugene (59117934100); Girault, Alain (7005652499); Roop, Partha S. (6602395877); Biglari-Abhari, Morteza (7801530871)","59117934100; 7005652499; 6602395877; 7801530871","The ForeC Synchronous Deterministic Parallel Programming Language for Multicores","2016","Proceedings - IEEE 10th International Symposium on Embedded Multicore/Many-Core Systems-on-Chip, MCSoC 2016","","","7774451","297","304","15","10.1109/MCSoC.2016.13","https://www.scopus.com/pages/publications/85010375480?origin=resultslist","Conference paper","Final","","Scopus","2-s2.0-85010375480"
"Boniol F.","Boniol, Frédéric (6507057555)","6507057555","Distributed synchronous processes","2007","Real-time Systems: Modeling, Design And Applications","","","","25","55","0","10.1142/9789812708472_0002","https://www.scopus.com/pages/publications/85115685429?origin=resultslist","Book chapter","Final","","Scopus","2-s2.0-85115685429"
"Maraninchi F.; Rémond Y.","Maraninchi, Florence (57208414472); Rémond, Yann (6603557601)","57208414472; 6603557601","Mode-automata: A new domain-specific construct for the development of safe critical systems","2003","Science of Computer Programming","46","3","","219","254","81","10.1016/S0167-6423(02)00093-X","https://www.scopus.com/pages/publications/0037332776?origin=resultslist","Conference paper","Final","All Open Access; Bronze Open Access","Scopus","2-s2.0-0037332776"
"","","","REBLS 2023 - Proceedings of the 10th ACM SIGPLAN International Workshop on Reactive and Event-Based Languages and Systems, Co-located with: SPLASH 2023","2023","REBLS 2023 - Proceedings of the 10th ACM SIGPLAN International Workshop on Reactive and Event-Based Languages and Systems, Co-located with: SPLASH 2023","","","","","","0","","https://www.scopus.com/pages/publications/85177702419?origin=resultslist","Conference review","Final","","Scopus","2-s2.0-85177702419"
"Kirsanov A.; Kirilenko I.; Melentyev K.","Kirsanov, Alexander (59265293600); Kirilenko, Iakov (56047706800); Melentyev, Kirill (57190986995)","59265293600; 56047706800; 57190986995","Robotics reactive programming with F#/Mono","2014","ACM International Conference Proceeding Series","23-24-October-2014","","a16","","","4","10.1145/2687233.2687249","https://www.scopus.com/pages/publications/84984982086?origin=resultslist","Conference paper","Final","","Scopus","2-s2.0-84984982086"
"Lublinerman R.; Szegedy C.; Tripakis S.","Lublinerman, Roberto (15623422700); Szegedy, Christian (60472274400); Tripakis, Stavros (6701546551)","15623422700; 60472274400; 6701546551","Modular code generation from synchronous block diagrams: Modularity vs. Code size","2009","ACM SIGPLAN Notices","44","1","","78","89","15","","https://www.scopus.com/pages/publications/70350324681?origin=resultslist","Conference paper","Final","","Scopus","2-s2.0-70350324681"
"Gmehlich R.","Gmehlich, Rainer (24922541800)","24922541800","Specification and validation of embedded systems using LUSTRE and ARGOS. Case study: The automatic headlight leveling system","2001","Design Automation for Embedded Systems","6","2","","151","175","0","10.1023/A:1011237030847","https://www.scopus.com/pages/publications/0035298857?origin=resultslist","Article","Final","","Scopus","2-s2.0-0035298857"
"","","","FARM 2016 - Proceedings of the 4th International Workshop on Functional Art, Music, Modelling, and Design, co-located with ICFP 2016","2016","FARM 2016 - Proceedings of the 4th International Workshop on Functional Art, Music, Modelling, and Design, co-located with ICFP 2016","","","","","","0","","https://www.scopus.com/pages/publications/85017092425?origin=resultslist","Conference review","Final","","Scopus","2-s2.0-85017092425"
"Bouhadiba T.; Sabah Q.; Delaval G.; Rutten E.","Bouhadiba, Tayeb (23484398500); Sabah, Quentin (54279391900); Delaval, Gwenaël (15064030600); Rutten, Eric (56276265500)","23484398500; 54279391900; 15064030600; 56276265500","Synchronous control of reconfiguration in fractal component-based systems - A case study","2011","Embedded Systems Week 2011, ESWEEK 2011 - Proceedings of the 9th ACM International Conference on Embedded Software, EMSOFT'11","","","","309","318","19","10.1145/2038642.2038690","https://www.scopus.com/pages/publications/80455164815?origin=resultslist","Conference paper","Final","","Scopus","2-s2.0-80455164815"
"Rezazadeh M.; Baghi H.; Barros J.; Laranjeira J.","Rezazadeh, Mohammadali (57196836382); Baghi, Hadi (55812049300); Barros, Joaquim (34874558900); Laranjeira, João (57191585624)","57196836382; 55812049300; 34874558900; 57191585624","Exploring the potentialities of a new type of CFRP laminate for the simultaneous flexural and shear strengthening of RC beams: Numerical research","2015","FRPRCS-12/APFIS-2015 - Joint Conference of the 12th International Symposium on Fiber Reinforced Polymers for Reinforced Concrete Structures, FRPRCS 2015 and the 5th Asia-Pacific Conference on Fiber Reinforced Polymers in Structures, APFIS 2015","","","","","","6","","https://www.scopus.com/pages/publications/85084944609?origin=resultslist","Conference paper","Final","","Scopus","2-s2.0-85084944609"
"","","","6th International Conference on Mechanical Engineering Research, ICMER 2021","2023","Lecture Notes in Electrical Engineering","882","","","","","0","","https://www.scopus.com/pages/publications/85136967764?origin=resultslist","Conference review","Final","","Scopus","2-s2.0-85136967764"
"Yuan Z.; Zhou T.; Liu J.; Luo J.; Zhang Y.; Chen X.","Yuan, Zhenghen (59806615300); Zhou, Tingliang (57015976700); Liu, Jing (55705933200); Luo, Juan (57190294603); Zhang, Yi (57190295134); Chen, Xiaohong (35236403100)","59806615300; 57015976700; 55705933200; 57190294603; 57190295134; 35236403100","Hybrid lustre","2016","Lecture Notes in Computer Science (including subseries Lecture Notes in Artificial Intelligence and Lecture Notes in Bioinformatics)","9609","","","325","340","0","10.1007/978-3-319-41579-6_25","https://www.scopus.com/pages/publications/84979017206?origin=resultslist","Conference paper","Final","","Scopus","2-s2.0-84979017206"
"Reynders B.; Devriese D.","Reynders, Bob (56418336400); Devriese, Dominique (36198086100)","56418336400; 36198086100","Efficient functional reactive programming through incremental behaviors","2017","Lecture Notes in Computer Science (including subseries Lecture Notes in Artificial Intelligence and Lecture Notes in Bioinformatics)","10695 LNCS","","","321","338","3","10.1007/978-3-319-71237-6_16","https://www.scopus.com/pages/publications/85035041985?origin=resultslist","Conference paper","Final","","Scopus","2-s2.0-85035041985"
"Sakurai Y.; Moriguchi S.; Watanabe T.","Sakurai, Yoshitaka (57213438094); Moriguchi, Sosuke (55735588400); Watanabe, Takuo (36931774900)","57213438094; 55735588400; 36931774900","Functional Reactive Programming for Embedded Systems with GPGPUs","2021","ACM International Conference Proceeding Series","","","","75","80","2","10.1145/3457784.3457795","https://www.scopus.com/pages/publications/85112263958?origin=resultslist","Conference paper","Final","","Scopus","2-s2.0-85112263958"
"Lohstroh M.; Bateni S.; Menard C.; Schulz-Rosengarten A.; Castrillon J.; Lee E.A.","Lohstroh, Marten (56575155100); Bateni, Soroush (57204499812); Menard, Christian (57193139216); Schulz-Rosengarten, Alexander (57191824753); Castrillon, Jeronimo (24779298800); Lee, Edward A. (7406967883)","56575155100; 57204499812; 57193139216; 57191824753; 24779298800; 7406967883","Deterministic Coordination across Multiple Timelines","2024","ACM Transactions on Embedded Computing Systems","23","5","77","","","5","10.1145/3615357","https://www.scopus.com/pages/publications/85197071003?origin=resultslist","Article","Final","All Open Access; Hybrid Gold Open Access","Scopus","2-s2.0-85197071003"
"Omnès T.J.-F.; Bouchebaba Y.; Kulkarni C.; Coelho F.","Omnès, Thierry J.-F. (6507997993); Bouchebaba, Youcef (15076728300); Kulkarni, Chidamber (7003817618); Coelho, Fabien (56273978100)","6507997993; 15076728300; 7003817618; 56273978100","Recent advances in low-power design and functional coverification automation from the earliest system-level design stages","2004","Low-Power Electronics Design","","","","37","1","1","","https://www.scopus.com/pages/publications/84858930401?origin=resultslist","Book chapter","Final","","Scopus","2-s2.0-84858930401"
"Caspi P.; Curic A.; Maignan A.; Sofronis C.; Tripakis S.; Niebert P.","Caspi, Paul (7003700523); Curic, Adrian (6508136914); Maignan, Aude (57188576630); Sofronis, Christos (6507485743); Tripakis, Stavros (6701546551); Niebert, Peter (15045439800)","7003700523; 6508136914; 57188576630; 6507485743; 6701546551; 15045439800","From simulink to SCADE/Lustre to TTA: A layered approach for distributed embedded applications","2003","ACM SIGPLAN Notices","38","7","","153","162","38","10.1145/780731.780754","https://www.scopus.com/pages/publications/1442264243?origin=resultslist","Conference paper","Final","","Scopus","2-s2.0-1442264243"
"Chou Pai; Borriello Gaetano","Chou, Pai (55503962800); Borriello, Gaetano (7006229514)","55503962800; 7006229514","Software scheduling in the co-synthesis of reactive real-time systems","1994","Proceedings - Design Automation Conference","","","","1","4","32","10.1145/196244.196247","https://www.scopus.com/pages/publications/0028571334?origin=resultslist","Conference paper","Final","","Scopus","2-s2.0-0028571334"
"Brunette C.; Talpin J.-P.; Gamatié A.; Gautier T.","Brunette, Christian (18036519600); Talpin, Jean-Pierre (6602090161); Gamatié, Abdoulaye (16301118500); Gautier, Thierry (35953675000)","18036519600; 6602090161; 16301118500; 35953675000","A metamodel for the design of polychronous systems","2009","Journal of Logic and Algebraic Programming","78","4","","233","259","10","10.1016/j.jlap.2008.11.005","https://www.scopus.com/pages/publications/62149118311?origin=resultslist","Article","Final","","Scopus","2-s2.0-62149118311"
"Van den Vonder S.; Renaux T.; De Meuter W.","Van den Vonder, Sam (57195555416); Renaux, Thierry (55497661200); De Meuter, Wolfgang (16306490800)","57195555416; 55497661200; 16306490800","Topology-Level Reactivity in Distributed Reactive Programs Reactive Acquaintance Management using Flocks","2022","Art, Science, and Engineering of Programming","6","3","14","14:1","14:36","3","10.22152/programming-journal.org/2022/6/14","https://www.scopus.com/pages/publications/85136538297?origin=resultslist","Article","Final","All Open Access; Green Open Access; Hybrid Gold Open Access","Scopus","2-s2.0-85136538297"
"Schulz-Rosengarten A.; Smyth S.; Mendler M.","Schulz-Rosengarten, Alexander (57191824753); Smyth, Steven (57191920926); Mendler, Michael (55881981000)","57191824753; 57191920926; 55881981000","Towards object-oriented modeling in sccharts","2019","Proceedings of the 2019 Forum on Specification and Design Languages, FDL 2019","","","8876901","","","6","10.1109/FDL.2019.8876901","https://www.scopus.com/pages/publications/85074886071?origin=resultslist","Conference paper","Final","","Scopus","2-s2.0-85074886071"
"Harries K.A.; El-Tawil S.","Harries, Kent A. (7003794049); El-Tawil, Sherif (7004029036)","7003794049; 7004029036","Steel-FRP composite structural systems","2011","Composite Construction in Steel and Concrete VI - Proceedings of the 2008 Composite Construction in Steel and Concrete Conference","","","","703","716","23","10.1061/41142(396)58","https://www.scopus.com/pages/publications/79955394580?origin=resultslist","Conference paper","Final","","Scopus","2-s2.0-79955394580"
"Benveniste A.; Bourke T.; Caillaud B.; Pouzet M.","Benveniste, Albert (7004977693); Bourke, Timothy (18036559300); Caillaud, BenoÎt (55605009400); Pouzet, Marc (57202122440)","7004977693; 18036559300; 55605009400; 57202122440","A hybrid synchronous language with hierarchical automat","2011","Embedded Systems Week 2011, ESWEEK 2011 - Proceedings of the 9th ACM International Conference on Embedded Software, EMSOFT'11","","","","137","147","19","10.1145/2038642.2038664","https://www.scopus.com/pages/publications/80455143364?origin=resultslist","Conference paper","Final","","Scopus","2-s2.0-80455143364"
"Belwal C.; Cheng A.M.K.","Belwal, Chaitanya (6507996126); Cheng, Albert M.K. (7402075079)","6507996126; 7402075079","Feasibility interval for the transactional event handlers of P-FRP","2011","Proc. 10th IEEE Int. Conf. on Trust, Security and Privacy in Computing and Communications, TrustCom 2011, 8th IEEE Int. Conf. on Embedded Software and Systems, ICESS 2011, 6th Int. Conf. on FCST 2011","","","6120926","966","973","1","10.1109/TrustCom.2011.133","https://www.scopus.com/pages/publications/84856204951?origin=resultslist","Conference paper","Final","","Scopus","2-s2.0-84856204951"
"Watanabe T.","Watanabe, Takuo (36931774900)","36931774900","A simple context-oriented programming extension to an frp language for small-scale embedded systems","2018","Proceedings of the 10th International Workshop on Context-Oriented Programming: Advanced Modularity for Run-time Composition, COP 2018 - Co-located with the European Conference on Object-Oriented Programming","","","","23","30","11","10.1145/3242921.3242925","https://www.scopus.com/pages/publications/85055864497?origin=resultslist","Conference paper","Final","","Scopus","2-s2.0-85055864497"
"Ku K.; Gurjar S.","Ku, Kihong (24449268900); Gurjar, Satpal (57575186500)","24449268900; 57575186500","Prototyping Method for Complex-Shaped Textile Composite Panels Developing a digitally controlled reconfigurable mold","2018","Proceedings of the International Conference on Education and Research in Computer Aided Architectural Design in Europe","2","","","47","52","2","","https://www.scopus.com/pages/publications/85109262299?origin=resultslist","Conference paper","Final","","Scopus","2-s2.0-85109262299"
"Baufreton P.","Baufreton, Philippe (15047555300)","15047555300","SACRES: A step ahead in the development of critical avionics applications","1999","Lecture Notes in Computer Science (including subseries Lecture Notes in Artificial Intelligence and Lecture Notes in Bioinformatics)","1569","","","1","","4","10.1007/3-540-48983-5_1","https://www.scopus.com/pages/publications/67650164598?origin=resultslist","Conference paper","Final","","Scopus","2-s2.0-67650164598"
"Wickramasinghe W.R.M.G.K.; Devduni R.M.B.; Dasanayaka D.T.C.B.; Mohomed M.N.N.; Kumari S.; Dassanayake T.","Wickramasinghe, W.R.M.G.K. (57461775200); Devduni, R.M.B. (57460921600); Dasanayaka, D.T.C.B. (59017842100); Mohomed, M.N.N. (57461493600); Kumari, Suriyaa (57429765900); Dassanayake, Thamali (57457164600)","57461775200; 57460921600; 59017842100; 57461493600; 57429765900; 57457164600","Sensor-Based Emotion Tracking System for Computer Games","2021","ICAC 2021 - 3rd International Conference on Advancements in Computing, Proceedings","","","","389","394","1","10.1109/ICAC54203.2021.9671181","https://www.scopus.com/pages/publications/85125009407?origin=resultslist","Conference paper","Final","","Scopus","2-s2.0-85125009407"
"Suhaib S.; Mathaikutty D.; Shukla S.; Talpin J.-P.","Suhaib, Syed (8454131800); Mathaikutty, Deepak (8454131600); Shukla, Sandeep (7202528532); Talpin, Jean-Pierre (6602090161)","8454131800; 8454131600; 7202528532; 6602090161","Polychronous methodology for system design: A true concurrency approach","2006","Proceedings - IEEE International High-Level Design Validation and Test Workshop, HLDVT","","","4110092","211","214","2","10.1109/HLDVT.2006.319993","https://www.scopus.com/pages/publications/46249103188?origin=resultslist","Conference paper","Final","","Scopus","2-s2.0-46249103188"
"","","","Proceedings of the 6th ACM and IEEE International Conference on Embedded Software, EMSOFT 2006","2006","IEEE International Conference on Embedded Software, EMSOFT 2006","","","","","","0","","https://www.scopus.com/pages/publications/36749077142?origin=resultslist","Conference review","Final","","Scopus","2-s2.0-36749077142"
"Mamouras K.; Wang Z.","Mamouras, Konstantinos (26023404700); Wang, Zhifu (58851139400)","26023404700; 58851139400","Online Signal Monitoring with Bounded Lag","2020","IEEE Transactions on Computer-Aided Design of Integrated Circuits and Systems","39","11","9211570","3868","3880","18","10.1109/TCAD.2020.3013053","https://www.scopus.com/pages/publications/85096034280?origin=resultslist","Article","Final","","Scopus","2-s2.0-85096034280"
"Berry G.; Serrano M.","Berry, Gérard (7202085820); Serrano, Manuel (54585959500)","7202085820; 54585959500","Hop and hiphop: Multitier web orchestration","2014","Lecture Notes in Computer Science (including subseries Lecture Notes in Artificial Intelligence and Lecture Notes in Bioinformatics)","8337 LNCS","","","1","13","13","10.1007/978-3-319-04483-5_1","https://www.scopus.com/pages/publications/84958530990?origin=resultslist","Conference paper","Final","All Open Access; Green Open Access","Scopus","2-s2.0-84958530990"
"Puffitsch W.; Noulard E.; Pagetti C.","Puffitsch, Wolfgang (23486507400); Noulard, Eric (8917646000); Pagetti, Claire (55922785400)","23486507400; 8917646000; 55922785400","Explicit precedence constraints in safety-critical Java","2013","ACM International Conference Proceeding Series","","","","21","28","0","10.1145/2512989.2512997","https://www.scopus.com/pages/publications/84887340425?origin=resultslist","Conference paper","Final","","Scopus","2-s2.0-84887340425"
"Berry G.; Nicolas C.; Serrano M.","Berry, Gérard (7202085820); Nicolas, Cyprien (54956848100); Serrano, Manuel (54585959500)","7202085820; 54956848100; 54585959500","HipHop: A synchronous reactive extension for Hop","2011","PLASTIC'11 - Proceedings of the 1st ACM SIGPLAN International Workshop on Programming Language and Systems Technologies for Internet Clients","","","","49","55","11","10.1145/2093328.2093337","https://www.scopus.com/pages/publications/84856652027?origin=resultslist","Conference paper","Final","","Scopus","2-s2.0-84856652027"
"","","","ACM International Conference Proceeding Series","2017","ACM International Conference Proceeding Series","Part F129681","","","","","0","","https://www.scopus.com/pages/publications/85028772303?origin=resultslist","Conference review","Final","","Scopus","2-s2.0-85028772303"
"Krüger N.A.; Vierth I.","Krüger, Niclas A. (26032629600); Vierth, Inge (55246019400)","26032629600; 55246019400","Precautionary and operational costs of freight train delays: a case study of a Swedish grocery company","2015","Real-Time Systems","51","2","","1","10","2","10.1007/s12544-015-0155-7","https://www.scopus.com/pages/publications/84925500268?origin=resultslist","Article","Final","All Open Access; Gold Open Access; Green Open Access","Scopus","2-s2.0-84925500268"
"Haryanto Y.; Hu H.-T.; Han A.L.; Hsiao F.-P.; Teng C.-J.; Hidayat B.A.; Wariyatno N.G.","Haryanto, Yanuar (57170836900); Hu, Hsuan-Teh (55805441800); Han, Ay Lie (57199323133); Hsiao, Fu-Pei (41361230800); Teng, Charng-Jen (57224817883); Hidayat, Banu Ardi (57170426900); Wariyatno, Nanang Gunawan (58026976000)","57170836900; 55805441800; 57199323133; 41361230800; 57224817883; 57170426900; 58026976000","Negative moment region flexural strengthening system of RC T-beams with half-embedded NSM FRP rods: a parametric analytical approach","2021","Journal of the Chinese Institute of Engineers, Transactions of the Chinese Institute of Engineers,Series A","44","6","","553","561","19","10.1080/02533839.2021.1936646","https://www.scopus.com/pages/publications/85108307231?origin=resultslist","Article","Final","","Scopus","2-s2.0-85108307231"
"Pearce H.; Roop P.; Biglari-Abhari M.; Schoeberl M.","Pearce, Hammond (57190837137); Roop, Partha (6602395877); Biglari-Abhari, Morteza (7801530871); Schoeberl, Martin (56212456400)","57190837137; 6602395877; 7801530871; 56212456400","Faster function blocks for precision timed industrial automation","2018","Proceedings - 2018 IEEE 21st International Symposium on Real-Time Computing, ISORC 2018","","","8421148","67","74","1","10.1109/ISORC.2018.00017","https://www.scopus.com/pages/publications/85051496849?origin=resultslist","Conference paper","Final","All Open Access; Green Open Access","Scopus","2-s2.0-85051496849"
"Gamatié A.; Gonnord L.","Gamatié, Abdoulaye (16301118500); Gonnord, Laure (55911365100)","16301118500; 55911365100","Static analysis of synchronous programs in signal for efficient design of multi-clocked embedded systems","2011","Proceedings of the ACM SIGPLAN Conference on Languages, Compilers, and Tools for Embedded Systems (LCTES)","","","","71","80","8","10.1145/1967677.1967688","https://www.scopus.com/pages/publications/79955645946?origin=resultslist","Conference paper","Final","","Scopus","2-s2.0-79955645946"
"Berry G.; Bouali A.; Fornari X.; Ledinot E.; Nassor E.; De Simone R.","Berry, Gérard (7202085820); Bouali, Amar (22333421600); Fornari, Xavier (6505705532); Ledinot, Emmanuel (6504452997); Nassor, Eric (57203310603); De Simone, Robert (11339046600)","7202085820; 22333421600; 6505705532; 6504452997; 57203310603; 11339046600","ESTEREL: A formal method applied to avionic software development","2000","Science of Computer Programming","36","1","","5","25","32","10.1016/S0167-6423(99)00015-5","https://www.scopus.com/pages/publications/0033898505?origin=resultslist","Article","Final","All Open Access; Bronze Open Access","Scopus","2-s2.0-0033898505"
"Pagetti C.; Forget J.; Boniol F.; Cordovilla M.; Lesens D.","Pagetti, Claire (55922785400); Forget, Julien (25960555900); Boniol, Frédéric (6507057555); Cordovilla, Mikel (36190504100); Lesens, David (14045456200)","55922785400; 25960555900; 6507057555; 36190504100; 14045456200","Multi-task implementation of multi-periodic synchronous programs","2011","Discrete Event Dynamic Systems: Theory and Applications","21","3","","307","338","71","10.1007/s10626-011-0107-x","https://www.scopus.com/pages/publications/79960066867?origin=resultslist","Article","Final","All Open Access; Green Open Access","Scopus","2-s2.0-79960066867"
"Dieumegard A.; Garoche P.-L.; Kahsai T.; Taillar A.; Thirioux X.","Dieumegard, Arnaud (55580662300); Garoche, Pierre-Loïc (14044973900); Kahsai, Temesghen (24477118400); Taillar, Alice (57076823800); Thirioux, Xavier (56185944800)","55580662300; 14044973900; 24477118400; 57076823800; 56185944800","Compilation of synchronous observers as code contracts","2015","Proceedings of the ACM Symposium on Applied Computing","2","","","1933","1939","9","10.1145/2695664.2695819","https://www.scopus.com/pages/publications/84955513098?origin=resultslist","Conference paper","Final","","Scopus","2-s2.0-84955513098"
"Zauner M.; Kramer M.; Balog P.","Zauner, Martin (24462810400); Kramer, Michael (7402838281); Balog, Peter (36939449300)","24462810400; 7402838281; 36939449300","Bridging the abstraction gap for the design of embedded reactive systems using esterel - A case study","2008","2007 Proceedings of the ASME International Design Engineering Technical Conferences and Computers and Information in Engineering Conference, DETC2007","4","","","93","101","0","10.1115/DETC2007-34561","https://www.scopus.com/pages/publications/44849106998?origin=resultslist","Conference paper","Final","","Scopus","2-s2.0-44849106998"
"Ledinot E.","Ledinot, Emmanuel (6504452997)","6504452997","The descendants of Centaur: A personal view on Gilles Kahn's work","2009","From Semantics to Computer Science: Essays in Honour of Gilles Kahn","9780521518253","","","547","560","0","10.1017/CBO9780511770524.026","https://www.scopus.com/pages/publications/84926965335?origin=resultslist","Book chapter","Final","","Scopus","2-s2.0-84926965335"
"Prashanth S.; Balasundaram S.; Hariharan S.B.; Jegan Prabhu A.","Prashanth, S. (57223124273); Balasundaram, S. (58671199400); Hariharan, S.B. (58708860200); Jegan Prabhu, A. (58670865500)","57223124273; 58671199400; 58708860200; 58670865500","Development and Analysis of Novel IoT based Monitoring System for Fiber Reinforced Polymer (FRP) Dust Extraction System in an Industrial Environment 4.0","2023","Proceedings - 2023 3rd International Conference on Pervasive Computing and Social Networking, ICPCSN 2023","","","","1352","1359","1","10.1109/ICPCSN58827.2023.00227","https://www.scopus.com/pages/publications/85175233720?origin=resultslist","Conference paper","Final","","Scopus","2-s2.0-85175233720"
"André C.; Boulanger F.; Girault A.","André, C. (56212847900); Boulanger, F. (8288687000); Girault, A. (7005652499)","56212847900; 8288687000; 7005652499","Software implementation of synchronous programs","2001","Proceedings - International Conference on Application of Concurrency to System Design, ACSD","2001-January","","981771","133","142","14","10.1109/CSD.2001.981771","https://www.scopus.com/pages/publications/33745376027?origin=resultslist","Conference paper","Final","","Scopus","2-s2.0-33745376027"
"Damiani A.; Rabozzi M.; Chen K.M.; Di Tucci L.; Santambrogio M.D.","Damiani, Andrea (57225471820); Rabozzi, Marco (56431150900); Chen, Kaixi Matteo (58202177300); Di Tucci, Lorenzo (57191573139); Santambrogio, Marco D. (11540913800)","57225471820; 56431150900; 58202177300; 57191573139; 11540913800","From Distributed Sensing to Virtual Sensors: A Domain-Specific Language for Reactive Centralized Edge-Fog-Cloud Computation","2022","Proceedings - 2022 IEEE 20th International Conference on Embedded and Ubiquitous Computing, EUC 2022","","","","128","135","1","10.1109/EUC57774.2022.00028","https://www.scopus.com/pages/publications/85153849840?origin=resultslist","Conference paper","Final","","Scopus","2-s2.0-85153849840"
"Di Ludovico M.; Cascardi A.; Balsamo A.; Aiello M.A.","Di Ludovico, Marco (23469290900); Cascardi, Alessio (57035239700); Balsamo, Alberto (23988640600); Aiello, Maria Antonietta (55663242000)","23469290900; 57035239700; 23988640600; 55663242000","Uniaxial experimental tests on full-scale limestone masonry columns confined with glass and basalt frcm systems","2020","Journal of Composites for Construction","24","5","04020050","","","38","10.1061/(ASCE)CC.1943-5614.0001061","https://www.scopus.com/pages/publications/85089598005?origin=resultslist","Article","Final","","Scopus","2-s2.0-85089598005"
"Belwal C.; Cheng A.M.K.","Belwal, Chaitanya (6507996126); Cheng, Albert M.K. (7402075079)","6507996126; 7402075079","Partitioned scheduling of P-FRP in symmetric homogenous multiprocessors","2011","Proceedings - 2011 IFIP 9th International Conference on Embedded and Ubiquitous Computing, EUC 2011","","","6104506","47","54","2","10.1109/EUC.2011.55","https://www.scopus.com/pages/publications/84855768254?origin=resultslist","Conference paper","Final","","Scopus","2-s2.0-84855768254"
"Monniaux D.","Monniaux, David (7003603592)","7003603592","Automatic modular abstractions for linear constraints","2009","ACM SIGPLAN Notices","44","1","","140","151","7","10.1145/1594834.1480899","https://www.scopus.com/pages/publications/70350339814?origin=resultslist","Conference paper","Final","All Open Access; Green Open Access","Scopus","2-s2.0-70350339814"
"Garcez M.; Meneghetti L.; Da Silva Filho L.C.P.","Garcez, Mônica (16063403900); Meneghetti, Leila (16064528800); Da Silva Filho, Luiz Carlos Pinto (23134637200)","16063403900; 16064528800; 23134637200","Structural performance of RC beams poststrengthened with carbon, aramid, and glass FRP systems","2008","Journal of Composites for Construction","12","5","","522","530","38","10.1061/(ASCE)1090-0268(2008)12:5(522)","https://www.scopus.com/pages/publications/51849147407?origin=resultslist","Article","Final","","Scopus","2-s2.0-51849147407"
"Torres N.; Tumialan G.; Vega C.","Torres, Nancy (55647085300); Tumialan, Gustavo (6507488666); Vega, Camilo (57209394331)","55647085300; 6507488666; 57209394331","Assessment of anchorage methods and FRP laminate strengthening configurations for URM walls under in-plane loading","2017","American Concrete Institute, ACI Special Publication","2017-October","SP 327","","197","215","0","","https://www.scopus.com/pages/publications/85071941548?origin=resultslist","Conference paper","Final","","Scopus","2-s2.0-85071941548"
"Sant'Anna F.; Rodriguez N.; Ierusalimschy R.; Landsiedel O.; Tsigas P.","Sant'Anna, Francisco (35183862400); Rodriguez, Noemi (7103138636); Ierusalimschy, Roberto (55925861600); Landsiedel, Olaf (8725107000); Tsigas, Philippas (6603044759)","35183862400; 7103138636; 55925861600; 8725107000; 6603044759","Safe System-level concurrency on resource-constrained nodes","2013","SenSys 2013 - Proceedings of the 11th ACM Conference on Embedded Networked Sensor Systems","","","11","","","23","10.1145/2517351.2517360","https://www.scopus.com/pages/publications/84905692731?origin=resultslist","Conference paper","Final","All Open Access; Green Open Access","Scopus","2-s2.0-84905692731"
"Schulz-Rosengarten A.; Smyth S.; Mendler M.","Schulz-Rosengarten, Alexander (57191824753); Smyth, Steven (57191920926); Mendler, Michael (55881981000)","57191824753; 57191920926; 55881981000","Toward Object-oriented Modeling in SCCharts","2021","ACM Transactions on Embedded Computing Systems","20","4","37","","","1","10.1145/3453482","https://www.scopus.com/pages/publications/85108029654?origin=resultslist","Article","Final","","Scopus","2-s2.0-85108029654"
"Suzuki G.; Watanabe T.; Moriguchi S.","Suzuki, Go (58685774300); Watanabe, Takuo (36931774900); Moriguchi, Sosuke (55735588400)","58685774300; 36931774900; 55735588400","Implementation and Evaluation of an Interpreter for Functional Reactive Programming on Small Embedded Devices","2023","ACM International Conference Proceeding Series","","","","12","16","1","10.1145/3594671.3594674","https://www.scopus.com/pages/publications/85176136799?origin=resultslist","Conference paper","Final","All Open Access; Gold Open Access","Scopus","2-s2.0-85176136799"
"Robinson A.; Potanin A.","Robinson, Amos (55884980500); Potanin, Alex (37062710900)","55884980500; 37062710900","Pipit on the Post: Proving Pre- and Post-Conditions of Reactive Systems","2024","Leibniz International Proceedings in Informatics, LIPIcs","313","","28","","","1","10.4230/LIPIcs.ECOOP.2024.34","https://www.scopus.com/pages/publications/85205028976?origin=resultslist","Conference paper","Final","","Scopus","2-s2.0-85205028976"
"Bourke T.; Brun L.; Pouzet M.","Bourke, Timothy (18036559300); Brun, Lélio (57195072833); Pouzet, Marc (57202122440)","18036559300; 57195072833; 57202122440","Towards a verified Lustre compiler with modular reset","2018","Proceedings of the 21st International Workshop on Software and Compilers for Embedded Systems, SCOPES 2018","","","","14","17","3","10.1145/3207719.3207732","https://www.scopus.com/pages/publications/85054127214?origin=resultslist","Conference paper","Final","","Scopus","2-s2.0-85054127214"
"Qiu Z.-X.; Yao X.-T.; Yuan J.; Soutis C.","Qiu, Zi-Xue (7202941616); Yao, Xing-Tian (7402530152); Yuan, Jiang (55542343800); Soutis, Costas (8890464100)","7202941616; 7402530152; 55542343800; 8890464100","Experimental research on strain monitoring in composite plates using embedded SMA wires","2006","Smart Materials and Structures","15","4","018","1047","1053","28","10.1088/0964-1726/15/4/018","https://www.scopus.com/pages/publications/33746310585?origin=resultslist","Article","Final","","Scopus","2-s2.0-33746310585"
"Varoumas S.; Pesin B.; Vaugon B.; Chailloux E.","Varoumas, Steven (57209978416); Pesin, Basile (57218576816); Vaugon, Benoît (56974483200); Chailloux, Emmanuel (6506184041)","57209978416; 57218576816; 56974483200; 6506184041","Programming microcontrollers through high-level abstractions","2020","VMIL 2020 - Proceedings of the 12th ACM SIGPLAN International Workshop on Virtual Machines and Intermediate Languages, Co-located with SPLASH 2020","","","","5","14","5","10.1145/3427765.3428495","https://www.scopus.com/pages/publications/85098089268?origin=resultslist","Conference paper","Final","","Scopus","2-s2.0-85098089268"
"Yu H.; Gamatié A.; Rutten E.; Dekeyser J.-L.","Yu, Huafeng (59870410100); Gamatié, Abdoulaye (16301118500); Rutten, Éric (56276265500); Dekeyser, Jean-Luc (7003799620)","59870410100; 16301118500; 56276265500; 7003799620","Adaptivity in high-performance embedded systems: A reactive control model for reliable and flexible design","2014","Knowledge Engineering Review","29","4","","433","451","2","10.1017/S0269888914000150","https://www.scopus.com/pages/publications/84927520180?origin=resultslist","Article","Final","All Open Access; Green Open Access","Scopus","2-s2.0-84927520180"
"Jose B.A.; Shukla S.K.; Patel H.D.; Talpin J.-P.","Jose, Bijoy A. (24776131100); Shukla, Sandeep K. (7202528532); Patel, Hiren D. (7201451837); Talpin, Jean-Pierre (6602090161)","24776131100; 7202528532; 7201451837; 6602090161","On the deterministic multi-threaded software synthesis from polychronous specifications","2008","Proceedings - 6th ACM and IEEE International Conference on Formal Methods and Models for Co-Design, MEMOCODE'08","","","4547700","129","138","14","10.1109/MEMCOD.2008.4547700","https://www.scopus.com/pages/publications/51349115980?origin=resultslist","Conference paper","Final","","Scopus","2-s2.0-51349115980"
"Krugman M.","Krugman, Matthew (8565138500)","8565138500","Teaching behavior based robotics through advanced robocamps","2004","Proceedings - Frontiers in Education Conference, FIE","2","","","F3D","1","3","","https://www.scopus.com/pages/publications/21644438799?origin=resultslist","Conference paper","Final","","Scopus","2-s2.0-21644438799"
"Ascione F.; Lamberti M.; Napoli A.; Realfonzo R.","Ascione, Francesco (56572997000); Lamberti, Marco (56326129300); Napoli, Annalisa (34977337800); Realfonzo, Roberto (55237034600)","56572997000; 56326129300; 34977337800; 55237034600","Experimental bond behavior of Steel Reinforced Grout systems for strengthening concrete elements","2020","Construction and Building Materials","232","","117105","","","44","10.1016/j.conbuildmat.2019.117105","https://www.scopus.com/pages/publications/85073243278?origin=resultslist","Article","Final","","Scopus","2-s2.0-85073243278"
"Yu H.; Gamatié A.; Rutten É.; Dekeyser J.-L.","Yu, Huafeng (59870410100); Gamatié, Abdoulaye (16301118500); Rutten, Éric (56276265500); Dekeyser, Jean-Luc (7003799620)","59870410100; 16301118500; 56276265500; 7003799620","Safe design of high-performance embedded systems in an MDE framework","2008","Innovations in Systems and Software Engineering","4","3","","215","222","9","10.1007/s11334-008-0059-y","https://www.scopus.com/pages/publications/79952607925?origin=resultslist","Article","Final","","Scopus","2-s2.0-79952607925"
"You B.; Xu J.; Wang X.","You, Bo (7102334989); Xu, Jiazhong (15754622900); Wang, Xiongjian (16205511200)","7102334989; 15754622900; 16205511200","Integrated manufacturing system of high-pressure FRP pipes","2007","International Journal of Computer Applications in Technology","30","4","","245","255","2","10.1504/IJCAT.2007.017236","https://www.scopus.com/pages/publications/39649123015?origin=resultslist","Article","Final","","Scopus","2-s2.0-39649123015"
"Ganapathy V.; Ramesh S.","Ganapathy, Vinod (55712440200); Ramesh, S. (60342490800)","55712440200; 60342490800","Slicing synchronous reactive programs","2002","Electronic Notes in Theoretical Computer Science","65","5","","50","64","15","10.1016/S1571-0661(05)80440-2","https://www.scopus.com/pages/publications/23844532367?origin=resultslist","Conference paper","Final","All Open Access; Gold Open Access","Scopus","2-s2.0-23844532367"
"Kerbœuf M.; Talpin J.-P.","Kerbœuf, Mickaël (35285850500); Talpin, Jean-Pierre (6602090161)","35285850500; 6602090161","Encapsulation and behavioral inheritance in a synchronous model of computation for embedded system services adaptation","2005","Journal of Logic and Algebraic Programming","63","2","","241","269","0","10.1016/j.jlap.2004.05.005","https://www.scopus.com/pages/publications/16244413250?origin=resultslist","Article","Final","All Open Access; Bronze Open Access","Scopus","2-s2.0-16244413250"
"Gonzalez-Libreros J.; D'Antino T.; Pellegrino C.","Gonzalez-Libreros, Jaime (57194053950); D'Antino, Tommaso (57211979514); Pellegrino, Carlo (7006716267)","57194053950; 57211979514; 7006716267","Experimental behavior of glass-FRCM Composites Applied onto Masonry and Concrete Substrates","2017","Key Engineering Materials","747 KEM","","","390","397","2","10.4028/www.scientific.net/KEM.747.390","https://www.scopus.com/pages/publications/85027080096?origin=resultslist","Conference paper","Final","All Open Access; Green Open Access; Hybrid Gold Open Access","Scopus","2-s2.0-85027080096"
"Berthier N.; Maraninchi F.; Mounier L.","Berthier, Nicolas (37116499200); Maraninchi, Florence (57208414472); Mounier, Laurent (6603106167)","37116499200; 57208414472; 6603106167","Synchronous programming of device drivers for global resource control in embedded operating systems","2013","Transactions on Embedded Computing Systems","12","SUPPL1","39","","","6","10.1145/2435227.2435235","https://www.scopus.com/pages/publications/84878503259?origin=resultslist","Conference paper","Final","","Scopus","2-s2.0-84878503259"
"Berry G.; Sentovich E.M.","Berry, Gérard (7202085820); Sentovich, Ellen M. (6603398430)","7202085820; 6603398430","Implementation of constructive synchronous programs in POLIS","2000","Formal Methods in System Design","17","2","","135","161","11","10.1023/A:1008796718837","https://www.scopus.com/pages/publications/0034297992?origin=resultslist","Article","Final","","Scopus","2-s2.0-0034297992"
"Graillat A.; Moy M.; Raymond P.; De DInechin B.D.","Graillat, Amaury (57195062376); Moy, Matthieu (10143824300); Raymond, Pascal (14014305600); De DInechin, Benoit Dupont (6507181824)","57195062376; 10143824300; 14014305600; 6507181824","Parallel code generation of synchronous programs for a many-core architecture","2018","Proceedings of the 2018 Design, Automation and Test in Europe Conference and Exhibition,  DATE 2018","2018-January","","","1139","1142","13","10.23919/DATE.2018.8342182","https://www.scopus.com/pages/publications/85048807830?origin=resultslist","Conference paper","Final","All Open Access; Green Open Access","Scopus","2-s2.0-85048807830"
"Benveniste A.; Bourke T.; Caillaud B.; Colaco J.-L.; Pasteur C.; Pouzet M.","Benveniste, Albert (7004977693); Bourke, Timothy (18036559300); Caillaud, Benoit (55605009400); Colaco, Jean-Louis (10138798400); Pasteur, Cedric (36464217100); Pouzet, Marc (57202122440)","7004977693; 18036559300; 55605009400; 10138798400; 36464217100; 57202122440","Building a Hybrid Systems Modeler on Synchronous Languages Principles","2018","Proceedings of the IEEE","106","9","8466987","1568","1592","9","10.1109/JPROC.2018.2858016","https://www.scopus.com/pages/publications/85053769612?origin=resultslist","Article","Final","","Scopus","2-s2.0-85053769612"
"Ras J.; Cheng A.M.K.","Ras, J. (26427784400); Cheng, Albert M.K. (7402075079)","26427784400; 7402075079","Response time analysis for the abort-and-restart event handlers of the Priority-Based Functional Reactive Programming (P-FRP) paradigm","2009","Proceedings - 15th IEEE International Conference on Embedded and Real-Time Computing Systems and Applications, RTCSA 2009","","","5279691","305","314","23","10.1109/RTCSA.2009.64","https://www.scopus.com/pages/publications/72349088444?origin=resultslist","Conference paper","Final","","Scopus","2-s2.0-72349088444"
"Ju L.; Huynh B.K.; Roychoudhury A.; Chakraborty S.","Ju, Lei (20435958400); Huynh, Bach Khoa (26424595800); Roychoudhury, Abhik (7005260419); Chakraborty, Samarjit (35261592900)","20435958400; 26424595800; 7005260419; 35261592900","Performance debugging of Esterel specifications","2012","Real-Time Systems","48","5","","570","600","10","10.1007/s11241-012-9155-z","https://www.scopus.com/pages/publications/84865338143?origin=resultslist","Article","Final","","Scopus","2-s2.0-84865338143"
"Yokoyama A.; Moriguchi S.; Watanabe T.","Yokoyama, Akihiko (57350883100); Moriguchi, Sosuke (55735588400); Watanabe, Takuo (36931774900)","57350883100; 55735588400; 36931774900","Towards Introducing Asynchronous Tasks to an FRP Language for Small-Scale Embedded Systems","2022","REBLS 2022 - Proceedings of the 9th ACM SIGPLAN International Workshop on Reactive and Event-Based Languages and Systems, co-located with SPLASH 2022","","","","1","12","1","10.1145/3563837.3568338","https://www.scopus.com/pages/publications/85147041586?origin=resultslist","Conference paper","Final","","Scopus","2-s2.0-85147041586"
"Sirjani M.; Lee E.A.; Khamespanah E.","Sirjani, Marjan (57210775295); Lee, Edward A. (7406967883); Khamespanah, Ehsan (35186227500)","57210775295; 7406967883; 35186227500","Model Checking Software in Cyberphysical Systems","2020","Proceedings - 2020 IEEE 44th Annual Computers, Software, and Applications Conference, COMPSAC 2020","","","9202762","1017","1026","17","10.1109/COMPSAC48688.2020.0-138","https://www.scopus.com/pages/publications/85090856317?origin=resultslist","Conference paper","Final","","Scopus","2-s2.0-85090856317"
"Jahier E.","Jahier, Erwan (55879824500)","55879824500","RDBG: A reactive programs extensible debugger","2016","Proceedings of the 19th International Workshop on Software and Compilers for Embedded Systems, SCOPES 2016","","","","116","125","5","10.1145/2906363.2906372","https://www.scopus.com/pages/publications/84974632955?origin=resultslist","Conference paper","Final","","Scopus","2-s2.0-84974632955"
"Tardieu O.","Tardieu, Olivier (10144733900)","10144733900","A deterministic logical semantics for esterel","2005","Electronic Notes in Theoretical Computer Science","128","1","","103","122","2","10.1016/j.entcs.2004.09.040","https://www.scopus.com/pages/publications/17744366819?origin=resultslist","Conference paper","Final","All Open Access; Gold Open Access","Scopus","2-s2.0-17744366819"
"Colaço J.-L.; Pagano B.; Pouzet M.","Colaço, Jean-Louis (10138798400); Pagano, Bruno (6507602202); Pouzet, Marc (57202122440)","10138798400; 6507602202; 57202122440","A conservative extension of synchronous data-flow with state machines","2005","Proceedings of the 5th ACM International Conference on Embedded Software, EMSOFT 2005","","","","173","182","86","10.1145/1086228.1086261","https://www.scopus.com/pages/publications/29244481164?origin=resultslist","Conference paper","Final","","Scopus","2-s2.0-29244481164"
"","","","Forum on Specification and Design Languages","2017","Forum on Specification and Design Languages","2017-September","","","","","0","","https://www.scopus.com/pages/publications/85172568714?origin=resultslist","Conference review","Final","","Scopus","2-s2.0-85172568714"
"Jiang Y.; Zhou Q.; Zou X.; Cheng A.M.K.","Jiang, Yu (57192978212); Zhou, Qiang (57194204103); Zou, Xingliang (56637540500); Cheng, Albert M.K. (7402075079)","57192978212; 57194204103; 56637540500; 7402075079","Minimal schedulability testing interval for real-time periodic tasks with arbitrary release offsets","2014","Proceedings - 16th IEEE International Conference on High Performance Computing and Communications, HPCC 2014, 11th IEEE International Conference on Embedded Software and Systems, ICESS 2014 and 6th International Symposium on Cyberspace Safety and Security, CSS 2014","","","7056806","611","614","3","10.1109/HPCC.2014.93","https://www.scopus.com/pages/publications/84983162477?origin=resultslist","Conference paper","Final","","Scopus","2-s2.0-84983162477"
"Zhao Y.; Jifeng H.","Zhao, Yongxin (36122020600); Jifeng, He (6603057316)","36122020600; 6603057316","Towards a signal calculus for event-based synchronous languages","2011","Lecture Notes in Computer Science (including subseries Lecture Notes in Artificial Intelligence and Lecture Notes in Bioinformatics)","6991 LNCS","","","1","13","4","10.1007/978-3-642-24559-6_1","https://www.scopus.com/pages/publications/80455173791?origin=resultslist","Conference paper","Final","","Scopus","2-s2.0-80455173791"
"Gamatié A.; Rutten E.; Yu H.; Boulet P.; Dekeyser J.-L.","Gamatié, Abdoulaye (16301118500); Rutten, Éric (56276265500); Yu, Huafeng (59870410100); Boulet, Pierre (55688467200); Dekeyser, Jean-Luc (7003799620)","16301118500; 56276265500; 59870410100; 55688467200; 7003799620","Model-driven engineering and formal validation of high-performance embedded systems","2009","Scalable Computing","10","2","","147","161","0","","https://www.scopus.com/pages/publications/85071650894?origin=resultslist","Article","Final","","Scopus","2-s2.0-85071650894"
"Mofidi A.; Chaallal O.; Benmokrane B.; Neale K.","Mofidi, Amir (35196605400); Chaallal, Omar (7004074216); Benmokrane, Brahim (7004922952); Neale, Kenneth (7007183329)","35196605400; 7004074216; 7004922952; 7007183329","Performance of end-anchorage systems for RC beams strengthened in shear with epoxy-bonded FRP","2012","Journal of Composites for Construction","16","3","","322","331","92","10.1061/(ASCE)CC.1943-5614.0000263","https://www.scopus.com/pages/publications/84862212667?origin=resultslist","Article","Final","","Scopus","2-s2.0-84862212667"
"Sofronis C.; Tripakis S.; Caspi P.","Sofronis, Christos (6507485743); Tripakis, Stavros (6701546551); Caspi, Paul (7003700523)","6507485743; 6701546551; 7003700523","A memory-optimal buffering protocol for preservation of synchronous semantics under preemptive scheduling","2006","IEEE International Conference on Embedded Software, EMSOFT 2006","","","","21","33","40","10.1145/1176887.1176892","https://www.scopus.com/pages/publications/34547453769?origin=resultslist","Conference paper","Final","","Scopus","2-s2.0-34547453769"
"Sawada K.; Watanabe T.","Sawada, Kensuke (36945398700); Watanabe, Takuo (36931774900)","36945398700; 36931774900","Emfrp: A functional reactive programming language for small-scale embedded systems","2016","MODULARITY Companion 2016 - Companion Proceedings of the 15th International Conference on Modularity","","","","36","44","38","10.1145/2892664.2892670","https://www.scopus.com/pages/publications/84965004000?origin=resultslist","Conference paper","Final","","Scopus","2-s2.0-84965004000"
"Gamatié A.; Gautier T.","Gamatié, A. (16301118500); Gautier, T. (35953675000)","16301118500; 35953675000","The SIGNAL approach to the design of system architectures","2003","Proceedings - 10th IEEE International Conference and Workshop on the Engineering of Computer-Based Systems, ECBS 2003","","","1194786","80","88","7","10.1109/ECBS.2003.1194786","https://www.scopus.com/pages/publications/34247859683?origin=resultslist","Conference paper","Final","All Open Access; Green Open Access","Scopus","2-s2.0-34247859683"
"Von Hanxleden R.","Von Hanxleden, Reinhard (10045077200)","10045077200","SyncCharts in C: A proposal for light-weight, deterministic concurrency","2009","Embedded Systems Week 2009 - Proceedings of the 7th ACM International Conference on Embedded Software, EMSOFT '09","","","","225","234","36","10.1145/1629335.1629366","https://www.scopus.com/pages/publications/72549094376?origin=resultslist","Conference paper","Final","","Scopus","2-s2.0-72549094376"
"Baird A.; Pearce H.; Pinisetty S.; Roop P.","Baird, Alex (58003044900); Pearce, Hammond (57190837137); Pinisetty, Srinivas (55568660700); Roop, Partha (6602395877)","58003044900; 57190837137; 55568660700; 6602395877","Runtime Interchange of Enforcers for Adaptive Attacks: A Security Analysis Framework for Drones","2022","2022 20th ACM-IEEE International Conference on Formal Methods and Models for System Design, MEMOCODE 2022","","","","","","4","10.1109/MEMOCODE57689.2022.9954593","https://www.scopus.com/pages/publications/85143898257?origin=resultslist","Conference paper","Final","","Scopus","2-s2.0-85143898257"
"Beaugnon U.; Cohen A.; Pouzet M.","Beaugnon, Ulysse (56313507100); Cohen, Albert (57207237960); Pouzet, Marc (57202122440)","56313507100; 57207237960; 57202122440","In-place update in a dataflow synchronous language: A retiming-enabled language experiment","2016","Proceedings of the 19th International Workshop on Software and Compilers for Embedded Systems, SCOPES 2016","","","","40","49","1","10.1145/2906363.2906379","https://www.scopus.com/pages/publications/84974530255?origin=resultslist","Conference paper","Final","","Scopus","2-s2.0-84974530255"
"Yu H.; Gamatié A.; Rutten E.; Dekeyser J.-L.","Yu, Huafeng (59870410100); Gamatié, Abdoulaye (16301118500); Rutten, Eric (56276265500); Dekeyser, Jean-Luc (7003799620)","59870410100; 16301118500; 56276265500; 7003799620","Model transformations from a data parallel formalism towards synchronous languages","2008","Lecture Notes in Electrical Engineering","10 LNEE","","","183","198","5","10.1007/978-1-4020-8297-9_13","https://www.scopus.com/pages/publications/70349709812?origin=resultslist","Conference paper","Final","All Open Access; Green Open Access","Scopus","2-s2.0-70349709812"
"Sutyasadi P.; Parnichkun M.","Sutyasadi, Petrus (36968351900); Parnichkun, Manukid (6602823801)","36968351900; 6602823801","Push recovery control of quadruped robot using particle swarm optimization based structure specified mixed sensitivity H2/H∞ control","2020","Industrial Robot","47","3","","423","434","7","10.1108/IR-06-2019-0135","https://www.scopus.com/pages/publications/85081544190?origin=resultslist","Article","Final","","Scopus","2-s2.0-85081544190"
"Nagulapally P.; Shamsuddoha M.; Herath T.; Djukic L.; Prusty G.B.","Nagulapally, Prashanth (57221705927); Shamsuddoha, Md (24725829000); Herath, Thinu (58159436900); Djukic, Luke (26421183400); Prusty, Gangadhara B (6603550457)","57221705927; 24725829000; 58159436900; 26421183400; 6603550457","Mechanical and optical performance evaluations of embedded polyimide and PEEK coated distributed optical sensors in glass fibre reinforced composites with vinyl ester resin systems","2023","Journal of Composite Materials","57","10","","1707","1728","10","10.1177/00219983231160866","https://www.scopus.com/pages/publications/85150989496?origin=resultslist","Article","Final","All Open Access; Hybrid Gold Open Access","Scopus","2-s2.0-85150989496"
"Gueye S.M.-K.; Rutten E.; Diguet J.-P.","Gueye, Soguy Mak-Kare (55605210300); Rutten, Eric (56276265500); Diguet, Jean-Philippe (35614416800)","55605210300; 56276265500; 35614416800","Autonomic management of missions and reconfigurations in FPGA-based embedded system","2017","2017 NASA/ESA Conference on Adaptive Hardware and Systems, AHS 2017","","","8046358","48","55","12","10.1109/AHS.2017.8046358","https://www.scopus.com/pages/publications/85032882359?origin=resultslist","Conference paper","Final","","Scopus","2-s2.0-85032882359"
"","","","5th International Conference on Coordination Models and Languages, COORDINATION 2002","2002","Lecture Notes in Computer Science (including subseries Lecture Notes in Artificial Intelligence and Lecture Notes in Bioinformatics)","2315","","","1","405","0","","https://www.scopus.com/pages/publications/84944056825?origin=resultslist","Conference review","Final","","Scopus","2-s2.0-84944056825"
"Wang Z.; Shen G.; Huang Z.; Si J.; Pan C.","Wang, Zi (56456777500); Shen, Guohua (14325752100); Huang, Zhiqiu (14325169600); Si, Jia (56457559400); Pan, Cheng (57193126810)","56456777500; 14325752100; 14325169600; 56457559400; 57193126810","A simulation approach for signal time model concern on multi-clock system","2016","Communications in Computer and Information Science","675","","","35","51","0","10.1007/978-981-10-3482-4_3","https://www.scopus.com/pages/publications/85010943866?origin=resultslist","Conference paper","Final","","Scopus","2-s2.0-85010943866"
"Tini S.","Tini, Simone (56414685900)","56414685900","Timed CCP compositionally embeds Argos and Lustre","2004","Formal Aspects of Computing","16","3","","292","312","0","10.1007/s00165-004-0041-x","https://www.scopus.com/pages/publications/21044454583?origin=resultslist","Article","Final","All Open Access; Bronze Open Access","Scopus","2-s2.0-21044454583"
"Delaval G.; Girault A.; Pouzet M.","Delaval, Gwenaël (15064030600); Girault, Alain (7005652499); Pouzet, Marc (57202122440)","15064030600; 7005652499; 57202122440","A type system for the automatic distribution of higher-order synchronous dataflow programs","2008","Proceedings of the ACM SIGPLAN Conference on Languages, Compilers, and Tools for Embedded Systems (LCTES)","","","","101","110","9","10.1145/1375657.1375672","https://www.scopus.com/pages/publications/84865677598?origin=resultslist","Conference paper","Final","All Open Access; Green Open Access","Scopus","2-s2.0-84865677598"
"Garriou D.","Garriou, David (57217903865)","57217903865","Symbolic simulation of synchronous programs","2002","Electronic Notes in Theoretical Computer Science","65","5","","11","18","2","10.1016/S1571-0661(05)80436-0","https://www.scopus.com/pages/publications/23844533716?origin=resultslist","Conference paper","Final","All Open Access; Gold Open Access","Scopus","2-s2.0-23844533716"
"Medeiros E.; Peixoto E.; Lemos E.","Medeiros, Edil (58783723400); Peixoto, Eduardo (24278995700); Lemos, Eduardo (58893723000)","58783723400; 24278995700; 58893723000","FACT: A Domain-Specific Language Based on a Functional Algebra for Continuous Time Modeling","2023","Proceedings - Winter Simulation Conference","","","","2650","2661","0","10.1109/WSC60868.2023.10408703","https://www.scopus.com/pages/publications/85185379177?origin=resultslist","Conference paper","Final","","Scopus","2-s2.0-85185379177"
"Gueye S.M.K.; Delaval G.; Rutten C.; Heller D.; Diguet J.-P.","Gueye, Soguy Mak Karé (55605210300); Delaval, Gwenaël (15064030600); Rutten, Éric (56276265500); Heller, Dominique (25626331100); Diguet, Jean-Philippe (35614416800)","55605210300; 15064030600; 56276265500; 25626331100; 35614416800","A domain-specific language for autonomic managers in FPGA reconfigurable architectures","2018","Proceedings - 15th IEEE International Conference on Autonomic Computing, ICAC 2018","","","8498132","111","120","2","10.1109/ICAC.2018.00021","https://www.scopus.com/pages/publications/85057361478?origin=resultslist","Conference paper","Final","","Scopus","2-s2.0-85057361478"
"","","","Proceedings - IEEE 21st International Conference on Embedded and Real-Time Computing Systems and Applications, RTCSA 2015","2015","Proceedings - IEEE 21st International Conference on Embedded and Real-Time Computing Systems and Applications, RTCSA 2015","","","","","","0","","https://www.scopus.com/pages/publications/84962909425?origin=resultslist","Conference review","Final","","Scopus","2-s2.0-84962909425"
"Delaval G.; Marchand H.; Rutten E.","Delaval, Gwenaël (15064030600); Marchand, Hervé (7006153758); Rutten, Eric (56276265500)","15064030600; 7006153758; 56276265500","Contracts for modular discrete controller synthesis","2010","ACM SIGPLAN Notices","45","4","","57","66","8","10.1145/1755951.1755898","https://www.scopus.com/pages/publications/77951210013?origin=resultslist","Article","Final","","Scopus","2-s2.0-77951210013"
"","","","1st International Workshop on Embedded Software, EMSOFT 2001","2001","Lecture Notes in Computer Science (including subseries Lecture Notes in Artificial Intelligence and Lecture Notes in Bioinformatics)","2211","","","1","502","0","","https://www.scopus.com/pages/publications/84947286675?origin=resultslist","Conference review","Final","","Scopus","2-s2.0-84947286675"
"Tardieu O.; De Simone R.","Tardieu, Olivier (10144733900); De Simone, Robert (11339046600)","10144733900; 11339046600","Loops in Esterel","2005","ACM Transactions on Embedded Computing Systems","4","4","","708","750","9","10.1145/1113830.1113832","https://www.scopus.com/pages/publications/70449476657?origin=resultslist","Article","Final","","Scopus","2-s2.0-70449476657"
"Logothetis G.; Schneider K.; Metzler C.","Logothetis, G. (6602879614); Schneider, K. (58406421600); Metzler, C. (57197233676)","6602879614; 58406421600; 57197233676","Generating formal models for real-time verification by exact low-level runtime analysis of synchronous programs","2003","Proceedings - Real-Time Systems Symposium","","","","256","264","7","","https://www.scopus.com/pages/publications/0348195768?origin=resultslist","Conference paper","Final","","Scopus","2-s2.0-0348195768"
"Packwood D.; Sharma M.; Ding D.; Park H.; Salcic Z.; Malik A.; Wang K.I.-K.","Packwood, D. (57188764572); Sharma, M. (58731731600); Ding, D. (57188768801); Park, H. (55604379300); Salcic, Z. (7003306034); Malik, A. (25641264300); Wang, K.I.-K. (7501398184)","57188764572; 58731731600; 57188768801; 55604379300; 7003306034; 25641264300; 7501398184","FPGA-based mixed-criticality execution platform for systemj and the Internet of Industrial Things","2015","Proceedings - 2015 IEEE 18th International Symposium on Real-Time Distributed Computing, ISORC 2015","","","7153804","174","181","7","10.1109/ISORC.2015.27","https://www.scopus.com/pages/publications/84962888081?origin=resultslist","Conference paper","Final","","Scopus","2-s2.0-84962888081"
"Brandt J.; Schneider K.; Shukla S.K.","Brandt, Jens (13609374600); Schneider, Klaus (58406421600); Shukla, Sandeep K. (7202528532)","13609374600; 58406421600; 7202528532","Translating concurrent action oriented specifications to synchronous guarded actions","2010","Proceedings of the ACM SIGPLAN Conference on Languages, Compilers, and Tools for Embedded Systems (LCTES)","","","","47","56","9","10.1145/1755888.1755896","https://www.scopus.com/pages/publications/77954509958?origin=resultslist","Conference paper","Final","","Scopus","2-s2.0-77954509958"
"Petersohn C.; Huizing C.; Peleska J.; de Roever W.-P.","Petersohn, Carsta (6603040797); Huizing, Cornelis (7801363688); Peleska, Jan (7003303450); de Roever, Willem-Paul (57209857086)","6603040797; 7801363688; 7003303450; 57209857086","Formal semantics for ward & Mellor’s transformation schemas and the specification of fault-tolerant systems","1994","Lecture Notes in Computer Science (including subseries Lecture Notes in Artificial Intelligence and Lecture Notes in Bioinformatics)","852 LNCS","","","59","76","0","10.1007/3-540-58426-9_124","https://www.scopus.com/pages/publications/85027053955?origin=resultslist","Conference paper","Final","","Scopus","2-s2.0-85027053955"
"Wang J.","Wang, Jiacun (55890357200)","55890357200","Handbook of finite state based models and applications","2016","Handbook of Finite State Based Models and Applications","","","","1","386","16","","https://www.scopus.com/pages/publications/85051586695?origin=resultslist","Book","Final","","Scopus","2-s2.0-85051586695"
"Ma Y.; Talpin J.-P.; Shukla S.K.; Gautier T.","Ma, Yue (55687242700); Talpin, Jean-Pierre (6602090161); Shukla, Sandeep K. (7202528532); Gautier, Thierry (35953675000)","55687242700; 6602090161; 7202528532; 35953675000","Distributed simulation of AADL specifications in a polychronous model of computation","2009","Proceedings - 2009 International Conference on Embedded Software and Systems, ICESS 2009","","","5066706","607","614","8","10.1109/ICESS.2009.47","https://www.scopus.com/pages/publications/70349671453?origin=resultslist","Conference paper","Final","","Scopus","2-s2.0-70349671453"
"","","","Proceedings - 4th Euromicro Workshop on Real-Time Systems, ECRTS 1992","1992","Proceedings - Euromicro Conference on Real-Time Systems","","","","","","0","","https://www.scopus.com/pages/publications/84884632375?origin=resultslist","Conference review","Final","","Scopus","2-s2.0-84884632375"
"Wan Z.; Hudak P.","Wan, Z. (7101835925); Hudak, P. (57204251069)","7101835925; 57204251069","Functional reactive programming from first principles","2000","Proceedings of the ACM SIGPLAN Conference on Programming Language Design and Implementation (PLDI)","","","","242","252","102","10.1145/349299.349331","https://www.scopus.com/pages/publications/0034449844?origin=resultslist","Conference paper","Final","All Open Access; Gold Open Access","Scopus","2-s2.0-0034449844"
"Hui J.; Edwards K.J.; Edwards S.A.","Hui, John (57223732651); Edwards, Kyle J. (58761124100); Edwards, Stephen A. (7401520724)","57223732651; 58761124100; 7401520724","Timestamp Peripherals for Precise Real-Time Programming","2023","Proceedings - 2023 21st ACM/IEEE International Symposium on Formal Methods and Models for System Design, MEMOCODE 2023","","","","137","147","2","10.1145/3610579.3611084","https://www.scopus.com/pages/publications/85179625580?origin=resultslist","Conference paper","Final","All Open Access; Gold Open Access","Scopus","2-s2.0-85179625580"
"Lima G.F.; Santos R.C.M.; Ierusalimschy R.; Haeusler E.H.; Sant'Anna F.","Lima, Guilherme F. (55954219800); Santos, Rodrigo C.M. (49962320300); Ierusalimschy, Roberto (55925861600); Haeusler, Edward H. (6603717884); Sant'Anna, Francisco (35183862400)","55954219800; 49962320300; 55925861600; 6603717884; 35183862400","A memory-bounded, deterministic and terminating semantics for the synchronous programming language CÉU","2019","Journal of Systems Architecture","97","","","239","257","2","10.1016/j.sysarc.2019.01.014","https://www.scopus.com/pages/publications/85063871121?origin=resultslist","Article","Final","","Scopus","2-s2.0-85063871121"
"Boniol F.; Cordovilla M.; Forget J.; Lesens D.; Pagetti C.","Boniol, Frédéric (6507057555); Cordovilla, Mikel (36190504100); Forget, Julien (25960555900); Lesens, David (14045456200); Pagetti, Claire (55922785400)","6507057555; 36190504100; 25960555900; 14045456200; 55922785400","Implantation multitâche de programmes synchrones multipé riodiques","2009","Journal Europeen des Systemes Automatises","43","7-9","","741","755","0","10.3166/jesa.43.741-755","https://www.scopus.com/pages/publications/77954515732?origin=resultslist","Article","Final","","Scopus","2-s2.0-77954515732"
"Azam R.; Soudki K.; West J.S.; Noël M.","Azam, Rizwan (55233372900); Soudki, Khaled (7003507840); West, Jeffrey S. (7402746437); Noël, Martin (36731460800)","55233372900; 7003507840; 7402746437; 36731460800","Strengthening of shear-critical RC beams: Alternatives to externally bonded CFRP sheets","2017","Construction and Building Materials","151","","","494","503","64","10.1016/j.conbuildmat.2017.06.106","https://www.scopus.com/pages/publications/85021242814?origin=resultslist","Article","Final","","Scopus","2-s2.0-85021242814"
"Wong H.C.; Burns A.","Wong, H.C. (57188765939); Burns, A. (54889662900)","57188765939; 54889662900","Priority-based Functional Reactive Programming (P-FRP) using deferred abort","2015","Proceedings - IEEE 21st International Conference on Embedded and Real-Time Computing Systems and Applications, RTCSA 2015","","","7300225","227","236","6","10.1109/RTCSA.2015.12","https://www.scopus.com/pages/publications/84962802390?origin=resultslist","Conference paper","Final","","Scopus","2-s2.0-84962802390"
"Yang Z.-B.; Zhao Y.-W.; Huang Z.-Q.; Hu K.; Ma D.-F.; Bodeveix J.-P.; Filali M.","Yang, Zhi-Bin (55716670400); Zhao, Yong-Wang (21744050500); Huang, Zhi-Qiu (14325169600); Hu, Kai (22979676500); Ma, Dian-Fu (7402075451); Bodeveix, Jean-Paul (6506097960); Filali, Mamoun (7004744985)","55716670400; 21744050500; 14325169600; 22979676500; 7402075451; 6506097960; 7004744985","Time-predictable multi-threaded code generation with synchronous languages","2016","Ruan Jian Xue Bao/Journal of Software","27","3","","611","632","7","10.13328/j.cnki.jos.004984","https://www.scopus.com/pages/publications/84965130846?origin=resultslist","Article","Final","","Scopus","2-s2.0-84965130846"
"Schmitt R.; Fürtjes T.; Abbas B.; Abel P.; Kimmelmann W.; Kosse P.; Buratti A.","Schmitt, Robert (55418282900); Fürtjes, Tobias (36717596300); Abbas, Bahoz (56900916500); Abel, Philipp (55315777600); Kimmelmann, Walter (6507363388); Kosse, Philipp (36739204600); Buratti, Andrea (55536822400)","55418282900; 36717596300; 56900916500; 55315777600; 6507363388; 36739204600; 55536822400","Real-Time Machine-Vision-System for an Automated Quality Monitoring in Mass Production of Multiaxial Non-crimp Fabrics","2016","Automation, Communication and Cybernetics in Science and Engineering 2015/2016","","","","769","782","3","10.1007/978-3-319-42620-4_59","https://www.scopus.com/pages/publications/105008160465?origin=resultslist","Book chapter","Final","","Scopus","2-s2.0-105008160465"
"An X.; Rutten E.; Diguet J.-P.; Le Griguer N.; Gamatié A.","An, Xin (59584586700); Rutten, Eric (56276265500); Diguet, Jean-Philippe (35614416800); Le Griguer, Nicolas (55486609500); Gamatié, Abdoulaye (16301118500)","59584586700; 56276265500; 35614416800; 55486609500; 16301118500","Discrete control for recon-gurable fpga-based embedded systems ?","2013","IFAC Proceedings Volumes (IFAC-PapersOnline)","4","PART 1","","151","156","5","10.3182/20130904-3-UK-4041.00017","https://www.scopus.com/pages/publications/84885656418?origin=resultslist","Conference paper","Final","","Scopus","2-s2.0-84885656418"
"","","","Proceedings of the 19th International Workshop on Software and Compilers for Embedded Systems, SCOPES 2016","2016","Proceedings of the 19th International Workshop on Software and Compilers for Embedded Systems, SCOPES 2016","","","","","","0","","https://www.scopus.com/pages/publications/84974627260?origin=resultslist","Conference review","Final","","Scopus","2-s2.0-84974627260"
"Wu C.; Zhao Y.; Zhu H.","Wu, Chengcheng (56032123500); Zhao, Yongxin (36122020600); Zhu, Huibiao (14046380100)","56032123500; 36122020600; 14046380100","Unifying operational semantics with algebraic semantics for instantaneous reactions","2013","Lecture Notes in Computer Science (including subseries Lecture Notes in Artificial Intelligence and Lecture Notes in Bioinformatics)","7681 LNCS","","","186","203","0","10.1007/978-3-642-35705-3_9","https://www.scopus.com/pages/publications/84893771512?origin=resultslist","Conference paper","Final","","Scopus","2-s2.0-84893771512"
"Loganathan V.; Prabakar S.; Sujeet R.; Senthilkumar Y.; Darshan S.S.; Denis S.","Loganathan, V. (59155457500); Prabakar, S. (36480483100); Sujeet, R. (60689897100); Senthilkumar, Yuvaraj (60689355800); Darshan, S.S. (60689084900); Denis, S. (60689627800)","59155457500; 36480483100; 60689897100; 60689355800; 60689084900; 60689627800","DEVELOPMENT OF A FIBRE REINFORCED POLYMER-BASED ROBOTIC EXOSKELETON FOR ASSISTIVE AND REHABILITATION MOBILITY","2026","2026 4th International Conference on Artificial Intelligence and Machine Learning Applications: Healthcare and Internet of Things, AIMLA 2026","","","","","","0","10.1109/AIMLA67915.2026.11522472","https://www.scopus.com/pages/publications/105041670029?origin=resultslist","Conference paper","Final","","Scopus","2-s2.0-105041670029"
"André C.; Mallet F.","André, Charles (56212847900); Mallet, Frédéric (24328821200)","56212847900; 24328821200","Specification and verification of time requirements with CCSL and esterel","2009","Proceedings of the ACM SIGPLAN Conference on Languages, Compilers, and Tools for Embedded Systems (LCTES)","","","","167","176","12","10.1145/1542452.1542475","https://www.scopus.com/pages/publications/70450263665?origin=resultslist","Conference paper","Final","","Scopus","2-s2.0-70450263665"
"Sakurai Y.; Watanabe T.","Sakurai, Yoshitaka (57213438094); Watanabe, Takuo (36931774900)","57213438094; 36931774900","Towards a statically scheduled parallel execution of an FRP language for embedded systems","2019","REBLS 2019 - Proceedings of the 6th ACM SIGPLAN International Workshop on Reactive and Event-Based Languages and Systems, co-located with SPLASH 2019","","","","11","20","7","10.1145/3358503.3361276","https://www.scopus.com/pages/publications/85077185322?origin=resultslist","Conference paper","Final","","Scopus","2-s2.0-85077185322"
"Xin Y.; Hui L.","Xin, Yan (57220920104); Hui, Li (57202721115)","57220920104; 57202721115","Self-sensing concrete-filled FRP tube using FBG strain sensor","2007","Proceedings of SPIE - The International Society for Optical Engineering","6595 II","","65953I","","","2","10.1117/12.725928","https://www.scopus.com/pages/publications/34249088580?origin=resultslist","Conference paper","Final","","Scopus","2-s2.0-34249088580"
"Straka V.A.","Straka, V.A. (8612636900)","8612636900","Bond of GFRPC ties in mortar","2003","Proceedings, Annual Conference - Canadian Society for Civil Engineering","2003","","","1114","1124","0","","https://www.scopus.com/pages/publications/33645735574?origin=resultslist","Conference paper","Final","","Scopus","2-s2.0-33645735574"
"Azam R.; Soudki K.; West J.; Noël M.","Azam, Rizwan (55233372900); Soudki, Khaled (7003507840); West, Jeffrey (7402746437); Noël, Martin (36731460800)","55233372900; 7003507840; 7402746437; 36731460800","CFRP grid embedded in mortar for strengthening of shear-critical RC beams","2019","Magazine of Concrete Research","71","14","","761","772","5","10.1680/jmacr.17.00398","https://www.scopus.com/pages/publications/85066783020?origin=resultslist","Article","Final","","Scopus","2-s2.0-85066783020"
"Schmitt R.; Fürtjes T.; Abbas B.; Abel P.; Kimmelmann W.; Kosse P.; Buratti A.","Schmitt, R. (55418282900); Fürtjes, T. (36717596300); Abbas, B. (56900916500); Abel, P. (55315777600); Kimmelmann, W. (6507363388); Kosse, P. (36739204600); Buratti, A. (55536822400)","55418282900; 36717596300; 56900916500; 55315777600; 6507363388; 36739204600; 55536822400","Real-time machine vision system for an automated quality monitoring in mass production of multiaxial non-crimp fabrics","2015","IFAC-PapersOnLine","28","3","","2393","2398","15","10.1016/j.ifacol.2015.06.446","https://www.scopus.com/pages/publications/84953911550?origin=resultslist","Conference paper","Final","All Open Access; Gold Open Access","Scopus","2-s2.0-84953911550"
"Rust C.; Tacken J.; Böke C.","Rust, Carsten (7003321251); Tacken, Jürgen (22735153900); Böke, Carsten (10139569700)","7003321251; 22735153900; 10139569700","Pr/T-net based seamless design of embedded real-time systems","2001","Lecture Notes in Computer Science (including subseries Lecture Notes in Artificial Intelligence and Lecture Notes in Bioinformatics)","2075","","","343","362","14","10.1007/3-540-45740-2_20","https://www.scopus.com/pages/publications/23044527264?origin=resultslist","Conference paper","Final","","Scopus","2-s2.0-23044527264"
"Axer P.; Ernst R.; Falk H.; Girault A.; Grund D.; Guan N.; Jonsson B.; Marwedel P.; Reineke J.; Rochange C.; Sebastian M.; Von Hanxleden R.; Wilhelm R.; Yi W.","Axer, Philip (43860985000); Ernst, Rolf (7201529254); Falk, Heiko (14070119000); Girault, Alain (7005652499); Grund, Daniel (23088066500); Guan, Nan (21742419700); Jonsson, Bengt (57195650652); Marwedel, Peter (7003647614); Reineke, Jan (21741533900); Rochange, Christine (6506390547); Sebastian, Maurice (57189851194); Von Hanxleden, Reinhard (57192869992); Wilhelm, Reinhard (7102483210); Yi, Wang (56123437800)","43860985000; 7201529254; 14070119000; 7005652499; 23088066500; 21742419700; 57195650652; 7003647614; 21741533900; 6506390547; 57189851194; 57192869992; 7102483210; 56123437800","Building timing predictable embedded systems","2014","ACM Transactions on Embedded Computing Systems","13","4","82","","","90","10.1145/2560033","https://www.scopus.com/pages/publications/84961291367?origin=resultslist","Article","Final","All Open Access; Green Open Access; Hybrid Gold Open Access","Scopus","2-s2.0-84961291367"
"Dahlem M.; Schneider K.","Dahlem, Marc (56311651400); Schneider, Klaus (58406421600)","56311651400; 58406421600","Compiling synchronous languages to optimal move code for exposed datapath architectures","2020","Proceedings of the 23rd International Workshop on Software and Compilers for Embedded Systems, SCOPES 2020","","","","19","25","0","10.1145/3378678.3391877","https://www.scopus.com/pages/publications/85086731262?origin=resultslist","Conference paper","Final","","Scopus","2-s2.0-85086731262"
"DeAntoni J.; Mallet F.","DeAntoni, Julien (11940341600); Mallet, Frédéric (24328821200)","11940341600; 24328821200","TimeSquare: Treat your models with logical time","2012","Lecture Notes in Computer Science (including subseries Lecture Notes in Artificial Intelligence and Lecture Notes in Bioinformatics)","7304 LNCS","","","34","41","78","10.1007/978-3-642-30561-0_4","https://www.scopus.com/pages/publications/84862237263?origin=resultslist","Conference paper","Final","","Scopus","2-s2.0-84862237263"
"Williams B.C.; Ingham M.D.","Williams, Brian C. (7404502203); Ingham, Michel D. (7004330449)","7404502203; 7004330449","Model-based programming: Controlling embedded systems by reasoning about hidden state","2002","Lecture Notes in Computer Science (including subseries Lecture Notes in Artificial Intelligence and Lecture Notes in Bioinformatics)","2470","","","508","524","2","10.1007/3-540-46135-3_34","https://www.scopus.com/pages/publications/23044531999?origin=resultslist","Conference paper","Final","","Scopus","2-s2.0-23044531999"
"Azam R.; Soudki K.; West J.S.; Noël M.","Azam, Rizwan (55233372900); Soudki, Khaled (7003507840); West, Jeffrey S. (7402746437); Noël, Martin (36731460800)","55233372900; 7003507840; 7402746437; 36731460800","Shear strengthening of RC deep beams with cement-based composites","2018","Engineering Structures","172","","","929","937","39","10.1016/j.engstruct.2018.06.085","https://www.scopus.com/pages/publications/85049089554?origin=resultslist","Article","Final","","Scopus","2-s2.0-85049089554"
"Chen J.; De Mendonça J.L.V.; Jalili S.; Ayele B.; Bekele B.N.; Qu Z.; Sharma P.; Shiferaw T.; Zhang Y.; Jeannin J.-B.","Chen, Jiawei (57987630300); De Mendonça, José Luiz Vargas (57987630400); Jalili, Shayan (57221818051); Ayele, Bereket (58082131600); Bekele, Bereket Ngussie (59179526500); Qu, Zhemin (58081607700); Sharma, Pranjal (58082304300); Shiferaw, Tigist (58081957400); Zhang, Yicheng (58081607800); Jeannin, Jean-Baptiste (53877887000)","57987630300; 57987630400; 57221818051; 58082131600; 59179526500; 58081607700; 58082304300; 58081957400; 58081607800; 53877887000","Synchronous Programming and Refinement Types in Robotics: From Verification to Implementation","2022","FTSCS 2022 - Proceedings of the 8th ACM SIGPLAN International Workshop on Formal Techniques for Safety-Critical Systems, co-located with SPLASH 2022","","","","68","79","2","10.1145/3563822.3568015","https://www.scopus.com/pages/publications/85147017142?origin=resultslist","Conference paper","Final","All Open Access; Green Open Access","Scopus","2-s2.0-85147017142"
"Belwal C.; Cheng A.M.K.; Liu B.","Belwal, Chaitanya (6507996126); Cheng, Albert M.K. (7402075079); Liu, Bo (55574234577)","6507996126; 7402075079; 55574234577","Feasibility interval for the transactional event handlers of P-FRP","2013","Journal of Computer and System Sciences","79","5","","530","541","5","10.1016/j.jcss.2012.11.006","https://www.scopus.com/pages/publications/84875226982?origin=resultslist","Article","Final","All Open Access; Bronze Open Access","Scopus","2-s2.0-84875226982"
"","","","Proceedings of the ACM SIGPLAN Conference on Languages, Compilers, and Tools for Embedded Systems (LCTES)","2018","Proceedings of the ACM SIGPLAN Conference on Languages, Compilers, and Tools for Embedded Systems (LCTES)","","","","","","0","","https://www.scopus.com/pages/publications/85050129892?origin=resultslist","Conference review","Final","","Scopus","2-s2.0-85050129892"
"Kim C.-J.; Yun J.-H.; Kim S.; Choe K.-M.; Han T.","Kim, Chul-Joo (36008584500); Yun, Jeong-Han (35148691700); Kim, Seonggun (15046648900); Choe, Kwang-Moo (56259553100); Han, Taisook (7202802359)","36008584500; 35148691700; 15046648900; 56259553100; 7202802359","Over-approximated control flow graph construction on pure Esterel","2010","IEICE Transactions on Information and Systems","E93-D","5","","985","993","1","10.1587/transinf.E93.D.985","https://www.scopus.com/pages/publications/77951868387?origin=resultslist","Article","Final","All Open Access; Gold Open Access","Scopus","2-s2.0-77951868387"
"Zhou Y.; Lee E.A.","Zhou, Ye (51565321700); Lee, Edward A. (7406967883)","51565321700; 7406967883","Causality interfaces for actor networks","2008","Transactions on Embedded Computing Systems","7","3","29","","","22","10.1145/1347375.1347382","https://www.scopus.com/pages/publications/43949125871?origin=resultslist","Article","Final","","Scopus","2-s2.0-43949125871"
"Lee E.A.; Zheng H.","Lee, Edward A. (7406967883); Zheng, Haiyang (37044156800)","7406967883; 37044156800","Leveraging synchronous language principles for heterogeneous modeling and design of embedded systems","2007","EMSOFT'07: Proceedings of the Seventh ACM and IEEE International Conference on Embedded Software","","","","114","123","82","10.1145/1289927.1289949","https://www.scopus.com/pages/publications/38849147599?origin=resultslist","Conference paper","Final","","Scopus","2-s2.0-38849147599"
"André C.; Mallet F.","André, Charles (56212847900); Mallet, Frédéric (24328821200)","56212847900; 24328821200","Specification and verification of time requirements with CCSL and esterel","2009","ACM SIGPLAN Notices","44","7","","167","176","19","10.1145/1543136.1542475","https://www.scopus.com/pages/publications/67650792460?origin=resultslist","Conference paper","Final","","Scopus","2-s2.0-67650792460"
"Varoumas S.; Crolard T.","Varoumas, Steven (57209978416); Crolard, Tristan (6508025844)","57209978416; 6508025844","WCET of OCaML bytecode on microcontrollers: An automated method and its formalisation","2019","OpenAccess Series in Informatics","72","","5","","","2","10.4230/OASIcs.WCET.2019.5","https://www.scopus.com/pages/publications/85069211013?origin=resultslist","Conference paper","Final","","Scopus","2-s2.0-85069211013"
"Andalam S.; Roop P.S.; Girault A.; Traulsen C.","Andalam, Sidharta (26657876800); Roop, Partha S. (6602395877); Girault, Alain (7005652499); Traulsen, Claus (14042787700)","26657876800; 6602395877; 7005652499; 14042787700","A predictable framework for safety-critical embedded systems","2014","IEEE Transactions on Computers","63","7","6463378","1600","1612","25","10.1109/TC.2013.28","https://www.scopus.com/pages/publications/84903592108?origin=resultslist","Article","Final","","Scopus","2-s2.0-84903592108"
"Wang S.; Watanabe T.","Wang, Sheng (57210816688); Watanabe, Takuo (36931774900)","57210816688; 36931774900","Functional Reactive EDSL with Asynchronous Execution for Resource-Constrained Embedded Systems","2020","Studies in Computational Intelligence","850","","","171","190","5","10.1007/978-3-030-26428-4_12","https://www.scopus.com/pages/publications/85071519053?origin=resultslist","Book chapter","Final","","Scopus","2-s2.0-85071519053"
"Yip E.; Girault A.; Roop P.S.; Biglari-Abhari M.","Yip, Eugene (59117934100); Girault, Alain (7005652499); Roop, Partha S. (6602395877); Biglari-Abhari, Morteza (7801530871)","59117934100; 7005652499; 6602395877; 7801530871","Synchronous Deterministic Parallel Programming for Multi-Cores with ForeC","2023","ACM Transactions on Programming Languages and Systems","45","2","11","","","3","10.1145/3591594","https://www.scopus.com/pages/publications/85165701562?origin=resultslist","Article","Final","All Open Access; Green Open Access; Hybrid Gold Open Access","Scopus","2-s2.0-85165701562"
"","","","EMSOFT'07: Proceedings of the Seventh ACM and IEEE International Conference on Embedded Software","2007","EMSOFT'07: Proceedings of the Seventh ACM and IEEE International Conference on Embedded Software","","","","288","","0","","https://www.scopus.com/pages/publications/38849146263?origin=resultslist","Conference review","Final","","Scopus","2-s2.0-38849146263"
"Rafique O.; Gesell M.; Schneider K.","Rafique, Omair (56024076100); Gesell, Manuel (27567687900); Schneider, Klaus (58406421600)","56024076100; 27567687900; 58406421600","Targeting different abstraction layers by model-based design methods for embedded systems: A case study","2013","2013 IEEE 19th International Conference on Embedded and Real-Time Computing Systems and Applications, RTCSA 2013","","","6732235","334","337","2","10.1109/RTCSA.2013.6732235","https://www.scopus.com/pages/publications/84899412011?origin=resultslist","Conference paper","Final","","Scopus","2-s2.0-84899412011"
"Susini J.-F.","Susini, Jean-Ferdy (55275710100)","55275710100","The reactive programming approach on top of Java/J2ME","2006","ACM International Conference Proceeding Series","177","","","227","236","3","10.1145/1167999.1168037","https://www.scopus.com/pages/publications/34547345741?origin=resultslist","Conference paper","Final","","Scopus","2-s2.0-34547345741"
"Singh S.","Singh, Satnam (59833871100)","59833871100","A demonstration of co-design and co-verification in a synchronous language","2004","Proceedings -Design, Automation and Test in Europe, DATE","2","","1269104","1394","1395","0","10.1109/DATE.2004.1269104","https://www.scopus.com/pages/publications/3042662119?origin=resultslist","Conference paper","Final","","Scopus","2-s2.0-3042662119"
"Baird A.; Panda A.; Pearce H.; Pinisetty S.; Roop P.","Baird, Alex (58003044900); Panda, Abhinandan (57211976873); Pearce, Hammond (57190837137); Pinisetty, Srinivas (55568660700); Roop, Partha (6602395877)","58003044900; 57211976873; 57190837137; 55568660700; 6602395877","Scalable Security Enforcement for Cyber Physical Systems","2024","IEEE Access","12","","","14385","14410","5","10.1109/ACCESS.2024.3357714","https://www.scopus.com/pages/publications/85183942401?origin=resultslist","Article","Final","All Open Access; Gold Open Access; Green Open Access","Scopus","2-s2.0-85183942401"
"Caspi P.; Colaço J.-L.; Gérard L.; Pouzet M.; Raymond P.","Caspi, Paul (7003700523); Colaço, Jean-Louis (10138798400); Gérard, Léonard (28067944000); Pouzet, Marc (57202122440); Raymond, Pascal (14014305600)","7003700523; 10138798400; 28067944000; 57202122440; 14014305600","Synchronous objects with scheduling policies: Introducing safe shared memory in luster","2009","ACM SIGPLAN Notices","44","7","","11","20","1","","https://www.scopus.com/pages/publications/67650831249?origin=resultslist","Conference paper","Final","","Scopus","2-s2.0-67650831249"
"André C.","André, Charles (56212847900)","56212847900","Synchronous languages and formalisms: Fundamentals; [Langages et formalismes synchrones Fondements]","2005","Journal Europeen des Systemes Automatises","39","1-3","","15","30","0","10.3166/jesa.39.15-30","https://www.scopus.com/pages/publications/33645891660?origin=resultslist","Conference paper","Final","","Scopus","2-s2.0-33645891660"
"Yu C.; Li Y.; Yan T.; Zhang J.","Yu, Chong (60549235800); Li, Yahui (57188712494); Yan, Tingkun (57192066032); Zhang, Jiyu (60549025000)","60549235800; 57188712494; 57192066032; 60549025000","Design of an Autonomous Intelligent Vehicle Based on Nonlinear PID Control","2025","2025 IEEE 7th International Conference on Power, Intelligent Computing and Systems, ICPICS 2025","","","","1788","1793","0","10.1109/ICPICS66386.2025.11347258","https://www.scopus.com/pages/publications/105034493497?origin=resultslist","Conference paper","Final","","Scopus","2-s2.0-105034493497"
"Lucas D.; Schulz-Rosengarten A.; Von Hanxleden R.; Gretz F.; Grosch F.-J.","Lucas, Daniel (57222516713); Schulz-Rosengarten, Alexander (57191824753); Von Hanxleden, Reinhard (57192869992); Gretz, Friedrich (55515344300); Grosch, Franz-Josef (57195952201)","57222516713; 57191824753; 57192869992; 55515344300; 57195952201","Extracting mode diagrams from blech code","2021","Forum on Specification and Design Languages","2021-September","","","","","2","10.1109/FDL53530.2021.9568375","https://www.scopus.com/pages/publications/85118896449?origin=resultslist","Conference paper","Final","","Scopus","2-s2.0-85118896449"
"Leone M.; Aiello M.A.; Balsamo A.; Carozzi F.G.; Ceroni F.; Corradi M.; Gams M.; Garbin E.; Gattesco N.; Krajewski P.; Mazzotti C.; Oliveira D.; Papanicolaou C.; Ranocchiai G.; Roscini F.; Saenger D.","Leone, Marianovella (7101678662); Aiello, Maria Antonietta (55663242000); Balsamo, Alberto (23988640600); Carozzi, Francesca Giulia (55955226600); Ceroni, Francesca (7801412007); Corradi, Marco (58679102100); Gams, Matija (37090546600); Garbin, Enrico (19336809500); Gattesco, Natalino (6603366729); Krajewski, Piotr (56298259300); Mazzotti, Claudio (35612301800); Oliveira, Daniel (9249985900); Papanicolaou, Catherine (8728408100); Ranocchiai, Giovanna (7801436193); Roscini, Francesca (56780353700); Saenger, Dorothea (57078986300)","7101678662; 55663242000; 23988640600; 55955226600; 7801412007; 58679102100; 37090546600; 19336809500; 6603366729; 56298259300; 35612301800; 9249985900; 8728408100; 7801436193; 56780353700; 57078986300","Glass fabric reinforced cementitious matrix: Tensile properties and bond performance on masonry substrate","2017","Composites Part B: Engineering","127","","","196","214","266","10.1016/j.compositesb.2017.06.028","https://www.scopus.com/pages/publications/85021430888?origin=resultslist","Article","Final","All Open Access; Green Open Access","Scopus","2-s2.0-85021430888"
"Kamina T.; Aotani T.","Kamina, Tetsuo (12753106000); Aotani, Tomoyuki (14629949300)","12753106000; 14629949300","An approach for persistent time-varying values","2019","Onward! 2019 - Proceedings of the 2019 ACM SIGPLAN International Symposium on New Ideas, New Paradigms, and Reflections on Programming and Software, co-located with SPLASH 2019","","","","17","31","6","10.1145/3359591.3359730","https://www.scopus.com/pages/publications/85076756495?origin=resultslist","Conference paper","Final","","Scopus","2-s2.0-85076756495"
"Roessler P.; Zauner M.","Roessler, Peter (22235447500); Zauner, Martin (24462810400)","22235447500; 24462810400","Evaluation of an esterel-based hardware/software co-design flow","2009","Proceedings - 2009 IEEE International Symposium on Industrial Embedded Systems, SIES 2009","","","5196190","42","45","1","10.1109/SIES.2009.5196190","https://www.scopus.com/pages/publications/70449563182?origin=resultslist","Conference paper","Final","","Scopus","2-s2.0-70449563182"
"Yuan S.; Yoong L.H.; Roop P.S.","Yuan, Simon (26658818600); Yoong, Li Hsien (23669604500); Roop, Partha S. (6602395877)","26658818600; 23669604500; 6602395877","Compiling esterel for multi-core execution","2011","Proceedings - 2011 14th Euromicro Conference on Digital System Design: Architectures, Methods and Tools, DSD 2011","","","6037481","727","735","9","10.1109/DSD.2011.97","https://www.scopus.com/pages/publications/80054988357?origin=resultslist","Conference paper","Final","","Scopus","2-s2.0-80054988357"
"Rye P.M.","Rye, Patrick M. (7004492328)","7004492328","Embedded microcontroller networks: Acoustic materials health monitoring","2007","Proceedings of SPIE - The International Society for Optical Engineering","6530","","65301F","","","4","10.1117/12.715213","https://www.scopus.com/pages/publications/35648963570?origin=resultslist","Conference paper","Final","","Scopus","2-s2.0-35648963570"
"Maddaloni G.; Cascardi A.; Balsamo A.; Di Ludovico M.; Micelli F.; Aiello M.A.; Prota A.","Maddaloni, Gennaro (55258117300); Cascardi, Alessio (57035239700); Balsamo, Alberto (23988640600); Di Ludovico, Marco (23469290900); Micelli, Francesco (56039860200); Aiello, Maria Antonietta (55663242000); Prota, Andrea (6603458266)","55258117300; 57035239700; 23988640600; 23469290900; 56039860200; 55663242000; 6603458266","Confinement of full-scale masonry columns with FRCM systems","2017","Key Engineering Materials","747 KEM","","","374","381","58","10.4028/www.scientific.net/KEM.747.374","https://www.scopus.com/pages/publications/85027030158?origin=resultslist","Conference paper","Final","All Open Access; Hybrid Gold Open Access","Scopus","2-s2.0-85027030158"
"Nadeem M.; Biglari-Abhari M.; Salcic Z.","Nadeem, Muhammad (57189219413); Biglari-Abhari, Morteza (7801530871); Salcic, Zoran (7003306034)","57189219413; 7801530871; 7003306034","RJOP - A customized Java processor for reactive embedded systems","2011","Proceedings - Design Automation Conference","","","5982024","1038","1043","8","","https://www.scopus.com/pages/publications/80052670341?origin=resultslist","Conference paper","Final","","Scopus","2-s2.0-80052670341"
"Belwal C.; Cheng A.M.K.; Ras J.; Wen Y.","Belwal, Chaitanya (6507996126); Cheng, Albert M. K. (7402075079); Ras, J. (26427784400); Wen, Yuanfeng (55479880700)","6507996126; 7402075079; 26427784400; 55479880700","Variable voltage scheduling with the priority-based functional reactive programming language","2013","Proceedings of the 2013 Research in Adaptive and Convergent Systems, RACS 2013","","","","440","445","1","10.1145/2513228.2513271","https://www.scopus.com/pages/publications/84891456452?origin=resultslist","Conference paper","Final","","Scopus","2-s2.0-84891456452"
"de Simone R.; André C.","de Simone, Robert (11339046600); André, Charles (56212847900)","11339046600; 56212847900","Towards a ""synchronous reactive"" UML profile?","2006","International Journal on Software Tools for Technology Transfer","8","2","","146","155","5","10.1007/s10009-005-0206-9","https://www.scopus.com/pages/publications/33646151169?origin=resultslist","Article","Final","","Scopus","2-s2.0-33646151169"
"Belwal C.; Cheng A.M.K.","Belwal, Chaitanya (6507996126); Cheng, Albert M.K. (7402075079)","6507996126; 7402075079","A utilization based sufficient condition for P-FRP","2011","Proceedings - 2011 IFIP 9th International Conference on Embedded and Ubiquitous Computing, EUC 2011","","","6104531","237","242","2","10.1109/EUC.2011.11","https://www.scopus.com/pages/publications/84855774984?origin=resultslist","Conference paper","Final","","Scopus","2-s2.0-84855774984"
"Yip E.; Kuo M.M.Y.; Roop P.S.; Broman D.","Yip, Eugene (59117934100); Kuo, Matthew M. Y. (25641076700); Roop, Partha S. (6602395877); Broman, David (18036903200)","59117934100; 25641076700; 6602395877; 18036903200","Relaxing the synchronous approach for mixed-criticality systems","2014","Real-Time Technology and Applications - Proceedings","2014-October","October","6925993","89","100","19","10.1109/RTAS.2014.6925993","https://www.scopus.com/pages/publications/84937577522?origin=resultslist","Conference paper","Final","All Open Access; Green Open Access","Scopus","2-s2.0-84937577522"
"De Troyer C.; Nicolay J.; De Meuter W.","De Troyer, Christophe (57195556375); Nicolay, Jens (54406023600); De Meuter, Wolfgang (16306490800)","57195556375; 54406023600; 16306490800","First-class reactive programs for CPS","2017","REBLS 2017 - Proceedings of the 4th ACM SIGPLAN International Workshop on Reactive and Event-Based Languages and Systems, co-located with SPLASH 2017","","","","21","26","3","10.1145/3141858.3141862","https://www.scopus.com/pages/publications/85037094299?origin=resultslist","Conference paper","Final","","Scopus","2-s2.0-85037094299"
"Pouzet M.; Raymond P.","Pouzet, Marc (57202122440); Raymond, Pascal (14014305600)","57202122440; 14014305600","Modular static scheduling of synchronous data-flow networks: An efficient symbolic representation","2009","Embedded Systems Week 2009 - Proceedings of the 7th ACM International Conference on Embedded Software, EMSOFT '09","","","","215","224","18","10.1145/1629335.1629365","https://www.scopus.com/pages/publications/72249121011?origin=resultslist","Conference paper","Final","","Scopus","2-s2.0-72249121011"
"","","","Proceedings - International Conference on Application of Concurrency to System Design, ACSD","2001","Proceedings - International Conference on Application of Concurrency to System Design, ACSD","2001-January","","","","","0","","https://www.scopus.com/pages/publications/84952776677?origin=resultslist","Conference review","Final","","Scopus","2-s2.0-84952776677"
"Ito S.A.; De Mattos J.C.B.; Carro L.; Toscani S.S.","Ito, S.A. (23024694700); De Mattos, J.C.B. (6603748526); Carro, L. (7004254095); Toscani, S.S. (60626394900)","23024694700; 6603748526; 7004254095; 60626394900","A comparison of OO and reactive based specifications on the design of embedded systems","2000","Proceedings - 13th Symposium on Integrated Circuits and Systems Design","","","876060","391","396","0","10.1109/SBCCI.2000.876060","https://www.scopus.com/pages/publications/84951843548?origin=resultslist","Conference paper","Final","","Scopus","2-s2.0-84951843548"
"Liu J.; Wang J.; Li Z.; Sun H.; Wang Y.; Du D.; Chen X.; Chen M.","Liu, Jing (55705933200); Wang, Junyang (57199999614); Li, Zhiwei (57199998202); Sun, Haiying (55547141353); Wang, Yuejun (57188660188); Du, Dehui (14044898400); Chen, Xiaohong (35236403100); Chen, Mingsong (55581519700)","55705933200; 57199999614; 57199998202; 55547141353; 57188660188; 14044898400; 35236403100; 55581519700","ST-LUSTRE: A novel spatio-Temporal language towards safety-critical cyber-physical systems","2017","International Journal of Performability Engineering","13","8","","1219","1232","2","10.23940/ijpe.17.08.p5.12191232","https://www.scopus.com/pages/publications/85038581301?origin=resultslist","Article","Final","All Open Access; Bronze Open Access","Scopus","2-s2.0-85038581301"
"Kuo M.; Roop P.; Andalam S.; Patel N.","Kuo, Matthew (25641076700); Roop, Partha (6602395877); Andalam, Sidharta (26657876800); Patel, Nitish (56301733900)","25641076700; 6602395877; 26657876800; 56301733900","Precision timed embedded systems using TickPAD memory","2013","Proceedings - International Conference on Application of Concurrency to System Design, ACSD","","","6598356","206","215","2","10.1109/ACSD.2013.30","https://www.scopus.com/pages/publications/84885648298?origin=resultslist","Conference paper","Final","","Scopus","2-s2.0-84885648298"
"Parakhiya D.; Thoriya A.; Rangwala H.; Vora T.","Parakhiya, Darshan (59921249000); Thoriya, Amit (57696307800); Rangwala, Husain (59525082900); Vora, Tarak (57191707192)","59921249000; 57696307800; 59525082900; 57191707192","Smart Structural Retrofit: Integrating CFRP Strengthening with IoT-Based Displacement Monitoring for Flexural Performance Assessment of Steel Beams","2025","2025 Artificial Intelligence and Smart Technologies for Sustainability Conference, AISTS 2025","","","","","","0","10.1109/AISTS66100.2025.11233186","https://www.scopus.com/pages/publications/105030925365?origin=resultslist","Conference paper","Final","","Scopus","2-s2.0-105030925365"
"Huang J.; Pei X.; Ou D.; Wang J.","Huang, Jingru (57485771200); Pei, Xilong (56241805100); Ou, Dongxiu (22433620800); Wang, Jianmin (57485145300)","57485771200; 56241805100; 22433620800; 57485145300","A Method for High Availability Software Programming and Testing","2022","Lecture Notes in Electrical Engineering","867 LNEE","","","18","27","1","10.1007/978-981-16-9909-2_3","https://www.scopus.com/pages/publications/85126232908?origin=resultslist","Conference paper","Final","","Scopus","2-s2.0-85126232908"
"André C.; Deantoni J.; Mallet F.; De Simone R.","André, Charles (56212847900); Deantoni, Julien (11940341600); Mallet, Frédéric (24328821200); De Simone, Robert (11339046600)","56212847900; 11940341600; 24328821200; 11339046600","The Time Model of logical clocks available in the OMG MARTE profile","2010","Synthesis of Embedded Software: Frameworks and Methodologies for Correctness by Construction","","","","201","227","12","10.1007/978-1-4419-6400-7_7","https://www.scopus.com/pages/publications/84863032719?origin=resultslist","Book chapter","Final","All Open Access; Green Open Access","Scopus","2-s2.0-84863032719"
"Caspi P.; Colaço J.-L.; Gérard L.; Pouzet M.; Raymond P.","Caspi, Paul (7003700523); Colaço, Jean-Louis (10138798400); Gérard, Léonard (28067944000); Pouzet, Marc (57202122440); Raymond, Pascal (14014305600)","7003700523; 10138798400; 28067944000; 57202122440; 14014305600","Synchronous objects with scheduling policies - Introducing safe shared memory in lustre","2009","Proceedings of the ACM SIGPLAN Conference on Languages, Compilers, and Tools for Embedded Systems (LCTES)","","","","11","20","12","10.1145/1542452.1542455","https://www.scopus.com/pages/publications/70450237993?origin=resultslist","Conference paper","Final","","Scopus","2-s2.0-70450237993"
"Siron F.; Potop-Butucaru D.; De Simone R.; Chabrol D.; Methni A.","Siron, Fabien (58265960000); Potop-Butucaru, Dumitru (6506534634); De Simone, Robert (11339046600); Chabrol, Damien (35761112600); Methni, Amira (56652204600)","58265960000; 6506534634; 11339046600; 35761112600; 56652204600","Semantics foundations of PsyC based on synchronous Logical Execution Time","2023","ACM International Conference Proceeding Series","","","","319","324","0","10.1145/3576914.3587495","https://www.scopus.com/pages/publications/85159775420?origin=resultslist","Conference paper","Final","All Open Access; Gold Open Access; Green Open Access","Scopus","2-s2.0-85159775420"
"Wang J.J.; Roop P.S.; Andalam S.","Wang, Jia Jie (56008371300); Roop, Partha S. (6602395877); Andalam, Sidharta (26657876800)","56008371300; 6602395877; 26657876800","ILPc: A novel approach for scalable timing analysis of synchronous programs","2013","2013 International Conference on Compilers, Architecture and Synthesis for Embedded Systems, CASES 2013","","","6662526","","","10","10.1109/CASES.2013.6662526","https://www.scopus.com/pages/publications/84892639459?origin=resultslist","Conference paper","Final","","Scopus","2-s2.0-84892639459"
"Roop P.S.; Andalam S.; Von Hanxleden R.; Yuan S.; Traulsen C.","Roop, Partha S. (6602395877); Andalam, Sidharta (26657876800); Von Hanxleden, Reinhard (10045077200); Yuan, Simon (26658818600); Traulsen, Claus (14042787700)","6602395877; 26657876800; 10045077200; 26658818600; 14042787700","Tight WCRT analysis of synchronous C programs","2009","Embedded Systems Week 2009 - 2009 International Conference on Compilers, Architecture, and Synthesis for Embedded Systems, CASES'09","","","","205","214","32","10.1145/1629395.1629424","https://www.scopus.com/pages/publications/72049128371?origin=resultslist","Conference paper","Final","All Open Access; Green Open Access","Scopus","2-s2.0-72049128371"
"","","","LCTES 2011 - Proceedings of the ACM SIGPLAN/SIGBED 2011 Conference on Languages, Compilers, Tools and Theory for Embedded Systems","2011","Proceedings of the ACM SIGPLAN Conference on Languages, Compilers, and Tools for Embedded Systems (LCTES)","","","","","","0","","https://www.scopus.com/pages/publications/105043630369?origin=resultslist","Conference review","Final","","Scopus","2-s2.0-105043630369"
"Holschemacher K.; Käseberg S.","Holschemacher, K. (6506835750); Käseberg, S. (56052157700)","6506835750; 56052157700","Smart FRP systems with embedded FBG for structural monitoring and retrofitting","2013","Proceedings of the 13th East Asia-Pacific Conference on Structural Engineering and Construction, EASEC 2013","","","","","","1","","https://www.scopus.com/pages/publications/84905270658?origin=resultslist","Conference paper","Final","","Scopus","2-s2.0-84905270658"
"Cohen A.; Mandel L.; Plateau F.; Pouzet M.","Cohen, Albert (57207237960); Mandel, Louis (7101842179); Plateau, Florence (10143979800); Pouzet, Marc (57202122440)","57207237960; 7101842179; 10143979800; 57202122440","Abstraction of clocks in synchronous data-flow systems","2008","Lecture Notes in Computer Science (including subseries Lecture Notes in Artificial Intelligence and Lecture Notes in Bioinformatics)","5356 LNCS","","","237","254","8","10.1007/978-3-540-89330-1_17","https://www.scopus.com/pages/publications/58549096283?origin=resultslist","Conference paper","Final","","Scopus","2-s2.0-58549096283"
"Von Hanxleden R.; Mendler M.; Aguado J.; Duderstadt B.; Fuhrmann I.; Motika C.; Mercer S.; O'Brien O.; Roop P.","Von Hanxleden, Reinhard (57192869992); Mendler, Michael (55881981000); Aguado, Joaquín (8409620700); Duderstadt, Björn (55885231900); Fuhrmann, Insa (55884604800); Motika, Christian (57191927573); Mercer, Stephen (55883986000); O'Brien, Owen (55885267300); Roop, Partha (6602395877)","57192869992; 55881981000; 8409620700; 55885231900; 55884604800; 57191927573; 55883986000; 55885267300; 6602395877","Sequentially constructive concurrency - A conservative extension of the synchronous model of computation","2014","ACM Transactions on Embedded Computing Systems","13","4s","144","","","28","10.1145/2627350","https://www.scopus.com/pages/publications/84995602188?origin=resultslist","Conference paper","Final","","Scopus","2-s2.0-84995602188"
"Peros S.; Delbruel S.; Michiels S.; Joosen W.; Hughes D.","Peros, Stefanos (57202605259); Delbruel, Sté;phane (57189257666); Michiels, Sam (6603638033); Joosen, Wouter (57202521929); Hughes, Danny (56111496900)","57202605259; 57189257666; 6603638033; 57202521929; 56111496900","Simplifying CPS Application Development through Fine-grained, Automatic Timeout Predictions","2020","ACM Transactions on Internet of Things","1","3","18","","","2","10.1145/3385960","https://www.scopus.com/pages/publications/85151961651?origin=resultslist","Article","Final","","Scopus","2-s2.0-85151961651"
"Caspi P.; Curic A.; Maignan A.; Sofronis C.; Tripakis S.; Niebert P.","Caspi, Paul (7003700523); Curic, Adrian (6508136914); Maignan, Aude (57188576630); Sofronis, Christos (6507485743); Tripakis, Stavros (6701546551); Niebert, Peter (15045439800)","7003700523; 6508136914; 57188576630; 6507485743; 6701546551; 15045439800","From simulink to SCADE/Lustre to TTA: A layered approach for distributed embedded applications","2003","Proceedings of the ACM SIGPLAN Conference on Languages, Compilers, and Tools for Embedded Systems (LCTES)","","","","153","162","102","","https://www.scopus.com/pages/publications/0242527400?origin=resultslist","Conference paper","Final","","Scopus","2-s2.0-0242527400"
"Nilsson H.","Nilsson, Henrik (35865815300)","35865815300","Dynamic optimization for functional reactive programming using Generalized Algebraic Data Types","2005","ACM SIGPLAN Notices","40","9","","54","65","5","10.1145/1090189.1086374","https://www.scopus.com/pages/publications/33745213154?origin=resultslist","Article","Final","","Scopus","2-s2.0-33745213154"
"Zhang Q.; Barri K.; Wang Z.L.; Alavi A.H.","Zhang, Qianyun (57219218482); Barri, Kaveh (57207842284); Wang, Zhong Lin (56430045300); Alavi, Amir H. (33867483600)","57219218482; 57207842284; 56430045300; 33867483600","Multifunctional Composite Rebars for Distributed Structural Health Monitoring of Concrete Structures","2021","Structural Health Monitoring 2021: Enabling Next-Generation SHM for Cyber-Physical Systems - Proceedings of the 13th International Workshop on Structural Health Monitoring, IWSHM 2021","","","","253","259","0","","https://www.scopus.com/pages/publications/85139189100?origin=resultslist","Conference paper","Final","","Scopus","2-s2.0-85139189100"
"Ma Y.; Gautier T.; Talpin J.-P.; Le Guernic P.; Yu H.","Ma, Yue (55687242700); Gautier, Thierry (35953675000); Talpin, Jean-Pierre (6602090161); Le Guernic, Paul (6701792272); Yu, Huafeng (59870410100)","55687242700; 35953675000; 6602090161; 6701792272; 59870410100","Compositional modeling of GALS architectures in a polychronous calculation model; [Modélisation compositionnelle d'architectures GALS dans un modèle de calcul polychrone]","2011","Journal Europeen des Systemes Automatises","45","1-3","","61","76","0","10.3166/JESA.45.61-76","https://www.scopus.com/pages/publications/82255171035?origin=resultslist","Article","Final","All Open Access; Green Open Access","Scopus","2-s2.0-82255171035"
"","","","REBLS 2022 - Proceedings of the 9th ACM SIGPLAN International Workshop on Reactive and Event-Based Languages and Systems, co-located with SPLASH 2022","2022","REBLS 2022 - Proceedings of the 9th ACM SIGPLAN International Workshop on Reactive and Event-Based Languages and Systems, co-located with SPLASH 2022","","","","","","0","","https://www.scopus.com/pages/publications/85146995629?origin=resultslist","Conference review","Final","","Scopus","2-s2.0-85146995629"
"Sogo K.; Tsuji Y.; Moriguchi S.; Watanabe T.","Sogo, Kento (58714486200); Tsuji, Yuta (58715352200); Moriguchi, Sosuke (55735588400); Watanabe, Takuo (36931774900)","58714486200; 58715352200; 55735588400; 36931774900","Periodic and Aperiodic Task Description Mechanisms in an FRP Language for Small-Scale Embedded Systems","2023","REBLS 2023 - Proceedings of the 10th ACM SIGPLAN International Workshop on Reactive and Event-Based Languages and Systems, Co-located with: SPLASH 2023","","","","43","53","4","10.1145/3623506.3623578","https://www.scopus.com/pages/publications/85177647045?origin=resultslist","Conference paper","Final","All Open Access; Gold Open Access","Scopus","2-s2.0-85177647045"
"Sculthorpe N.; Nilsson H.","Sculthorpe, Neil (35119391400); Nilsson, Henrik (35865815300)","35119391400; 35865815300","Safe functional reactive programming through dependent types","2009","Proceedings of the ACM SIGPLAN International Conference on Functional Programming, ICFP","","","","23","34","30","10.1145/1596550.1596558","https://www.scopus.com/pages/publications/70450286358?origin=resultslist","Conference paper","Final","","Scopus","2-s2.0-70450286358"
"Adelantado M.; Boniol F.; Pinault D.","Adelantado, M. (6603608420); Boniol, F. (6507057555); Pinault, D. (6603951570)","6603608420; 6507057555; 6603951570","A simulation environment for designing distributed reactid deliberative time-constrained applications","1995","Proceedings of the 28th Annual Simulation Symposium, ANSS 1995","","","393581","186","195","0","10.1109/SIMSYM.1995.393581","https://www.scopus.com/pages/publications/85063392010?origin=resultslist","Conference paper","Final","","Scopus","2-s2.0-85063392010"
"Virtanen S.","Virtanen, Seppo (16040756100)","16040756100","Innovations in Embedded and Real-Time Systems Engineering for Communication","2012","Innovations in Embedded and Real-Time Systems Engineering for Communication","","","","1","377","1","10.4018/978-1-4666-0912-9","https://www.scopus.com/pages/publications/105013279576?origin=resultslist","Book","Final","","Scopus","2-s2.0-105013279576"
"Schmid D.; Schneider K.; Huhn M.; Logothetis G.; Sabelfeld V.","Schmid, Detlef (7102394623); Schneider, Klaus (58406421600); Huhn, Michaela (15769616800); Logothetis, George (6602879614); Sabelfeld, Viktor (6602275529)","7102394623; 58406421600; 15769616800; 6602879614; 6602275529","Formal Verification of Embedded Systems; [Formale Verifikation eingebetteter Systeme]","1999","IT - Information Technology","41","2","","12","16","1","10.1524/itit.1999.41.2.12","https://www.scopus.com/pages/publications/84908883356?origin=resultslist","Article","Final","","Scopus","2-s2.0-84908883356"
"Delaval G.; Marchand H.; Rutten E.","Delaval, Gwenaël (15064030600); Marchand, Hervé (7006153758); Rutten, Eric (56276265500)","15064030600; 7006153758; 56276265500","Contracts for modular discrete controller synthesis","2010","Proceedings of the ACM SIGPLAN Conference on Languages, Compilers, and Tools for Embedded Systems (LCTES)","","","","57","66","54","10.1145/1755888.1755898","https://www.scopus.com/pages/publications/77954523005?origin=resultslist","Conference paper","Final","All Open Access; Green Open Access","Scopus","2-s2.0-77954523005"
"Scaife N.; Sofronis C.; Caspi P.; Tripakis S.; Maraninchi F.","Scaife, N. (6508213267); Sofronis, C. (6507485743); Caspi, P. (7003700523); Tripakis, S. (6701546551); Maraninchi, F. (57208414472)","6508213267; 6507485743; 7003700523; 6701546551; 57208414472","Defining and translating a ""safe"" subset of simulink/stateflow into lustre","2004","EMSOFT 2004 - Fourth ACM International Conference on Embedded Software","","","","259","268","100","10.1145/1017753.1017795","https://www.scopus.com/pages/publications/21144449776?origin=resultslist","Conference paper","Final","","Scopus","2-s2.0-21144449776"
"Romberg J.; Bauer A.","Romberg, Jan (13613612000); Bauer, Andreas (57196955648)","13613612000; 57196955648","Loose synchronization of event-triggered networks for distribution of synchronous programs","2004","EMSOFT 2004 - Fourth ACM International Conference on Embedded Software","","","","193","202","11","10.1145/1017753.1017786","https://www.scopus.com/pages/publications/27644457520?origin=resultslist","Conference paper","Final","","Scopus","2-s2.0-27644457520"
"Andre C.; Peraldi M.-A.","Andre, Charles (56212847900); Peraldi, Marie-Agnès (24438178200)","56212847900; 24438178200","Synchronous programming of a real-time microcontroller","1992","Proceedings - Euromicro Conference on Real-Time Systems","","","637472","60","65","1","10.1109/EMWRT.1992.637472","https://www.scopus.com/pages/publications/84884659636?origin=resultslist","Conference paper","Final","","Scopus","2-s2.0-84884659636"
"Segura L.; Higuchi E.; Vinces L.; Oliden J.","Segura, Luis (58619093800); Higuchi, Emilio (58619620300); Vinces, Leonardo (57204942922); Oliden, José (57245143900)","58619093800; 58619620300; 57204942922; 57245143900","Development of a Multimodal Robot Controlled by Raspberry Pi Using Python-Based Graphical Programming Environment","2023","Proceedings of the LACCEI international Multi-conference for Engineering, Education and Technology","2023-July","","","","","0","","https://www.scopus.com/pages/publications/85172393956?origin=resultslist","Conference paper","Final","","Scopus","2-s2.0-85172393956"
"Gérard L.; Guatto A.; Pasteur C.; Pouzet M.","Gérard, Léonard (28067944000); Guatto, Adrien (55318820200); Pasteur, Cédric (36464217100); Pouzet, Marc (57202122440)","28067944000; 55318820200; 36464217100; 57202122440","A modular memory optimization for synchronous data-flow languages: Application to arrays in a lustre compiler","2012","Proceedings of the ACM SIGPLAN Conference on Languages, Compilers, and Tools for Embedded Systems (LCTES)","","","","51","60","22","10.1145/2248418.2248426","https://www.scopus.com/pages/publications/84864150636?origin=resultslist","Conference paper","Final","All Open Access; Green Open Access","Scopus","2-s2.0-84864150636"
"Jiang Y.; Cheng A.M.K.; Zou X.","Jiang, Yu (57192978212); Cheng, Albert M. K. (7402075079); Zou, Xingliang (56637540500)","57192978212; 7402075079; 56637540500","Schedulability analysis for real-time P-FRP tasks under fixed priority scheduling","2015","Proceedings - IEEE 21st International Conference on Embedded and Real-Time Computing Systems and Applications, RTCSA 2015","","","7299843","31","40","8","10.1109/RTCSA.2015.28","https://www.scopus.com/pages/publications/84962838943?origin=resultslist","Conference paper","Final","","Scopus","2-s2.0-84962838943"
"Zhu L.; Xu Q.; He J.; Zhu H.","Zhu, Longfei (24802845100); Xu, Qiwen (36642940300); He, Jifeng (6603057316); Zhu, Huibiao (14046380100)","24802845100; 36642940300; 6603057316; 14046380100","A formal model for a hybrid programming language","2015","Lecture Notes in Computer Science (including subseries Lecture Notes in Artificial Intelligence and Lecture Notes in Bioinformatics)","8963","","","125","142","1","10.1007/978-3-319-14806-9_7","https://www.scopus.com/pages/publications/84927666180?origin=resultslist","Conference paper","Final","","Scopus","2-s2.0-84927666180"
"Cheong E.; Liu J.","Cheong, Elaine (10144262400); Liu, Jie (55955823500)","10144262400; 55955823500","galsC: A language for event-driven embedded systems","2005","Proceedings -Design, Automation and Test in Europe, DATE '05","II","","1395729","1050","1055","20","10.1109/DATE.2005.165","https://www.scopus.com/pages/publications/33646950698?origin=resultslist","Conference paper","Final","All Open Access; Green Open Access","Scopus","2-s2.0-33646950698"
"Prochnow S.; Traulsen C.; Von Hanxleden R.","Prochnow, Steffen (14630938800); Traulsen, Claus (14042787700); Von Hanxleden, Reinhard (10045077200)","14630938800; 14042787700; 10045077200","Synthesizing safe state machines from Esterel","2006","ACM SIGPLAN Notices","41","7","","113","124","7","10.1145/1159974.1134667","https://www.scopus.com/pages/publications/33749001748?origin=resultslist","Article","Final","","Scopus","2-s2.0-33749001748"
"","","","LCTES'11 - Proceedings of the ACM SIGPLAN/SIGBED 2011 Conference on Languages, Compilers, Tools and Theory for Embedded Systems","2011","Proceedings of the ACM SIGPLAN Conference on Languages, Compilers, and Tools for Embedded Systems (LCTES)","","","","","","0","","https://www.scopus.com/pages/publications/79955672574?origin=resultslist","Conference review","Final","","Scopus","2-s2.0-79955672574"
"Park H.; Malik A.; Salcic Z.","Park, Heejong (55604379300); Malik, Avinash (25641264300); Salcic, Zoran (7003306034)","55604379300; 25641264300; 7003306034","Times square - Marriage of real-time and logical-time in GALS and synchronous languages","2014","RTCSA 2014 - 20th IEEE International Conference on Embedded and Real-Time Computing Systems and Applications","","","6910540","","","2","10.1109/RTCSA.2014.6910540","https://www.scopus.com/pages/publications/84908626171?origin=resultslist","Conference paper","Final","","Scopus","2-s2.0-84908626171"
"Liu T.; Ding L.; Yao Y.; Deng X.; Zhang Y.; Jiang K.","Liu, Tianqi (59984237200); Ding, Linzhe (59984012800); Yao, Yahui (59984909300); Deng, Xiaogang (59984909400); Zhang, Yutian (59983794100); Jiang, Kaiyi (59983575200)","59984237200; 59984012800; 59984909300; 59984909400; 59983794100; 59983575200","Dangerous Driving Behavior Monitoring System based on Raspberry PI 5","2025","2025 4th International Symposium on Computer Applications and Information Technology, ISCAIT 2025","","","","1023","1028","1","10.1109/ISCAIT64916.2025.11010443","https://www.scopus.com/pages/publications/105010205287?origin=resultslist","Conference paper","Final","","Scopus","2-s2.0-105010205287"
"Navarro A.; Ponge J.; Le Mouël F.; Escoffier C.","Navarro, Arthur (57337614800); Ponge, Julien (21743694200); Le Mouël, Frédéric (15136452200); Escoffier, Clément (22733866600)","57337614800; 21743694200; 15136452200; 22733866600","Considerations for integrating virtual threads in a Java framework: a Quarkus example in a resource-constrained environment","2023","DEBS 2023 - Proceedings of the 17th ACM International Conference on Distributed and Event-based Systems","","","","103","114","6","10.1145/3583678.3596895","https://www.scopus.com/pages/publications/85170034270?origin=resultslist","Conference paper","Final","All Open Access; Gold Open Access; Green Open Access","Scopus","2-s2.0-85170034270"
"Logothetis G.","Logothetis, Georgios (6602879614)","6602879614","Forward symbolic model checking for real time systems","2005","Proceedings of the Asia and South Pacific Design Automation Conference, ASP-DAC","2","","1466519","1043","1046","0","10.1145/1120725.1120820","https://www.scopus.com/pages/publications/84861438966?origin=resultslist","Conference paper","Final","","Scopus","2-s2.0-84861438966"
"Roop P.S.; Sowmya A.; Ramesh S.","Roop, P.S. (6602395877); Sowmya, A. (6603623225); Ramesh, S. (60342490800)","6602395877; 6603623225; 60342490800","A formal approach to component based development of synchronous programs","2001","Proceedings of the Asia and South Pacific Design Automation Conference, ASP-DAC","2001-January","","913344","421","424","2","10.1109/ASPDAC.2001.913344","https://www.scopus.com/pages/publications/84883088027?origin=resultslist","Conference paper","Final","","Scopus","2-s2.0-84883088027"
"Hili N.; Girault A.; Jenn E.","Hili, Nicolas (56242247400); Girault, Alain (7005652499); Jenn, Eric (6506594130)","56242247400; 7005652499; 6506594130","Worst-case reaction time optimization on deterministic multi-core architectures with synchronous languages","2019","Proceedings - 2019 IEEE 25th International Conference on Embedded and Real-Time Computing Systems and Applications, RTCSA 2019","","","8864570","","","9","10.1109/RTCSA.2019.8864570","https://www.scopus.com/pages/publications/85074196190?origin=resultslist","Conference paper","Final","All Open Access; Green Open Access","Scopus","2-s2.0-85074196190"
"Jahier E.; Halbwachs N.; Raymond P.","Jahier, Erwan (55879824500); Halbwachs, Nicolas (6701491398); Raymond, Pascal (14014305600)","55879824500; 6701491398; 14014305600","Engineering functional requirements of reactive systems using synchronous languages","2013","Proceedings of the 8th IEEE International Symposium on Industrial Embedded Systems, SIES 2013","","","6601486","140","149","11","10.1109/SIES.2013.6601486","https://www.scopus.com/pages/publications/84885401004?origin=resultslist","Conference paper","Final","","Scopus","2-s2.0-84885401004"
"Baudart G.; Jacquemard F.; Mandel L.; Pouzet M.","Baudart, Guillaume (55926186800); Jacquemard, Florent (7003470002); Mandel, Louis (7101842179); Pouzet, Marc (57202122440)","55926186800; 7003470002; 7101842179; 57202122440","A synchronous embedding of Antescofo, a domain-specific language for interactive mixed music","2013","2013 Proceedings of the International Conference on Embedded Software, EMSOFT 2013","","","6658579","","","3","10.1109/EMSOFT.2013.6658579","https://www.scopus.com/pages/publications/84892653274?origin=resultslist","Conference paper","Final","","Scopus","2-s2.0-84892653274"
"Hartmann T.; Moawad A.; Fouquet F.; Nain G.; Klein J.; Le Traon Y.","Hartmann, Thomas (57194343151); Moawad, Assaad (55810011500); Fouquet, Francois (36630197700); Nain, Gregory (36914462100); Klein, Jacques (56282553000); Le Traon, Yves (55884641800)","57194343151; 55810011500; 36630197700; 36914462100; 56282553000; 55884641800","Stream my models: Reactive peer-to-peer distributed models@run.time","2015","2015 ACM/IEEE 18th International Conference on Model Driven Engineering Languages and Systems, MODELS 2015 - Proceedings","","","7338238","80","89","19","10.1109/MODELS.2015.7338238","https://www.scopus.com/pages/publications/84961621637?origin=resultslist","Conference paper","Final","All Open Access; Green Open Access","Scopus","2-s2.0-84961621637"
"Ju L.; Huynh B.K.; Roychoudhury A.; Chakraborty S.","Ju, Lei (20435958400); Huynh, Bach Khoa (26424595800); Roychoudhury, Abhik (7005260419); Chakraborty, Samarjit (35261592900)","20435958400; 26424595800; 7005260419; 35261592900","Performance debugging of Esterel specifications","2008","Embedded Systems Week 2008 - Proceedings of the 6th IEEE/ACM/IFIP International Conference on Hardware/Software Codesign and System Synthesis, CODES+ISSS 2008","","","","173","178","28","10.1145/1450135.1450175","https://www.scopus.com/pages/publications/63349087376?origin=resultslist","Conference paper","Final","","Scopus","2-s2.0-63349087376"
"Zhao J.; Signorini C.; Nobili A.; Liebscher M.; Kohout J.; Hájková P.; Mechtcherine V.","Zhao, Jitong (57218677587); Signorini, Cesare (57192997232); Nobili, Andrea (9846201500); Liebscher, Marco (55829540000); Kohout, Jan (57211059910); Hájková, Pavlína (15055876400); Mechtcherine, Viktor (15848808400)","57218677587; 57192997232; 9846201500; 55829540000; 57211059910; 15055876400; 15848808400","Experimental and analytical analysis of the bond alteration of impregnated carbon fibre reinforcements embedded in alkali-activated concrete at elevated temperatures","2024","Construction and Building Materials","435","","136794","","","6","10.1016/j.conbuildmat.2024.136794","https://www.scopus.com/pages/publications/85195179570?origin=resultslist","Article","Final","All Open Access; Green Open Access; Hybrid Gold Open Access","Scopus","2-s2.0-85195179570"
"","","","Programming 2023 Companion - Proceedings of the 7th International Conference on the Art, Science, and Engineering of Programming","2023","ACM International Conference Proceeding Series","","","","","","0","","https://www.scopus.com/pages/publications/85176089369?origin=resultslist","Conference review","Final","","Scopus","2-s2.0-85176089369"
"Zhu L.; Zhao Y.; Zhu H.; Xu Q.","Zhu, Longfei (24802845100); Zhao, Yongxin (36122020600); Zhu, Huibiao (14046380100); Xu, Qiwen (36642940300)","24802845100; 36122020600; 14046380100; 36642940300","Towards a modeling language for cyber-physical systems","2013","Lecture Notes in Computer Science (including subseries Lecture Notes in Artificial Intelligence and Lecture Notes in Bioinformatics)","8051 LNCS","","","394","411","1","10.1007/978-3-642-39698-4_24","https://www.scopus.com/pages/publications/84883252193?origin=resultslist","Conference paper","Final","","Scopus","2-s2.0-84883252193"
"Sculthorpe N.; Nilsson H.","Sculthorpe, Neil (35119391400); Nilsson, Henrik (35865815300)","35119391400; 35865815300","Safe functional reactive programming through dependent types","2009","ACM SIGPLAN Notices","44","9","","23","34","5","10.1145/1631687.1596558","https://www.scopus.com/pages/publications/70449116371?origin=resultslist","Conference paper","Final","","Scopus","2-s2.0-70449116371"
"Takimoto S.; Moriguchi S.; Watanabe T.","Takimoto, Satoshi (59721927400); Moriguchi, Sosuke (55735588400); Watanabe, Takuo (36931774900)","59721927400; 55735588400; 36931774900","Mode Management of Peripherals Based on State Transition Model in FRP Language for Embedded Systems; [組込みシステム向け FRP 言語における状態遷移モデルに基づいた周辺装置の状態制御]","2025","Computer Software","42","1","","40","53","0","10.11309/jssst.42.1_40","https://www.scopus.com/pages/publications/105001735893?origin=resultslist","Article","Final","","Scopus","2-s2.0-105001735893"
"Izawa Y.; Kadomoto J.; Irie H.; Sakai S.","Izawa, Yusuke (57211147486); Kadomoto, Junichiro (56816939600); Irie, Hidetsugu (37012674200); Sakai, Shuichi (35493788200)","57211147486; 56816939600; 37012674200; 35493788200","A Functional Reactive Programming Language for Wirelessly Connected Shape-Changeable Chiplet-Based Computers","2023","SPLASH Companion 2023 - Companion Proceedings of the 2023 ACM SIGPLAN International Conference on Systems, Programming, Languages, and Applications: Software for Humanity","","","","61","62","1","10.1145/3618305.3623608","https://www.scopus.com/pages/publications/85178383980?origin=resultslist","Conference paper","Final","All Open Access; Gold Open Access","Scopus","2-s2.0-85178383980"
"Rafique O.; Gesell M.; Schneider K.","Rafique, Omair (56024076100); Gesell, Manuel (27567687900); Schneider, Klaus (58406421600)","56024076100; 27567687900; 58406421600","Generating hardware specific code at different abstraction levels using averest","2013","Proceedings of the 16th International Workshop on Software and Compilers for Embedded Systems, M-SCOPES 2013","","","","90","92","5","10.1145/2463596.2486154","https://www.scopus.com/pages/publications/84893389023?origin=resultslist","Conference paper","Final","","Scopus","2-s2.0-84893389023"
"Talpin J.-P.; Brunette C.; Gautier T.; Gamatié A.","Talpin, Jean-Pierre (6602090161); Brunette, Christian (18036519600); Gautier, Thierry (35953675000); Gamatié, Abdoulaye (16301118500)","6602090161; 18036519600; 35953675000; 16301118500","Polychronous mode automata","2006","IEEE International Conference on Embedded Software, EMSOFT 2006","","","","83","92","17","10.1145/1176887.1176900","https://www.scopus.com/pages/publications/34547442921?origin=resultslist","Conference paper","Final","All Open Access; Green Open Access","Scopus","2-s2.0-34547442921"
"Mallet F.","Mallet, Frédéric (24328821200)","24328821200","Time: It is only Logical!","2023","Lecture Notes in Computer Science (including subseries Lecture Notes in Artificial Intelligence and Lecture Notes in Bioinformatics)","14080 LNCS","","","323","347","0","10.1007/978-3-031-40436-8_12","https://www.scopus.com/pages/publications/85172027299?origin=resultslist","Book chapter","Final","","Scopus","2-s2.0-85172027299"
"Erpenbach E.; Altenbernd P.","Erpenbach, E. (7801396128); Altenbernd, P. (6508296230)","7801396128; 6508296230","Worst-case execution times and schedulability analysis of statecharts models","1999","Proceedings - Euromicro Conference on Real-Time Systems","","","777452","70","77","7","10.1109/EMRTS.1999.777452","https://www.scopus.com/pages/publications/33744500364?origin=resultslist","Conference paper","Final","","Scopus","2-s2.0-33744500364"
"Yang Z.; Bodeveix J.-P.; Filali M.; Hu K.; Ma D.","Yang, Zhibin (55716670400); Bodeveix, Jean-Paul (6506097960); Filali, Mamoun (7004744985); Hu, Kai (22979676500); Ma, Dianfu (7402075451)","55716670400; 6506097960; 7004744985; 22979676500; 7402075451","A verified transformation: From polychronous programs to a variant of clocked guarded actions","2014","Proceedings of the 17th International Workshop on Software and Compilers for Embedded Systems, SCOPES 2014","","","","128","137","7","10.1145/2609248.2609259","https://www.scopus.com/pages/publications/84908885997?origin=resultslist","Conference paper","Final","All Open Access; Green Open Access","Scopus","2-s2.0-84908885997"
"Schaller M.-B.; Kaeseberg S.; Thiel T.","Schaller, Maria-Barbara (57192960014); Kaeseberg, Stefan (56052157700); Thiel, Torsten (9739841500)","57192960014; 56052157700; 9739841500","Smart CFRP systems with embedded fbg for structural monitoring and retrofitting","2013","Optical Fibers: New Developments","","","","317","330","0","","https://www.scopus.com/pages/publications/85017612521?origin=resultslist","Book chapter","Final","","Scopus","2-s2.0-85017612521"
"Closse E.; Poize M.; Pulou J.; Venier P.; Weil D.","Closse, Etienne (7801394528); Poize, Michel (6602394203); Pulou, Jacques (23478327200); Venier, Patrick (7004589204); Weil, Daniel (57198043609)","7801394528; 6602394203; 23478327200; 7004589204; 57198043609","SAXO-RT: Interpreting ESTEREL semantic on a sequential execution structure","2002","Electronic Notes in Theoretical Computer Science","65","5","","80","94","33","10.1016/S1571-0661(05)80443-8","https://www.scopus.com/pages/publications/23844501128?origin=resultslist","Conference paper","Final","All Open Access; Gold Open Access","Scopus","2-s2.0-23844501128"
"Brandt J.; Schneider K.","Brandt, Jens (13609374600); Schneider, Klaus (58406421600)","13609374600; 58406421600","Static data-flow analysis of synchronous programs","2009","2009 7th IEEE-ACM International Conference on Formal Methods and Models for Co-Design, MEMOCODE '09","","","5185392","161","170","9","10.1109/MEMCOD.2009.5185392","https://www.scopus.com/pages/publications/70449502122?origin=resultslist","Conference paper","Final","","Scopus","2-s2.0-70449502122"
"Balluchi A.; Di Benedetto M.D.; Pinello C.; Sangiovanni-Vincentelli A.L.","Balluchi, Andrea (7004433370); Di Benedetto, Maria Domenica (7006607418); Pinello, Claudio (55887004500); Sangiovanni-Vincentelli, Alberto Luigi (35513835900)","7004433370; 7006607418; 55887004500; 35513835900","Mixed models of computation in the design of automotive engine control","2001","Proceedings of the IEEE Conference on Decision and Control","4","","","3308","3313","3","","https://www.scopus.com/pages/publications/0035711501?origin=resultslist","Conference paper","Final","","Scopus","2-s2.0-0035711501"
"Cooper G.H.; Krishnamurthi S.","Cooper, Gregory H. (8307990100); Krishnamurthi, Shriram (7006567277)","8307990100; 7006567277","Embedding dynamic dataflow in a call-by-value language","2006","Lecture Notes in Computer Science (including subseries Lecture Notes in Artificial Intelligence and Lecture Notes in Bioinformatics)","3924 LNCS","","","294","308","117","10.1007/11693024_20","https://www.scopus.com/pages/publications/33745787935?origin=resultslist","Conference paper","Final","","Scopus","2-s2.0-33745787935"
"Erpenbach Edwin; Stroop Joachim; Rammig Franz J.","Erpenbach, Edwin (7801396128); Stroop, Joachim (6602425286); Rammig, Franz J. (6701878550)","7801396128; 6602425286; 6701878550","On the compilation of statecharts models into target code for embedded systems","1999","Proceedings of the IEEE International Symposium on Computer-Aided Control System Design","","","","249","254","1","","https://www.scopus.com/pages/publications/0033348896?origin=resultslist","Conference paper","Final","","Scopus","2-s2.0-0033348896"
"Sun K.","Sun, Ke (56441978800)","56441978800","Multi-rate system design through integrating synchronous components","2015","Lecture Notes in Computer Science (including subseries Lecture Notes in Artificial Intelligence and Lecture Notes in Bioinformatics)","9399","","","464","482","0","10.1007/978-3-319-25150-9_27","https://www.scopus.com/pages/publications/84952058820?origin=resultslist","Conference paper","Final","","Scopus","2-s2.0-84952058820"
