database,source_row,source_id,title,authors,normalized_title,normalized_authors,year,doi,publication_title,document_type,url
springer,2,10.1007/978-3-032-06691-6_25,Accident Detection and Emergency Support System for Scooters Based on Edge AI Technology,M. S. TanmayNeeraj Rajiv ShivamVeena ShivannaD. SathyaChandramouleeswaran Sankaran,accident detection and emergency support system for scooters based on edge ai technology,m s tanmayneeraj rajiv shivamveena shivannad sathyachandramouleeswaran sankaran,2026,10.1007/978-3-032-06691-6_25,ICT Analysis and Applications,Conference paper,https://link.springer.com/chapter/10.1007/978-3-032-06691-6_25
springer,3,10.1007/978-3-031-91550-5_18,Indoor Navigation Systems for Visually Impaired Persons: A Comprehensive Review of Technologies and Approaches,Marius GudauskisArūnas ŽvironasDarius Plikynas,indoor navigation systems for visually impaired persons a comprehensive review of technologies and approaches,marius gudauskisarūnas žvironasdarius plikynas,2026,10.1007/978-3-031-91550-5_18,Mobility of Visually Impaired People,Chapter,https://link.springer.com/chapter/10.1007/978-3-031-91550-5_18
springer,4,10.1007/978-3-031-33211-1_34,Open-Source EMM-ARM Implementation for Mortars Based on Single-Board Computer,Thomas RussoMiguel AzenhaJosé Granja,open source emm arm implementation for mortars based on single board computer,thomas russomiguel azenhajosé granja,2023,10.1007/978-3-031-33211-1_34,International RILEM Conference on Synergising Expertise towards Sustainability and Robustness of Cement-based Materials and Concrete Structures,Conference paper,https://link.springer.com/chapter/10.1007/978-3-031-33211-1_34
springer,5,10.1038/s41598-026-40112-6,Impact of virtual threads and garbage collection on energy efficiency of Java applications for battery powered IoT devices,S. Shanjai KumarB. N. SanjaiS. Etheeswar KaarthiV. SivakumarS. Jagadeesan,impact of virtual threads and garbage collection on energy efficiency of java applications for battery powered iot devices,s shanjai kumarb n sanjais etheeswar kaarthiv sivakumars jagadeesan,2026,10.1038/s41598-026-40112-6,Scientific Reports,Article,https://link.springer.com/article/10.1038/s41598-026-40112-6
springer,6,10.1007/978-3-031-52038-9_2,Asynchronous Reactive Programming with Modal Types in Haskell,Patrick BahrEmil HoulborgGregers Thomas Skat Rørdam,asynchronous reactive programming with modal types in haskell,patrick bahremil houlborggregers thomas skat rørdam,2023,10.1007/978-3-031-52038-9_2,Practical Aspects of Declarative Languages,Conference paper,https://link.springer.com/chapter/10.1007/978-3-031-52038-9_2
springer,7,10.1038/s41598-026-42110-0,Cost-effective FRP solutions for enhancing strength and strain of sustainable concrete made with waste tyre rubber,Panumas SaingamBurachat ChatveeraQudeer HussainGritsada Sua-iamPreeda ChaimahawanChisanuphong SuthummaAfaq Ahmad,cost effective frp solutions for enhancing strength and strain of sustainable concrete made with waste tyre rubber,panumas saingamburachat chatveeraqudeer hussaingritsada sua iampreeda chaimahawanchisanuphong suthummaafaq ahmad,2026,10.1038/s41598-026-42110-0,Scientific Reports,Article,https://link.springer.com/article/10.1038/s41598-026-42110-0
springer,8,10.1007/978-3-031-42833-3_1,Writing Internet of Things Applications with Task Oriented Programming,Mart LubbersPieter KoopmanRinus Plasmeijer,writing internet of things applications with task oriented programming,mart lubberspieter koopmanrinus plasmeijer,2023,10.1007/978-3-031-42833-3_1,"Composability, Comprehensibility and Correctness of Working Software",Conference paper,https://link.springer.com/chapter/10.1007/978-3-031-42833-3_1
springer,9,10.1038/s41467-025-56081-9,Syntalos: a software for precise synchronization of simultaneous multi-modal data acquisition and closed-loop interventions,Matthias KlumppLee EmbrayFilippo HeimburgAna Luiza Alves DiasJustus SimonAlexander GrohAndreas DraguhnMartin Both,syntalos a software for precise synchronization of simultaneous multi modal data acquisition and closed loop interventions,matthias klumpplee embrayfilippo heimburgana luiza alves diasjustus simonalexander grohandreas draguhnmartin both,2025,10.1038/s41467-025-56081-9,Nature Communications,Article,https://link.springer.com/article/10.1038/s41467-025-56081-9
springer,10,10.1007/978-981-92-0284-3_2,"Quality, Quantity, and Type Detection of Food Items in Refrigerator Using Deep Vision and IoT",Umar AbdullahArshad AlamShilpi Sharma,quality quantity and type detection of food items in refrigerator using deep vision and iot,umar abdullaharshad alamshilpi sharma,2026,10.1007/978-981-92-0284-3_2,Advances in Intelligent Asset Management and Maintenance,Conference paper,https://link.springer.com/chapter/10.1007/978-981-92-0284-3_2
springer,11,10.1007/978-981-97-6675-8_49,TerrAINexus,Kartik BhasinKushagraAshutosh MishraSanjay Kumar Singh,terrainexus,kartik bhasinkushagraashutosh mishrasanjay kumar singh,2024,10.1007/978-981-97-6675-8_49,ICT for Intelligent Systems,Conference paper,https://link.springer.com/chapter/10.1007/978-981-97-6675-8_49
springer,12,10.1007/978-981-99-9436-6_31,A Smart Solution for Safe and Efficient Traffic Flow for Bridge,Kiran IngaleRiya TambeShubham ThakurSanket ThiteAditya WarkeKapil Wavale,a smart solution for safe and efficient traffic flow for bridge,kiran ingaleriya tambeshubham thakursanket thiteaditya warkekapil wavale,2024,10.1007/978-981-99-9436-6_31,Trends in Sustainable Computing and Machine Intelligence,Conference paper,https://link.springer.com/chapter/10.1007/978-981-99-9436-6_31
springer,13,10.1007/978-3-031-95589-1_5,Mimosa: A Language for Asynchronous Implementation of Embedded Systems Software,Nikolaus HuberSusanne GrafPhilipp RümmerWang Yi,mimosa a language for asynchronous implementation of embedded systems software,nikolaus hubersusanne grafphilipp rümmerwang yi,2025,10.1007/978-3-031-95589-1_5,Coordination Models and Languages,Conference paper,https://link.springer.com/chapter/10.1007/978-3-031-95589-1_5
springer,14,10.1007/s41024-025-00726-1,A novel anomaly detection approach for structural health monitoring using multiple linear regression technique,Siraj Qays MahdiSadik Kamel GharghanAmmar Hussein Mutlag,a novel anomaly detection approach for structural health monitoring using multiple linear regression technique,siraj qays mahdisadik kamel gharghanammar hussein mutlag,2025,10.1007/s41024-025-00726-1,Journal of Building Pathology and Rehabilitation,Article,https://link.springer.com/article/10.1007/s41024-025-00726-1
springer,15,10.1007/978-3-031-97578-3_62,In-Visible Island: Collaborative Creativity at the Core of Inclusive Children’s Tangible Interaction,Ruhiyati Idayu Abu TalibPredrag K. NikolicMohd Shahrizal Sunar,in visible island collaborative creativity at the core of inclusive children s tangible interaction,ruhiyati idayu abu talibpredrag k nikolicmohd shahrizal sunar,2025,10.1007/978-3-031-97578-3_62,Emerging Science and Technology for Human Well-Being,Conference paper,https://link.springer.com/chapter/10.1007/978-3-031-97578-3_62
springer,16,10.1007/978-3-032-11791-5_57,Computer-Aided Design of IoT Products – A Case Study of Pest-Control Machine for Farmland,Chia-Hsiang LinTing-Yu WuWei-Chen WangChun-Shung FengTsu-Wu Hu,computer aided design of iot products a case study of pest control machine for farmland,chia hsiang linting yu wuwei chen wangchun shung fengtsu wu hu,2026,10.1007/978-3-032-11791-5_57,Advances in Sustainable Mechanical Manufacturing,Conference paper,https://link.springer.com/chapter/10.1007/978-3-032-11791-5_57
springer,17,10.1007/978-981-99-8976-8_43,MED-H: Smart Healthcare System Based on IoT and Rule Set,Long-Phuoc TônThe-Hau NguyenHuu-Hien Hoang,med h smart healthcare system based on iot and rule set,long phuoc tônthe hau nguyenhuu hien hoang,2024,10.1007/978-981-99-8976-8_43,Proceedings of Second International Conference on Intelligent System,Conference paper,https://link.springer.com/chapter/10.1007/978-981-99-8976-8_43
springer,18,10.1007/s11227-023-05411-z,Monitoring routing status of UAV networks with NB-IoT,Ji’ao TangXiaojun ZhuLu LinChao DongLei Zhang,monitoring routing status of uav networks with nb iot,ji ao tangxiaojun zhulu linchao donglei zhang,2023,10.1007/s11227-023-05411-z,The Journal of Supercomputing,Article,https://link.springer.com/article/10.1007/s11227-023-05411-z
springer,19,10.1038/s41598-025-16030-4,Sustainable hydroponic production using solar energy and treated greywater within the water-energy-food-environment nexus,Mahmoud A. AbdelhamidSobhy M. MahmoudMohamed K. Abou El-NasrZhao ZhangZeinab M. Hendy,sustainable hydroponic production using solar energy and treated greywater within the water energy food environment nexus,mahmoud a abdelhamidsobhy m mahmoudmohamed k abou el nasrzhao zhangzeinab m hendy,2025,10.1038/s41598-025-16030-4,Scientific Reports,Article,https://link.springer.com/article/10.1038/s41598-025-16030-4
springer,20,10.1186/s43251-025-00194-0,AI-based damage detection in prestressed concrete beams: a vision-integrated deep learning framework for crack localization and severity classification,Thanh Q. NguyenPhuong Phan-VuPhuoc T. Nguyen,ai based damage detection in prestressed concrete beams a vision integrated deep learning framework for crack localization and severity classification,thanh q nguyenphuong phan vuphuoc t nguyen,2026,10.1186/s43251-025-00194-0,Advances in Bridge Engineering,Article,https://link.springer.com/article/10.1186/s43251-025-00194-0
springer,21,10.1007/s40033-026-01059-0,"Study on Fiber Grading, Fracture Strength, and Frictional Coefficient on Crashworthy Property of Glass Fiber Reinforced MWCNT Blended Polymer Tubes",K. Y. ChethanaY. S. Ram MohanP. Deepak KumarM. RavikumarG. S. DivyaA. RajeshRadha GuptaB. N. Deepak KumarSmita SinghAdem Abdirkadir Aden,study on fiber grading fracture strength and frictional coefficient on crashworthy property of glass fiber reinforced mwcnt blended polymer tubes,k y chethanay s ram mohanp deepak kumarm ravikumarg s divyaa rajeshradha guptab n deepak kumarsmita singhadem abdirkadir aden,2026,10.1007/s40033-026-01059-0,Journal of The Institution of Engineers (India): Series D,Article,https://link.springer.com/article/10.1007/s40033-026-01059-0
springer,22,10.1007/978-3-031-99751-8_20,Communication for Task-Oriented Systems with Edge Devices,Niek JanssenMart LubbersPieter Koopman,communication for task oriented systems with edge devices,niek janssenmart lubberspieter koopman,2026,10.1007/978-3-031-99751-8_20,Trends in Functional Programming,Conference paper,https://link.springer.com/chapter/10.1007/978-3-031-99751-8_20
springer,23,10.1007/978-3-030-46714-2_9,Declarative Programming for Microcontrollers - Datalog on Arduino,Mario WenzelStefan Brass,declarative programming for microcontrollers datalog on arduino,mario wenzelstefan brass,2020,10.1007/978-3-030-46714-2_9,Declarative Programming and Knowledge Management,Conference paper,https://link.springer.com/chapter/10.1007/978-3-030-46714-2_9
springer,24,10.1186/s43065-025-00147-x,Leveraging emerging technologies to address the crisis of aging concrete infrastructure,Xianming Shi,leveraging emerging technologies to address the crisis of aging concrete infrastructure,xianming shi,2025,10.1186/s43065-025-00147-x,Journal of Infrastructure Preservation and Resilience,Article,https://link.springer.com/article/10.1186/s43065-025-00147-x
springer,25,10.1007/978-3-030-88207-5_13,Cooperative Dynamic Programmable Devices Using Actor Model for Embedded Systems of Microcontrollers,Sylvia EnchevaSharil Tumin,cooperative dynamic programmable devices using actor model for embedded systems of microcontrollers,sylvia enchevasharil tumin,2021,10.1007/978-3-030-88207-5_13,"Cooperative Design, Visualization, and Engineering",Conference paper,https://link.springer.com/chapter/10.1007/978-3-030-88207-5_13
springer,26,10.1038/s44172-026-00628-1,3D-printed concrete with in-process embedded fiber-reinforced polymer grid reinforcement,Hou-Qi SunShan-Shan XieJun-Jie ZengYan Zhuge,3d printed concrete with in process embedded fiber reinforced polymer grid reinforcement,hou qi sunshan shan xiejun jie zengyan zhuge,2026,10.1038/s44172-026-00628-1,Communications Engineering,Article,https://link.springer.com/article/10.1038/s44172-026-00628-1
springer,27,10.1007/978-3-031-21314-4_5,Reducing the Power Consumption of IoT with Task-Oriented Programming,Sjoerd CrooijmansMart LubbersPieter Koopman,reducing the power consumption of iot with task oriented programming,sjoerd crooijmansmart lubberspieter koopman,2022,10.1007/978-3-031-21314-4_5,Trends in Functional Programming,Conference paper,https://link.springer.com/chapter/10.1007/978-3-031-21314-4_5
springer,28,10.1007/978-3-032-28079-4_21,Towards Formal Verification of Hybrid Synchronous Programs with Refinement Types,Serra Z. DaneJiawei ChenMarc PouzetJean-Baptiste Jeannin,towards formal verification of hybrid synchronous programs with refinement types,serra z danejiawei chenmarc pouzetjean baptiste jeannin,2026,10.1007/978-3-032-28079-4_21,NASA Formal Methods,Conference paper,https://link.springer.com/chapter/10.1007/978-3-032-28079-4_21
springer,29,10.1007/978-981-97-2300-3_11,Being Lazy When It Counts,Chun Kit LamLionel Parreaux,being lazy when it counts,chun kit lamlionel parreaux,2024,10.1007/978-981-97-2300-3_11,Functional and Logic Programming,Conference paper,https://link.springer.com/chapter/10.1007/978-981-97-2300-3_11
springer,30,10.1038/s41598-026-47819-6,Assessment of machine learning models for predicting the deflection of concrete beams,Arvindan SivasuriyanDhanasingh Sivalinga VijayanRoman TrachHydayatullah BayatArtur GóralAnna PiętochaEugeniusz Koda,assessment of machine learning models for predicting the deflection of concrete beams,arvindan sivasuriyandhanasingh sivalinga vijayanroman trachhydayatullah bayatartur góralanna piętochaeugeniusz koda,2026,10.1038/s41598-026-47819-6,Scientific Reports,Article,https://link.springer.com/article/10.1038/s41598-026-47819-6
springer,31,10.1007/s10586-025-05697-z,FCDC: Firefly optimization algorithm based compression of deep CNN model with explainability,Lopamudra MohantyMohit AgarwalVivek Mehta,fcdc firefly optimization algorithm based compression of deep cnn model with explainability,lopamudra mohantymohit agarwalvivek mehta,2025,10.1007/s10586-025-05697-z,Cluster Computing,Article,https://link.springer.com/article/10.1007/s10586-025-05697-z
springer,32,10.1007/978-3-031-71874-8_11,Transitions in Wireless Networks: Selected Results of Collaborative Research in MAKI,Bernd FreislebenOliver HinzMatthias HollickAnja KleinMira MeziniAndrea Ortiz,transitions in wireless networks selected results of collaborative research in maki,bernd freislebenoliver hinzmatthias hollickanja kleinmira meziniandrea ortiz,2024,10.1007/978-3-031-71874-8_11,From Multimedia Communications to the Future Internet,Chapter,https://link.springer.com/chapter/10.1007/978-3-031-71874-8_11
springer,33,10.1007/s00170-026-17827-x,Enhanced performance of 3D printed soft pneumatic actuators with polyjet fabricated lattice layers: A study on bending characteristics and stiffness,Senthilkumar KaliappanManikanda Subramanian KrishnamurthyVeerakumar AdaikalasamyArun Prasath Varadharajan,enhanced performance of 3d printed soft pneumatic actuators with polyjet fabricated lattice layers a study on bending characteristics and stiffness,senthilkumar kaliappanmanikanda subramanian krishnamurthyveerakumar adaikalasamyarun prasath varadharajan,2026,10.1007/s00170-026-17827-x,The International Journal of Advanced Manufacturing Technology,Article,https://link.springer.com/article/10.1007/s00170-026-17827-x
springer,34,10.1007/s42107-025-01281-3,How machine learning can transform the future of concrete,Kaoutar MouzounAzzeddine BouyahyaouiHanane Moulay AbdelaliToufik CherradiKhadija BabaIlham MasrourNajib Zemed,how machine learning can transform the future of concrete,kaoutar mouzounazzeddine bouyahyaouihanane moulay abdelalitoufik cherradikhadija babailham masrournajib zemed,2025,10.1007/s42107-025-01281-3,Asian Journal of Civil Engineering,Article,https://link.springer.com/article/10.1007/s42107-025-01281-3
springer,35,10.1007/s12239-021-0045-z,Fuel Rail Pressure Control Characteristics of a GDI High-Pressure Fuel Pump Using a Newly Developed Experimental System Controlled with a Microcontroller,Byoung Jin LeeChoong Hoon Lee,fuel rail pressure control characteristics of a gdi high pressure fuel pump using a newly developed experimental system controlled with a microcontroller,byoung jin leechoong hoon lee,2021,10.1007/s12239-021-0045-z,International Journal of Automotive Technology,Article,https://link.springer.com/article/10.1007/s12239-021-0045-z
springer,36,10.1007/978-3-031-70648-6_4,Embedded Electronics,Sarah Bornemann,embedded electronics,sarah bornemann,2025,10.1007/978-3-031-70648-6_4,"Development of a Self-Sufficient, Wireless Sensor Node Using the Outer FML Layer as an Antenna",Chapter,https://link.springer.com/chapter/10.1007/978-3-031-70648-6_4
springer,37,10.1007/978-3-032-20749-4_16,Automated Classification of Thermal Hot Spot Types from the VIIRS Satellite Data Using Machine Learning Techniques,Mary-Cielo LeónDavid Torres-GilWilliams CcompiWilfredo Ticona,automated classification of thermal hot spot types from the viirs satellite data using machine learning techniques,mary cielo leóndavid torres gilwilliams ccompiwilfredo ticona,2026,10.1007/978-3-032-20749-4_16,Focus on Artificial Intelligence in Intelligent Systems Design,Conference paper,https://link.springer.com/chapter/10.1007/978-3-032-20749-4_16
springer,38,10.1007/978-3-031-82826-3_7,Advancing Connectivity and Security in SDN-IoT Networks Through Policy Management,Anjana JimmingtonSabu M. ThampiPreetam Mukherjee,advancing connectivity and security in sdn iot networks through policy management,anjana jimmingtonsabu m thampipreetam mukherjee,2025,10.1007/978-3-031-82826-3_7,Securing the Connected World,Chapter,https://link.springer.com/chapter/10.1007/978-3-031-82826-3_7
springer,39,10.1007/978-3-031-90200-0_23,Dynamic Resource Manager for Automating Deployments in the Computing Continuum,Zahra Najafabadi SamaniMatthias GaThomas FahringerJuan Aznar PovedaStefan Pedratscher,dynamic resource manager for automating deployments in the computing continuum,zahra najafabadi samanimatthias gathomas fahringerjuan aznar povedastefan pedratscher,2025,10.1007/978-3-031-90200-0_23,Euro-Par 2024: Parallel Processing Workshops,Conference paper,https://link.springer.com/chapter/10.1007/978-3-031-90200-0_23
springer,40,10.1007/s42452-026-08622-0,Application of machine learning and genetic algorithm framework for optimization of shape memory alloy embedded smart composites,Niranjan PattarSubhas F. PatilReena Y  AManjiri Ulhas KarandeM. ZubairuddinSonal BoraseShahid Tamboli,application of machine learning and genetic algorithm framework for optimization of shape memory alloy embedded smart composites,niranjan pattarsubhas f patilreena y amanjiri ulhas karandem zubairuddinsonal boraseshahid tamboli,2026,10.1007/s42452-026-08622-0,Discover Applied Sciences,Article,https://link.springer.com/article/10.1007/s42452-026-08622-0
springer,41,10.1007/s10766-025-00801-7,Programming Parallelism on FPGAs with <span>Eclat</span>,Loïc SylvestreJocelyn SérotEmmanuel Chailloux,programming parallelism on fpgas with eclat,loïc sylvestrejocelyn sérotemmanuel chailloux,2025,10.1007/s10766-025-00801-7,International Journal of Parallel Programming,Article,https://link.springer.com/article/10.1007/s10766-025-00801-7
springer,42,10.1007/978-3-032-29003-8_3,Geo-Intelligent Wildfire Risk Prediction Using Machine Learning,Subrata PaulRishita HazraSougata UtthasaniRudradip MukherjeeJannat Ara Ferdouse RayaAnirban MitraIndranil Roy,geo intelligent wildfire risk prediction using machine learning,subrata paulrishita hazrasougata utthasanirudradip mukherjeejannat ara ferdouse rayaanirban mitraindranil roy,2027,10.1007/978-3-032-29003-8_3,Computers and Their Applications,Conference paper,https://link.springer.com/chapter/10.1007/978-3-032-29003-8_3
springer,43,10.1038/s41467-026-74082-0,The <i>Bacillus subtilis</i> circadian clock coordinates intricate spatiotemporal organisation,Jack DorlingFrancesca SartorBorja Ferrero-BorderaEdward GodfreyZheng Eelderink-ChenElla BakerIsobel K. BanksAkshat JoshipuraXinming XuRomain AvellanÁkos T. KovácsAntony N. DoddMartha Merrow,the bacillus subtilis circadian clock coordinates intricate spatiotemporal organisation,jack dorlingfrancesca sartorborja ferrero borderaedward godfreyzheng eelderink chenella bakerisobel k banksakshat joshipuraxinming xuromain avellanákos t kovácsantony n doddmartha merrow,2026,10.1038/s41467-026-74082-0,Nature Communications,Article,https://link.springer.com/article/10.1038/s41467-026-74082-0
springer,44,10.1007/978-3-032-03711-4_16,A Comprehensive Framework for Turn-Taking Evaluation in Multi-agent Systems: Rotational Periodicity for Scalable Coordination Analysis,Nikolaos Al. PapadopoulosRallou TaratoriMarti Sanchez-FiblaKonstantinos E. Psannis,a comprehensive framework for turn taking evaluation in multi agent systems rotational periodicity for scalable coordination analysis,nikolaos al papadopoulosrallou taratorimarti sanchez fiblakonstantinos e psannis,2026,10.1007/978-3-032-03711-4_16,Artificial Intelligence and Soft Computing,Conference paper,https://link.springer.com/chapter/10.1007/978-3-032-03711-4_16
springer,45,10.1007/978-3-032-26220-2_19,Digital Twins: a Briefing for Formalists,John S. FitzgeraldCláudio GomesPeter Gorm LarsenMikkel Schmidt AndersenSantiago GilMorten Haahr Kristensen,digital twins a briefing for formalists,john s fitzgeraldcláudio gomespeter gorm larsenmikkel schmidt andersensantiago gilmorten haahr kristensen,2026,10.1007/978-3-032-26220-2_19,Formal Methods,Conference paper,https://link.springer.com/chapter/10.1007/978-3-032-26220-2_19
springer,46,10.1007/s40435-026-02174-2,"A review of vibration energy harvesting applications, performance factors and deployment challenges",Abdullah Al HasanMd. AbdullahMahmoud E. Khater,a review of vibration energy harvesting applications performance factors and deployment challenges,abdullah al hasanmd abdullahmahmoud e khater,2026,10.1007/s40435-026-02174-2,International Journal of Dynamics and Control,Article,https://link.springer.com/article/10.1007/s40435-026-02174-2
springer,47,10.1007/s10010-025-00820-3,Quality management approach considering sustainability aspects within the design of wind turbines based on a literature review to explore the state of the art,Lisa-Marie NettlenbuschJan ReissmannAlexander Hasse,quality management approach considering sustainability aspects within the design of wind turbines based on a literature review to explore the state of the art,lisa marie nettlenbuschjan reissmannalexander hasse,2025,10.1007/s10010-025-00820-3,Forschung im Ingenieurwesen,Article,https://link.springer.com/article/10.1007/s10010-025-00820-3
springer,48,10.1007/978-3-030-26428-4_12,Functional Reactive EDSL with Asynchronous Execution for Resource-Constrained Embedded Systems,Sheng WangTakuo Watanabe,functional reactive edsl with asynchronous execution for resource constrained embedded systems,sheng wangtakuo watanabe,2020,10.1007/978-3-030-26428-4_12,"Software Engineering, Artificial Intelligence, Networking and Parallel/Distributed Computing",Chapter,https://link.springer.com/chapter/10.1007/978-3-030-26428-4_12
springer,49,10.1007/s42947-026-00845-z,Investigation of the Punching Shear Behavior of RC Flat Slabs Strengthened with Embedded Through Section of CFRP Strips and Ropes,Amjad B. ShehadehYasmeen Taleb ObaidatWasim S. Barham,investigation of the punching shear behavior of rc flat slabs strengthened with embedded through section of cfrp strips and ropes,amjad b shehadehyasmeen taleb obaidatwasim s barham,2026,10.1007/s42947-026-00845-z,International Journal of Pavement Research and Technology,Article,https://link.springer.com/article/10.1007/s42947-026-00845-z
springer,50,10.1007/s40860-025-00263-1,A Robust Federated Learning System Against Data Poisoning Attacks in IoT Networks,Ly VuTuan Phong Tran,a robust federated learning system against data poisoning attacks in iot networks,ly vutuan phong tran,2025,10.1007/s40860-025-00263-1,Journal of Reliable Intelligent Environments,Article,https://link.springer.com/article/10.1007/s40860-025-00263-1
springer,51,10.1007/978-3-030-75472-3_2,Reactive Programming of Robots with RxROS,Henrik LarsenGijs van der HoornAndrzej Wąsowski,reactive programming of robots with rxros,henrik larsengijs van der hoornandrzej wąsowski,2021,10.1007/978-3-030-75472-3_2,Robot Operating System (ROS),Chapter,https://link.springer.com/chapter/10.1007/978-3-030-75472-3_2
springer,52,10.1007/978-981-99-8405-3_40,Slack Pack: Fabrication System for the Dual Robotic Winding of Spatial Fiber Structures,Harrison HildebrandtMengxi HePeng-An ChenRebeca Duque EstradaChristoph ZechmeisterAchim Menges,slack pack fabrication system for the dual robotic winding of spatial fiber structures,harrison hildebrandtmengxi hepeng an chenrebeca duque estradachristoph zechmeisterachim menges,2024,10.1007/978-981-99-8405-3_40,Phygital Intelligence,Conference paper,https://link.springer.com/chapter/10.1007/978-981-99-8405-3_40
springer,53,10.1007/978-3-032-27317-8_4,Automatic Screening of Invasive Coronary Angiography Images Using Swin Transformer,Juan Jesús Rus-MuñozAriadna Jiménez-PartinenMario Pascual-GonzálezEsteban J. PalomoJorge Rodríguez-Capitán,automatic screening of invasive coronary angiography images using swin transformer,juan jesús rus muñozariadna jiménez partinenmario pascual gonzálezesteban j palomojorge rodríguez capitán,2026,10.1007/978-3-032-27317-8_4,Bioinspired Intelligent Systems: From Robotics and Computer Vision to Trustworthy Applications,Conference paper,https://link.springer.com/chapter/10.1007/978-3-032-27317-8_4
springer,54,10.1186/s44147-024-00460-4,Achieving Secured Medical Network (SMN) through Stateless Mechanism and SkeyM in Medical-Internet of Things (M-IoT),Nithya S.SatheeshKumar PalanisamyNivethitha T.,achieving secured medical network smn through stateless mechanism and skeym in medical internet of things m iot,nithya s satheeshkumar palanisamynivethitha t,2024,10.1186/s44147-024-00460-4,Journal of Engineering and Applied Science,Article,https://link.springer.com/article/10.1186/s44147-024-00460-4
springer,55,10.1007/s41939-026-01167-0,Investigation on axial compression behavior of concrete columns wrapped with ferro-geopolymer composites,A. V. GhogareB. Kondraivendhan,investigation on axial compression behavior of concrete columns wrapped with ferro geopolymer composites,a v ghogareb kondraivendhan,2026,10.1007/s41939-026-01167-0,"Multiscale and Multidisciplinary Modeling, Experiments and Design",Article,https://link.springer.com/article/10.1007/s41939-026-01167-0
springer,56,10.1007/978-981-95-1822-7_54,Advanced Bio-based Composite Panels for Building Facades,José Miguel BarbosaDaniela CampanhãAlexandre FonsecaJoão MagalhãesSofia SilvaJuliana SoaresDiana Gonçalves,advanced bio based composite panels for building facades,josé miguel barbosadaniela campanhãalexandre fonsecajoão magalhãessofia silvajuliana soaresdiana gonçalves,2026,10.1007/978-981-95-1822-7_54,"Construction, Energy, Environment and Sustainability",Conference paper,https://link.springer.com/chapter/10.1007/978-981-95-1822-7_54
springer,57,10.1007/s13721-025-00710-2,A bidirectional neuro-symbolic framework for clinical decision support via dynamic integration of deep learning and symbolic reasoning,Rinku ChavdaK. SureshSushil KumarK. L. Raghavender ReddyB. JayaprakashPrabhat Kumar SahuB. BharathiDevendra SinghSaurabh Namdev,a bidirectional neuro symbolic framework for clinical decision support via dynamic integration of deep learning and symbolic reasoning,rinku chavdak sureshsushil kumark l raghavender reddyb jayaprakashprabhat kumar sahub bharathidevendra singhsaurabh namdev,2026,10.1007/s13721-025-00710-2,Network Modeling Analysis in Health Informatics and Bioinformatics,Article,https://link.springer.com/article/10.1007/s13721-025-00710-2
springer,58,10.1007/s12206-021-1143-6,Fuel injection rate and its variation of a GDI injector operated in engine motoring conditions,Byoung Jin LeeChoong Hoon Lee,fuel injection rate and its variation of a gdi injector operated in engine motoring conditions,byoung jin leechoong hoon lee,2021,10.1007/s12206-021-1143-6,Journal of Mechanical Science and Technology,Article,https://link.springer.com/article/10.1007/s12206-021-1143-6
springer,59,10.1007/s11227-024-06081-1,Fog-Marketing: auction-based multi-tier decentralized markets for fog resource provisioning,Samira ShahinifarMohammad Taghi KheirabadiAli BroumandniaKambiz Rahbar,fog marketing auction based multi tier decentralized markets for fog resource provisioning,samira shahinifarmohammad taghi kheirabadiali broumandniakambiz rahbar,2024,10.1007/s11227-024-06081-1,The Journal of Supercomputing,Article,https://link.springer.com/article/10.1007/s11227-024-06081-1
springer,60,10.1007/978-981-16-9909-2_3,A Method for High Availability Software Programming and Testing,Jingru HuangXilong PeiDongxiu OuJianmin Wang,a method for high availability software programming and testing,jingru huangxilong peidongxiu oujianmin wang,2022,10.1007/978-981-16-9909-2_3,Proceedings of the 5th International Conference on Electrical Engineering and Information Technologies for Rail Transportation (EITRT) 2021,Conference paper,https://link.springer.com/chapter/10.1007/978-981-16-9909-2_3
springer,61,10.1007/978-981-15-7130-5_64,Structural Health Monitoring System for Bridges Using Internet of Things,Pravleen KaurLakshya BhardwajRohit Tanwar,structural health monitoring system for bridges using internet of things,pravleen kaurlakshya bhardwajrohit tanwar,2021,10.1007/978-981-15-7130-5_64,Mobile Radio Communications and 5G Networks,Conference paper,https://link.springer.com/chapter/10.1007/978-981-15-7130-5_64
springer,62,10.1007/s10846-022-01799-7,An Intelligent Thermal Management Fuzzy Logic Control System Design and Analysis Using ANSYS Fluent for a Mobile Robotic Platform in Extreme Weather Applications,Misha AfaqAli JebelliRafiq Ahmad,an intelligent thermal management fuzzy logic control system design and analysis using ansys fluent for a mobile robotic platform in extreme weather applications,misha afaqali jebellirafiq ahmad,2023,10.1007/s10846-022-01799-7,Journal of Intelligent & Robotic Systems,Article,https://link.springer.com/article/10.1007/s10846-022-01799-7
springer,63,10.1007/978-3-031-99586-6_19,End-to-End Trusted Execution Environment (TEE) with Dynamic Holistic View Based Throughput Maximization Approach,Muhammed Akif Ağca,end to end trusted execution environment tee with dynamic holistic view based throughput maximization approach,muhammed akif ağca,2025,10.1007/978-3-031-99586-6_19,Computational Science and Computational Intelligence,Conference paper,https://link.springer.com/chapter/10.1007/978-3-031-99586-6_19
springer,64,10.1007/978-3-032-06401-1_156,MedScan: An AI-Powered Mobile App Designed to Identify Medications for People with Visual Impairments,Daniela A. AraujoMarcos A. Rubio,medscan an ai powered mobile app designed to identify medications for people with visual impairments,daniela a araujomarcos a rubio,2025,10.1007/978-3-032-06401-1_156,Advances in Bioengineering and Clinical Engineering 2025,Conference paper,https://link.springer.com/chapter/10.1007/978-3-032-06401-1_156
springer,65,10.1007/s41024-026-00838-2,Flexural investigation of precast concrete sandwich panels with removable polymeric shear connectors,Hayder M. AbdzaidAshraf A. Alfeehan,flexural investigation of precast concrete sandwich panels with removable polymeric shear connectors,hayder m abdzaidashraf a alfeehan,2026,10.1007/s41024-026-00838-2,Journal of Building Pathology and Rehabilitation,Article,https://link.springer.com/article/10.1007/s41024-026-00838-2
springer,66,10.1007/s10921-025-01277-8,Quantifying Crack Damage in BFRP-Reinforced Concrete Beams with YOLOv8 and 3D-DIC,Yunqi ZengDong LeiKaiyang ZhouJintao HeZesheng SheYang YuLing LiuKexin Yu,quantifying crack damage in bfrp reinforced concrete beams with yolov8 and 3d dic,yunqi zengdong leikaiyang zhoujintao hezesheng sheyang yuling liukexin yu,2025,10.1007/s10921-025-01277-8,Journal of Nondestructive Evaluation,Article,https://link.springer.com/article/10.1007/s10921-025-01277-8
springer,67,10.1038/s41598-025-15464-0,Deep learning with leagues championship algorithm based intrusion detection on cybersecurity driven industrial IoT systems,Saud S. AlotaibiTurki Ali Alghamdi,deep learning with leagues championship algorithm based intrusion detection on cybersecurity driven industrial iot systems,saud s alotaibiturki ali alghamdi,2025,10.1038/s41598-025-15464-0,Scientific Reports,Article,https://link.springer.com/article/10.1038/s41598-025-15464-0
springer,68,10.1007/978-3-030-96634-8_9,Design and Implementation of Identifying Points on Elliptic Curve Efficiently Using Java,Deepak S. SakkariMohammed Mujeer Ulla,design and implementation of identifying points on elliptic curve efficiently using java,deepak s sakkarimohammed mujeer ulla,2022,10.1007/978-3-030-96634-8_9,Modern Approaches in Machine Learning & Cognitive Science: A Walkthrough,Chapter,https://link.springer.com/chapter/10.1007/978-3-030-96634-8_9
springer,69,10.1007/978-3-031-70648-6_5,Structural Health Monitoring,Sarah Bornemann,structural health monitoring,sarah bornemann,2025,10.1007/978-3-031-70648-6_5,"Development of a Self-Sufficient, Wireless Sensor Node Using the Outer FML Layer as an Antenna",Chapter,https://link.springer.com/chapter/10.1007/978-3-031-70648-6_5
springer,70,10.1007/978-3-031-61531-3_33,Evaluation of Repair Technique Effectiveness for Bridge Barrier/Deck Systems with Glass Fiber Reinforced Polymer Bars Using Mechanics-Based Modeling,Juan Torres AcostaDouglas Tomlinson,evaluation of repair technique effectiveness for bridge barrier deck systems with glass fiber reinforced polymer bars using mechanics based modeling,juan torres acostadouglas tomlinson,2024,10.1007/978-3-031-61531-3_33,"Proceedings of the Canadian Society for Civil Engineering Annual Conference 2023, Volume 11",Conference paper,https://link.springer.com/chapter/10.1007/978-3-031-61531-3_33
springer,71,10.1038/s41598-025-24660-x,Integrated biochar and <i>Lemna minor</i> system for sustainable remediation of Benzophenone-3 from wastewater,Shamika Shantaram SawantVidya Shree BhartiSatya Prakash ShuklaA. K. VermaVinod Kumar YadavSagar Shinde,integrated biochar and lemna minor system for sustainable remediation of benzophenone 3 from wastewater,shamika shantaram sawantvidya shree bhartisatya prakash shuklaa k vermavinod kumar yadavsagar shinde,2025,10.1038/s41598-025-24660-x,Scientific Reports,Article,https://link.springer.com/article/10.1038/s41598-025-24660-x
springer,72,10.1007/s11042-024-19021-1,RETRACTED ARTICLE: Fraud detection and prevention by face recognition with and without mask for banking application,Rajani P.KArti KhapardeVarsha BendreJayashree Katti,retracted article fraud detection and prevention by face recognition with and without mask for banking application,rajani p karti khapardevarsha bendrejayashree katti,2024,10.1007/s11042-024-19021-1,Multimedia Tools and Applications,Article,https://link.springer.com/article/10.1007/s11042-024-19021-1
springer,73,10.1007/s00530-025-02035-6,Wavelet-guided spatial-frequency transformer with physics-based refinement for remote sensing image dehazing,Mengjun MiaoHeming HuangFeipeng Da,wavelet guided spatial frequency transformer with physics based refinement for remote sensing image dehazing,mengjun miaoheming huangfeipeng da,2025,10.1007/s00530-025-02035-6,Multimedia Systems,Article,https://link.springer.com/article/10.1007/s00530-025-02035-6
springer,74,10.1007/s10921-025-01274-x,Vision-Based Damage Detection in CFRP Beams Using Optical Flow and Mahalanobis-Enhanced Deep Learning Models,Kemal HacıefendioğluVolkan KahyaSebahat ŞimşekTunahan Aslan,vision based damage detection in cfrp beams using optical flow and mahalanobis enhanced deep learning models,kemal hacıefendioğluvolkan kahyasebahat şimşektunahan aslan,2025,10.1007/s10921-025-01274-x,Journal of Nondestructive Evaluation,Article,https://link.springer.com/article/10.1007/s10921-025-01274-x
springer,75,10.1007/978-981-95-3221-6_20,"The Physics and Dynamics of Aerosols, Trace Gases and Atmospheric Boundary Layer Over the Eastern Himalayan Region",Arup BorgohainShyam S. KunduArundhati KunduManasi GogoiMukunda M. GogoiBinita PathakNilamoni Barman,the physics and dynamics of aerosols trace gases and atmospheric boundary layer over the eastern himalayan region,arup borgohainshyam s kunduarundhati kundumanasi gogoimukunda m gogoibinita pathaknilamoni barman,2026,10.1007/978-981-95-3221-6_20,Remote Sensing of the North Eastern Himalayan Ecosystem,Chapter,https://link.springer.com/chapter/10.1007/978-981-95-3221-6_20
springer,76,10.1007/978-3-031-67503-4_19,Syntithenai Poiēsis—Perceptual Unified Objects,André Rangel,syntithenai poiēsis perceptual unified objects,andré rangel,2025,10.1007/978-3-031-67503-4_19,"Perspectives on Music, Sound and Musicology II",Chapter,https://link.springer.com/chapter/10.1007/978-3-031-67503-4_19
springer,77,10.1007/978-981-99-9610-0_1,Civil Engineering for Multi-hazard Risk Reduction-An Introduction,K. S. SreekeshavaSreevalsa KolathayarN. Vinod Chandra MenonBhargavi.C,civil engineering for multi hazard risk reduction an introduction,k s sreekeshavasreevalsa kolathayarn vinod chandra menonbhargavi c,2024,10.1007/978-981-99-9610-0_1,Civil Engineering for Multi-Hazard Risk Reduction,Conference paper,https://link.springer.com/chapter/10.1007/978-981-99-9610-0_1
springer,78,10.1007/978-981-99-1125-7_3,Ground Network Security,Jianwei LiuLin BaiChunxiao JiangWei Zhang,ground network security,jianwei liulin baichunxiao jiangwei zhang,2023,10.1007/978-981-99-1125-7_3,Space-Air-Ground Integrated Network Security,Chapter,https://link.springer.com/chapter/10.1007/978-981-99-1125-7_3
springer,79,10.1007/978-3-030-99524-9_21,Automated Translation of Natural Language Requirements to Runtime Monitors,Ivan PerezAnastasia MavridouTom PressburgerAlwyn GoodloeDimitra Giannakopoulou,automated translation of natural language requirements to runtime monitors,ivan perezanastasia mavridoutom pressburgeralwyn goodloedimitra giannakopoulou,2022,10.1007/978-3-030-99524-9_21,Tools and Algorithms for the Construction and Analysis of Systems,Conference paper,https://link.springer.com/chapter/10.1007/978-3-030-99524-9_21
springer,80,10.1007/978-3-031-64608-9_20,Integrating Dual Strengths: A Hybrid Architecture Merging Decentralized Trust with Server-Side Efficiency for Enhanced Secure Transactions,Priya MaliParth ShiroleSandip Shingade,integrating dual strengths a hybrid architecture merging decentralized trust with server side efficiency for enhanced secure transactions,priya maliparth shirolesandip shingade,2024,10.1007/978-3-031-64608-9_20,Computational Science and Its Applications – ICCSA 2024,Conference paper,https://link.springer.com/chapter/10.1007/978-3-031-64608-9_20
springer,81,10.1007/978-3-030-31585-6_9,"Blech, Imperative Synchronous Programming!",Friedrich GretzFranz-Josef Grosch,blech imperative synchronous programming,friedrich gretzfranz josef grosch,2020,10.1007/978-3-030-31585-6_9,"Languages, Design Methods, and Tools for Electronic System Design",Chapter,https://link.springer.com/chapter/10.1007/978-3-030-31585-6_9
springer,82,10.1007/s10921-026-01388-w,"Acoustic Emission-Based Assessment of Damage Evolution in Bridge Systems: Methods, Indicators, and Advances in Structural Mechanics",Sakhiah Abdul KudusMohamad Farid MisnanHussein MuhammadAbdulrahman Mubarak Salem SawahliZakiah AhmadKhairul Anuar Shahid,acoustic emission based assessment of damage evolution in bridge systems methods indicators and advances in structural mechanics,sakhiah abdul kudusmohamad farid misnanhussein muhammadabdulrahman mubarak salem sawahlizakiah ahmadkhairul anuar shahid,2026,10.1007/s10921-026-01388-w,Journal of Nondestructive Evaluation,Article,https://link.springer.com/article/10.1007/s10921-026-01388-w
springer,83,10.1007/978-3-031-98682-6_20,An Intermediate Program Representation for Optimizing Stream-Based Languages,Jan BaumeisterArthur CorrensonBernd FinkbeinerFrederik Scheerer,an intermediate program representation for optimizing stream based languages,jan baumeisterarthur corrensonbernd finkbeinerfrederik scheerer,2025,10.1007/978-3-031-98682-6_20,Computer Aided Verification,Conference paper,https://link.springer.com/chapter/10.1007/978-3-031-98682-6_20
springer,84,10.1007/s41024-025-00771-w,Structural responses of low-strength RC columns made with steel equal angle (SEA),Md. Rabiul AlamAtique Ishrak AnikMd. Zakaria HossainMd. Asirul Hasan Sourav,structural responses of low strength rc columns made with steel equal angle sea,md rabiul alamatique ishrak anikmd zakaria hossainmd asirul hasan sourav,2026,10.1007/s41024-025-00771-w,Journal of Building Pathology and Rehabilitation,Article,https://link.springer.com/article/10.1007/s41024-025-00771-w
springer,85,10.1007/s42107-025-01356-1,A machine learning framework for predicting seismic behavior in elevated reinforced concrete tanks,A. Aziz Al-AyoubiVaratharajan ThirumuruganK. S. Satyanarayanan,a machine learning framework for predicting seismic behavior in elevated reinforced concrete tanks,a aziz al ayoubivaratharajan thirumurugank s satyanarayanan,2025,10.1007/s42107-025-01356-1,Asian Journal of Civil Engineering,Article,https://link.springer.com/article/10.1007/s42107-025-01356-1
springer,86,10.1007/978-3-030-50029-0_3,ARx: Reactive Programming for Synchronous Connectors,José ProençaGuillermina Cledou,arx reactive programming for synchronous connectors,josé proençaguillermina cledou,2020,10.1007/978-3-030-50029-0_3,Coordination Models and Languages,Conference paper,https://link.springer.com/chapter/10.1007/978-3-030-50029-0_3
springer,87,10.1007/s11704-025-41327-y,A survey of testing automated driving system,Zheng LiWentai ZhuHaohui HuangYu WangLinzhang Wang,a survey of testing automated driving system,zheng liwentai zhuhaohui huangyu wanglinzhang wang,2026,10.1007/s11704-025-41327-y,Frontiers of Computer Science,Article,https://link.springer.com/article/10.1007/s11704-025-41327-y
springer,88,10.1007/s40964-025-01257-4,Integration of machine learning and digital twin in additive manufacturing of polymeric-based materials and products,Imran KhanAns Al RashidMuammer Koç,integration of machine learning and digital twin in additive manufacturing of polymeric based materials and products,imran khanans al rashidmuammer koç,2025,10.1007/s40964-025-01257-4,Progress in Additive Manufacturing,Article,https://link.springer.com/article/10.1007/s40964-025-01257-4
springer,89,10.1007/s42979-025-04718-3,Multimodal Transformer Framework for Real-Time Cheating Detection in Online Assessments and E-learning Platforms,Edrees A. Alkinani,multimodal transformer framework for real time cheating detection in online assessments and e learning platforms,edrees a alkinani,2026,10.1007/s42979-025-04718-3,SN Computer Science,Article,https://link.springer.com/article/10.1007/s42979-025-04718-3
springer,90,10.1007/978-3-031-57853-3_39,An Energy Consumption Model to Change the TBFC Model of the IoT,Dilawaer DuolikunTomoya EnokidoMakoto Takizawa,an energy consumption model to change the tbfc model of the iot,dilawaer duolikuntomoya enokidomakoto takizawa,2024,10.1007/978-3-031-57853-3_39,Advanced Information Networking and Applications,Conference paper,https://link.springer.com/chapter/10.1007/978-3-031-57853-3_39
springer,91,10.1007/978-3-030-14805-8_8,Threading the Arduino with Haskell,Mark GrebeAndy Gill,threading the arduino with haskell,mark grebeandy gill,2019,10.1007/978-3-030-14805-8_8,Trends in Functional Programming,Conference paper,https://link.springer.com/chapter/10.1007/978-3-030-14805-8_8
springer,92,10.1007/978-3-030-96634-8_8,Review on Insight into Elliptic Curve Cryptography,Deepak S. SakkariMohammed Mujeer ulla,review on insight into elliptic curve cryptography,deepak s sakkarimohammed mujeer ulla,2022,10.1007/978-3-030-96634-8_8,Modern Approaches in Machine Learning & Cognitive Science: A Walkthrough,Chapter,https://link.springer.com/chapter/10.1007/978-3-030-96634-8_8
springer,93,10.1007/s11831-025-10458-7,Review of Computational Strategies for Drone Design and Development,Akhila Ajith PisharamKesavan KandasamyIndira Prasanth SubramaniamSenthil Kumar SolaiappanBeena Stanislaus ArputharajParvathy RajendranPradesh SakthivelRamya MarananVijayanandh Raja,review of computational strategies for drone design and development,akhila ajith pisharamkesavan kandasamyindira prasanth subramaniamsenthil kumar solaiappanbeena stanislaus arputharajparvathy rajendranpradesh sakthivelramya marananvijayanandh raja,2025,10.1007/s11831-025-10458-7,Archives of Computational Methods in Engineering,Article,https://link.springer.com/article/10.1007/s11831-025-10458-7
springer,94,10.1007/978-3-032-22091-2_17,Smartwatch Security Case Study for User Data Protection,Ladislav HurajMarek SimonValeriia LykhomanovaAndrej Bradáč,smartwatch security case study for user data protection,ladislav hurajmarek simonvaleriia lykhomanovaandrej bradáč,2026,10.1007/978-3-032-22091-2_17,Focus on Artificial Intelligence in Intelligent Systems Design,Conference paper,https://link.springer.com/chapter/10.1007/978-3-032-22091-2_17
springer,95,10.1007/s11042-023-15031-7,Optimal feature selection for COVID-19 detection with CT images enabled by metaheuristic optimization and artificial intelligence,Dattaprasad A. TorseRajashri KhanaiKrishna PaiSridhar IyerSwati MavinkattimathRakhee KallimaniSalma Shahpur,optimal feature selection for covid 19 detection with ct images enabled by metaheuristic optimization and artificial intelligence,dattaprasad a torserajashri khanaikrishna paisridhar iyerswati mavinkattimathrakhee kallimanisalma shahpur,2023,10.1007/s11042-023-15031-7,Multimedia Tools and Applications,Article,https://link.springer.com/article/10.1007/s11042-023-15031-7
springer,96,10.1007/978-3-032-06901-6_7,Realization,Matthes ElstermannAlbert FleischmannChristoph MoserStefan OpplWerner SchmidtChristian Stary,realization,matthes elstermannalbert fleischmannchristoph moserstefan opplwerner schmidtchristian stary,2026,10.1007/978-3-032-06901-6_7,Contextual Process Digitalization,Chapter,https://link.springer.com/chapter/10.1007/978-3-032-06901-6_7
springer,97,10.1007/s40430-025-05697-5,Advancements and emerging trends in integrating machine learning and deep learning for SHM in mechanical and civil engineering: a comprehensive review,Abdelwahhab KhatirRoberto CapozuccaSamir KhatirErica MagagniniCuong Le ThanhMohamed Kamel Riahi,advancements and emerging trends in integrating machine learning and deep learning for shm in mechanical and civil engineering a comprehensive review,abdelwahhab khatirroberto capozuccasamir khatirerica magagninicuong le thanhmohamed kamel riahi,2025,10.1007/s40430-025-05697-5,Journal of the Brazilian Society of Mechanical Sciences and Engineering,Article,https://link.springer.com/article/10.1007/s40430-025-05697-5
springer,98,10.1038/s41598-024-74733-6,Advanced mathematical modeling of mitigating security threats in smart grids through deep ensemble model,Sanaa A. SharafMahmoud RagabNasser AlbogamiAbdullah AL-Malaise AL-GhamdiMaha Farouk SabirLouai A. MaghrabiEhab Bahaudien AsharyHashem Alaidaros,advanced mathematical modeling of mitigating security threats in smart grids through deep ensemble model,sanaa a sharafmahmoud ragabnasser albogamiabdullah al malaise al ghamdimaha farouk sabirlouai a maghrabiehab bahaudien asharyhashem alaidaros,2024,10.1038/s41598-024-74733-6,Scientific Reports,Article,https://link.springer.com/article/10.1038/s41598-024-74733-6
springer,99,10.1007/s13349-023-00698-1,Innovative technologies for structural health monitoring of SFTs: proposal of combination of infrared thermography with mixed reality,Vittorio PalmaGiacomo IovaneSoonkyu HwangFederico M. MazzolaniRaffaele LandolfoHoon SohnBeatrice Faggiano,innovative technologies for structural health monitoring of sfts proposal of combination of infrared thermography with mixed reality,vittorio palmagiacomo iovanesoonkyu hwangfederico m mazzolaniraffaele landolfohoon sohnbeatrice faggiano,2023,10.1007/s13349-023-00698-1,Journal of Civil Structural Health Monitoring,Article,https://link.springer.com/article/10.1007/s13349-023-00698-1
springer,100,10.1007/978-3-031-85134-6_9,"Verify Engineering Models, Not Scientific Models",Shaokai LinEdward A. Lee,verify engineering models not scientific models,shaokai linedward a lee,2025,10.1007/978-3-031-85134-6_9,Rebeca for Actor Analysis in Action,Chapter,https://link.springer.com/chapter/10.1007/978-3-031-85134-6_9
springer,101,10.1007/978-3-662-62217-9_4,Metal-based hybrid technologies,Lothar Kroll,metal based hybrid technologies,lothar kroll,2023,10.1007/978-3-662-62217-9_4,Multifunctional Lightweight Structures,Chapter,https://link.springer.com/chapter/10.1007/978-3-662-62217-9_4
springer,102,10.1007/978-981-19-9285-8_8,MOJAYA Coupled with R-method for Optimization of Machining Parameters Used in the Generation of Micro Holes on GFRP Composite Using an In-House Developed µ-ECDM System,K. V. J. BhargavP. ShanthanP. S. BalajiRanjeet Kumar Sahu,mojaya coupled with r method for optimization of machining parameters used in the generation of micro holes on gfrp composite using an in house developed μ ecdm system,k v j bhargavp shanthanp s balajiranjeet kumar sahu,2023,10.1007/978-981-19-9285-8_8,Advanced Engineering Optimization Through Intelligent Techniques,Conference paper,https://link.springer.com/chapter/10.1007/978-981-19-9285-8_8
springer,103,10.1007/978-3-031-88226-5_14,Addressing Input/Output Composition Through Open Automata Representation,Rabéa Ameur-BoulifaSarah Chabane Mechiouri,addressing input output composition through open automata representation,rabéa ameur boulifasarah chabane mechiouri,2025,10.1007/978-3-031-88226-5_14,Research in Computer Science,Conference paper,https://link.springer.com/chapter/10.1007/978-3-031-88226-5_14
springer,104,10.1007/978-981-16-2597-8_35,Survey on Social Distancing Detection Using Deep Learning,Harsh SandesaraKaran ShahPramod Bide,survey on social distancing detection using deep learning,harsh sandesarakaran shahpramod bide,2022,10.1007/978-981-16-2597-8_35,International Conference on Innovative Computing and Communications,Conference paper,https://link.springer.com/chapter/10.1007/978-981-16-2597-8_35
springer,105,10.1007/s12530-023-09534-9,A deep learning approach for host-based cryptojacking malware detection,Olanrewaju SandaMichalis PavlidisNikolaos Polatidis,a deep learning approach for host based cryptojacking malware detection,olanrewaju sandamichalis pavlidisnikolaos polatidis,2023,10.1007/s12530-023-09534-9,Evolving Systems,Article,https://link.springer.com/article/10.1007/s12530-023-09534-9
springer,106,10.1007/s11709-022-0880-7,Development of deep neural network model to predict the compressive strength of FRCM confined columns,Khuong Le-NguyenQuyen Cao MinhAfaq AhmadLanh Si Ho,development of deep neural network model to predict the compressive strength of frcm confined columns,khuong le nguyenquyen cao minhafaq ahmadlanh si ho,2022,10.1007/s11709-022-0880-7,Frontiers of Structural and Civil Engineering,Article,https://link.springer.com/article/10.1007/s11709-022-0880-7
springer,107,10.1007/s42452-025-07095-x,A comprehensive model for concrete strength prediction using advanced learning techniques,Sagar DhengareUdaykumar WagheGanesh YenurkarAnjana Shyamala,a comprehensive model for concrete strength prediction using advanced learning techniques,sagar dhengareudaykumar wagheganesh yenurkaranjana shyamala,2025,10.1007/s42452-025-07095-x,Discover Applied Sciences,Article,https://link.springer.com/article/10.1007/s42452-025-07095-x
springer,108,10.1007/s00542-025-05858-5,Performance analysis of electrochemical spark micromilling (ECSMM) process for microchannel fabrication on SiO<sub>2</sub>-reinforced epoxy nanocomposite,Kriti SahaiAudhesh Narayan,performance analysis of electrochemical spark micromilling ecsmm process for microchannel fabrication on sio 2 reinforced epoxy nanocomposite,kriti sahaiaudhesh narayan,2025,10.1007/s00542-025-05858-5,Microsystem Technologies,Article,https://link.springer.com/article/10.1007/s00542-025-05858-5
springer,109,10.1007/s11831-025-10413-6,"A Comprehensive Survey of Hybrid Whale Optimization Algorithm with Long-Short Term Memory: Applications, Improvements, and Future Perspective",Mehdi HosseinzadehJawad TanveerAmir Masoud RahmaniMarcia L. BaptistaRamin AbbaszadiFarhad Soleimanian GharehchopoghThantrira PorntaveetusSang-Woong Lee,a comprehensive survey of hybrid whale optimization algorithm with long short term memory applications improvements and future perspective,mehdi hosseinzadehjawad tanveeramir masoud rahmanimarcia l baptistaramin abbaszadifarhad soleimanian gharehchopoghthantrira porntaveetussang woong lee,2025,10.1007/s11831-025-10413-6,Archives of Computational Methods in Engineering,Article,https://link.springer.com/article/10.1007/s11831-025-10413-6
springer,110,10.1007/978-3-031-87760-5_15,QUICPot. A HTTP/3 Protocol Honeypot,Maria TeodorBogdan-Costel MocanuCătălin NegruFlorin Pop,quicpot a http 3 protocol honeypot,maria teodorbogdan costel mocanucătălin negruflorin pop,2025,10.1007/978-3-031-87760-5_15,Innovative Security Solutions for Information Technology and Communications,Conference paper,https://link.springer.com/chapter/10.1007/978-3-031-87760-5_15
springer,111,10.1007/s00170-022-10695-1,Study on material erosion mechanism of ultrasonic vibration-assisted micro-EDM based on heat-flow coupling analysis,Shaojie HouJicheng BaiHuan LiuZimu ZhouZhuang Lu,study on material erosion mechanism of ultrasonic vibration assisted micro edm based on heat flow coupling analysis,shaojie houjicheng baihuan liuzimu zhouzhuang lu,2022,10.1007/s00170-022-10695-1,The International Journal of Advanced Manufacturing Technology,Article,https://link.springer.com/article/10.1007/s00170-022-10695-1
springer,112,10.1038/s41598-024-74327-2,Enhancing human computer interaction with coot optimization and deep learning for multi language identification,Elvir AkhmetshinGalina MeshkovaMaria MikhailovaRustem ShichiyakhGyanendra Prasad JoshiWoong Cho,enhancing human computer interaction with coot optimization and deep learning for multi language identification,elvir akhmetshingalina meshkovamaria mikhailovarustem shichiyakhgyanendra prasad joshiwoong cho,2024,10.1038/s41598-024-74327-2,Scientific Reports,Article,https://link.springer.com/article/10.1038/s41598-024-74327-2
springer,113,10.1007/978-3-032-12086-1_2,A Modular Orthogonal Integration of Operational and Prescriptive Timing Requirements Using TASTD,Alex Rodrigue NdounaMarc FrappierFrédéric Mallet,a modular orthogonal integration of operational and prescriptive timing requirements using tastd,alex rodrigue ndounamarc frappierfrédéric mallet,2026,10.1007/978-3-032-12086-1_2,Formal Methods: Foundations and Applications,Conference paper,https://link.springer.com/chapter/10.1007/978-3-032-12086-1_2
springer,114,10.1007/978-3-032-09562-6_13,Dynamic Composition and Concurrency in I/O Automata: The Ioa++ Framework,Sowmith Reddy Thukkani,dynamic composition and concurrency in i o automata the ioa framework,sowmith reddy thukkani,2025,10.1007/978-3-032-09562-6_13,"Intelligent Systems, Blockchain, and Communication Technologies",Conference paper,https://link.springer.com/chapter/10.1007/978-3-032-09562-6_13
springer,115,10.1007/978-3-032-12846-1_6,Analyzing and Comparing the Stream Theory: A Review,Dang Van PhamVinh Cong PhanTrong Toan Tran,analyzing and comparing the stream theory a review,dang van phamvinh cong phantrong toan tran,2026,10.1007/978-3-032-12846-1_6,Nature of Computation and Communication,Conference paper,https://link.springer.com/chapter/10.1007/978-3-032-12846-1_6
springer,116,10.1007/978-3-031-22337-2_8,Generalizing Logical Execution Time,Edward A. LeeMarten Lohstroh,generalizing logical execution time,edward a leemarten lohstroh,2022,10.1007/978-3-031-22337-2_8,Principles of Systems Design,Chapter,https://link.springer.com/chapter/10.1007/978-3-031-22337-2_8
springer,117,10.1038/s41586-025-09066-z,Dynamic basal ganglia output signals license and suppress forelimb movements,Antonio FalasconiHarsh KanodiaSilvia Arber,dynamic basal ganglia output signals license and suppress forelimb movements,antonio falasconiharsh kanodiasilvia arber,2025,10.1038/s41586-025-09066-z,Nature,Article,https://link.springer.com/article/10.1038/s41586-025-09066-z
springer,118,10.1007/s10766-022-00748-z,Accelerating OCaml Programs on FPGA,Loïc SylvestreEmmanuel ChaillouxJocelyn Sérot,accelerating ocaml programs on fpga,loïc sylvestreemmanuel chaillouxjocelyn sérot,2023,10.1007/s10766-022-00748-z,International Journal of Parallel Programming,Article,https://link.springer.com/article/10.1007/s10766-022-00748-z
springer,119,10.1007/s10270-021-00923-9,Unified verification and monitoring of executable UML specifications,Valentin BesnardCiprian TeodorovFrédéric JouaultMatthias BrunPhilippe Dhaussy,unified verification and monitoring of executable uml specifications,valentin besnardciprian teodorovfrédéric jouaultmatthias brunphilippe dhaussy,2021,10.1007/s10270-021-00923-9,Software and Systems Modeling,Article,https://link.springer.com/article/10.1007/s10270-021-00923-9
springer,120,10.1007/s42452-022-05063-3,A cross-sectoral review of the current and potential maintenance strategies for composite structures,Javier Contreras LopezJuan ChiachíoAli SalehManuel ChiachíoAthanasios Kolios,a cross sectoral review of the current and potential maintenance strategies for composite structures,javier contreras lopezjuan chiachíoali salehmanuel chiachíoathanasios kolios,2022,10.1007/s42452-022-05063-3,SN Applied Sciences,Article,https://link.springer.com/article/10.1007/s42452-022-05063-3
springer,121,10.1007/s44290-026-00574-z,Seismic analysis and probabilistic risk assessment of reinforced concrete buildings: a review and integrated framework,Muhammad AbubakarMuhammad Awaib,seismic analysis and probabilistic risk assessment of reinforced concrete buildings a review and integrated framework,muhammad abubakarmuhammad awaib,2026,10.1007/s44290-026-00574-z,Discover Civil Engineering,Article,https://link.springer.com/article/10.1007/s44290-026-00574-z
springer,122,10.1007/s00202-023-01793-8,Peer-to-peer energy trading in a distribution network considering the impact of short-term load forecasting,Ashwini D. ManchalwarNita R. PatneB. V. Surya VardhanMohan Khedkar,peer to peer energy trading in a distribution network considering the impact of short term load forecasting,ashwini d manchalwarnita r patneb v surya vardhanmohan khedkar,2023,10.1007/s00202-023-01793-8,Electrical Engineering,Article,https://link.springer.com/article/10.1007/s00202-023-01793-8
springer,123,10.1038/s41598-021-85896-x,"BonZeb: open-source, modular software tools for high-resolution zebrafish tracking and analysis",Nicholas C. GuilbeaultJordan GuerguievMichael MartinIsabelle TateTod R. Thiele,bonzeb open source modular software tools for high resolution zebrafish tracking and analysis,nicholas c guilbeaultjordan guerguievmichael martinisabelle tatetod r thiele,2021,10.1038/s41598-021-85896-x,Scientific Reports,Article,https://link.springer.com/article/10.1038/s41598-021-85896-x
springer,124,10.1007/978-3-031-08154-5_1,Towards the Smart Filter,Alessandra ZanelliCarlotta Mazzola,towards the smart filter,alessandra zanellicarlotta mazzola,2023,10.1007/978-3-031-08154-5_1,Lightweight Energy,Chapter,https://link.springer.com/chapter/10.1007/978-3-031-08154-5_1
springer,125,10.1007/978-3-031-30044-8_10,Interpreting Knowledge-based Programs,Alexander KnappHeribert MühlbergerBernhard Reus,interpreting knowledge based programs,alexander knappheribert mühlbergerbernhard reus,2023,10.1007/978-3-031-30044-8_10,Programming Languages and Systems,Conference paper,https://link.springer.com/chapter/10.1007/978-3-031-30044-8_10
springer,126,10.1007/s11633-025-1558-0,A Survey on End-to-end Perception and Prediction for Autonomous Driving,Yufan HuLonghui HuQingqun KongBin Fan,a survey on end to end perception and prediction for autonomous driving,yufan hulonghui huqingqun kongbin fan,2025,10.1007/s11633-025-1558-0,Machine Intelligence Research,Article,https://link.springer.com/article/10.1007/s11633-025-1558-0
springer,127,10.1038/s41598-025-00943-1,Optimizing sustainable blended concrete mixes using deep learning and multi-objective optimization,Rupesh Kumar TipuPreeti RathiKartik S. PandyaVijay R. Panchal,optimizing sustainable blended concrete mixes using deep learning and multi objective optimization,rupesh kumar tipupreeti rathikartik s pandyavijay r panchal,2025,10.1038/s41598-025-00943-1,Scientific Reports,Article,https://link.springer.com/article/10.1038/s41598-025-00943-1
springer,128,10.1007/s41693-024-00143-9,Digital technologies and robotics in mass-timber manufacturing: a systematic literature review on construction 4.0/5.0,Jessica Janeth Cisneros-GonzalezAfia RasoolRafiq Ahmad,digital technologies and robotics in mass timber manufacturing a systematic literature review on construction 4 0 5 0,jessica janeth cisneros gonzalezafia rasoolrafiq ahmad,2024,10.1007/s41693-024-00143-9,Construction Robotics,Article,https://link.springer.com/article/10.1007/s41693-024-00143-9
springer,129,10.1038/s41586-021-04000-5,Frontal neurons driving competitive behaviour and ecology of social groups,S. William LiOmer ZeligerLeah StrahsRaymundo Báez-MendozaLance M. JohnsonAidan McDonald WojciechowskiZiv M. Williams,frontal neurons driving competitive behaviour and ecology of social groups,s william liomer zeligerleah strahsraymundo báez mendozalance m johnsonaidan mcdonald wojciechowskiziv m williams,2022,10.1038/s41586-021-04000-5,Nature,Article,https://link.springer.com/article/10.1038/s41586-021-04000-5
springer,130,10.1007/978-3-031-70771-1_30,Cross-Institutional Collaboration in Argentina Within the Collaborative Network of Remote Laboratories R-Lab,Federico Gastón LerroGraciela UtgesDiego Christian CaputoSusana Teresa Marchisio,cross institutional collaboration in argentina within the collaborative network of remote laboratories r lab,federico gastón lerrograciela utgesdiego christian caputosusana teresa marchisio,2024,10.1007/978-3-031-70771-1_30,Online Laboratories in Engineering and Technology Education,Chapter,https://link.springer.com/chapter/10.1007/978-3-031-70771-1_30
springer,131,10.1007/978-3-031-52038-9_10,Hardware Implementation of OCaml Using a Synchronous Functional Language,Loïc SylvestreJocelyn SérotEmmanuel Chailloux,hardware implementation of ocaml using a synchronous functional language,loïc sylvestrejocelyn sérotemmanuel chailloux,2023,10.1007/978-3-031-52038-9_10,Practical Aspects of Declarative Languages,Conference paper,https://link.springer.com/chapter/10.1007/978-3-031-52038-9_10
springer,132,10.1007/s00170-026-18072-y,"Artificial intelligence in additive Manufacturing: advances in smart materials, lattice optimization, and process intelligence",Saqlain ZamanMd Shahjahan MahmudAli Akber MollickTenzin LhadenJoshua DantzlerSabina ArroyoNithin K. GoonaMaisha MesbahMd. Ariful AhsanYirong Lin,artificial intelligence in additive manufacturing advances in smart materials lattice optimization and process intelligence,saqlain zamanmd shahjahan mahmudali akber mollicktenzin lhadenjoshua dantzlersabina arroyonithin k goonamaisha mesbahmd ariful ahsanyirong lin,2026,10.1007/s00170-026-18072-y,The International Journal of Advanced Manufacturing Technology,Article,https://link.springer.com/article/10.1007/s00170-026-18072-y
springer,133,10.1007/978-3-030-44914-8_15,Semantic Foundations for Deterministic Dataflow and Stream Processing,Konstantinos Mamouras,semantic foundations for deterministic dataflow and stream processing,konstantinos mamouras,2020,10.1007/978-3-030-44914-8_15,Programming Languages and Systems,Conference paper,https://link.springer.com/chapter/10.1007/978-3-030-44914-8_15
springer,134,10.1007/978-3-658-41777-2_7,Umsetzung,Matthes ElstermannAlbert FleischmannChristoph MoserStefan OpplWerner SchmidtChristian Stary,umsetzung,matthes elstermannalbert fleischmannchristoph moserstefan opplwerner schmidtchristian stary,2023,10.1007/978-3-658-41777-2_7,Ganzheitliche Digitalisierung von Prozessen,Chapter,https://link.springer.com/chapter/10.1007/978-3-658-41777-2_7
springer,135,10.1007/s10270-022-01002-3,Early timing analysis based on scenario requirements and platform models,Jörg HoltmannJulien DeantoniMarkus Fockel,early timing analysis based on scenario requirements and platform models,jörg holtmannjulien deantonimarkus fockel,2022,10.1007/s10270-022-01002-3,Software and Systems Modeling,Article,https://link.springer.com/article/10.1007/s10270-022-01002-3
springer,136,10.1007/s11831-026-10494-x,"Machine Learning in Ultra-High-Performance Concrete (UHPC): A Multiscale Review of Applications, Challenges, and Prospects",Keat Bin TeohShack Yee HiewNemkumar BanthiaDoo-Yeol Yoo,machine learning in ultra high performance concrete uhpc a multiscale review of applications challenges and prospects,keat bin teohshack yee hiewnemkumar banthiadoo yeol yoo,2026,10.1007/s11831-026-10494-x,Archives of Computational Methods in Engineering,Article,https://link.springer.com/article/10.1007/s11831-026-10494-x
springer,137,10.1007/978-3-030-41131-2_4,Reactors: A Deterministic Model for Composable Reactive Systems,Marten LohstrohÍñigo Íncer RomeoAndrés GoensPatricia DerlerJeronimo CastrillonEdward A. LeeAlberto Sangiovanni-Vincentelli,reactors a deterministic model for composable reactive systems,marten lohstrohíñigo íncer romeoandrés goenspatricia derlerjeronimo castrillonedward a leealberto sangiovanni vincentelli,2020,10.1007/978-3-030-41131-2_4,Cyber Physical Systems. Model-Based Design,Conference paper,https://link.springer.com/chapter/10.1007/978-3-030-41131-2_4
springer,138,10.1007/978-3-662-62217-9_6,Integrating micro and nano systems into lightweight structures,Lothar Kroll,integrating micro and nano systems into lightweight structures,lothar kroll,2023,10.1007/978-3-662-62217-9_6,Multifunctional Lightweight Structures,Chapter,https://link.springer.com/chapter/10.1007/978-3-662-62217-9_6
springer,139,10.1007/978-981-16-2278-6_11,Evaluation of Machining Properties of Short Bamboo Fiber-Based Green Composites Using CNC Drilling Process,Shubham B. PatilJagadishShailesh VaidyaSatish Kumar Adapa,evaluation of machining properties of short bamboo fiber based green composites using cnc drilling process,shubham b patiljagadishshailesh vaidyasatish kumar adapa,2022,10.1007/978-981-16-2278-6_11,Sustainable Machining Strategies for Better Performance,Conference paper,https://link.springer.com/chapter/10.1007/978-981-16-2278-6_11
springer,140,10.1007/s00500-021-06028-1,RETRACTED ARTICLE: IoT-based smart environment using intelligent intrusion detection system,Gauri KalnoorS. Gowrishankar,retracted article iot based smart environment using intelligent intrusion detection system,gauri kalnoors gowrishankar,2021,10.1007/s00500-021-06028-1,Soft Computing,Article,https://link.springer.com/article/10.1007/s00500-021-06028-1
springer,141,10.1007/978-3-031-35361-1_5,Shelley: A Framework for Model Checking Call Ordering on Hierarchical Systems,Carlos Mão de FerroTiago CogumbreiroFrancisco Martins,shelley a framework for model checking call ordering on hierarchical systems,carlos mão de ferrotiago cogumbreirofrancisco martins,2023,10.1007/978-3-031-35361-1_5,Coordination Models and Languages,Conference paper,https://link.springer.com/chapter/10.1007/978-3-031-35361-1_5
springer,142,10.1007/s11227-021-03875-5,Cyber-physical systems for structural health monitoring: sensing technologies and intelligent computing,Wael DoghriAhlem SaddoudLamia Chaari Fourati,cyber physical systems for structural health monitoring sensing technologies and intelligent computing,wael doghriahlem saddoudlamia chaari fourati,2021,10.1007/s11227-021-03875-5,The Journal of Supercomputing,Article,https://link.springer.com/article/10.1007/s11227-021-03875-5
springer,143,10.1007/s11761-019-00268-8,A service platform for streamlining the production of cyber–physical interactive performance art,Chun-Feng LiaoKung Chen,a service platform for streamlining the production of cyber physical interactive performance art,chun feng liaokung chen,2019,10.1007/s11761-019-00268-8,Service Oriented Computing and Applications,Article,https://link.springer.com/article/10.1007/s11761-019-00268-8
springer,144,10.1007/s13369-020-04412-x,Shear Strengthening of Reinforced Concrete T-Beams by Using Fiber-Reinforced Polymer Composites: A Data Analysis,Swapnasarit KarK. C. Biswal,shear strengthening of reinforced concrete t beams by using fiber reinforced polymer composites a data analysis,swapnasarit kark c biswal,2020,10.1007/s13369-020-04412-x,Arabian Journal for Science and Engineering,Article,https://link.springer.com/article/10.1007/s13369-020-04412-x
springer,145,10.1007/978-3-031-51060-1_9,"Actors Upgraded for Variability, Adaptability, and Determinism",Ramtin KhosraviEhsan KhamespanahFatemeh GhassemiMarjan Sirjani,actors upgraded for variability adaptability and determinism,ramtin khosraviehsan khamespanahfatemeh ghassemimarjan sirjani,2024,10.1007/978-3-031-51060-1_9,Active Object Languages: Current Research Trends,Chapter,https://link.springer.com/chapter/10.1007/978-3-031-51060-1_9
springer,146,10.1007/s41939-025-01154-x,Physics-guided deep ensemble and inverse design for sustainable concrete,Arvind DewanganNeha SharmaAkanksha KulshreshthaReeta GuliaSumit SainiSagar ParuthiRupesh Kumar Tipu,physics guided deep ensemble and inverse design for sustainable concrete,arvind dewanganneha sharmaakanksha kulshreshthareeta guliasumit sainisagar paruthirupesh kumar tipu,2026,10.1007/s41939-025-01154-x,"Multiscale and Multidisciplinary Modeling, Experiments and Design",Article,https://link.springer.com/article/10.1007/s41939-025-01154-x
springer,147,10.1007/978-3-030-84459-2_9,A Reactive Architectural Proposal for Fog/Edge Computing in the Internet of Things Paradigm with Application in Deep Learning,Óscar Belmonte-FernándezEmilio Sansano-SansanoSergio TrillesAntonio Caballer-Miedes,a reactive architectural proposal for fog edge computing in the internet of things paradigm with application in deep learning,óscar belmonte fernándezemilio sansano sansanosergio trillesantonio caballer miedes,2022,10.1007/978-3-030-84459-2_9,"Artificial Intelligence, Machine Learning, and Optimization Tools for Smart Cities",Chapter,https://link.springer.com/chapter/10.1007/978-3-030-84459-2_9
springer,148,10.1007/978-3-658-49306-6_3,Modes,Michael Riegler,modes,michael riegler,2025,10.1007/978-3-658-49306-6_3,Mode-Switching for Resilient Security,Chapter,https://link.springer.com/chapter/10.1007/978-3-658-49306-6_3
springer,149,10.1038/s41586-024-07908-w,Brain-wide dynamics linking sensation to action during decision-making,Andrei KhilkevichMichael LohseRyan LowIvana OrsolicTadej BozicPaige WindmillThomas D. Mrsic-Flogel,brain wide dynamics linking sensation to action during decision making,andrei khilkevichmichael lohseryan lowivana orsolictadej bozicpaige windmillthomas d mrsic flogel,2024,10.1038/s41586-024-07908-w,Nature,Article,https://link.springer.com/article/10.1038/s41586-024-07908-w
springer,150,10.1007/978-3-662-62217-9_5,Textile- and plastic-based technologies,Lothar Kroll,textile and plastic based technologies,lothar kroll,2023,10.1007/978-3-662-62217-9_5,Multifunctional Lightweight Structures,Chapter,https://link.springer.com/chapter/10.1007/978-3-662-62217-9_5
springer,151,10.1038/s41598-021-98383-0,Evaluation of fish feeder manufactured from local raw materials,El-Sayed KhaterAdel BahnasawyOsama Morsy,evaluation of fish feeder manufactured from local raw materials,el sayed khateradel bahnasawyosama morsy,2021,10.1038/s41598-021-98383-0,Scientific Reports,Article,https://link.springer.com/article/10.1038/s41598-021-98383-0
springer,152,10.1007/s10846-022-01664-7,An SNN-CPG Hybrid Locomotion Control for Biomimetic Robotic Fish,Ming WangYiyang ZhangJunzhi Yu,an snn cpg hybrid locomotion control for biomimetic robotic fish,ming wangyiyang zhangjunzhi yu,2022,10.1007/s10846-022-01664-7,Journal of Intelligent & Robotic Systems,Article,https://link.springer.com/article/10.1007/s10846-022-01664-7
springer,153,10.1007/s44245-026-00265-0,Recent advances in smart polymers for biomedical applications using additive manufacturing systems,Isiaka Oluwole OladeleAdekunle Mathew AjayiQueen Oluwatoyin AdewumiNnabuike Linus OnuhOjo Friday AbrahamAnuoluwapo Samuel TaiwoAbimbola Oluwatayo Orisawayi,recent advances in smart polymers for biomedical applications using additive manufacturing systems,isiaka oluwole oladeleadekunle mathew ajayiqueen oluwatoyin adewuminnabuike linus onuhojo friday abrahamanuoluwapo samuel taiwoabimbola oluwatayo orisawayi,2026,10.1007/s44245-026-00265-0,Discover Mechanical Engineering,Article,https://link.springer.com/article/10.1007/s44245-026-00265-0
springer,154,10.1007/s11042-023-15642-0,RETRACTED ARTICLE: AI-ciphering techniques for connected vehicular Adhoc networks,Deepak ChoudharyRoop Pahuja,retracted article ai ciphering techniques for connected vehicular adhoc networks,deepak choudharyroop pahuja,2023,10.1007/s11042-023-15642-0,Multimedia Tools and Applications,Article,https://link.springer.com/article/10.1007/s11042-023-15642-0
springer,155,10.1007/978-3-030-62136-0_9,Goal-Based Strategy Exploration,Patricia Aluko ObeJennifer BringsMarian DaunLinda FeekenElham MirzaeiMartin NeumannJochen NicklesSimon RöselMarkus SauerHolger SchlingloffIngo StierandJan-Stefan Zernickel,goal based strategy exploration,patricia aluko obejennifer bringsmarian daunlinda feekenelham mirzaeimartin neumannjochen nicklessimon röselmarkus sauerholger schlingloffingo stierandjan stefan zernickel,2021,10.1007/978-3-030-62136-0_9,Model-Based Engineering of Collaborative Embedded Systems,Chapter,https://link.springer.com/chapter/10.1007/978-3-030-62136-0_9
springer,156,10.1007/978-981-15-9942-2_3,Basic Knowledge of Firmware,Qinghao TangFan Du,basic knowledge of firmware,qinghao tangfan du,2021,10.1007/978-981-15-9942-2_3,Internet of Things Security: Principles and Practice,Chapter,https://link.springer.com/chapter/10.1007/978-981-15-9942-2_3
springer,157,10.1007/978-3-031-55139-0_8,Recovery Preparation,Igor SchagaevThomas Kaegi,recovery preparation,igor schagaevthomas kaegi,2024,10.1007/978-3-031-55139-0_8,Software Design for Resilient Computer Systems,Chapter,https://link.springer.com/chapter/10.1007/978-3-031-55139-0_8
springer,158,10.1007/978-3-030-64437-6_2,Declarative Stream Runtime Verification (hLola),Martín CeresaFelipe GorostiagaCésar Sánchez,declarative stream runtime verification hlola,martín ceresafelipe gorostiagacésar sánchez,2020,10.1007/978-3-030-64437-6_2,Programming Languages and Systems,Conference paper,https://link.springer.com/chapter/10.1007/978-3-030-64437-6_2
springer,159,10.1007/s11023-023-09624-2,Computers as Interactive Machines: Can We Build an Explanatory Abstraction?,Alice MartinMathieu MagnaudetStéphane Conversy,computers as interactive machines can we build an explanatory abstraction,alice martinmathieu magnaudetstéphane conversy,2023,10.1007/s11023-023-09624-2,Minds and Machines,Article,https://link.springer.com/article/10.1007/s11023-023-09624-2
springer,160,10.1007/978-3-030-60910-8_2,Specifications and Modeling,Peter Marwedel,specifications and modeling,peter marwedel,2021,10.1007/978-3-030-60910-8_2,Embedded System Design,Chapter,https://link.springer.com/chapter/10.1007/978-3-030-60910-8_2
springer,161,10.1007/978-3-030-31585-6_1,Time in SCCharts,Alexander Schulz-RosengartenReinhard von HanxledenFrédéric MalletRobert de SimoneJulien Deantoni,time in sccharts,alexander schulz rosengartenreinhard von hanxledenfrédéric malletrobert de simonejulien deantoni,2020,10.1007/978-3-030-31585-6_1,"Languages, Design Methods, and Tools for Electronic System Design",Chapter,https://link.springer.com/chapter/10.1007/978-3-030-31585-6_1
springer,162,10.1007/s40996-026-02188-y,Advances in Machine Learning for Predicting Compressive Strength of High-Performance Concrete: A Review,Rupesh Kumar TipuSagar Paruthi,advances in machine learning for predicting compressive strength of high performance concrete a review,rupesh kumar tipusagar paruthi,2026,10.1007/s40996-026-02188-y,"Iranian Journal of Science and Technology, Transactions of Civil Engineering",Article,https://link.springer.com/article/10.1007/s40996-026-02188-y
springer,163,10.1007/978-981-19-8394-8_11,The Integrated Design of Aero-engines and Aero-craft,Franklin Li Duan,the integrated design of aero engines and aero craft,franklin li duan,2023,10.1007/978-981-19-8394-8_11,When AIAA Meets IEEE,Chapter,https://link.springer.com/chapter/10.1007/978-981-19-8394-8_11
springer,164,10.1007/s11219-019-09493-y,Runtime verification of real-time event streams under non-synchronized arrival,Martin LeuckerCésar SánchezTorben ScheffelMalte SchmitzAlexander Schramm,runtime verification of real time event streams under non synchronized arrival,martin leuckercésar sáncheztorben scheffelmalte schmitzalexander schramm,2020,10.1007/s11219-019-09493-y,Software Quality Journal,Article,https://link.springer.com/article/10.1007/s11219-019-09493-y
springer,165,10.1007/s41693-020-00036-7,Spatial winding: cooperative heterogeneous multi-robot system for fibrous structures,Rebeca Duque EstradaFabian KannenbergHans Jakob WagnerMaria YabloninaAchim Menges,spatial winding cooperative heterogeneous multi robot system for fibrous structures,rebeca duque estradafabian kannenberghans jakob wagnermaria yabloninaachim menges,2020,10.1007/s41693-020-00036-7,Construction Robotics,Article,https://link.springer.com/article/10.1007/s41693-020-00036-7
springer,166,10.1007/978-3-031-19849-6_5,Specification-Based Monitoring in C++,Klaus Havelund,specification based monitoring in c,klaus havelund,2022,10.1007/978-3-031-19849-6_5,"Leveraging Applications of Formal Methods, Verification and Validation. Verification Principles",Conference paper,https://link.springer.com/chapter/10.1007/978-3-031-19849-6_5
springer,167,10.1007/978-3-031-08143-9_2,MIMOS: A Deterministic Model for the Design and Update of Real-Time Systems,Wang YiMorteza MohaqeqiSusanne Graf,mimos a deterministic model for the design and update of real time systems,wang yimorteza mohaqeqisusanne graf,2022,10.1007/978-3-031-08143-9_2,Coordination Models and Languages,Conference paper,https://link.springer.com/chapter/10.1007/978-3-031-08143-9_2
springer,168,10.1007/s10009-019-00521-7,Correct-by-construction model-based design of reactive streaming software for multi-core embedded systems,Fotios GioulekasPeter PoplavkoPanagiotis KatsarosSaddek BensalemPedro Palomo,correct by construction model based design of reactive streaming software for multi core embedded systems,fotios gioulekaspeter poplavkopanagiotis katsarossaddek bensalempedro palomo,2019,10.1007/s10009-019-00521-7,International Journal on Software Tools for Technology Transfer,Article,https://link.springer.com/article/10.1007/s10009-019-00521-7
springer,169,10.1007/978-3-030-72016-2_18,Algebraic Quantitative Semantics for Efficient Online Temporal Monitoring,Konstantinos MamourasAgnishom ChattopadhyayZhifu Wang,algebraic quantitative semantics for efficient online temporal monitoring,konstantinos mamourasagnishom chattopadhyayzhifu wang,2021,10.1007/978-3-030-72016-2_18,Tools and Algorithms for the Construction and Analysis of Systems,Conference paper,https://link.springer.com/chapter/10.1007/978-3-030-72016-2_18
springer,170,10.1007/978-3-030-91384-7_3,Cause-Effect Reaction Latency in Real-Time Systems,Jakaria AbdullahWang Yi,cause effect reaction latency in real time systems,jakaria abdullahwang yi,2021,10.1007/978-3-030-91384-7_3,"Model Checking, Synthesis, and Learning",Chapter,https://link.springer.com/chapter/10.1007/978-3-030-91384-7_3
springer,171,10.1007/s11761-021-00317-1,Integration of ontologies to support Control as a Service in an Industry 4.0 context,Minhu LyuFrederique BiennierParisa Ghodous,integration of ontologies to support control as a service in an industry 4 0 context,minhu lyufrederique biennierparisa ghodous,2021,10.1007/s11761-021-00317-1,Service Oriented Computing and Applications,Article,https://link.springer.com/article/10.1007/s11761-021-00317-1
springer,172,10.1007/978-3-031-27901-0_6,"Formal Modeling, Verification and Automated Synthesis",Gopinath KarmakarAmol WakankarAshutosh KabraParitosh Pandya,formal modeling verification and automated synthesis,gopinath karmakaramol wakankarashutosh kabraparitosh pandya,2023,10.1007/978-3-031-27901-0_6,Development of Safety-Critical Systems,Chapter,https://link.springer.com/chapter/10.1007/978-3-031-27901-0_6
springer,173,10.1007/s12206-021-0402-x,Low speed lifting cable diagnosis using instantaneous angular speed,Souha KhadraouiFabrice BolaersOlivier CousinardJean Paul Dron,low speed lifting cable diagnosis using instantaneous angular speed,souha khadraouifabrice bolaersolivier cousinardjean paul dron,2021,10.1007/s12206-021-0402-x,Journal of Mechanical Science and Technology,Article,https://link.springer.com/article/10.1007/s12206-021-0402-x
springer,174,10.1007/978-3-030-67067-2_19,A Synchronous Effects Logic for Temporal Verification of Pure Esterel,Yahui SongWei-Ngan Chin,a synchronous effects logic for temporal verification of pure esterel,yahui songwei ngan chin,2021,10.1007/978-3-030-67067-2_19,"Verification, Model Checking, and Abstract Interpretation",Conference paper,https://link.springer.com/chapter/10.1007/978-3-030-67067-2_19
springer,175,10.1007/978-3-030-61725-7_6,A Dynamic Data Driven Applications Systems (DDDAS)-Based Digital Twin IoT Framework,Sarah MalikRakeen RoufKrzysztof MazurAntonios Kontsos,a dynamic data driven applications systems dddas based digital twin iot framework,sarah malikrakeen roufkrzysztof mazurantonios kontsos,2020,10.1007/978-3-030-61725-7_6,Dynamic Data Driven Applications Systems,Conference paper,https://link.springer.com/chapter/10.1007/978-3-030-61725-7_6
springer,176,10.1007/s11704-017-6485-y,Towards a simple and safe Objective Caml compiling framework for the synchronous language SIGNAL,Zhibin YangJean-Paul BodeveixMamoun Filali,towards a simple and safe objective caml compiling framework for the synchronous language signal,zhibin yangjean paul bodeveixmamoun filali,2019,10.1007/s11704-017-6485-y,Frontiers of Computer Science,Article,https://link.springer.com/article/10.1007/s11704-017-6485-y
springer,177,10.1007/s10270-020-00854-x,A survey on the design space of end-user-oriented languages for specifying robotic missions,Swaib DraguleThorsten BergerClaudio MenghiPatrizio Pelliccione,a survey on the design space of end user oriented languages for specifying robotic missions,swaib dragulethorsten bergerclaudio menghipatrizio pelliccione,2021,10.1007/s10270-020-00854-x,Software and Systems Modeling,Article,https://link.springer.com/article/10.1007/s10270-020-00854-x
springer,178,10.1007/978-3-030-59824-2_7,Godec: An Open-Source Data Processing Framework for Deploying ML Data Flows in Edge-Computing Environments,Ralf MeermeierLe ZhangFrancis KeithWilliam HartmannStavros TsakalidisAndrew Tabarez,godec an open source data processing framework for deploying ml data flows in edge computing environments,ralf meermeierle zhangfrancis keithwilliam hartmannstavros tsakalidisandrew tabarez,2020,10.1007/978-3-030-59824-2_7,Edge Computing – EDGE 2020,Conference paper,https://link.springer.com/chapter/10.1007/978-3-030-59824-2_7
springer,179,10.1007/978-3-030-28346-9_8,Type-Safe Functions and Tasks in a Shallow Embedded DSL for Microprocessors,Pieter KoopmanRinus Plasmeijer,type safe functions and tasks in a shallow embedded dsl for microprocessors,pieter koopmanrinus plasmeijer,2019,10.1007/978-3-030-28346-9_8,Central European Functional Programming School,Chapter,https://link.springer.com/chapter/10.1007/978-3-030-28346-9_8
springer,180,10.1007/978-3-030-46902-3_4,Automated Ada Code Generation from Synchronous Dataflow Programs on Multicore: Approach and Industrial Study,Shenghao YuanZhibin YangJean-Paul BodeveixMamoun FilaliTiexin WangYong Zhou,automated ada code generation from synchronous dataflow programs on multicore approach and industrial study,shenghao yuanzhibin yangjean paul bodeveixmamoun filalitiexin wangyong zhou,2020,10.1007/978-3-030-46902-3_4,Formal Techniques for Safety-Critical Systems,Conference paper,https://link.springer.com/chapter/10.1007/978-3-030-46902-3_4
springer,181,10.1007/s11831-021-09632-4,Application of Structural Control Systems for the Cables of Cable-Stayed Bridges: State-of-the-Art and State-of-the-Practice,Ahad JavanmardiKhaled GhaediFuyun HuangMuhammad Usman HanifAlireza Tabrizikahou,application of structural control systems for the cables of cable stayed bridges state of the art and state of the practice,ahad javanmardikhaled ghaedifuyun huangmuhammad usman hanifalireza tabrizikahou,2021,10.1007/s11831-021-09632-4,Archives of Computational Methods in Engineering,Article,https://link.springer.com/article/10.1007/s11831-021-09632-4
springer,182,10.1007/s11831-025-10408-3,"Metaheuristic Algorithms Since 2020: Development, Taxonomy, Analysis, and Applications",Arunita DasRebika RaiBuddhadev SasmalKrishna Gopal DhalRuba Abu KhurmaRamesh Saha,metaheuristic algorithms since 2020 development taxonomy analysis and applications,arunita dasrebika raibuddhadev sasmalkrishna gopal dhalruba abu khurmaramesh saha,2025,10.1007/s11831-025-10408-3,Archives of Computational Methods in Engineering,Article,https://link.springer.com/article/10.1007/s11831-025-10408-3
springer,183,10.1007/s10270-022-00989-z,A benchmark of incremental model transformation tools based on an industrial case study with AADL,Hana MkaouarDominique BlouinEtienne Borde,a benchmark of incremental model transformation tools based on an industrial case study with aadl,hana mkaouardominique blouinetienne borde,2022,10.1007/s10270-022-00989-z,Software and Systems Modeling,Article,https://link.springer.com/article/10.1007/s10270-022-00989-z
springer,184,10.1007/978-3-030-82446-4_6,INTER-Framework: An Interoperability Framework to Support IoT Platform Interoperability,Clara I. ValeroAndreu BelsaAlejandro Fornes-LealFernando BoronatMiguel A. LlorenteMiguel Montesinos,inter framework an interoperability framework to support iot platform interoperability,clara i valeroandreu belsaalejandro fornes lealfernando boronatmiguel a llorentemiguel montesinos,2021,10.1007/978-3-030-82446-4_6,Interoperability of Heterogeneous IoT Platforms,Chapter,https://link.springer.com/chapter/10.1007/978-3-030-82446-4_6
springer,185,10.1007/s10009-019-00531-5,Distributed graph queries over models@run.time for runtime monitoring of cyber-physical systems,Márton BúrGábor SzilágyiAndrás VörösDániel Varró,distributed graph queries over models run time for runtime monitoring of cyber physical systems,márton búrgábor szilágyiandrás vörösdániel varró,2019,10.1007/s10009-019-00531-5,International Journal on Software Tools for Technology Transfer,Article,https://link.springer.com/article/10.1007/s10009-019-00531-5
springer,186,10.1007/s10270-020-00806-5,Mixed-semantics composition of statecharts for the component-based design of reactive systems,Bence GraicsVince MolnárAndrás VörösIstván MajzikDániel Varró,mixed semantics composition of statecharts for the component based design of reactive systems,bence graicsvince molnárandrás vörösistván majzikdániel varró,2020,10.1007/s10270-020-00806-5,Software and Systems Modeling,Article,https://link.springer.com/article/10.1007/s10270-020-00806-5
springer,187,10.1007/978-3-031-34144-1_14,Concurrent Programming,Maurizio GabbrielliSimone Martini,concurrent programming,maurizio gabbriellisimone martini,2023,10.1007/978-3-031-34144-1_14,Programming Languages: Principles and Paradigms,Chapter,https://link.springer.com/chapter/10.1007/978-3-031-34144-1_14
springer,188,10.1007/978-3-031-27901-0_7,Development of Qualified Platform,Gopinath KarmakarAmol WakankarAshutosh KabraParitosh Pandya,development of qualified platform,gopinath karmakaramol wakankarashutosh kabraparitosh pandya,2023,10.1007/978-3-031-27901-0_7,Development of Safety-Critical Systems,Chapter,https://link.springer.com/chapter/10.1007/978-3-031-27901-0_7
springer,189,10.1007/s11704-018-7217-7,TRAP: trace runtime analysis of properties,Daian YueVania JoloboffFrédéric Mallet,trap trace runtime analysis of properties,daian yuevania jolobofffrédéric mallet,2019,10.1007/s11704-018-7217-7,Frontiers of Computer Science,Article,https://link.springer.com/article/10.1007/s11704-018-7217-7
springer,190,10.1007/978-3-031-05528-7_1,Cloud Computing and Internet of Things: Recent Trends and Directions,Mohammad GoudarziShashikant IlagerRajkumar Buyya,cloud computing and internet of things recent trends and directions,mohammad goudarzishashikant ilagerrajkumar buyya,2022,10.1007/978-3-031-05528-7_1,New Frontiers in Cloud Computing and Internet of Things,Chapter,https://link.springer.com/chapter/10.1007/978-3-031-05528-7_1
springer,191,10.1007/s11704-017-6134-5,Polychronous automata and their use for formal validation of AADL models,Thierry GautierClément GuyAlexandre HonoratPaul Le GuernicJean-Pierre TalpinLoïc Besnard,polychronous automata and their use for formal validation of aadl models,thierry gautierclément guyalexandre honoratpaul le guernicjean pierre talpinloïc besnard,2019,10.1007/s11704-017-6134-5,Frontiers of Computer Science,Article,https://link.springer.com/article/10.1007/s11704-017-6134-5
springer,192,10.1007/978-3-319-71237-6_16,Efficient Functional Reactive Programming Through Incremental Behaviors,Bob ReyndersDominique Devriese,efficient functional reactive programming through incremental behaviors,bob reyndersdominique devriese,2017,10.1007/978-3-319-71237-6_16,Programming Languages and Systems,Conference paper,https://link.springer.com/chapter/10.1007/978-3-319-71237-6_16
springer,193,10.1007/s40860-020-00125-y,A distributable event-oriented architecture for activity recognition in smart homes,Cédric DemongivertKévin BouchardSébastien GabouryBruno BouchardMaxime LussierMaxime ParenteauCatherine LalibertéMélanie CoutureNathalie BierSylvain Giroux,a distributable event oriented architecture for activity recognition in smart homes,cédric demongivertkévin bouchardsébastien gabourybruno bouchardmaxime lussiermaxime parenteaucatherine lalibertémélanie couturenathalie biersylvain giroux,2021,10.1007/s40860-020-00125-y,Journal of Reliable Intelligent Environments,Article,https://link.springer.com/article/10.1007/s40860-020-00125-y
springer,194,10.1007/978-3-030-66494-7_8,Verification of Autonomous Robots: A Roboticist’s Bottom-Up Approach,Félix Ingrand,verification of autonomous robots a roboticist s bottom up approach,félix ingrand,2021,10.1007/978-3-030-66494-7_8,Software Engineering for Robotics,Chapter,https://link.springer.com/chapter/10.1007/978-3-030-66494-7_8
springer,195,10.1007/s38312-019-0032-9,Development of the Digital Prototype  into the Digital Fingerprint,Andreas RaichleFlorian RitterMathieu VinotJörg Dittmann,development of the digital prototype into the digital fingerprint,andreas raichleflorian rittermathieu vinotjörg dittmann,2019,10.1007/s38312-019-0032-9,ATZproduction worldwide,Article,https://link.springer.com/article/10.1007/s38312-019-0032-9
springer,196,10.1007/s10462-022-10353-8,Machine learning and deep learning for blood pressure prediction: a methodological review from multiple perspectives,Keke QinWu HuangTao ZhangShiqi Tang,machine learning and deep learning for blood pressure prediction a methodological review from multiple perspectives,keke qinwu huangtao zhangshiqi tang,2022,10.1007/s10462-022-10353-8,Artificial Intelligence Review,Article,https://link.springer.com/article/10.1007/s10462-022-10353-8
springer,197,10.1007/978-3-030-99336-8_8,The Trusted Computing Base of the CompCert Verified Compiler,David MonniauxSylvain Boulmé,the trusted computing base of the compcert verified compiler,david monniauxsylvain boulmé,2022,10.1007/978-3-030-99336-8_8,Programming Languages and Systems,Conference paper,https://link.springer.com/chapter/10.1007/978-3-030-99336-8_8
springer,198,10.1007/978-3-030-32861-0_6,Designing API for Using Publicly Accessible Data Sets,Tomasz GórskiEwa Wojtach,designing api for using publicly accessible data sets,tomasz górskiewa wojtach,2020,10.1007/978-3-030-32861-0_6,Smart Innovations in Engineering and Technology,Conference paper,https://link.springer.com/chapter/10.1007/978-3-030-32861-0_6
springer,199,10.1007/s11432-018-9723-5,Development and path planning of a novel unmanned surface vehicle system and its application to exploitation of Qarhan Salt Lake,Zhibin XueJincun LiuZhengxing WuSheng DuShihan KongJunzhi Yu,development and path planning of a novel unmanned surface vehicle system and its application to exploitation of qarhan salt lake,zhibin xuejincun liuzhengxing wusheng dushihan kongjunzhi yu,2019,10.1007/s11432-018-9723-5,Science China Information Sciences,Article,https://link.springer.com/article/10.1007/s11432-018-9723-5
springer,200,10.1007/s11277-019-06466-z,IoT Based Multimode Sensing Platform for Underground Coal Mines,P. K. MishraSubhash KumarPratikManish KumarJitendra Kumar,iot based multimode sensing platform for underground coal mines,p k mishrasubhash kumarpratikmanish kumarjitendra kumar,2019,10.1007/s11277-019-06466-z,Wireless Personal Communications,Article,https://link.springer.com/article/10.1007/s11277-019-06466-z
springer,201,10.1007/978-3-319-92294-2_28,Digital Composites: Robotic 3D Printing of Continuous Carbon Fiber-Reinforced Plastics for Functionally-Graded Building Components,Hyunchul KwonMartin EichenhoferThodoris KyttasBenjamin Dillenburger,digital composites robotic 3d printing of continuous carbon fiber reinforced plastics for functionally graded building components,hyunchul kwonmartin eichenhoferthodoris kyttasbenjamin dillenburger,2019,10.1007/978-3-319-92294-2_28,"Robotic Fabrication in Architecture, Art and Design 2018",Conference paper,https://link.springer.com/chapter/10.1007/978-3-319-92294-2_28
springer,202,10.1007/s10270-021-00877-y,An actor-based framework for asynchronous event-based cyber-physical systems,Iman JahandidehFatemeh GhassemiMarjan Sirjani,an actor based framework for asynchronous event based cyber physical systems,iman jahandidehfatemeh ghassemimarjan sirjani,2021,10.1007/s10270-021-00877-y,Software and Systems Modeling,Article,https://link.springer.com/article/10.1007/s10270-021-00877-y
springer,203,10.1007/s10626-021-00347-z,Interpreted synchronous extension of time Petri nets,Karen Godary-DejeanHélène LerouxDavid Andreu,interpreted synchronous extension of time petri nets,karen godary dejeanhélène lerouxdavid andreu,2021,10.1007/s10626-021-00347-z,Discrete Event Dynamic Systems,Article,https://link.springer.com/article/10.1007/s10626-021-00347-z
springer,204,10.1007/s11709-020-0684-6,Simulation of foamed concrete compressive strength prediction using adaptive neuro-fuzzy inference system optimized by nature-inspired algorithms,Ahmad SharafatiH. NaderpourSinan Q. SalihE. OnyariZaher Mundher Yaseen,simulation of foamed concrete compressive strength prediction using adaptive neuro fuzzy inference system optimized by nature inspired algorithms,ahmad sharafatih naderpoursinan q salihe onyarizaher mundher yaseen,2021,10.1007/s11709-020-0684-6,Frontiers of Structural and Civil Engineering,Article,https://link.springer.com/article/10.1007/s11709-020-0684-6
springer,205,10.1007/978-3-031-11992-7_4,Real-Time (RT) Model,Hermann KopetzWilfried Steiner,real time rt model,hermann kopetzwilfried steiner,2022,10.1007/978-3-031-11992-7_4,Real-Time Systems,Chapter,https://link.springer.com/chapter/10.1007/978-3-031-11992-7_4
springer,206,10.1007/978-3-031-29713-7_24,"GUIs, Robots, and Language: Toward a Neo-Davidsonian Procedural Semantics",Nathaniel ChristenAmy Neustein,guis robots and language toward a neo davidsonian procedural semantics,nathaniel christenamy neustein,2023,10.1007/978-3-031-29713-7_24,"AI, IoT, Big Data and Cloud Computing for Industry 4.0",Chapter,https://link.springer.com/chapter/10.1007/978-3-031-29713-7_24
springer,207,10.1007/978-981-15-9942-2_4,Analysis of Firmware Vulnerabilities,Qinghao TangFan Du,analysis of firmware vulnerabilities,qinghao tangfan du,2021,10.1007/978-981-15-9942-2_4,Internet of Things Security: Principles and Practice,Chapter,https://link.springer.com/chapter/10.1007/978-981-15-9942-2_4
springer,208,10.1038/s41598-019-54111-3,The circadian clock uses different environmental time cues to synchronize emergence and locomotion of the solitary bee <i>Osmia bicornis</i>,Katharina BeerMariela SchenkCharlotte Helfrich-FörsterAndrea Holzschuh,the circadian clock uses different environmental time cues to synchronize emergence and locomotion of the solitary bee osmia bicornis,katharina beermariela schenkcharlotte helfrich försterandrea holzschuh,2019,10.1038/s41598-019-54111-3,Scientific Reports,Article,https://link.springer.com/article/10.1038/s41598-019-54111-3
springer,209,10.1007/978-3-030-36987-3_9,Generalised Dining Philosophers as Feedback Control,Venkatesh ChoppellaArjun SanjeevKasturi ViswanathBharat Jayaraman,generalised dining philosophers as feedback control,venkatesh choppellaarjun sanjeevkasturi viswanathbharat jayaraman,2020,10.1007/978-3-030-36987-3_9,Distributed Computing and Internet Technology,Conference paper,https://link.springer.com/chapter/10.1007/978-3-030-36987-3_9
springer,210,10.1007/978-3-319-77028-4_35,Using Correct-by-Construction Software Agile Development,Rafael Augusto Lopes ShigemuraGildarcio Sousa GoncalvesLuiz Alberto Vieira DiasPaulo Marcelo TasinaffoAdilson Marques da CunhaLuciana Sayuri MiziokaLeticia Hissae YanaguyaVictor Ulisses Pugliese,using correct by construction software agile development,rafael augusto lopes shigemuragildarcio sousa goncalvesluiz alberto vieira diaspaulo marcelo tasinaffoadilson marques da cunhaluciana sayuri miziokaleticia hissae yanaguyavictor ulisses pugliese,2018,10.1007/978-3-319-77028-4_35,Information Technology - New Generations,Conference paper,https://link.springer.com/chapter/10.1007/978-3-319-77028-4_35
springer,211,10.1007/978-3-030-85390-7_16,Design Standards and Regulations,Yongsheng MaYiming Rong,design standards and regulations,yongsheng mayiming rong,2022,10.1007/978-3-030-85390-7_16,Senior Design Projects in Mechanical Engineering,Chapter,https://link.springer.com/chapter/10.1007/978-3-030-85390-7_16
springer,212,10.1007/978-3-662-61755-7_27,Robot-Based Fiber Spray Process for Small Batch Production,Edgar SchmidtJonas WinkelbauerGeorg PuchasDominik HenrichWalter Krenkel,robot based fiber spray process for small batch production,edgar schmidtjonas winkelbauergeorg puchasdominik henrichwalter krenkel,2020,10.1007/978-3-662-61755-7_27,"Annals of Scientific Society for Assembly, Handling and Industrial Robotics",Conference paper,https://link.springer.com/chapter/10.1007/978-3-662-61755-7_27
springer,213,10.1007/s10846-021-01353-x,A review: A Comprehensive Review of Soft and Rigid Wearable Rehabilitation and Assistive Devices with a Focus on the Shoulder Joint,Hamed Majidi Fard VatanSamia Nefti-MezianiSteve DavisZahra SaffariHaitham El-Hussieny,a review a comprehensive review of soft and rigid wearable rehabilitation and assistive devices with a focus on the shoulder joint,hamed majidi fard vatansamia nefti mezianisteve daviszahra saffarihaitham el hussieny,2021,10.1007/s10846-021-01353-x,Journal of Intelligent & Robotic Systems,Article,https://link.springer.com/article/10.1007/s10846-021-01353-x
springer,214,10.1007/978-3-030-25312-7_5,On the Need for Data-Based Model-Driven Engineering,Alexandra MazakSabine WolnyManuel Wimmer,on the need for data based model driven engineering,alexandra mazaksabine wolnymanuel wimmer,2019,10.1007/978-3-030-25312-7_5,Security and Quality in Cyber-Physical Systems Engineering,Chapter,https://link.springer.com/chapter/10.1007/978-3-030-25312-7_5
springer,215,10.1007/978-3-662-58134-6_13,“Go Beyond 4.0” Lighthouse Project,Thomas Otto,go beyond 4 0 lighthouse project,thomas otto,2019,10.1007/978-3-662-58134-6_13,Digital Transformation,Chapter,https://link.springer.com/chapter/10.1007/978-3-662-58134-6_13
springer,216,10.1007/978-3-319-74161-1_3,Execution-Based Model Profiling,Alexandra MazakManuel WimmerPolina Patsuk-Bösch,execution based model profiling,alexandra mazakmanuel wimmerpolina patsuk bösch,2018,10.1007/978-3-319-74161-1_3,Data-Driven Process Discovery and Analysis,Conference paper,https://link.springer.com/chapter/10.1007/978-3-319-74161-1_3
springer,217,10.1007/s11704-017-6477-y,Template-based AADL automatic code generation,Kai HuZhangbo DuanJiye WangLingchao GaoLihong Shang,template based aadl automatic code generation,kai huzhangbo duanjiye wanglingchao gaolihong shang,2019,10.1007/s11704-017-6477-y,Frontiers of Computer Science,Article,https://link.springer.com/article/10.1007/s11704-017-6477-y
springer,218,10.1007/978-3-030-38300-8_7,Realization,Albert FleischmannStefan OpplWerner SchmidtChristian Stary,realization,albert fleischmannstefan opplwerner schmidtchristian stary,2020,10.1007/978-3-030-38300-8_7,Contextual Process Digitalization,Chapter,https://link.springer.com/chapter/10.1007/978-3-030-38300-8_7
springer,219,10.1007/978-94-007-6046-2_92,Mechanism Design of Human-Like HRP-4C,Shuuji Kajita,mechanism design of human like hrp 4c,shuuji kajita,2019,10.1007/978-94-007-6046-2_92,Humanoid Robotics: A Reference,Reference work entry,https://link.springer.com/rwe/10.1007/978-94-007-6046-2_92
springer,220,10.1007/978-3-030-16722-6_4,SMT-Based Bounded Schedulability Analysis of the Clock Constraint Specification Language,Min ZhangFu SongFrédéric MalletXiaohong Chen,smt based bounded schedulability analysis of the clock constraint specification language,min zhangfu songfrédéric malletxiaohong chen,2019,10.1007/978-3-030-16722-6_4,Fundamental Approaches to Software Engineering,Conference paper,https://link.springer.com/chapter/10.1007/978-3-030-16722-6_4
springer,221,10.1007/s10270-020-00831-4,Pragmatic reuse for DSML development,Stefan KlikovitsDidier Buchs,pragmatic reuse for dsml development,stefan klikovitsdidier buchs,2020,10.1007/s10270-020-00831-4,Software and Systems Modeling,Article,https://link.springer.com/article/10.1007/s10270-020-00831-4
springer,222,10.1007/978-3-319-77525-8_260,Stream Processing Languages and Abstractions,Martin HirzelGuillaume Baudart,stream processing languages and abstractions,martin hirzelguillaume baudart,2019,10.1007/978-3-319-77525-8_260,Encyclopedia of Big Data Technologies,Reference work entry,https://link.springer.com/rwe/10.1007/978-3-319-77525-8_260
springer,223,10.1007/978-3-319-89719-6_2,Maintaining Separation of Concerns Through Task Oriented Software Development,Jurriën StutterheimPeter AchtenRinus Plasmeijer,maintaining separation of concerns through task oriented software development,jurriën stutterheimpeter achtenrinus plasmeijer,2018,10.1007/978-3-319-89719-6_2,Trends in Functional Programming,Conference paper,https://link.springer.com/chapter/10.1007/978-3-319-89719-6_2
springer,224,10.1007/s00165-019-00500-4,Zohar Manna (1939–2018),Nachum DershowitzRichard Waldinger,zohar manna 1939 2018,nachum dershowitzrichard waldinger,2019,10.1007/s00165-019-00500-4,Formal Aspects of Computing,Article,https://link.springer.com/article/10.1007/s00165-019-00500-4
springer,225,10.1007/s10664-021-09938-8,Understanding large-scale software systems – structure and flows,Omer LevyDror G. Feitelson,understanding large scale software systems structure and flows,omer levydror g feitelson,2021,10.1007/s10664-021-09938-8,Empirical Software Engineering,Article,https://link.springer.com/article/10.1007/s10664-021-09938-8
springer,226,10.1007/978-3-319-98047-8_16,Are Synchronous Programs Logic Programs?,Klaus SchneiderMarc Dahlem,are synchronous programs logic programs,klaus schneidermarc dahlem,2018,10.1007/978-3-319-98047-8_16,Principled Software Development,Chapter,https://link.springer.com/chapter/10.1007/978-3-319-98047-8_16
springer,227,10.1007/s10009-018-0500-y,Slicing from formal semantics: Chisel—a tool for generic program slicing,Irina Măriuca AsăvoaeMihail AsăvoaeAdrián Riesco,slicing from formal semantics chisel a tool for generic program slicing,irina măriuca asăvoaemihail asăvoaeadrián riesco,2018,10.1007/s10009-018-0500-y,International Journal on Software Tools for Technology Transfer,Article,https://link.springer.com/article/10.1007/s10009-018-0500-y
springer,228,10.1007/978-94-017-7267-9_3,Quartz: A Synchronous Language for Model-Based Design of Reactive Embedded Systems,Klaus SchneiderJens Brandt,quartz a synchronous language for model based design of reactive embedded systems,klaus schneiderjens brandt,2017,10.1007/978-94-017-7267-9_3,Handbook of Hardware/Software Codesign,Reference work entry,https://link.springer.com/rwe/10.1007/978-94-017-7267-9_3
springer,229,10.1007/978-3-030-12988-0_7,Embedding CCSL into Dynamic Logic: A Logical Approach for the Verification of CCSL Specifications,Yuanrui ZhangHengyang WuYixiang ChenFrédéric Mallet,embedding ccsl into dynamic logic a logical approach for the verification of ccsl specifications,yuanrui zhanghengyang wuyixiang chenfrédéric mallet,2019,10.1007/978-3-030-12988-0_7,Formal Techniques for Safety-Critical Systems,Conference paper,https://link.springer.com/chapter/10.1007/978-3-030-12988-0_7
springer,230,10.1007/978-3-030-21244-5_8,Recovery Preparation,Igor SchagaevEugene ZouevKaegi Thomas,recovery preparation,igor schagaeveugene zouevkaegi thomas,2020,10.1007/978-3-030-21244-5_8,Software Design for Resilient Computer Systems,Chapter,https://link.springer.com/chapter/10.1007/978-3-030-21244-5_8
springer,231,10.1007/978-3-319-68972-2_12,Quality-Aware Reactive Programming for the Internet of Things,José ProençaCarlos Baquero,quality aware reactive programming for the internet of things,josé proençacarlos baquero,2017,10.1007/978-3-319-68972-2_12,Fundamentals of Software Engineering,Conference paper,https://link.springer.com/chapter/10.1007/978-3-319-68972-2_12
springer,232,10.1007/978-3-030-58298-2_1,The 2020 Expert Survey on Formal Methods,Hubert GaravelMaurice H. ter BeekJaco van de Pol,the 2020 expert survey on formal methods,hubert garavelmaurice h ter beekjaco van de pol,2020,10.1007/978-3-030-58298-2_1,Formal Methods for Industrial Critical Systems,Conference paper,https://link.springer.com/chapter/10.1007/978-3-030-58298-2_1
springer,233,10.1007/978-3-030-55089-9_5,Software Abstractions and Human-Cyber-Physical Systems Architecture Modelling,Zhiming LiuJonathan P. BowenBo LiuShmuel TyszberowiczTingting Zhang,software abstractions and human cyber physical systems architecture modelling,zhiming liujonathan p bowenbo liushmuel tyszberowicztingting zhang,2020,10.1007/978-3-030-55089-9_5,Engineering Trustworthy Software Systems,Conference paper,https://link.springer.com/chapter/10.1007/978-3-030-55089-9_5
springer,234,10.1007/978-3-030-31038-7_5,Probabilistic Semantics for RoboChart,Jim WoodcockAna CavalcantiSimon FosterAlexandre MotaKangfeng Ye,probabilistic semantics for robochart,jim woodcockana cavalcantisimon fosteralexandre motakangfeng ye,2019,10.1007/978-3-030-31038-7_5,Unifying Theories of Programming,Conference paper,https://link.springer.com/chapter/10.1007/978-3-030-31038-7_5
springer,235,10.1007/978-3-319-91908-9_15,The Next 7000 Programming Languages,Robert ChatleyAlastair DonaldsonAlan Mycroft,the next 7000 programming languages,robert chatleyalastair donaldsonalan mycroft,2019,10.1007/978-3-319-91908-9_15,Computing and Software Science,Chapter,https://link.springer.com/chapter/10.1007/978-3-319-91908-9_15
springer,237,10.1007/978-3-030-03044-5_10,TeSSLa: Temporal Stream-Based Specification Language,Lukas ConventSebastian HungereckerMartin LeuckerTorben ScheffelMalte SchmitzDaniel Thoma,tessla temporal stream based specification language,lukas conventsebastian hungereckermartin leuckertorben scheffelmalte schmitzdaniel thoma,2018,10.1007/978-3-030-03044-5_10,Formal Methods: Foundations and Applications,Conference paper,https://link.springer.com/chapter/10.1007/978-3-030-03044-5_10
springer,238,10.1007/978-3-319-91734-4_19,Methods and Tools for Mapping Process Networks onto Multi-Processor Systems-On-Chip,Iuliana BacivarovWolfgang HaidKai HuangLothar Thiele,methods and tools for mapping process networks onto multi processor systems on chip,iuliana bacivarovwolfgang haidkai huanglothar thiele,2019,10.1007/978-3-319-91734-4_19,Handbook of Signal Processing Systems,Chapter,https://link.springer.com/chapter/10.1007/978-3-319-91734-4_19
springer,239,10.1007/s00500-018-3260-4,Task scheduling using Ant Colony Optimization in multicore architectures: a survey,G. Umarani SrikanthR. Geetha,task scheduling using ant colony optimization in multicore architectures a survey,g umarani srikanthr geetha,2018,10.1007/s00500-018-3260-4,Soft Computing,Article,https://link.springer.com/article/10.1007/s00500-018-3260-4
springer,240,10.1007/s11704-018-7054-8,A verification framework for spatio-temporal consistency language with CCSL as a specification language,Yuanrui ZhangFrédéric MalletYixiang Chen,a verification framework for spatio temporal consistency language with ccsl as a specification language,yuanrui zhangfrédéric malletyixiang chen,2018,10.1007/s11704-018-7054-8,Frontiers of Computer Science,Article,https://link.springer.com/article/10.1007/s11704-018-7054-8
springer,241,10.1007/978-3-319-95246-8_26,"Modular Code Generation from Synchronous Block Diagrams: Interfaces, Abstraction, Compositionality",Stavros TripakisRoberto Lublinerman,modular code generation from synchronous block diagrams interfaces abstraction compositionality,stavros tripakisroberto lublinerman,2018,10.1007/978-3-319-95246-8_26,Principles of Modeling,Chapter,https://link.springer.com/chapter/10.1007/978-3-319-95246-8_26
springer,242,10.1007/s11265-016-1132-7,Guest Editorial: Real-Time and Embedded Systems,Kaijie WuZili Shao,guest editorial real time and embedded systems,kaijie wuzili shao,2016,10.1007/s11265-016-1132-7,Journal of Signal Processing Systems,Article,https://link.springer.com/article/10.1007/s11265-016-1132-7
springer,243,10.1007/978-3-319-91662-0_31,Reflective Internet of Things Middleware-Enabled a Predictive Real-Time Waste Monitoring System,Vito BelliniTommaso Di NoiaMarina MongielloFrancesco NoceraAngelo ParchitelliEugenio Di Sciascio,reflective internet of things middleware enabled a predictive real time waste monitoring system,vito bellinitommaso di noiamarina mongiellofrancesco noceraangelo parchitellieugenio di sciascio,2018,10.1007/978-3-319-91662-0_31,Web Engineering,Conference paper,https://link.springer.com/chapter/10.1007/978-3-319-91662-0_31
springer,245,10.1007/s10009-019-00513-7,A formal approach to AADL model-based software engineering,Hana MkaouarBechir ZalilaJérôme HuguesMohamed Jmaiel,a formal approach to aadl model based software engineering,hana mkaouarbechir zalilajérôme huguesmohamed jmaiel,2019,10.1007/s10009-019-00513-7,International Journal on Software Tools for Technology Transfer,Article,https://link.springer.com/article/10.1007/s10009-019-00513-7
springer,246,10.1007/978-3-319-89363-1_6,A Process Network Model for Reactive Streaming Software with Deterministic Task Parallelism,Fotios GioulekasPeter PoplavkoPanagiotis KatsarosSaddek BensalemPedro Palomo,a process network model for reactive streaming software with deterministic task parallelism,fotios gioulekaspeter poplavkopanagiotis katsarossaddek bensalempedro palomo,2018,10.1007/978-3-319-89363-1_6,Fundamental Approaches to Software Engineering,Conference paper,https://link.springer.com/chapter/10.1007/978-3-319-89363-1_6
springer,247,10.1007/978-1-4842-5833-0_8,Designing Games in Ring,Mansour Ayouni,designing games in ring,mansour ayouni,2020,10.1007/978-1-4842-5833-0_8,Beginning Ring Programming,Chapter,https://link.springer.com/chapter/10.1007/978-1-4842-5833-0_8
springer,248,10.1007/978-3-319-10575-8_3,Modeling for Verification,Sanjit A. SeshiaNatasha SharyginaStavros Tripakis,modeling for verification,sanjit a seshianatasha sharyginastavros tripakis,2018,10.1007/978-3-319-10575-8_3,Handbook of Model Checking,Chapter,https://link.springer.com/chapter/10.1007/978-3-319-10575-8_3
springer,249,10.1007/978-3-319-95246-8_29,On the Road to Conviction: An Email Exchange with Edward Lee,Reinhard Wilhelm,on the road to conviction an email exchange with edward lee,reinhard wilhelm,2018,10.1007/978-3-319-95246-8_29,Principles of Modeling,Chapter,https://link.springer.com/chapter/10.1007/978-3-319-95246-8_29
springer,250,10.1007/978-3-319-95246-8_12,Enabling Flow Preservation and Portability in Multicore Implementations of Simulink Models,Caroline BrandbergMarco Di Natale,enabling flow preservation and portability in multicore implementations of simulink models,caroline brandbergmarco di natale,2018,10.1007/978-3-319-95246-8_12,Principles of Modeling,Chapter,https://link.springer.com/chapter/10.1007/978-3-319-95246-8_12
springer,251,10.1007/978-3-030-01042-3_3,CREST - A DSL for Reactive Cyber-Physical Systems,Stefan KlikovitsAlban LinardDidier Buchs,crest a dsl for reactive cyber physical systems,stefan klikovitsalban linarddidier buchs,2018,10.1007/978-3-030-01042-3_3,"System Analysis and Modeling. Languages, Methods, and Tools for Systems Engineering",Conference paper,https://link.springer.com/chapter/10.1007/978-3-030-01042-3_3
springer,252,10.1007/s00773-017-0463-9,Model experiments on the early detection and rudder stabilization of KCS parametric roll in head waves,Liwei YuKo TaguchiAkagi KentaNing MaYoshiaki Hirakawa,model experiments on the early detection and rudder stabilization of kcs parametric roll in head waves,liwei yuko taguchiakagi kentaning mayoshiaki hirakawa,2017,10.1007/s00773-017-0463-9,Journal of Marine Science and Technology,Article,https://link.springer.com/article/10.1007/s00773-017-0463-9
springer,253,10.1007/978-3-319-39110-6_6,A Shallow Embedded Type Safe Extendable DSL for the Arduino,Pieter KoopmanRinus Plasmeijer,a shallow embedded type safe extendable dsl for the arduino,pieter koopmanrinus plasmeijer,2016,10.1007/978-3-319-39110-6_6,Trends in Functional Programming,Conference paper,https://link.springer.com/chapter/10.1007/978-3-319-39110-6_6
springer,254,10.1007/978-3-658-22648-0_6,Umsetzung,Albert FleischmannStefan OpplWerner SchmidtChristian Stary,umsetzung,albert fleischmannstefan opplwerner schmidtchristian stary,2018,10.1007/978-3-658-22648-0_6,Ganzheitliche Digitalisierung von Prozessen,Chapter,https://link.springer.com/chapter/10.1007/978-3-658-22648-0_6
springer,255,10.1007/978-981-10-4436-6_4,MARTE for CPS and CPSoS,Frédéric MalletEugenio VillarFernando Herrera,marte for cps and cpsos,frédéric malleteugenio villarfernando herrera,2017,10.1007/978-981-10-4436-6_4,Cyber-Physical System Design from an Architecture Analysis Viewpoint,Chapter,https://link.springer.com/chapter/10.1007/978-981-10-4436-6_4
springer,256,10.1007/978-3-319-89884-1_4,Deterministic Concurrency: A Clock-Synchronised Shared Memory Approach,Joaquín AguadoMichael MendlerMarc PouzetPartha RoopReinhard von Hanxleden,deterministic concurrency a clock synchronised shared memory approach,joaquín aguadomichael mendlermarc pouzetpartha roopreinhard von hanxleden,2018,10.1007/978-3-319-89884-1_4,Programming Languages and Systems,Conference paper,https://link.springer.com/chapter/10.1007/978-3-319-89884-1_4
springer,257,10.1007/s11276-017-1610-2,IoT6Sec: reliability model for Internet of Things security focused on anomalous measurements identification with energy analysis,Norisvaldo Ferraz JuniorAnderson SilvaAdilson GuelfiSergio Takeo Kofuji,iot6sec reliability model for internet of things security focused on anomalous measurements identification with energy analysis,norisvaldo ferraz junioranderson silvaadilson guelfisergio takeo kofuji,2017,10.1007/s11276-017-1610-2,Wireless Networks,Article,https://link.springer.com/article/10.1007/s11276-017-1610-2
springer,258,10.1007/s10009-017-0475-0,Integrated formal verification of safety-critical software,Ning GeEric JennNicolas BretonYoann Fonteneau,integrated formal verification of safety critical software,ning geeric jennnicolas bretonyoann fonteneau,2017,10.1007/s10009-017-0475-0,International Journal on Software Tools for Technology Transfer,Article,https://link.springer.com/article/10.1007/s10009-017-0475-0
springer,260,10.1007/978-3-319-74183-3_12,Feedback Control as MAPE-K Loop in Autonomic Computing,Eric RuttenNicolas MarchandDaniel Simon,feedback control as mape k loop in autonomic computing,eric ruttennicolas marchanddaniel simon,2017,10.1007/978-3-319-74183-3_12,Software Engineering for Self-Adaptive Systems III. Assurances,Conference paper,https://link.springer.com/chapter/10.1007/978-3-319-74183-3_12
springer,261,10.1007/s11241-018-9300-4,Patmos: a time-predictable microprocessor,Martin SchoeberlWolfgang PuffitschStefan HeppBenedikt HuberDaniel Prokesch,patmos a time predictable microprocessor,martin schoeberlwolfgang puffitschstefan heppbenedikt huberdaniel prokesch,2018,10.1007/s11241-018-9300-4,Real-Time Systems,Article,https://link.springer.com/article/10.1007/s11241-018-9300-4
springer,262,10.1007/978-94-017-7267-9_5,ForSyDe: System Design Using a Functional Language and Models of Computation,Ingo SanderAxel JantschSeyed-Hosein Attarzadeh-Niaki,forsyde system design using a functional language and models of computation,ingo sanderaxel jantschseyed hosein attarzadeh niaki,2017,10.1007/978-94-017-7267-9_5,Handbook of Hardware/Software Codesign,Reference work entry,https://link.springer.com/rwe/10.1007/978-94-017-7267-9_5
springer,263,10.1007/978-3-319-47169-3_11,Formally Unifying Modeling and Design for Embedded Systems - A Personal View,G. Berry,formally unifying modeling and design for embedded systems a personal view,g berry,2016,10.1007/978-3-319-47169-3_11,"Leveraging Applications of Formal Methods, Verification and Validation: Discussion, Dissemination, Applications",Conference paper,https://link.springer.com/chapter/10.1007/978-3-319-47169-3_11
springer,264,10.1007/978-981-10-5026-8_1,Serverless Computing: Current Trends and Open Problems,Ioana BaldiniPaul CastroKerry ChangPerry ChengStephen FinkVatche IshakianNick MitchellVinod MuthusamyRodric RabbahAleksander SlominskiPhilippe Suter,serverless computing current trends and open problems,ioana baldinipaul castrokerry changperry chengstephen finkvatche ishakiannick mitchellvinod muthusamyrodric rabbahaleksander slominskiphilippe suter,2017,10.1007/978-981-10-5026-8_1,Research Advances in Cloud Computing,Chapter,https://link.springer.com/chapter/10.1007/978-981-10-5026-8_1
springer,265,10.1007/978-3-319-57666-4_8,MARTE/pCCSL: Modeling and Refining Stochastic Behaviors of CPSs with Probabilistic Logical Clocks,Dehui DuPing HuangKaiqiang JiangFrédéric MalletMingrui Yang,marte pccsl modeling and refining stochastic behaviors of cpss with probabilistic logical clocks,dehui duping huangkaiqiang jiangfrédéric malletmingrui yang,2017,10.1007/978-3-319-57666-4_8,Formal Aspects of Component Software,Conference paper,https://link.springer.com/chapter/10.1007/978-3-319-57666-4_8
springer,266,10.1007/978-3-319-70848-5_12,Rapidly Adjustable Non-intrusive Online Monitoring for Multi-core Systems,Normann DeckerPhilip GottschlingChristian HochbergerMartin LeuckerTorben ScheffelMalte SchmitzAlexander Weiss,rapidly adjustable non intrusive online monitoring for multi core systems,normann deckerphilip gottschlingchristian hochbergermartin leuckertorben scheffelmalte schmitzalexander weiss,2017,10.1007/978-3-319-70848-5_12,Formal Methods: Foundations and Applications,Conference paper,https://link.springer.com/chapter/10.1007/978-3-319-70848-5_12
springer,268,10.1007/978-3-319-92408-3_3,Twenty Years of Coordination Technologies: State-of-the-Art and Perspectives,Giovanni CiattoStefano MarianiMaxime LouvelAndrea OmiciniFranco Zambonelli,twenty years of coordination technologies state of the art and perspectives,giovanni ciattostefano marianimaxime louvelandrea omicinifranco zambonelli,2018,10.1007/978-3-319-92408-3_3,Coordination Models and Languages,Conference paper,https://link.springer.com/chapter/10.1007/978-3-319-92408-3_3
springer,269,10.1007/s00165-017-0419-1,Incremental bounded model checking for embedded software,Peter SchrammelDaniel KroeningMartin BrainRuben MartinsTino TeigeTom Bienmüller,incremental bounded model checking for embedded software,peter schrammeldaniel kroeningmartin brainruben martinstino teigetom bienmüller,2017,10.1007/s00165-017-0419-1,Formal Aspects of Computing,Article,https://link.springer.com/article/10.1007/s00165-017-0419-1
springer,270,10.1007/s11704-016-4226-2,A survey on formal specification and verification of separation kernels,Yongwang ZhaoZhibin YangDianfu Ma,a survey on formal specification and verification of separation kernels,yongwang zhaozhibin yangdianfu ma,2017,10.1007/s11704-016-4226-2,Frontiers of Computer Science,Article,https://link.springer.com/article/10.1007/s11704-016-4226-2
springer,271,10.1007/978-3-319-10575-8_1,Introduction to Model Checking,Edmund M. ClarkeThomas A. HenzingerHelmut Veith,introduction to model checking,edmund m clarkethomas a henzingerhelmut veith,2018,10.1007/978-3-319-10575-8_1,Handbook of Model Checking,Chapter,https://link.springer.com/chapter/10.1007/978-3-319-10575-8_1
springer,272,10.1007/978-3-319-75632-5_6,Runtime Verification for Decentralised and Distributed Systems,Adrian FrancalanzaJorge A. PérezCésar Sánchez,runtime verification for decentralised and distributed systems,adrian francalanzajorge a pérezcésar sánchez,2018,10.1007/978-3-319-75632-5_6,Lectures on Runtime Verification,Chapter,https://link.springer.com/chapter/10.1007/978-3-319-75632-5_6
springer,273,10.1007/s00165-016-0373-3,Formal modelling and verification of GALS systems using GRL and CADP,Fatma JebaliFrédéric LangRadu Mateescu,formal modelling and verification of gals systems using grl and cadp,fatma jebalifrédéric langradu mateescu,2016,10.1007/s00165-016-0373-3,Formal Aspects of Computing,Article,https://link.springer.com/article/10.1007/s00165-016-0373-3
springer,274,10.1007/978-981-10-3482-4_3,A Simulation Approach for SIGNAL Time Model Concern on Multi-clock System,Zi WangGuoHua ShenZhiQiu HuangJia SiCheng Pan,a simulation approach for signal time model concern on multi clock system,zi wangguohua shenzhiqiu huangjia sicheng pan,2016,10.1007/978-981-10-3482-4_3,Software Engineering and Methodology for Emerging Domains,Conference paper,https://link.springer.com/chapter/10.1007/978-981-10-3482-4_3
springer,275,10.1007/978-3-319-19686-2_10,Programming Microcontrollers in OCaml: The OCaPIC Project,Benoît VaugonPhilippe WangEmmanuel Chailloux,programming microcontrollers in ocaml the ocapic project,benoît vaugonphilippe wangemmanuel chailloux,2015,10.1007/978-3-319-19686-2_10,Practical Aspects of Declarative Languages,Conference paper,https://link.springer.com/chapter/10.1007/978-3-319-19686-2_10
springer,276,10.1007/s11704-015-4364-y,Towards a verified compiler prototype for the synchronous language SIGNAL,Zhibin YangJean-Paul BodeveixMamoun FilaliKai HuYongwang ZhaoDianfu Ma,towards a verified compiler prototype for the synchronous language signal,zhibin yangjean paul bodeveixmamoun filalikai huyongwang zhaodianfu ma,2015,10.1007/s11704-015-4364-y,Frontiers of Computer Science,Article,https://link.springer.com/article/10.1007/s11704-015-4364-y
springer,277,10.1007/978-3-319-57708-1_3,Instant-Based and State-Based Analysis of Infinite Logical Clock,Qingguo XuHuaikou MiaoRobert de SimoneJulien DeAntoni,instant based and state based analysis of infinite logical clock,qingguo xuhuaikou miaorobert de simonejulien deantoni,2017,10.1007/978-3-319-57708-1_3,Structured Object-Oriented Formal Language and Method,Conference paper,https://link.springer.com/chapter/10.1007/978-3-319-57708-1_3
springer,278,10.1007/978-3-319-25178-3_2,Introduction to Embedded Computing Systems,Dietmar P. F. Möller,introduction to embedded computing systems,dietmar p f möller,2016,10.1007/978-3-319-25178-3_2,Guide to Computing Fundamentals in Cyber-Physical Systems,Chapter,https://link.springer.com/chapter/10.1007/978-3-319-25178-3_2
springer,279,10.1007/s11227-017-2043-5,Cloud workflow scheduling with hybrid resource provisioning,Long ChenXiaoping Li,cloud workflow scheduling with hybrid resource provisioning,long chenxiaoping li,2017,10.1007/s11227-017-2043-5,The Journal of Supercomputing,Article,https://link.springer.com/article/10.1007/s11227-017-2043-5
springer,280,10.1007/978-94-017-7358-4_4-2,SysteMoC: A Data-Flow Programming Language for Codesign,Joachim FalkChristian HaubeltJürgen TeichChristian Zebelein,systemoc a data flow programming language for codesign,joachim falkchristian haubeltjürgen teichchristian zebelein,2017,10.1007/978-94-017-7358-4_4-2,Handbook of Hardware/Software Codesign,Living reference work entry,https://link.springer.com/rwe/10.1007/978-94-017-7358-4_4-2
springer,282,10.1007/978-3-319-42620-4_59,Real-Time Machine-Vision-System for an Automated Quality Monitoring in Mass Production of Multiaxial Non-crimp Fabrics,Robert SchmittTobias FürtjesBahoz AbbasPhilipp AbelWalter KimmelmannPhilipp KosseAndrea Buratti,real time machine vision system for an automated quality monitoring in mass production of multiaxial non crimp fabrics,robert schmitttobias fürtjesbahoz abbasphilipp abelwalter kimmelmannphilipp kosseandrea buratti,2016,10.1007/978-3-319-42620-4_59,"Automation, Communication and Cybernetics in Science and Engineering 2015/2016",Chapter,https://link.springer.com/chapter/10.1007/978-3-319-42620-4_59
springer,283,10.1007/978-3-319-23036-8_20,Hardware Support for Adaptive Task Scheduler in RTOS,Dinesh G. HarkutM. S. Ali,hardware support for adaptive task scheduler in rtos,dinesh g harkutm s ali,2016,10.1007/978-3-319-23036-8_20,Intelligent Systems Technologies and Applications,Conference paper,https://link.springer.com/chapter/10.1007/978-3-319-23036-8_20
springer,284,10.1007/978-1-4842-3009-1_2,ClojureScript,Nicolas Modrzyk,clojurescript,nicolas modrzyk,2017,10.1007/978-1-4842-3009-1_2,Reactive with ClojureScript Recipes,Chapter,https://link.springer.com/chapter/10.1007/978-1-4842-3009-1_2
springer,285,10.1007/978-3-319-47063-4_11,Acumen: An Open-Source Testbed for Cyber-Physical Systems Research,Walid TahaAdam DuraczYingfu ZengKevin AtkinsonFerenc A. BarthaPaul BraunerJan DuraczFei XuRobert CartwrightMichal KonečnýEugenio MoggiJawad MasoodPererik AndreassonJun InoueAnita Sant’AnnaRoland PhilippsenAlexandre ChapoutotMarcia O’MalleyAaron AmesVeronica GaspesLise HvatumShyam MehtaHenrik ErikssonChristian Grante,acumen an open source testbed for cyber physical systems research,walid tahaadam duraczyingfu zengkevin atkinsonferenc a barthapaul braunerjan duraczfei xurobert cartwrightmichal konečnýeugenio moggijawad masoodpererik andreassonjun inoueanita sant annaroland philippsenalexandre chapoutotmarcia o malleyaaron amesveronica gaspeslise hvatumshyam mehtahenrik erikssonchristian grante,2016,10.1007/978-3-319-47063-4_11,Internet of Things. IoT Infrastructures,Conference paper,https://link.springer.com/chapter/10.1007/978-3-319-47063-4_11
springer,286,10.1007/978-3-319-62407-5_16,Posting Graphs for Finding Non-Terminating Executions in Asynchronous Programs,Mohamed A. El-Zawawy,posting graphs for finding non terminating executions in asynchronous programs,mohamed a el zawawy,2017,10.1007/978-3-319-62407-5_16,Computational Science and Its Applications – ICCSA 2017,Conference paper,https://link.springer.com/chapter/10.1007/978-3-319-62407-5_16
springer,287,10.1007/978-3-319-10521-5_3,Introduction to Synchronous Programming Using Esterel,Li Hsien YoongPartha S. RoopZeeshan E. BhattiMatthew M. Y. Kuo,introduction to synchronous programming using esterel,li hsien yoongpartha s roopzeeshan e bhattimatthew m y kuo,2015,10.1007/978-3-319-10521-5_3,Model-Driven Design Using IEC 61499,Chapter,https://link.springer.com/chapter/10.1007/978-3-319-10521-5_3
springer,288,10.1007/978-3-319-68034-7_3,Coordination of Dynamic Software Components with JavaBIP,Anastasia MavridouValentin RutzSimon Bliudze,coordination of dynamic software components with javabip,anastasia mavridouvalentin rutzsimon bliudze,2017,10.1007/978-3-319-68034-7_3,Formal Aspects of Component Software,Conference paper,https://link.springer.com/chapter/10.1007/978-3-319-68034-7_3
springer,289,10.1007/978-3-319-12883-2_25,Impact of Hardware/Software Partitioning and MicroBlaze FPGA Configurations on the Embedded Systems Performances,Imène MhadhbiNabil LitayemSlim Ben OthmanSlim Ben Saoud,impact of hardware software partitioning and microblaze fpga configurations on the embedded systems performances,imène mhadhbinabil litayemslim ben othmanslim ben saoud,2015,10.1007/978-3-319-12883-2_25,Complex System Modelling and Control Through Intelligent Soft Computations,Chapter,https://link.springer.com/chapter/10.1007/978-3-319-12883-2_25
springer,290,10.1007/978-981-4560-50-4_19,Computer Music Languages and Systems: The Synergy Between Technology and Creativity,Hiroki NishinoRyohei Nakatsu,computer music languages and systems the synergy between technology and creativity,hiroki nishinoryohei nakatsu,2017,10.1007/978-981-4560-50-4_19,Handbook of Digital Games and Entertainment Technologies,Reference work entry,https://link.springer.com/rwe/10.1007/978-981-4560-50-4_19
springer,292,10.1007/978-3-319-45943-1_12,Formal Verification of a Rover Anti-collision System,Ning GeEric JennNicolas BretonYoann Fonteneau,formal verification of a rover anti collision system,ning geeric jennnicolas bretonyoann fonteneau,2016,10.1007/978-3-319-45943-1_12,Critical Systems: Formal Methods and Automated Verification,Conference paper,https://link.springer.com/chapter/10.1007/978-3-319-45943-1_12
springer,293,10.1007/978-3-319-67425-4_11,Sound Simulation and Co-simulation for Robotics,Ana CavalcantiAlvaro MiyazawaRichard PayneJim Woodcock,sound simulation and co simulation for robotics,ana cavalcantialvaro miyazawarichard paynejim woodcock,2017,10.1007/978-3-319-67425-4_11,Present and Ulterior Software Engineering,Chapter,https://link.springer.com/chapter/10.1007/978-3-319-67425-4_11
springer,294,10.1007/978-981-10-0557-2_53,Exploring the Platform for Expressing SystemVerilog Assertions in Model Based System Engineering,Muhammad RashidMuhammad Waseem AnwarFarooque AzamMuhammad Kashif,exploring the platform for expressing systemverilog assertions in model based system engineering,muhammad rashidmuhammad waseem anwarfarooque azammuhammad kashif,2016,10.1007/978-981-10-0557-2_53,Information Science and Applications (ICISA) 2016,Conference paper,https://link.springer.com/chapter/10.1007/978-981-10-0557-2_53
springer,295,10.1007/978-3-319-20822-0_1,Introduction,Filipe MoutinhoLuís Gomes,introduction,filipe moutinholuís gomes,2016,10.1007/978-3-319-20822-0_1,Distributed Embedded Controller Development with Petri Nets,Chapter,https://link.springer.com/chapter/10.1007/978-3-319-20822-0_1
springer,296,10.1007/s10270-016-0530-4,Road to a reactive and incremental model transformation platform: three generations of the VIATRA framework,Dániel VarróGábor BergmannÁbel HegedüsÁkos HorváthIstván RáthZoltán Ujhelyi,road to a reactive and incremental model transformation platform three generations of the viatra framework,dániel varrógábor bergmannábel hegedüsákos horváthistván ráthzoltán ujhelyi,2016,10.1007/s10270-016-0530-4,Software & Systems Modeling,Article,https://link.springer.com/article/10.1007/s10270-016-0530-4
springer,297,10.1007/978-3-319-41579-6_25,Hybrid Lustre,Zhenghen YuanTingliang ZhouJing LiuJuan LuoYi ZhangXiaohong Chen,hybrid lustre,zhenghen yuantingliang zhoujing liujuan luoyi zhangxiaohong chen,2016,10.1007/978-3-319-41579-6_25,Perspectives of System Informatics,Conference paper,https://link.springer.com/chapter/10.1007/978-3-319-41579-6_25
springer,298,10.1007/978-3-319-30695-7_13,Data Age Diminution in the Logical Execution Time Model,Christian BradatschFlorian KlugeTheo Ungerer,data age diminution in the logical execution time model,christian bradatschflorian klugetheo ungerer,2016,10.1007/978-3-319-30695-7_13,Architecture of Computing Systems – ARCS 2016,Conference paper,https://link.springer.com/chapter/10.1007/978-3-319-30695-7_13
springer,299,10.1007/978-3-662-49192-8_5,Incremental Queries and Transformations: From Concepts to Industrial Applications,Dániel Varró,incremental queries and transformations from concepts to industrial applications,dániel varró,2016,10.1007/978-3-662-49192-8_5,SOFSEM 2016: Theory and Practice of Computer Science,Conference paper,https://link.springer.com/chapter/10.1007/978-3-662-49192-8_5
springer,300,10.1007/978-3-319-10521-5_1,Introduction,Li Hsien YoongPartha S. RoopZeeshan E. BhattiMatthew M. Y. Kuo,introduction,li hsien yoongpartha s roopzeeshan e bhattimatthew m y kuo,2015,10.1007/978-3-319-10521-5_1,Model-Driven Design Using IEC 61499,Chapter,https://link.springer.com/chapter/10.1007/978-3-319-10521-5_1
springer,301,10.1007/s10270-016-0534-0,A Model-based approach for the synthesis of software to firmware adapters for use with automatically generated components,Marco Di NataleDavid PerilloFrancesco ChiricoAndrea SindicoAlberto Sangiovanni-Vincentelli,a model based approach for the synthesis of software to firmware adapters for use with automatically generated components,marco di nataledavid perillofrancesco chiricoandrea sindicoalberto sangiovanni vincentelli,2016,10.1007/s10270-016-0534-0,Software & Systems Modeling,Article,https://link.springer.com/article/10.1007/s10270-016-0534-0
springer,302,10.1007/978-3-319-67425-4_6,Moldable Tools for Object-Oriented Development,Andrei ChişTudor GîrbaJuraj KubelkaOscar NierstraszStefan ReichhartAliaksei Syrel,moldable tools for object oriented development,andrei chiştudor gîrbajuraj kubelkaoscar nierstraszstefan reichhartaliaksei syrel,2017,10.1007/978-3-319-67425-4_6,Present and Ulterior Software Engineering,Chapter,https://link.springer.com/chapter/10.1007/978-3-319-67425-4_6
springer,303,10.1007/s11704-015-3448-z,A survey on software defined networking and its applications,Yili GongWei HuangWenjie WangYingchun Lei,a survey on software defined networking and its applications,yili gongwei huangwenjie wangyingchun lei,2015,10.1007/s11704-015-3448-z,Frontiers of Computer Science,Article,https://link.springer.com/article/10.1007/s11704-015-3448-z
springer,304,10.1007/978-3-319-47169-3_1,Towards a Unified View of Modeling and Programming (Track Summary),Manfred BroyKlaus HavelundRahul KumarBernhard Steffen,towards a unified view of modeling and programming track summary,manfred broyklaus havelundrahul kumarbernhard steffen,2016,10.1007/978-3-319-47169-3_1,"Leveraging Applications of Formal Methods, Verification and Validation: Discussion, Dissemination, Applications",Conference paper,https://link.springer.com/chapter/10.1007/978-3-319-47169-3_1
springer,305,10.1007/978-3-319-27247-4_53,Design and Implementation of Dynamic Positioning Control System for USV,Ngoc-Huy TranHyeung-Sik ChoiJi-Youn OhSang-Ki Jeong,design and implementation of dynamic positioning control system for usv,ngoc huy tranhyeung sik choiji youn ohsang ki jeong,2016,10.1007/978-3-319-27247-4_53,AETA 2015: Recent Advances in Electrical Engineering and Related Sciences,Conference paper,https://link.springer.com/chapter/10.1007/978-3-319-27247-4_53
springer,306,10.1007/978-3-319-74183-3_11,Models for the Consistent Interaction of Adaptations in Self-Adaptive Systems,Nicolás CardozoKim MensSiobhán Clarke,models for the consistent interaction of adaptations in self adaptive systems,nicolás cardozokim menssiobhán clarke,2017,10.1007/978-3-319-74183-3_11,Software Engineering for Self-Adaptive Systems III. Assurances,Conference paper,https://link.springer.com/chapter/10.1007/978-3-319-74183-3_11
springer,307,10.1007/978-3-319-10680-9_5,Programmable Devices—Software and Hardware,Peter Hintenaus,programmable devices software and hardware,peter hintenaus,2015,10.1007/978-3-319-10680-9_5,Engineering Embedded Systems,Chapter,https://link.springer.com/chapter/10.1007/978-3-319-10680-9_5
springer,308,10.1007/978-3-319-26869-9_1,"Cyber-Physical Systems: Opportunities, Challenges and (Some) Solutions",Peter MarwedelMichael Engel,cyber physical systems opportunities challenges and some solutions,peter marwedelmichael engel,2016,10.1007/978-3-319-26869-9_1,Management of Cyber Physical Objects in the Future Internet of Things,Chapter,https://link.springer.com/chapter/10.1007/978-3-319-26869-9_1
springer,309,10.1007/978-3-319-15940-9_14,Rea: Workflows for Cyber-Physical Systems,Dávid JuhászLászló DomoszlaiBarnabás Králik,rea workflows for cyber physical systems,dávid juhászlászló domoszlaibarnabás králik,2015,10.1007/978-3-319-15940-9_14,Central European Functional Programming School,Chapter,https://link.springer.com/chapter/10.1007/978-3-319-15940-9_14
springer,310,10.1007/978-3-319-31204-0_52,Environment-Model Based Testing with Differential Evolution in an Industrial Setting,Annamária SzenkovitsNoémi GaskóErwan Jahier,environment model based testing with differential evolution in an industrial setting,annamária szenkovitsnoémi gaskóerwan jahier,2016,10.1007/978-3-319-31204-0_52,Applications of Evolutionary Computation,Conference paper,https://link.springer.com/chapter/10.1007/978-3-319-31204-0_52
springer,311,10.1007/978-3-319-30184-6_4,Safe and Automatic Addition of Fault Tolerance for Smart Homes Dedicated to People with Disabilities,Sébastien GuilletBruno BouchardAbdenour Bouzouane,safe and automatic addition of fault tolerance for smart homes dedicated to people with disabilities,sébastien guilletbruno bouchardabdenour bouzouane,2016,10.1007/978-3-319-30184-6_4,Trends in Ambient Intelligent Systems,Chapter,https://link.springer.com/chapter/10.1007/978-3-319-30184-6_4
springer,312,10.1007/s00236-015-0238-x,Denotational fixed-point semantics for constructive scheduling of synchronous concurrency,Joaquín AguadoMichael MendlerReinhard von HanxledenInsa Fuhrmann,denotational fixed point semantics for constructive scheduling of synchronous concurrency,joaquín aguadomichael mendlerreinhard von hanxledeninsa fuhrmann,2015,10.1007/s00236-015-0238-x,Acta Informatica,Article,https://link.springer.com/article/10.1007/s00236-015-0238-x
springer,313,10.1007/978-3-319-25150-9_27,Multi-rate System Design Through Integrating Synchronous Components,Ke Sun,multi rate system design through integrating synchronous components,ke sun,2015,10.1007/978-3-319-25150-9_27,Theoretical Aspects of Computing - ICTAC 2015,Conference paper,https://link.springer.com/chapter/10.1007/978-3-319-25150-9_27
springer,314,10.1007/978-3-642-55099-7_7,Towards Reactive Programming for Object-Oriented Applications,Guido SalvaneschiMira Mezini,towards reactive programming for object oriented applications,guido salvaneschimira mezini,2014,10.1007/978-3-642-55099-7_7,Transactions on Aspect-Oriented Software Development XI,Chapter,https://link.springer.com/chapter/10.1007/978-3-642-55099-7_7
springer,315,10.1007/978-3-319-29510-7_2,An Executable Semantics of Clock Constraint Specification Language and Its Applications,Min ZhangFrédéric Mallet,an executable semantics of clock constraint specification language and its applications,min zhangfrédéric mallet,2016,10.1007/978-3-319-29510-7_2,Formal Techniques for Safety-Critical Systems,Conference paper,https://link.springer.com/chapter/10.1007/978-3-319-29510-7_2
springer,316,10.1007/978-3-319-47677-3_2,Divergence Detection for CCSL Specification via Clock Causality Chain,Qingguo XuRobert de SimoneJulien DeAntoni,divergence detection for ccsl specification via clock causality chain,qingguo xurobert de simonejulien deantoni,2016,10.1007/978-3-319-47677-3_2,"Dependable Software Engineering: Theories, Tools, and Applications",Conference paper,https://link.springer.com/chapter/10.1007/978-3-319-47677-3_2
springer,317,10.1007/978-3-319-10521-5_2,IEC 61499 in a Nutshell,Li Hsien YoongPartha S. RoopZeeshan E. BhattiMatthew M. Y. Kuo,iec 61499 in a nutshell,li hsien yoongpartha s roopzeeshan e bhattimatthew m y kuo,2015,10.1007/978-3-319-10521-5_2,Model-Driven Design Using IEC 61499,Chapter,https://link.springer.com/chapter/10.1007/978-3-319-10521-5_2
springer,318,10.1007/978-3-319-14977-6_6,Discrete Control-Based Design of Adaptive and Autonomic Computing Systems,Xin AnGwenaël DelavalJean-Philippe DiguetAbdoulaye GamatiéSoguy GueyeHervé MarchandNoël de PalmaEric Rutten,discrete control based design of adaptive and autonomic computing systems,xin angwenaël delavaljean philippe diguetabdoulaye gamatiésoguy gueyehervé marchandnoël de palmaeric rutten,2015,10.1007/978-3-319-14977-6_6,Distributed Computing and Internet Technology,Conference paper,https://link.springer.com/chapter/10.1007/978-3-319-14977-6_6
springer,319,10.1007/978-3-658-09994-7_2,MARTE/CCSL for Modeling Cyber-Physical Systems,Frédéric Mallet,marte ccsl for modeling cyber physical systems,frédéric mallet,2015,10.1007/978-3-658-09994-7_2,Formal Modeling and Verification of Cyber-Physical Systems,Chapter,https://link.springer.com/chapter/10.1007/978-3-658-09994-7_2
springer,320,10.1007/s00607-014-0416-7,Light-weight Synchronous Java (SJL): An approach for programming deterministic reactive systems with Java,Christian MotikaReinhard von Hanxleden,light weight synchronous java sjl an approach for programming deterministic reactive systems with java,christian motikareinhard von hanxleden,2014,10.1007/s00607-014-0416-7,Computing,Article,https://link.springer.com/article/10.1007/s00607-014-0416-7
springer,321,10.1007/978-3-319-30734-3_7,Proper Protocol,Farhad Arbab,proper protocol,farhad arbab,2016,10.1007/978-3-319-30734-3_7,Theory and Practice of Formal Methods,Chapter,https://link.springer.com/chapter/10.1007/978-3-319-30734-3_7
springer,322,10.1007/978-3-031-79879-5_3,Programming,Steven BarrettJason Kridner,programming,steven barrettjason kridner,2016,10.1007/978-3-031-79879-5_3,Bad to the Bone,Chapter,https://link.springer.com/chapter/10.1007/978-3-031-79879-5_3
springer,323,10.1007/978-3-319-24457-0_7,Synthesizing Code for GPGPUs from Abstract Formal Models,Gabriel Hjort BlindellChristian MenneIngo Sander,synthesizing code for gpgpus from abstract formal models,gabriel hjort blindellchristian menneingo sander,2016,10.1007/978-3-319-24457-0_7,"Languages, Design Methods, and Tools for Electronic System Design",Chapter,https://link.springer.com/chapter/10.1007/978-3-319-24457-0_7
springer,324,10.1007/978-3-662-47694-9_5,"From Design to Implementation: An Automated, Credible Autocoding Chain for Control Systems",Timothy WangRomain JobredeauxHeber HerenciaPierre-Loïc GarocheArnaud DieumegardÉric FeronMarc Pantel,from design to implementation an automated credible autocoding chain for control systems,timothy wangromain jobredeauxheber herenciapierre loïc garochearnaud dieumegardéric feronmarc pantel,2016,10.1007/978-3-662-47694-9_5,Advances in Control System Technology for Aerospace Applications,Chapter,https://link.springer.com/chapter/10.1007/978-3-662-47694-9_5
springer,325,10.1007/978-3-319-32552-1_17,Limbed Systems,Shuuji KajitaChristian Ott,limbed systems,shuuji kajitachristian ott,2016,10.1007/978-3-319-32552-1_17,Springer Handbook of Robotics,Chapter,https://link.springer.com/chapter/10.1007/978-3-319-32552-1_17
springer,326,10.1007/978-3-319-46508-1_9,Statistical Model Checking with Change Detection,Axel LegayLouis-Marie Traonouez,statistical model checking with change detection,axel legaylouis marie traonouez,2016,10.1007/978-3-319-46508-1_9,Transactions on Foundations for Mastering Change I,Chapter,https://link.springer.com/chapter/10.1007/978-3-319-46508-1_9
springer,328,10.1007/978-3-319-16841-8_55,The Design of ARM-Based Control System of Unmanned Research Catamaran,Zhang Yan-naShan Ti-kunDing FeiYang Wei-min,the design of arm based control system of unmanned research catamaran,zhang yan nashan ti kunding feiyang wei min,2015,10.1007/978-3-319-16841-8_55,Robot Intelligence Technology and Applications 3,Conference paper,https://link.springer.com/chapter/10.1007/978-3-319-16841-8_55
springer,329,10.1007/s10270-016-0533-1,Foundations for Streaming Model Transformations by Complex Event Processing,István DávidIstván RáthDániel Varró,foundations for streaming model transformations by complex event processing,istván dávidistván ráthdániel varró,2016,10.1007/s10270-016-0533-1,Software & Systems Modeling,Article,https://link.springer.com/article/10.1007/s10270-016-0533-1
springer,330,10.1007/s11704-013-3905-5,Foreword to the special section on synchronous programming,Jean-Pierre Talpin,foreword to the special section on synchronous programming,jean pierre talpin,2013,10.1007/s11704-013-3905-5,Frontiers of Computer Science,Article,https://link.springer.com/article/10.1007/s11704-013-3905-5
springer,331,10.1007/978-3-662-46675-9_12,Translation Validation for Clock Transformations in a Synchronous Compiler,Van Chan NgoJean-Pierre TalpinThierry GautierPaul Le Guernic,translation validation for clock transformations in a synchronous compiler,van chan ngojean pierre talpinthierry gautierpaul le guernic,2015,10.1007/978-3-662-46675-9_12,Fundamental Approaches to Software Engineering,Conference paper,https://link.springer.com/chapter/10.1007/978-3-662-46675-9_12
springer,332,10.1007/978-3-662-46663-6_4,A Synchronous-Based Code Generator for Explicit Hybrid Systems Languages,Timothy BourkeJean-Louis ColaçoBruno PaganoCédric PasteurMarc Pouzet,a synchronous based code generator for explicit hybrid systems languages,timothy bourkejean louis colaçobruno paganocédric pasteurmarc pouzet,2015,10.1007/978-3-662-46663-6_4,Compiler Construction,Conference paper,https://link.springer.com/chapter/10.1007/978-3-662-46663-6_4
springer,333,10.1007/978-3-319-29465-0_8,Recovery Preparation,Igor SchagaevThomas Kaegi-Trachsel,recovery preparation,igor schagaevthomas kaegi trachsel,2016,10.1007/978-3-319-29465-0_8,Software Design for Resilient Computer Systems,Chapter,https://link.springer.com/chapter/10.1007/978-3-319-29465-0_8
springer,334,10.1007/978-3-319-19458-5_8,"Require, Test and Trace IT",Bernhard K. AichernigKlaus HörmaierFlorian LorberDejan NičkovićStefan Tiran,require test and trace it,bernhard k aichernigklaus hörmaierflorian lorberdejan ničkovićstefan tiran,2015,10.1007/978-3-319-19458-5_8,Formal Methods for Industrial Critical Systems,Conference paper,https://link.springer.com/chapter/10.1007/978-3-319-19458-5_8
springer,335,10.1007/978-3-319-19458-5_5,Successful Use of Incremental BMC in the Automotive Industry,Peter SchrammelDaniel KroeningMartin BrainRuben MartinsTino TeigeTom Bienmüller,successful use of incremental bmc in the automotive industry,peter schrammeldaniel kroeningmartin brainruben martinstino teigetom bienmüller,2015,10.1007/978-3-319-19458-5_5,Formal Methods for Industrial Critical Systems,Conference paper,https://link.springer.com/chapter/10.1007/978-3-319-19458-5_5
springer,336,10.1007/s00607-014-0437-2,Introduction to the special issue on software technologies for embedded and ubiquitous systems,Lynn ChoiRaimund Kirner,introduction to the special issue on software technologies for embedded and ubiquitous systems,lynn choiraimund kirner,2014,10.1007/s00607-014-0437-2,Computing,Article,https://link.springer.com/article/10.1007/s00607-014-0437-2
springer,337,10.1007/978-3-319-13749-0_2,Cellular Programming,Peter NiebertMathieu Caralp,cellular programming,peter niebertmathieu caralp,2014,10.1007/978-3-319-13749-0_2,Theory and Practice of Natural Computing,Conference paper,https://link.springer.com/chapter/10.1007/978-3-319-13749-0_2
springer,338,10.1007/s10703-016-0250-y,Causality problem in real-time calculus,Karine AltisenMatthieu Moy,causality problem in real time calculus,karine altisenmatthieu moy,2016,10.1007/s10703-016-0250-y,Formal Methods in System Design,Article,https://link.springer.com/article/10.1007/s10703-016-0250-y
springer,339,10.1007/978-3-319-17581-2_12,Coalgebraic Semantic Model for the Clock Constraint Specification Language,Frédéric MalletGrygoriy Zholtkevych,coalgebraic semantic model for the clock constraint specification language,frédéric malletgrygoriy zholtkevych,2015,10.1007/978-3-319-17581-2_12,Formal Techniques for Safety-Critical Systems,Conference paper,https://link.springer.com/chapter/10.1007/978-3-319-17581-2_12
springer,340,10.1007/s11334-013-0223-x,Copilot: monitoring embedded systems,Lee PikeNis WegmannSebastian NillerAlwyn Goodloe,copilot monitoring embedded systems,lee pikenis wegmannsebastian nilleralwyn goodloe,2013,10.1007/s11334-013-0223-x,Innovations in Systems and Software Engineering,Article,https://link.springer.com/article/10.1007/s11334-013-0223-x
springer,341,10.1007/978-3-658-09994-7_16,An SMT-based Approach to analyze Non-Linear Relations of Parameters for Hybrid Systems,Xian LiKlaus Schneider,an smt based approach to analyze non linear relations of parameters for hybrid systems,xian liklaus schneider,2015,10.1007/978-3-658-09994-7_16,Formal Modeling and Verification of Cyber-Physical Systems,Chapter,https://link.springer.com/chapter/10.1007/978-3-658-09994-7_16
springer,342,10.1007/s12205-015-0302-7,A model-based productivity improvement of reinforced concrete work in a multi-housing project,Soobae AnSoungmin JiChangtaek HyunSangwon Han,a model based productivity improvement of reinforced concrete work in a multi housing project,soobae ansoungmin jichangtaek hyunsangwon han,2015,10.1007/s12205-015-0302-7,KSCE Journal of Civil Engineering,Article,https://link.springer.com/article/10.1007/s12205-015-0302-7
springer,343,10.1007/s10617-014-9140-y,Progressive and explicit refinement of scheduling for multidimensional data-flow applications using UML MARTE,Calin GlitiaJulien DeAntoniFrédéric MalletJean-Vivien MilloPierre BouletAbdoulaye Gamatié,progressive and explicit refinement of scheduling for multidimensional data flow applications using uml marte,calin glitiajulien deantonifrédéric malletjean vivien millopierre bouletabdoulaye gamatié,2014,10.1007/s10617-014-9140-y,Design Automation for Embedded Systems,Article,https://link.springer.com/article/10.1007/s10617-014-9140-y
springer,344,10.1007/s11704-014-4096-4,Timed-pNets: a communication behavioural semantic model for distributed systems,Yanwen ChenYixiang ChenEric Madelaine,timed pnets a communication behavioural semantic model for distributed systems,yanwen chenyixiang cheneric madelaine,2014,10.1007/s11704-014-4096-4,Frontiers of Computer Science,Article,https://link.springer.com/article/10.1007/s11704-014-4096-4
springer,345,10.1007/978-3-319-23727-5_1,High-Level Language Support for Reconfiguration Control in Component-Based Architectures,Frederico AlvaresEric RuttenLionel Seinturier,high level language support for reconfiguration control in component based architectures,frederico alvareseric ruttenlionel seinturier,2015,10.1007/978-3-319-23727-5_1,Software Architecture,Conference paper,https://link.springer.com/chapter/10.1007/978-3-319-23727-5_1
springer,346,10.1007/s10626-013-0163-5,Integrating discrete controller synthesis into a reactive programming language compiler,Gwenaël DelavalEric RuttenHervé Marchand,integrating discrete controller synthesis into a reactive programming language compiler,gwenaël delavaleric ruttenhervé marchand,2013,10.1007/s10626-013-0163-5,Discrete Event Dynamic Systems,Article,https://link.springer.com/article/10.1007/s10626-013-0163-5
springer,347,10.1007/978-3-642-54833-8_13,Grounding Synchronous Deterministic Concurrency in Sequential Programming,Joaquín AguadoMichael MendlerReinhard von HanxledenInsa Fuhrmann,grounding synchronous deterministic concurrency in sequential programming,joaquín aguadomichael mendlerreinhard von hanxledeninsa fuhrmann,2014,10.1007/978-3-642-54833-8_13,Programming Languages and Systems,Conference paper,https://link.springer.com/chapter/10.1007/978-3-642-54833-8_13
springer,348,10.1007/978-3-319-25141-7_5,A Parametric Dataflow Model for the Speed and Distance Monitoring in Novel Train Control Systems,Benjamin BeichlerThorsten SchulzChristian HaubeltFrank Golatowski,a parametric dataflow model for the speed and distance monitoring in novel train control systems,benjamin beichlerthorsten schulzchristian haubeltfrank golatowski,2015,10.1007/978-3-319-25141-7_5,"Cyber Physical Systems. Design, Modeling, and Evaluation",Conference paper,https://link.springer.com/chapter/10.1007/978-3-319-25141-7_5
springer,349,10.1007/978-3-319-17581-2_6,"A Normalized Form for FIFO Protocols Traces, Application to the Replay of Mode-based Protocols",Mamoun FilaliMeriem OuederniJean-Baptiste Raclet,a normalized form for fifo protocols traces application to the replay of mode based protocols,mamoun filalimeriem ouedernijean baptiste raclet,2015,10.1007/978-3-319-17581-2_6,Formal Techniques for Safety-Critical Systems,Conference paper,https://link.springer.com/chapter/10.1007/978-3-319-17581-2_6
springer,350,10.1186/1687-3963-2013-3,Clock refinement in imperative synchronous languages,Mike GemündeJens BrandtKlaus Schneider,clock refinement in imperative synchronous languages,mike gemündejens brandtklaus schneider,2013,10.1186/1687-3963-2013-3,EURASIP Journal on Embedded Systems,Article,https://link.springer.com/article/10.1186/1687-3963-2013-3
springer,351,10.1007/978-3-662-45234-9_32,Compiling SCCharts — A Case-Study on Interactive Model-Based Compilation,Christian MotikaSteven SmythReinhard von Hanxleden,compiling sccharts a case study on interactive model based compilation,christian motikasteven smythreinhard von hanxleden,2014,10.1007/978-3-662-45234-9_32,"Leveraging Applications of Formal Methods, Verification and Validation. Technologies for Mastering Change",Conference paper,https://link.springer.com/chapter/10.1007/978-3-662-45234-9_32
springer,352,10.1007/978-3-642-39038-8_29,Higher-Order Reactive Programming with Incremental Lists,Ingo MaierMartin Odersky,higher order reactive programming with incremental lists,ingo maiermartin odersky,2013,10.1007/978-3-642-39038-8_29,ECOOP 2013 – Object-Oriented Programming,Conference paper,https://link.springer.com/chapter/10.1007/978-3-642-39038-8_29
springer,353,10.1007/978-3-319-10521-5_5,Efficient Code Synthesis from Function Blocks,Li Hsien YoongPartha S. RoopZeeshan E. BhattiMatthew M. Y. Kuo,efficient code synthesis from function blocks,li hsien yoongpartha s roopzeeshan e bhattimatthew m y kuo,2015,10.1007/978-3-319-10521-5_5,Model-Driven Design Using IEC 61499,Chapter,https://link.springer.com/chapter/10.1007/978-3-319-10521-5_5
springer,354,10.1007/978-3-319-04891-8_3,Non-preemptive Scheduling of Real-Time Software Transactional Memory,António BarrosLuís Miguel Pinho,non preemptive scheduling of real time software transactional memory,antónio barrosluís miguel pinho,2014,10.1007/978-3-319-04891-8_3,Architecture of Computing Systems – ARCS 2014,Conference paper,https://link.springer.com/chapter/10.1007/978-3-319-04891-8_3
springer,355,10.1007/978-3-319-06880-0_24,"TCC, with History",Vijay SaraswatVineet GuptaRadha Jagadeesan,tcc with history,vijay saraswatvineet guptaradha jagadeesan,2014,10.1007/978-3-319-06880-0_24,Horizons of the Mind. A Tribute to Prakash Panangaden,Chapter,https://link.springer.com/chapter/10.1007/978-3-319-06880-0_24
springer,356,10.1007/978-3-662-44857-1_7,AUTSEG: Automatic Test Set Generator for Embedded Reactive Systems,Mariem AbdelmoulaDaniel GaffeMichel Auguin,autseg automatic test set generator for embedded reactive systems,mariem abdelmouladaniel gaffemichel auguin,2014,10.1007/978-3-662-44857-1_7,Testing Software and Systems,Conference paper,https://link.springer.com/chapter/10.1007/978-3-662-44857-1_7
springer,357,10.1007/978-1-4614-3879-3_1,"Introduction: Modeling, Analysis and Synthesis of Embedded Software and Systems",Alberto Sangiovanni-VincentelliHaibo ZengMarco Di NatalePeter Marwedel,introduction modeling analysis and synthesis of embedded software and systems,alberto sangiovanni vincentellihaibo zengmarco di natalepeter marwedel,2014,10.1007/978-1-4614-3879-3_1,Embedded Systems Development,Chapter,https://link.springer.com/chapter/10.1007/978-1-4614-3879-3_1
springer,358,10.1007/978-3-319-11653-2_22,An MDA Approach for the Generation of Communication Adapters Integrating SW and FW Components from Simulink,Marco Di NataleFrancesco ChiricoAndrea SindicoAlberto Sangiovanni-Vincentelli,an mda approach for the generation of communication adapters integrating sw and fw components from simulink,marco di natalefrancesco chiricoandrea sindicoalberto sangiovanni vincentelli,2014,10.1007/978-3-319-11653-2_22,Model-Driven Engineering Languages and Systems,Conference paper,https://link.springer.com/chapter/10.1007/978-3-319-11653-2_22
springer,359,10.1007/978-3-319-14112-1_15,Discrete Control for Smart Environments Through a Generic Finite-State-Models-Based Infrastructure,Mengxuan ZhaoGilles PrivatEric RuttenHassane Alla,discrete control for smart environments through a generic finite state models based infrastructure,mengxuan zhaogilles privateric ruttenhassane alla,2014,10.1007/978-3-319-14112-1_15,Ambient Intelligence,Conference paper,https://link.springer.com/chapter/10.1007/978-3-319-14112-1_15
springer,360,10.1007/978-1-4471-6741-9_10,Robotic Inspection Systems,Christian EitzingerSebastian ZambalPetra Thanner,robotic inspection systems,christian eitzingersebastian zambalpetra thanner,2015,10.1007/978-1-4471-6741-9_10,Integrated Imaging and Vision Techniques for Industrial Inspection,Chapter,https://link.springer.com/chapter/10.1007/978-1-4471-6741-9_10
springer,361,10.1007/s11334-012-0188-1,A real-time virtual machine implementation for small microcontrollers,W. Roger DavisPhillip A. LaplanteBo I. Sandén,a real time virtual machine implementation for small microcontrollers,w roger davisphillip a laplantebo i sandén,2012,10.1007/s11334-012-0188-1,Innovations in Systems and Software Engineering,Article,https://link.springer.com/article/10.1007/s11334-012-0188-1
springer,362,10.1007/s11704-013-3094-6,Scenario-based verification in presence of variability using a synchronous approach,Jean-Vivien MilloFrédéric MalletAnthony CoadouS. Ramesh,scenario based verification in presence of variability using a synchronous approach,jean vivien millofrédéric malletanthony coadous ramesh,2013,10.1007/s11704-013-3094-6,Frontiers of Computer Science,Article,https://link.springer.com/article/10.1007/s11704-013-3094-6
springer,363,10.1007/s11704-013-3906-4,Multi-threaded code generation from Signal program to OpenMP,Kai HuTeng ZhangZhibin Yang,multi threaded code generation from signal program to openmp,kai huteng zhangzhibin yang,2013,10.1007/s11704-013-3906-4,Frontiers of Computer Science,Article,https://link.springer.com/article/10.1007/s11704-013-3906-4
springer,364,10.1007/s11704-013-2307-z,"Exploring system architectures in AADL via <span>Polychrony</span> and <span>SynDEx</span>
                  ",Huafeng YuYue MaThierry GautierLoïc BesnardJean-Pierre TalpinPaul Le GuernicYves Sorel,exploring system architectures in aadl via polychrony and syndex,huafeng yuyue mathierry gautierloïc besnardjean pierre talpinpaul le guernicyves sorel,2013,10.1007/s11704-013-2307-z,Frontiers of Computer Science,Article,https://link.springer.com/article/10.1007/s11704-013-2307-z
springer,365,10.1007/s11704-013-3908-2,A comparative study of two formal semantics of the SIGNAL language,Zhibin YangJean-Paul BodeveixMamoun Filali,a comparative study of two formal semantics of the signal language,zhibin yangjean paul bodeveixmamoun filali,2013,10.1007/s11704-013-3908-2,Frontiers of Computer Science,Article,https://link.springer.com/article/10.1007/s11704-013-3908-2
springer,366,10.1007/978-1-4614-7864-5_7,Related Work and Outlook,Roopak SinhaParthasarathi RoopSamik Basu,related work and outlook,roopak sinhaparthasarathi roopsamik basu,2014,10.1007/978-1-4614-7864-5_7,Correct-by-Construction Approaches for SoC Design,Chapter,https://link.springer.com/chapter/10.1007/978-1-4614-7864-5_7
springer,367,10.1007/978-3-319-04483-5_1,Hop and HipHop: Multitier Web Orchestration,Gérard BerryManuel Serrano,hop and hiphop multitier web orchestration,gérard berrymanuel serrano,2014,10.1007/978-3-319-04483-5_1,Distributed Computing and Internet Technology,Conference paper,https://link.springer.com/chapter/10.1007/978-3-319-04483-5_1
springer,368,10.1007/s12652-014-0221-3,System-level approach to the design of ambient intelligence systems based on wireless sensor and actuator networks,Udayanto Dwi AtmojoZoran SalcicKevin I-Kai WangHeeJong Park,system level approach to the design of ambient intelligence systems based on wireless sensor and actuator networks,udayanto dwi atmojozoran salcickevin i kai wangheejong park,2014,10.1007/s12652-014-0221-3,Journal of Ambient Intelligence and Humanized Computing,Article,https://link.springer.com/article/10.1007/s12652-014-0221-3
springer,369,10.1007/s10817-014-9313-1,Automated Planning as an Early Verification Tool for Distributed Control,Kamalesh GhoshPallab DasguptaS. Ramesh,automated planning as an early verification tool for distributed control,kamalesh ghoshpallab dasguptas ramesh,2014,10.1007/s10817-014-9313-1,Journal of Automated Reasoning,Article,https://link.springer.com/article/10.1007/s10817-014-9313-1
springer,370,10.1007/978-3-319-01796-9_39,Hybrid Digit-Serial Multiplier for Shifted Polynomial Basis of GF(2 m ),Chiou-Yng LeeWen-Yo LeeChe Wun ChiouJeng-Shyang PanCheng-Huai Ni,hybrid digit serial multiplier for shifted polynomial basis of gf 2 m,chiou yng leewen yo leeche wun chioujeng shyang pancheng huai ni,2014,10.1007/978-3-319-01796-9_39,Genetic and Evolutionary Computing,Conference paper,https://link.springer.com/chapter/10.1007/978-3-319-01796-9_39
springer,371,10.1007/s11241-013-9197-x,Implementing mixed-criticality synchronous reactive programs upon uniprocessor platforms,Sanjoy Baruah,implementing mixed criticality synchronous reactive programs upon uniprocessor platforms,sanjoy baruah,2013,10.1007/s11241-013-9197-x,Real-Time Systems,Article,https://link.springer.com/article/10.1007/s11241-013-9197-x
springer,372,10.1007/978-3-642-41178-6_31,Intellectual Property (IP) Integration Approach for Data-Flow Parallel Embedded Systems,Anne Marie ChanaPatrice Quinton,intellectual property ip integration approach for data flow parallel embedded systems,anne marie chanapatrice quinton,2013,10.1007/978-3-642-41178-6_31,e-Infrastructure and e-Services for Developing Countries,Conference paper,https://link.springer.com/chapter/10.1007/978-3-642-41178-6_31
springer,373,10.1007/978-3-642-54862-8_55,Environment-Model Based Testing of Control Systems: Case Studies,Erwan JahierSimplice Djoko-DjokoChaouki MaizaEric Lafont,environment model based testing of control systems case studies,erwan jahiersimplice djoko djokochaouki maizaeric lafont,2014,10.1007/978-3-642-54862-8_55,Tools and Algorithms for the Construction and Analysis of Systems,Conference paper,https://link.springer.com/chapter/10.1007/978-3-642-54862-8_55
springer,374,10.1007/978-3-662-45234-9_13,Rigorous System Design Flow for Autonomous Systems,Saddek BensalemMarius BozgaJacques CombazAhlem Triki,rigorous system design flow for autonomous systems,saddek bensalemmarius bozgajacques combazahlem triki,2014,10.1007/978-3-662-45234-9_13,"Leveraging Applications of Formal Methods, Verification and Validation. Technologies for Mastering Change",Conference paper,https://link.springer.com/chapter/10.1007/978-3-662-45234-9_13
springer,375,10.1007/978-3-319-01857-7_47,"A Survey of High Level Synthesis Languages, Tools, and Compilers for Reconfigurable High Performance Computing",Luka DaoudDawid ZydekHenry Selvaraj,a survey of high level synthesis languages tools and compilers for reconfigurable high performance computing,luka daouddawid zydekhenry selvaraj,2014,10.1007/978-3-319-01857-7_47,Advances in Systems Science,Conference paper,https://link.springer.com/chapter/10.1007/978-3-319-01857-7_47
springer,376,10.1007/978-3-642-54624-2_26,EHRA: Specification and Analysis of Energy-Harvesting Wireless Sensor Networks,Anh-Dung PhanMichael R. HansenJan Madsen,ehra specification and analysis of energy harvesting wireless sensor networks,anh dung phanmichael r hansenjan madsen,2014,10.1007/978-3-642-54624-2_26,"Specification, Algebra, and Software",Chapter,https://link.springer.com/chapter/10.1007/978-3-642-54624-2_26
springer,377,10.1007/s10009-013-0271-4,Rigorous embedded design: challenges and perspectives,Saddek BensalemAxel LegayMarius Bozga,rigorous embedded design challenges and perspectives,saddek bensalemaxel legaymarius bozga,2013,10.1007/s10009-013-0271-4,International Journal on Software Tools for Technology Transfer,Article,https://link.springer.com/article/10.1007/s10009-013-0271-4
springer,378,10.1007/s11704-013-3910-8,Formal verification of synchronous data-flow program transformations toward certified compilers,Van Chan NgoJean-Pierre TalpinThierry GautierPaul Le GuernicLoïc Besnard,formal verification of synchronous data flow program transformations toward certified compilers,van chan ngojean pierre talpinthierry gautierpaul le guernicloïc besnard,2013,10.1007/s11704-013-3910-8,Frontiers of Computer Science,Article,https://link.springer.com/article/10.1007/s11704-013-3910-8
springer,379,10.1007/978-1-4302-6098-1_6,JavaScript IRL,Mark E. Daggett,javascript irl,mark e daggett,2013,10.1007/978-1-4302-6098-1_6,Expert JavaScript,Chapter,https://link.springer.com/chapter/10.1007/978-1-4302-6098-1_6
springer,380,10.1007/978-3-319-11653-2_13,Model-Driven Verifying Compilation of Synchronous Distributed Applications,Sagar ChakiJames Edmondson,model driven verifying compilation of synchronous distributed applications,sagar chakijames edmondson,2014,10.1007/978-3-319-11653-2_13,Model-Driven Engineering Languages and Systems,Conference paper,https://link.springer.com/chapter/10.1007/978-3-319-11653-2_13
springer,381,10.1007/978-3-642-35722-0_24,Constructive Polychronous Systems,Jean-Pierre TalpinJens BrandtMike GemündeKlaus SchneiderSandeep Shukla,constructive polychronous systems,jean pierre talpinjens brandtmike gemündeklaus schneidersandeep shukla,2013,10.1007/978-3-642-35722-0_24,Logical Foundations of Computer Science,Conference paper,https://link.springer.com/chapter/10.1007/978-3-642-35722-0_24
springer,382,10.1007/978-3-642-35705-3_9,Unifying Operational Semantics with Algebraic Semantics for Instantaneous Reactions,Chengcheng WuYongxin ZhaoHuibiao Zhu,unifying operational semantics with algebraic semantics for instantaneous reactions,chengcheng wuyongxin zhaohuibiao zhu,2013,10.1007/978-3-642-35705-3_9,Unifying Theories of Programming,Conference paper,https://link.springer.com/chapter/10.1007/978-3-642-35705-3_9
springer,383,10.1007/s11554-012-0321-2,Flexible VLIW processor based on FPGA for efficient embedded real-time image processing,Vincent BrostFan YangCharles Meunier,flexible vliw processor based on fpga for efficient embedded real time image processing,vincent brostfan yangcharles meunier,2013,10.1007/s11554-012-0321-2,Journal of Real-Time Image Processing,Article,https://link.springer.com/article/10.1007/s11554-012-0321-2
springer,384,10.1007/978-3-642-40561-7_7,Lifting Verification Results for Preemption Statements,Manuel GesellAndreas MorgensternKlaus Schneider,lifting verification results for preemption statements,manuel gesellandreas morgensternklaus schneider,2013,10.1007/978-3-642-40561-7_7,Software Engineering and Formal Methods,Conference paper,https://link.springer.com/chapter/10.1007/978-3-642-40561-7_7
springer,385,10.1007/s11704-012-1301-1,Hybrid MARTE statecharts,Jing LiuZiwei LiuJifeng HeFrédéric MalletZuohua Ding,hybrid marte statecharts,jing liuziwei liujifeng hefrédéric malletzuohua ding,2013,10.1007/s11704-012-1301-1,Frontiers of Computer Science,Article,https://link.springer.com/article/10.1007/s11704-012-1301-1
springer,386,10.1007/978-3-642-54848-2_11,Constructive Collisions,Edward A. Lee,constructive collisions,edward a lee,2014,10.1007/978-3-642-54848-2_11,From Programs to Systems. The Systems perspective in Computing,Conference paper,https://link.springer.com/chapter/10.1007/978-3-642-54848-2_11
springer,387,10.1007/s10626-013-0168-0,Special section on modeling of reactive systems,Étienne CrayeAbdoulaye Gamatié,special section on modeling of reactive systems,étienne crayeabdoulaye gamatié,2013,10.1007/s10626-013-0168-0,Discrete Event Dynamic Systems,Article,https://link.springer.com/article/10.1007/s10626-013-0168-0
springer,388,10.1007/978-3-662-45231-8_4,Programming with Actors in Java 8,Behrooz NobakhtFrank S. de Boer,programming with actors in java 8,behrooz nobakhtfrank s de boer,2014,10.1007/978-3-662-45231-8_4,"Leveraging Applications of Formal Methods, Verification and Validation. Specialized Techniques and Applications",Conference paper,https://link.springer.com/chapter/10.1007/978-3-662-45231-8_4
springer,389,10.1007/978-1-4614-3737-6_6,Microprogrammed Architectures,Patrick R. Schaumont,microprogrammed architectures,patrick r schaumont,2013,10.1007/978-1-4614-3737-6_6,A Practical Introduction to Hardware/Software Codesign,Chapter,https://link.springer.com/chapter/10.1007/978-1-4614-3737-6_6
springer,390,10.1007/s10270-013-0342-8,Formal synthesis of application and platform behaviors of embedded software systems,Jinhyun KimInhye KangJin-Young ChoiInsup LeeSungwon Kang,formal synthesis of application and platform behaviors of embedded software systems,jinhyun kiminhye kangjin young choiinsup leesungwon kang,2013,10.1007/s10270-013-0342-8,Software & Systems Modeling,Article,https://link.springer.com/article/10.1007/s10270-013-0342-8
springer,391,10.1007/978-3-319-06410-9_3,Engineering UToPiA,Jim Woodcock,engineering utopia,jim woodcock,2014,10.1007/978-3-319-06410-9_3,FM 2014: Formal Methods,Conference paper,https://link.springer.com/chapter/10.1007/978-3-319-06410-9_3
springer,392,10.1007/s10766-012-0226-5,U<span>ni</span>T<span>i</span>: Unified Composition and Time for Multi-domain Model-based Design,Kenneth C. RoversJan Kuper,u ni t i unified composition and time for multi domain model based design,kenneth c roversjan kuper,2012,10.1007/s10766-012-0226-5,International Journal of Parallel Programming,Article,https://link.springer.com/article/10.1007/s10766-012-0226-5
springer,393,10.1007/s00450-013-0251-7,Quantitative reactive modeling and verification,Thomas A. Henzinger,quantitative reactive modeling and verification,thomas a henzinger,2013,10.1007/s00450-013-0251-7,Computer Science - Research and Development,Article,https://link.springer.com/article/10.1007/s00450-013-0251-7
springer,394,10.1007/s11334-013-0197-8,Modeling and analysis of interactive telemedicine systems,Jing LiuXijiao XiongZuohua DingJifeng He,modeling and analysis of interactive telemedicine systems,jing liuxijiao xiongzuohua dingjifeng he,2013,10.1007/s11334-013-0197-8,Innovations in Systems and Software Engineering,Article,https://link.springer.com/article/10.1007/s11334-013-0197-8
springer,395,10.1007/978-3-319-03998-5_15,Improving the Efficiency of Synchronized Product with Infinite Transition Systems,Yuliia RomenskaFrédéric Mallet,improving the efficiency of synchronized product with infinite transition systems,yuliia romenskafrédéric mallet,2013,10.1007/978-3-319-03998-5_15,"Information and Communication Technologies in Education, Research, and Industrial Applications",Conference paper,https://link.springer.com/chapter/10.1007/978-3-319-03998-5_15
springer,396,10.1007/978-3-642-40561-7_1,Verifying MARTE/CCSL Mode Behaviors Using UPPAAL,Jagadish SuryadevaraCristina SeceleanuFrédéric MalletPaul Pettersson,verifying marte ccsl mode behaviors using uppaal,jagadish suryadevaracristina seceleanufrédéric malletpaul pettersson,2013,10.1007/978-3-642-40561-7_1,Software Engineering and Formal Methods,Conference paper,https://link.springer.com/chapter/10.1007/978-3-642-40561-7_1
springer,397,10.1007/s10626-013-0172-4,Sampled-data supervisory control,Ryan J. LeducYu WangFahim Ahmed,sampled data supervisory control,ryan j leducyu wangfahim ahmed,2013,10.1007/s10626-013-0172-4,Discrete Event Dynamic Systems,Article,https://link.springer.com/article/10.1007/s10626-013-0172-4
springer,398,10.1007/978-3-319-03998-5_10,Two Semantic Models for Clock Relations in the Clock Constraint Specification Language,Grygoriy ZholtkevychFrédéric MalletIryna ZaretskaGalyna Zholtkevych,two semantic models for clock relations in the clock constraint specification language,grygoriy zholtkevychfrédéric malletiryna zaretskagalyna zholtkevych,2013,10.1007/978-3-319-03998-5_10,"Information and Communication Technologies in Education, Research, and Industrial Applications",Conference paper,https://link.springer.com/chapter/10.1007/978-3-319-03998-5_10
springer,399,10.1007/s11334-011-0175-y,A model-driven engineering framework for embedded systems design,Francisco Assis Moreira do NascimentoMarcio F. S. OliveiraFlávio Rech Wagner,a model driven engineering framework for embedded systems design,francisco assis moreira do nascimentomarcio f s oliveiraflávio rech wagner,2011,10.1007/s11334-011-0175-y,Innovations in Systems and Software Engineering,Article,https://link.springer.com/article/10.1007/s11334-011-0175-y
springer,400,10.1007/978-3-642-41202-8_3,Boundness Issues in CCSL Specifications,Frédéric MalletJean-Viven Millo,boundness issues in ccsl specifications,frédéric malletjean viven millo,2013,10.1007/978-3-642-41202-8_3,Formal Methods and Software Engineering,Conference paper,https://link.springer.com/chapter/10.1007/978-3-642-41202-8_3
springer,401,10.1007/s11390-013-1322-8,Towards a Formal Semantics for UML/MARTE State Machines Based on Hierarchical Timed Automata,Yu ZhouLuciano BaresiMatteo Rossi,towards a formal semantics for uml marte state machines based on hierarchical timed automata,yu zhouluciano baresimatteo rossi,2013,10.1007/s11390-013-1322-8,Journal of Computer Science and Technology,Article,https://link.springer.com/article/10.1007/s11390-013-1322-8
springer,402,10.1007/978-3-642-39698-4_24,Towards a Modeling Language for Cyber-Physical Systems,Longfei ZhuYongxin ZhaoHuibiao ZhuQiwen Xu,towards a modeling language for cyber physical systems,longfei zhuyongxin zhaohuibiao zhuqiwen xu,2013,10.1007/978-3-642-39698-4_24,Theories of Programming and Formal Methods,Chapter,https://link.springer.com/chapter/10.1007/978-3-642-39698-4_24
springer,403,10.1007/s10626-013-0166-2,Operational semantics of a domain specific language for real time musician–computer interaction,José EchevesteArshia ContJean-Louis GiavittoFlorent Jacquemard,operational semantics of a domain specific language for real time musician computer interaction,josé echevestearshia contjean louis giavittoflorent jacquemard,2013,10.1007/s10626-013-0166-2,Discrete Event Dynamic Systems,Article,https://link.springer.com/article/10.1007/s10626-013-0166-2
springer,404,10.1007/s10617-012-9087-9,"Representation of synchronous, asynchronous, and polychronous components by clocked guarded actions",Jens BrandtMike GemündeKlaus SchneiderSandeep K. ShuklaJean-Pierre Talpin,representation of synchronous asynchronous and polychronous components by clocked guarded actions,jens brandtmike gemündeklaus schneidersandeep k shuklajean pierre talpin,2012,10.1007/s10617-012-9087-9,Design Automation for Embedded Systems,Article,https://link.springer.com/article/10.1007/s10617-012-9087-9
springer,405,10.1007/978-3-642-41533-3_20,"Behavioural Verification in Embedded Software, from Model to Source Code",Anthony Fernandes PiresThomas PolacsekVirginie WielsStéphane Duprat,behavioural verification in embedded software from model to source code,anthony fernandes piresthomas polacsekvirginie wielsstéphane duprat,2013,10.1007/978-3-642-41533-3_20,Model-Driven Engineering Languages and Systems,Conference paper,https://link.springer.com/chapter/10.1007/978-3-642-41533-3_20
springer,406,10.1007/978-3-031-79858-0_2,System Design: Programming,Steven BarrettJason Kridner,system design programming,steven barrettjason kridner,2013,10.1007/978-3-031-79858-0_2,Bad to the Bone,Chapter,https://link.springer.com/chapter/10.1007/978-3-031-79858-0_2
springer,407,10.1007/978-3-642-38700-5_4,An Agent-Based Cognitive Robot Architecture,Changyun WeiKoen V. Hindriks,an agent based cognitive robot architecture,changyun weikoen v hindriks,2013,10.1007/978-3-642-38700-5_4,Programming Multi-Agent Systems,Conference paper,https://link.springer.com/chapter/10.1007/978-3-642-38700-5_4
springer,408,10.1007/s10617-012-9101-2,System level modeling methodology of NoC design from UML-MARTE to VHDL,Majdi ElhajiPierre BouletAbdelkrim ZitouniSamy MeftaliJean-Luc DekeyserRached Tourki,system level modeling methodology of noc design from uml marte to vhdl,majdi elhajipierre bouletabdelkrim zitounisamy meftalijean luc dekeyserrached tourki,2012,10.1007/s10617-012-9101-2,Design Automation for Embedded Systems,Article,https://link.springer.com/article/10.1007/s10617-012-9101-2
springer,410,10.1007/s11241-012-9155-z,Performance debugging of Esterel specifications,Lei JuBach Khoa HuynhAbhik RoychoudhurySamarjit Chakraborty,performance debugging of esterel specifications,lei jubach khoa huynhabhik roychoudhurysamarjit chakraborty,2012,10.1007/s11241-012-9155-z,Real-Time Systems,Article,https://link.springer.com/article/10.1007/s11241-012-9155-z
springer,412,10.1007/978-3-642-38853-8_2,Programming Robots with Events,Truong-Giang LeDmitriy FedosovOlivier HermantMatthieu MancenyRenaud PawlakRenaud Rioboo,programming robots with events,truong giang ledmitriy fedosovolivier hermantmatthieu mancenyrenaud pawlakrenaud rioboo,2013,10.1007/978-3-642-38853-8_2,"Embedded Systems: Design, Analysis and Verification",Conference paper,https://link.springer.com/chapter/10.1007/978-3-642-38853-8_2
springer,413,10.1007/s10703-013-0190-8,Numerical invariants through convex relaxation and max-strategy iteration,Thomas Martin GawlitzaHelmut Seidl,numerical invariants through convex relaxation and max strategy iteration,thomas martin gawlitzahelmut seidl,2013,10.1007/s10703-013-0190-8,Formal Methods in System Design,Article,https://link.springer.com/article/10.1007/s10703-013-0190-8
springer,414,10.1007/978-3-642-39718-9_2,A Clock-Based Framework for Construction of Hybrid Systems,He Jifeng,a clock based framework for construction of hybrid systems,he jifeng,2013,10.1007/978-3-642-39718-9_2,Theoretical Aspects of Computing – ICTAC 2013,Conference paper,https://link.springer.com/chapter/10.1007/978-3-642-39718-9_2
springer,415,10.1007/s11241-011-9138-5,Energy-optimal Batching periods for asynchronous multistage data processing on sensor nodes: foundations and an mPlatform case study,Dong WangTarek AbdelzaherBodhi PriyanthaJie LiuFeng Zhao,energy optimal batching periods for asynchronous multistage data processing on sensor nodes foundations and an mplatform case study,dong wangtarek abdelzaherbodhi priyanthajie liufeng zhao,2011,10.1007/s11241-011-9138-5,Real-Time Systems,Article,https://link.springer.com/article/10.1007/s11241-011-9138-5
springer,416,10.1007/978-3-642-33666-9_51,An Industrial System Engineering Process Integrating Model Driven Architecture and Model Based Design,Andrea SindicoMarco Di NataleAlberto Sangiovanni-Vincentelli,an industrial system engineering process integrating model driven architecture and model based design,andrea sindicomarco di natalealberto sangiovanni vincentelli,2012,10.1007/978-3-642-33666-9_51,Model Driven Engineering Languages and Systems,Conference paper,https://link.springer.com/chapter/10.1007/978-3-642-33666-9_51
springer,417,10.1007/978-3-642-35705-3_3,Circus Time with Reactive Designs,Kun WeiJim WoodcockAna Cavalcanti,circus time with reactive designs,kun weijim woodcockana cavalcanti,2013,10.1007/978-3-642-35705-3_3,Unifying Theories of Programming,Conference paper,https://link.springer.com/chapter/10.1007/978-3-642-35705-3_3
springer,418,10.1007/978-3-642-18378-2_20,Determining Actual Response Time in P-FRP,Chaitanya BelwalAlbert M. K. Cheng,determining actual response time in p frp,chaitanya belwalalbert m k cheng,2011,10.1007/978-3-642-18378-2_20,Practical Aspects of Declarative Languages,Conference paper,https://link.springer.com/chapter/10.1007/978-3-642-18378-2_20
springer,419,10.1007/978-3-642-30598-6_5,Teaching ‘Concepts of Programming Languages’ with Ada,Theodor Tempelmeier,teaching concepts of programming languages with ada,theodor tempelmeier,2012,10.1007/978-3-642-30598-6_5,Reliable Software Technologies – Ada-Europe 2012,Conference paper,https://link.springer.com/chapter/10.1007/978-3-642-30598-6_5
springer,420,10.1007/s10990-012-9089-0,Type-specialized staged programming with process separation,Yu David LiuChristian SkalkaScott F. Smith,type specialized staged programming with process separation,yu david liuchristian skalkascott f smith,2011,10.1007/s10990-012-9089-0,Higher-Order and Symbolic Computation,Article,https://link.springer.com/article/10.1007/s10990-012-9089-0
springer,421,10.1007/978-3-642-29645-1_12,Semantic Adaptation Using CCSL Clock Constraints,Frédéric BoulangerAyman DoguiCécile HardebolleChristophe JacquetDominique MarcadetIuliana Prodan,semantic adaptation using ccsl clock constraints,frédéric boulangerayman doguicécile hardebollechristophe jacquetdominique marcadetiuliana prodan,2012,10.1007/978-3-642-29645-1_12,Models in Software Engineering,Conference paper,https://link.springer.com/chapter/10.1007/978-3-642-29645-1_12
springer,422,10.1007/s00287-012-0627-2,Turing und die Verifikation,Ernst-Rüdiger OlderogReinhard Wilhelm,turing und die verifikation,ernst rüdiger olderogreinhard wilhelm,2012,10.1007/s00287-012-0627-2,Informatik-Spektrum,Article,https://link.springer.com/article/10.1007/s00287-012-0627-2
springer,423,10.1007/978-3-642-24559-6_1,Towards a Signal Calculus for Event-Based Synchronous Languages,Yongxin ZhaoHe Jifeng,towards a signal calculus for event based synchronous languages,yongxin zhaohe jifeng,2011,10.1007/978-3-642-24559-6_1,Formal Methods and Software Engineering,Conference paper,https://link.springer.com/chapter/10.1007/978-3-642-24559-6_1
springer,424,10.1007/978-3-642-32469-7_3,Certifying and Reasoning on Cost Annotations in C Programs,Nicolas AyacheRoberto M. AmadioYann Régis-Gianas,certifying and reasoning on cost annotations in c programs,nicolas ayacheroberto m amadioyann régis gianas,2012,10.1007/978-3-642-32469-7_3,Formal Methods for Industrial Critical Systems,Conference paper,https://link.springer.com/chapter/10.1007/978-3-642-32469-7_3
springer,425,10.1007/978-3-642-25929-6_1,Rigorous System Design: The BIP Approach,Ananda BasuSaddek BensalemMarius BozgaParaskevas BourgosJoseph Sifakis,rigorous system design the bip approach,ananda basusaddek bensalemmarius bozgaparaskevas bourgosjoseph sifakis,2012,10.1007/978-3-642-25929-6_1,Mathematical and Engineering Methods in Computer Science,Conference paper,https://link.springer.com/chapter/10.1007/978-3-642-25929-6_1
springer,426,10.1007/978-3-642-34005-5_1,Rigorous Component-Based System Design,Ananda BasuSaddek BensalemMarius BozgaJoseph Sifakis,rigorous component based system design,ananda basusaddek bensalemmarius bozgajoseph sifakis,2012,10.1007/978-3-642-34005-5_1,Rewriting Logic and Its Applications,Conference paper,https://link.springer.com/chapter/10.1007/978-3-642-34005-5_1
springer,427,10.1007/978-3-642-30561-0_4,TimeSquare: Treat Your Models with Logical Time,Julien DeAntoniFrédéric Mallet,timesquare treat your models with logical time,julien deantonifrédéric mallet,2012,10.1007/978-3-642-30561-0_4,"Objects, Models, Components, Patterns",Conference paper,https://link.springer.com/chapter/10.1007/978-3-642-30561-0_4
springer,428,10.1007/s11334-011-0156-1,Component-based analysis of embedded control applications,Christo AngelovWei GuanNicolae MarianFeng ZhouKrzysztof SierszeckiSøren Top,component based analysis of embedded control applications,christo angelovwei guannicolae marianfeng zhoukrzysztof sierszeckisøren top,2011,10.1007/s11334-011-0156-1,Innovations in Systems and Software Engineering,Article,https://link.springer.com/article/10.1007/s11334-011-0156-1
springer,429,10.1007/s10009-012-0244-z,CADP 2011: a toolbox for the construction and analysis of distributed processes,Hubert GaravelFrédéric LangRadu MateescuWendelin Serwe,cadp 2011 a toolbox for the construction and analysis of distributed processes,hubert garavelfrédéric langradu mateescuwendelin serwe,2012,10.1007/s10009-012-0244-z,International Journal on Software Tools for Technology Transfer,Article,https://link.springer.com/article/10.1007/s10009-012-0244-z
springer,430,10.1007/978-3-642-35182-2_16,A Synchronous Language with Partial Delay Specification for Real-Time Systems Programming,Rémy WyssFrédéric BoniolJulien ForgetClaire Pagetti,a synchronous language with partial delay specification for real time systems programming,rémy wyssfrédéric bonioljulien forgetclaire pagetti,2012,10.1007/978-3-642-35182-2_16,Programming Languages and Systems,Conference paper,https://link.springer.com/chapter/10.1007/978-3-642-35182-2_16
springer,431,10.1007/978-3-642-24349-3_5,The Logical Execution Time Paradigm,Christoph M. KirschAna Sokolova,the logical execution time paradigm,christoph m kirschana sokolova,2012,10.1007/978-3-642-24349-3_5,Advances in Real-Time Systems,Chapter,https://link.springer.com/chapter/10.1007/978-3-642-24349-3_5
springer,432,10.1007/978-3-642-31057-7_22,Static Sessional Dataflow,Dominic DugganJianhua Yao,static sessional dataflow,dominic dugganjianhua yao,2012,10.1007/978-3-642-31057-7_22,ECOOP 2012 – Object-Oriented Programming,Conference paper,https://link.springer.com/chapter/10.1007/978-3-642-31057-7_22
springer,433,10.1007/978-94-007-1125-9_6,Models for Co-design of Heterogeneous Dynamically Reconfigurable SoCs,Jean-Luc DekeyserAbdoulaye GamatiéSamy MeftaliImran Rafiq Quadri,models for co design of heterogeneous dynamically reconfigurable socs,jean luc dekeyserabdoulaye gamatiésamy meftaliimran rafiq quadri,2012,10.1007/978-94-007-1125-9_6,Design Technology for Heterogeneous Embedded Systems,Chapter,https://link.springer.com/chapter/10.1007/978-94-007-1125-9_6
springer,434,10.1007/978-1-4614-0872-7_2,Related Work,Sumit AhujaAvinash LakshminarayanaSandeep Kumar Shukla,related work,sumit ahujaavinash lakshminarayanasandeep kumar shukla,2012,10.1007/978-1-4614-0872-7_2,Low Power Design with High-Level Power Estimation and Power-Aware Synthesis,Chapter,https://link.springer.com/chapter/10.1007/978-1-4614-0872-7_2
springer,435,10.1007/s10626-011-0107-x,Multi-task Implementation of Multi-periodic Synchronous Programs,Claire PagettiJulien ForgetFrédéric BoniolMikel CordovillaDavid Lesens,multi task implementation of multi periodic synchronous programs,claire pagettijulien forgetfrédéric boniolmikel cordovilladavid lesens,2011,10.1007/s10626-011-0107-x,Discrete Event Dynamic Systems,Article,https://link.springer.com/article/10.1007/s10626-011-0107-x
springer,436,10.1007/978-94-007-1594-3_7,Heterogeneous Reactive Architectures of Embedded Systems,Ivan RadojevicZoran Salcic,heterogeneous reactive architectures of embedded systems,ivan radojeviczoran salcic,2011,10.1007/978-94-007-1594-3_7,Embedded Systems Design Based on Formal Models of Computation,Chapter,https://link.springer.com/chapter/10.1007/978-94-007-1594-3_7
springer,437,10.1007/978-3-642-34032-1_16,Formal Specification and Verification of Task Time Constraints for Real-Time Systems,Ning GeMarc PantelXavier Crégut,formal specification and verification of task time constraints for real time systems,ning gemarc pantelxavier crégut,2012,10.1007/978-3-642-34032-1_16,"Leveraging Applications of Formal Methods, Verification and Validation. Applications and Case Studies",Conference paper,https://link.springer.com/chapter/10.1007/978-3-642-34032-1_16
springer,438,10.1007/978-1-4614-1427-8_14,Logical Time @ Work: Capturing Data Dependencies and Platform Constraints,Calin GlitiaJulien DeAntoniFrédéric Mallet,logical time work capturing data dependencies and platform constraints,calin glitiajulien deantonifrédéric mallet,2012,10.1007/978-1-4614-1427-8_14,System Specification and Design Languages,Conference paper,https://link.springer.com/chapter/10.1007/978-1-4614-1427-8_14
springer,439,10.1007/s10009-012-0235-0,Formal modeling and validation of Stateflow diagrams,Chunqing ChenJun SunYang LiuJin Song DongManchun Zheng,formal modeling and validation of stateflow diagrams,chunqing chenjun sunyang liujin song dongmanchun zheng,2012,10.1007/s10009-012-0235-0,International Journal on Software Tools for Technology Transfer,Article,https://link.springer.com/article/10.1007/s10009-012-0235-0
springer,440,10.1007/978-3-642-28830-2_7,Join Token-Based Event Handling: A Comprehensive Framework for Game Programming,Taketoshi NishimoriYasushi Kuno,join token based event handling a comprehensive framework for game programming,taketoshi nishimoriyasushi kuno,2012,10.1007/978-3-642-28830-2_7,Software Language Engineering,Conference paper,https://link.springer.com/chapter/10.1007/978-3-642-28830-2_7
springer,441,10.1007/978-3-642-30729-4_9,Formal Verification of Compiler Transformations on Polychronous Equations,Van Chan NgoJean-Pierre TalpinThierry GautierPaul Le GuernicLoïc Besnard,formal verification of compiler transformations on polychronous equations,van chan ngojean pierre talpinthierry gautierpaul le guernicloïc besnard,2012,10.1007/978-3-642-30729-4_9,Integrated Formal Methods,Conference paper,https://link.springer.com/chapter/10.1007/978-3-642-30729-4_9
springer,442,10.1007/978-3-642-33666-9_21,The Coroutine Model of Computation,Chris ShaverEdward A. Lee,the coroutine model of computation,chris shaveredward a lee,2012,10.1007/978-3-642-33666-9_21,Model Driven Engineering Languages and Systems,Conference paper,https://link.springer.com/chapter/10.1007/978-3-642-33666-9_21
springer,443,10.1007/s10990-011-9068-x,Keeping calm in the face of change,Neil SculthorpeHenrik Nilsson,keeping calm in the face of change,neil sculthorpehenrik nilsson,2010,10.1007/s10990-011-9068-x,Higher-Order and Symbolic Computation,Article,https://link.springer.com/article/10.1007/s10990-011-9068-x
springer,444,10.1007/978-3-642-31113-0_6,Scheduling and Buffer Sizing of n-Synchronous Systems,Louis MandelFlorence Plateau,scheduling and buffer sizing of n synchronous systems,louis mandelflorence plateau,2012,10.1007/978-3-642-31113-0_6,Mathematics of Program Construction,Conference paper,https://link.springer.com/chapter/10.1007/978-3-642-31113-0_6
springer,445,10.1007/978-3-642-22306-8_9,Program Sketching via CTL* Model Checking,Andreas MorgensternKlaus Schneider,program sketching via ctl model checking,andreas morgensternklaus schneider,2011,10.1007/978-3-642-22306-8_9,Model Checking Software,Conference paper,https://link.springer.com/chapter/10.1007/978-3-642-22306-8_9
springer,446,10.1007/978-3-642-31727-9_9,Computer Programming in the Creative Arts,Alex McLeanGeraint Wiggins,computer programming in the creative arts,alex mcleangeraint wiggins,2012,10.1007/978-3-642-31727-9_9,Computers and Creativity,Chapter,https://link.springer.com/chapter/10.1007/978-3-642-31727-9_9
springer,448,10.1007/978-3-642-23851-2_20,Snapshot Reachability Graphs for Alvis Models,Marcin SzpyrkaLeszek Kotulski,snapshot reachability graphs for alvis models,marcin szpyrkaleszek kotulski,2011,10.1007/978-3-642-23851-2_20,Knowledge-Based and Intelligent Information and Engineering Systems,Conference paper,https://link.springer.com/chapter/10.1007/978-3-642-23851-2_20
springer,449,10.1007/978-1-4614-1415-5_12,Specification of Data Intensive Applications with Data Dependency and Abstract Clocks,Abdoulaye Gamatié,specification of data intensive applications with data dependency and abstract clocks,abdoulaye gamatié,2011,10.1007/978-1-4614-1415-5_12,Handbook of Data Intensive Computing,Chapter,https://link.springer.com/chapter/10.1007/978-1-4614-1415-5_12
springer,450,10.1007/978-3-642-35179-2_2,Distributed Control of Discrete-Event Systems: A First Step,Philippe DarondeauLaurie Ricker,distributed control of discrete event systems a first step,philippe darondeaulaurie ricker,2012,10.1007/978-3-642-35179-2_2,Transactions on Petri Nets and Other Models of Concurrency VI,Chapter,https://link.springer.com/chapter/10.1007/978-3-642-35179-2_2
springer,451,10.1007/s11227-011-0656-7,StreamPI: a stream-parallel programming extension for object-oriented programming languages,Jingun HongKirak HongBernd BurgstallerJohann Blieberger,streampi a stream parallel programming extension for object oriented programming languages,jingun hongkirak hongbernd burgstallerjohann blieberger,2011,10.1007/s11227-011-0656-7,The Journal of Supercomputing,Article,https://link.springer.com/article/10.1007/s11227-011-0656-7
springer,452,10.1007/s00450-011-0148-2,"Formal semantics of modular time refinement in <span>AutoFocus</span>
            ",David Trachtenherz,formal semantics of modular time refinement in autofocus,david trachtenherz,2011,10.1007/s00450-011-0148-2,Computer Science - Research and Development,Article,https://link.springer.com/article/10.1007/s00450-011-0148-2
springer,453,10.1007/978-94-007-1594-3_5,DFCharts in SystemC and Esterel,Ivan RadojevicZoran Salcic,dfcharts in systemc and esterel,ivan radojeviczoran salcic,2011,10.1007/978-94-007-1594-3_5,Embedded Systems Design Based on Formal Models of Computation,Chapter,https://link.springer.com/chapter/10.1007/978-94-007-1594-3_5
springer,454,10.1007/978-1-4419-0941-1_2,Synchronous Programming: Overview,Abdoulaye Gamatié,synchronous programming overview,abdoulaye gamatié,2010,10.1007/978-1-4419-0941-1_2,Designing Embedded Systems with the SIGNAL Programming Language,Chapter,https://link.springer.com/chapter/10.1007/978-1-4419-0941-1_2
springer,455,10.1007/s00165-011-0197-0,Testing interruptions in reactive systems,Wilkerson L. AndradePatrícia D. L. Machado,testing interruptions in reactive systems,wilkerson l andradepatrícia d l machado,2011,10.1007/s00165-011-0197-0,Formal Aspects of Computing,Article,https://link.springer.com/article/10.1007/s00165-011-0197-0
springer,456,10.1007/978-94-007-1594-3_2,Models of Computation and Languages,Ivan RadojevicZoran Salcic,models of computation and languages,ivan radojeviczoran salcic,2011,10.1007/978-94-007-1594-3_2,Embedded Systems Design Based on Formal Models of Computation,Chapter,https://link.springer.com/chapter/10.1007/978-94-007-1594-3_2
springer,457,10.1007/978-3-642-16946-5_6,Research Roadmap,Pedro José MarrònStamatis KarnouskosDaniel MinderAníbal Ollero,research roadmap,pedro josé marrònstamatis karnouskosdaniel minderaníbal ollero,2011,10.1007/978-3-642-16946-5_6,The Emerging Domain of Cooperating Objects,Chapter,https://link.springer.com/chapter/10.1007/978-3-642-16946-5_6
springer,458,10.1007/s11241-011-9122-0,Efficient verification of distributed real-time systems with broadcasting behaviors,Farn WangLi-Wei YaoYa-Lan Yang,efficient verification of distributed real time systems with broadcasting behaviors,farn wangli wei yaoya lan yang,2011,10.1007/s11241-011-9122-0,Real-Time Systems,Article,https://link.springer.com/article/10.1007/s11241-011-9122-0
springer,459,10.1007/978-90-481-8776-8_18,Models of Computation for Heterogeneous Embedded Systems,Adnan ShaoutAli H. El-MousaKhalid Mattar,models of computation for heterogeneous embedded systems,adnan shaoutali h el mousakhalid mattar,2010,10.1007/978-90-481-8776-8_18,Electronic Engineering and Computing Technology,Chapter,https://link.springer.com/chapter/10.1007/978-90-481-8776-8_18
springer,460,10.1007/978-3-8348-8203-5_3,Technische Grundlagen,Günter KunzeHelmut GöhringKlaus Jacob,technische grundlagen,günter kunzehelmut göhringklaus jacob,2012,10.1007/978-3-8348-8203-5_3,Baumaschinen,Chapter,https://link.springer.com/chapter/10.1007/978-3-8348-8203-5_3
springer,461,10.1007/978-3-642-13953-6_3,Loosely-Coupled Distributed Reactive Programming in Mobile Ad Hoc Networks,Andoni Lombide CarretonStijn MostinckxTom Van CutsemWolfgang De Meuter,loosely coupled distributed reactive programming in mobile ad hoc networks,andoni lombide carretonstijn mostinckxtom van cutsemwolfgang de meuter,2010,10.1007/978-3-642-13953-6_3,"Objects, Models, Components, Patterns",Conference paper,https://link.springer.com/chapter/10.1007/978-3-642-13953-6_3
springer,462,10.1007/978-3-642-21292-5_4,Migration of Legacy Software Towards Correct-by-Construction Timing Behavior,Stefan ResmeritaKenneth ButtsPatricia DerlerAndreas NaderlingerWolfgang Pree,migration of legacy software towards correct by construction timing behavior,stefan resmeritakenneth buttspatricia derlerandreas naderlingerwolfgang pree,2011,10.1007/978-3-642-21292-5_4,"Foundations of Computer Software. Modeling, Development, and Verification of Adaptive Systems",Conference paper,https://link.springer.com/chapter/10.1007/978-3-642-21292-5_4
springer,463,10.1007/978-1-4419-6400-7,Synthesis of Embedded Software,,synthesis of embedded software,,2010,10.1007/978-1-4419-6400-7,,Book,https://link.springer.com/book/10.1007/978-1-4419-6400-7
springer,464,10.1007/978-3-642-16277-0_6,6 Modeling Languages for Real-Time and Embedded Systems,Sébastien GérardHuascar EspinozaFrançois TerrierBran Selic,6 modeling languages for real time and embedded systems,sébastien gérardhuascar espinozafrançois terrierbran selic,2010,10.1007/978-3-642-16277-0_6,Model-Based Engineering of Embedded Real-Time Systems,Chapter,https://link.springer.com/chapter/10.1007/978-3-642-16277-0_6
springer,465,10.1007/978-94-007-1594-3_8,Implementation of DFCharts on HiDRA,Ivan RadojevicZoran Salcic,implementation of dfcharts on hidra,ivan radojeviczoran salcic,2011,10.1007/978-94-007-1594-3_8,Embedded Systems Design Based on Formal Models of Computation,Chapter,https://link.springer.com/chapter/10.1007/978-94-007-1594-3_8
springer,466,10.1007/s10617-010-9053-3,Modular static scheduling of synchronous data-flow networks,Marc PouzetPascal Raymond,modular static scheduling of synchronous data flow networks,marc pouzetpascal raymond,2010,10.1007/s10617-010-9053-3,Design Automation for Embedded Systems,Article,https://link.springer.com/article/10.1007/s10617-010-9053-3
springer,467,10.1007/978-3-642-16767-6_2,A Flexible Hierarchical Approach for Controlling the System-Level Design Complexity of Embedded Systems,Stephan Klaus,a flexible hierarchical approach for controlling the system level design complexity of embedded systems,stephan klaus,2010,10.1007/978-3-642-16767-6_2,Design Methodologies for Secure Embedded Systems,Conference paper,https://link.springer.com/chapter/10.1007/978-3-642-16767-6_2
springer,468,10.1007/978-3-642-24452-0_4,Implementation Architecture and Multithreaded Runtime System of S-Net,Clemens GrelckFrank Penczek,implementation architecture and multithreaded runtime system of s net,clemens grelckfrank penczek,2011,10.1007/978-3-642-24452-0_4,Implementation and Application of Functional Languages,Conference paper,https://link.springer.com/chapter/10.1007/978-3-642-24452-0_4
springer,469,10.1007/978-1-4419-6400-7_2,Formal Modeling of Embedded Systems with Explicit Schedules and Routes,Julien BoucaronAnthony CoadouRobert de Simone,formal modeling of embedded systems with explicit schedules and routes,julien boucaronanthony coadourobert de simone,2010,10.1007/978-1-4419-6400-7_2,Synthesis of Embedded Software,Chapter,https://link.springer.com/chapter/10.1007/978-1-4419-6400-7_2
springer,470,10.1007/978-3-642-24431-5_8,Structural Test Coverage Criteria for Integration Testing of LUSTRE/SCADE Programs,Virginia PapailiopoulouAjitha RajanIoannis Parissis,structural test coverage criteria for integration testing of lustre scade programs,virginia papailiopoulouajitha rajanioannis parissis,2011,10.1007/978-3-642-24431-5_8,Formal Methods for Industrial Critical Systems,Conference paper,https://link.springer.com/chapter/10.1007/978-3-642-24431-5_8
springer,471,10.1007/978-3-642-13238-4_6,Reactive Model-Based Control of Reconfiguration in the Fractal Component-Based Model,Gwenaël DelavalEric Rutten,reactive model based control of reconfiguration in the fractal component based model,gwenaël delavaleric rutten,2010,10.1007/978-3-642-13238-4_6,Component-Based Software Engineering,Conference paper,https://link.springer.com/chapter/10.1007/978-3-642-13238-4_6
springer,472,10.1007/978-3-642-15234-4_17,Dependency-Driven Distribution of Synchronous Programs,Daniel BaudischJens BrandtKlaus Schneider,dependency driven distribution of synchronous programs,daniel baudischjens brandtklaus schneider,2010,10.1007/978-3-642-15234-4_17,"Distributed, Parallel and Biologically Inspired Systems",Conference paper,https://link.springer.com/chapter/10.1007/978-3-642-15234-4_17
springer,473,10.1007/s10270-010-0176-6,Code generation for a family of executable modelling notations,Adam ProutJoanne M. AtleeNancy A. DayPourya Shaker,code generation for a family of executable modelling notations,adam proutjoanne m atleenancy a daypourya shaker,2010,10.1007/s10270-010-0176-6,Software & Systems Modeling,Article,https://link.springer.com/article/10.1007/s10270-010-0176-6
springer,474,10.1007/978-3-642-13754-9_15,What Is in a Step: New Perspectives on a Classical Question,Willem-Paul de RoeverGerald LüttgenMichael Mendler,what is in a step new perspectives on a classical question,willem paul de roevergerald lüttgenmichael mendler,2010,10.1007/978-3-642-13754-9_15,Time for Verification,Chapter,https://link.springer.com/chapter/10.1007/978-3-642-13754-9_15
springer,475,10.1007/s00521-010-0382-8,Composable continuous-space programs for robotic swarms,Jonathan BachrachJacob BealJames McLurkin,composable continuous space programs for robotic swarms,jonathan bachrachjacob bealjames mclurkin,2010,10.1007/s00521-010-0382-8,Neural Computing and Applications,Article,https://link.springer.com/article/10.1007/s00521-010-0382-8
springer,476,10.1007/978-1-4419-6400-7_6,MRICDF: A Polychronous Model for Embedded Software Synthesis,Bijoy A. JoseSandeep K. Shukla,mricdf a polychronous model for embedded software synthesis,bijoy a josesandeep k shukla,2010,10.1007/978-1-4419-6400-7_6,Synthesis of Embedded Software,Chapter,https://link.springer.com/chapter/10.1007/978-1-4419-6400-7_6
springer,477,10.1007/978-1-4419-6400-7_8,From Synchronous Specifications to Statically Scheduled Hard Real-Time Implementations,Dumitru Potop-ButucaruRobert de SimoneYves Sorel,from synchronous specifications to statically scheduled hard real time implementations,dumitru potop butucarurobert de simoneyves sorel,2010,10.1007/978-1-4419-6400-7_8,Synthesis of Embedded Software,Chapter,https://link.springer.com/chapter/10.1007/978-1-4419-6400-7_8
springer,478,10.1007/978-1-4419-0941-1_1,Generalities on Real-Time Programming,Abdoulaye Gamatié,generalities on real time programming,abdoulaye gamatié,2010,10.1007/978-1-4419-0941-1_1,Designing Embedded Systems with the SIGNAL Programming Language,Chapter,https://link.springer.com/chapter/10.1007/978-1-4419-0941-1_1
springer,479,10.1007/978-1-4419-8237-7_4,Real-Time Model,Hermann Kopetz,real time model,hermann kopetz,2011,10.1007/978-1-4419-8237-7_4,Real-Time Systems,Chapter,https://link.springer.com/chapter/10.1007/978-1-4419-8237-7_4
springer,480,10.1007/978-3-642-16129-2_15,A Common Framework for Synchronization in Requirements Modelling Languages,Shahram EsmaeilsabzaliNancy A. DayJoanne M. Atlee,a common framework for synchronization in requirements modelling languages,shahram esmaeilsabzalinancy a dayjoanne m atlee,2010,10.1007/978-3-642-16129-2_15,Model Driven Engineering Languages and Systems,Conference paper,https://link.springer.com/chapter/10.1007/978-3-642-16129-2_15
springer,481,10.1007/978-3-642-15234-4_3,Rialto 2.0: A Language for Heterogeneous Computations,Johan LiliusAndreas DahlinLionel Morel,rialto 2 0 a language for heterogeneous computations,johan liliusandreas dahlinlionel morel,2010,10.1007/978-3-642-15234-4_3,"Distributed, Parallel and Biologically Inspired Systems",Conference paper,https://link.springer.com/chapter/10.1007/978-3-642-15234-4_3
springer,482,10.1007/s10703-010-0106-9,Model-based construction and verification of critical systems using composition and partial refinement,Ralph D. JeffordsConstance L. HeitmeyerMyla M. ArcherElizabeth I. Leonard,model based construction and verification of critical systems using composition and partial refinement,ralph d jeffordsconstance l heitmeyermyla m archerelizabeth i leonard,2010,10.1007/s10703-010-0106-9,Formal Methods in System Design,Article,https://link.springer.com/article/10.1007/s10703-010-0106-9
springer,483,10.1007/978-3-642-16256-5_17,Specification of Embedded Control Systems Behaviour Using Actor Interface Automata,Christo AngelovFeng ZhouKrzysztof Sierszecki,specification of embedded control systems behaviour using actor interface automata,christo angelovfeng zhoukrzysztof sierszecki,2010,10.1007/978-3-642-16256-5_17,Software Technologies for Embedded and Ubiquitous Systems,Conference paper,https://link.springer.com/chapter/10.1007/978-3-642-16256-5_17
springer,484,10.1007/978-1-4419-6400-7_1,Compilation of Polychronous Data Flow Equations,Loïc BesnardThierry GautierPaul Le GuernicJean-Pierre Talpin,compilation of polychronous data flow equations,loïc besnardthierry gautierpaul le guernicjean pierre talpin,2010,10.1007/978-1-4419-6400-7_1,Synthesis of Embedded Software,Chapter,https://link.springer.com/chapter/10.1007/978-1-4419-6400-7_1
springer,485,10.1007/978-3-642-12002-2_31,Arrival Curves for Real-Time Calculus: The Causality Problem and Its Solutions,Matthieu MoyKarine Altisen,arrival curves for real time calculus the causality problem and its solutions,matthieu moykarine altisen,2010,10.1007/978-3-642-12002-2_31,Tools and Algorithms for the Construction and Analysis of Systems,Conference paper,https://link.springer.com/chapter/10.1007/978-3-642-12002-2_31
springer,486,10.1007/978-1-4419-6400-7_7,The Time Model of Logical Clocks Available in the OMG MARTE Profile,Charles AndréJulien DeAntoniFrédéric MalletRobert de Simone,the time model of logical clocks available in the omg marte profile,charles andréjulien deantonifrédéric malletrobert de simone,2010,10.1007/978-1-4419-6400-7_7,Synthesis of Embedded Software,Chapter,https://link.springer.com/chapter/10.1007/978-1-4419-6400-7_7
springer,487,10.1007/978-3-642-13414-2_6,A Hybrid Visual Dataflow Language for Coordination in Mobile Ad Hoc Networks,Andoni Lombide CarretonTheo D’Hondt,a hybrid visual dataflow language for coordination in mobile ad hoc networks,andoni lombide carretontheo d hondt,2010,10.1007/978-3-642-13414-2_6,Coordination Models and Languages,Conference paper,https://link.springer.com/chapter/10.1007/978-3-642-13414-2_6
springer,488,10.1007/978-1-4419-0941-1_11,GALS System Design,Abdoulaye Gamatié,gals system design,abdoulaye gamatié,2010,10.1007/978-1-4419-0941-1_11,Designing Embedded Systems with the SIGNAL Programming Language,Chapter,https://link.springer.com/chapter/10.1007/978-1-4419-0941-1_11
springer,489,10.1007/s10703-010-0109-6,Bisimulation conversion and verification procedure for goal-based control systems,Julia M. B. BramanRichard M. Murray,bisimulation conversion and verification procedure for goal based control systems,julia m b bramanrichard m murray,2010,10.1007/s10703-010-0109-6,Formal Methods in System Design,Article,https://link.springer.com/article/10.1007/s10703-010-0109-6
springer,490,10.1007/978-3-642-16277-0_1,1 Models of Reactive Systems,Bernhard SchätzHolger Giese,1 models of reactive systems,bernhard schätzholger giese,2010,10.1007/978-3-642-16277-0_1,Model-Based Engineering of Embedded Real-Time Systems,Chapter,https://link.springer.com/chapter/10.1007/978-3-642-16277-0_1
springer,492,10.1007/978-3-642-11811-1_19,Development of a Synchronous Subset of AADL,Mamoun Filali-AmineJulia Lawall,development of a synchronous subset of aadl,mamoun filali aminejulia lawall,2010,10.1007/978-3-642-11811-1_19,"Abstract State Machines, Alloy, B and Z",Conference paper,https://link.springer.com/chapter/10.1007/978-3-642-11811-1_19
springer,493,10.1007/978-3-642-16561-0_46,On the Role of Non-functional Properties in Compiler Verification,Jens KnoopWolf Zimmermann,on the role of non functional properties in compiler verification,jens knoopwolf zimmermann,2010,10.1007/978-3-642-16561-0_46,"Leveraging Applications of Formal Methods, Verification, and Validation",Conference paper,https://link.springer.com/chapter/10.1007/978-3-642-16561-0_46
springer,494,10.1007/978-3-642-16561-0_32,Design Choices for High-Confidence Distributed Real-Time Software,Sebastian FischmeisterAkramul Azim,design choices for high confidence distributed real time software,sebastian fischmeisterakramul azim,2010,10.1007/978-3-642-16561-0_32,"Leveraging Applications of Formal Methods, Verification, and Validation",Conference paper,https://link.springer.com/chapter/10.1007/978-3-642-16561-0_32
springer,495,10.1007/978-3-642-16129-2_20,Disciplined Heterogeneous Modeling,Edward A. Lee,disciplined heterogeneous modeling,edward a lee,2010,10.1007/978-3-642-16129-2_20,Model Driven Engineering Languages and Systems,Conference paper,https://link.springer.com/chapter/10.1007/978-3-642-16129-2_20
springer,496,10.1007/978-3-642-16277-0_7,7 Requirements Modeling for Embedded Realtime Systems,Ingolf KrügerClaudiu FarcasEmilia FarcasMassimiliano Menarini,7 requirements modeling for embedded realtime systems,ingolf krügerclaudiu farcasemilia farcasmassimiliano menarini,2010,10.1007/978-3-642-16277-0_7,Model-Based Engineering of Embedded Real-Time Systems,Chapter,https://link.springer.com/chapter/10.1007/978-3-642-16277-0_7
springer,498,10.1007/978-90-481-9304-2_1,IP-XACT Components with Abstract Time Characterization,Frédéric MalletCharles AndréRobert de Simone,ip xact components with abstract time characterization,frédéric malletcharles andrérobert de simone,2010,10.1007/978-90-481-9304-2_1,Advances in Design Methods from Modeling Languages for Embedded Systems and SoC’s,Chapter,https://link.springer.com/chapter/10.1007/978-90-481-9304-2_1
springer,499,10.1007/978-1-4419-0941-1_6,Design in Polychrony: First Steps,Abdoulaye Gamatié,design in polychrony first steps,abdoulaye gamatié,2010,10.1007/978-1-4419-0941-1_6,Designing Embedded Systems with the SIGNAL Programming Language,Chapter,https://link.springer.com/chapter/10.1007/978-1-4419-0941-1_6
springer,500,10.1007/978-1-4419-0941-1_4,Programming Units: Processes,Abdoulaye Gamatié,programming units processes,abdoulaye gamatié,2010,10.1007/978-1-4419-0941-1_4,Designing Embedded Systems with the SIGNAL Programming Language,Chapter,https://link.springer.com/chapter/10.1007/978-1-4419-0941-1_4
springer,501,10.1007/978-3-642-02652-2_20,Verification of GALS Systems by Combining Synchronous Languages and Process Calculi,Hubert GaravelDamien Thivolle,verification of gals systems by combining synchronous languages and process calculi,hubert garaveldamien thivolle,2009,10.1007/978-3-642-02652-2_20,Model Checking Software,Conference paper,https://link.springer.com/chapter/10.1007/978-3-642-02652-2_20
springer,502,10.1007/978-1-4419-0941-1_8,Formal Model for Program Analysis,Abdoulaye Gamatié,formal model for program analysis,abdoulaye gamatié,2010,10.1007/978-1-4419-0941-1_8,Designing Embedded Systems with the SIGNAL Programming Language,Chapter,https://link.springer.com/chapter/10.1007/978-1-4419-0941-1_8
springer,503,10.1007/978-1-4419-0941-1_7,Formal Semantics,Abdoulaye Gamatié,formal semantics,abdoulaye gamatié,2010,10.1007/978-1-4419-0941-1_7,Designing Embedded Systems with the SIGNAL Programming Language,Chapter,https://link.springer.com/chapter/10.1007/978-1-4419-0941-1_7
springer,504,10.1007/s11704-009-0074-7,Recent advances in program verification through computer algebra,Lu YangChaochen ZhouNaijun ZhanBican Xia,recent advances in program verification through computer algebra,lu yangchaochen zhounaijun zhanbican xia,2010,10.1007/s11704-009-0074-7,Frontiers of Computer Science in China,Article,https://link.springer.com/article/10.1007/s11704-009-0074-7
springer,505,10.1007/978-3-642-16901-4_21,Formalization and Correctness of the PALS Architectural Pattern for Distributed Real-Time Systems,José MeseguerPeter Csaba Ölveczky,formalization and correctness of the pals architectural pattern for distributed real time systems,josé meseguerpeter csaba ölveczky,2010,10.1007/978-3-642-16901-4_21,Formal Methods and Software Engineering,Conference paper,https://link.springer.com/chapter/10.1007/978-3-642-16901-4_21
springer,506,10.1007/s10703-009-0084-y,Automating the addition of fault tolerance with discrete controller synthesis,Alain GiraultÉric Rutten,automating the addition of fault tolerance with discrete controller synthesis,alain giraultéric rutten,2009,10.1007/s10703-009-0084-y,Formal Methods in System Design,Article,https://link.springer.com/article/10.1007/s10703-009-0084-y
springer,507,10.1007/978-3-642-13550-7_15,AdaStreams: A Type-Based Programming Extension for Stream-Parallelism with Ada 2005,Gingun HongKirak HongBernd BurgstallerJohann Blieberger,adastreams a type based programming extension for stream parallelism with ada 2005,gingun hongkirak hongbernd burgstallerjohann blieberger,2010,10.1007/978-3-642-13550-7_15,Reliable Software Technologiey – Ada-Europe 2010,Conference paper,https://link.springer.com/chapter/10.1007/978-3-642-13550-7_15
springer,508,10.1007/s11265-009-0445-1,Exploiting Statically Schedulable Regions in Dataflow Programs,Ruirui GuJörn W. JanneckMickaël RauletShuvra S. Bhattacharyya,exploiting statically schedulable regions in dataflow programs,ruirui gujörn w janneckmickaël rauletshuvra s bhattacharyya,2010,10.1007/s11265-009-0445-1,Journal of Signal Processing Systems,Article,https://link.springer.com/article/10.1007/s11265-009-0445-1
springer,509,10.1007/978-3-642-15769-1_3,Translation Validation of Loop Optimizations and Software Pipelining in the TVOC Framework,Benjamin Goldberg,translation validation of loop optimizations and software pipelining in the tvoc framework,benjamin goldberg,2010,10.1007/978-3-642-15769-1_3,Static Analysis,Conference paper,https://link.springer.com/chapter/10.1007/978-3-642-15769-1_3
springer,510,10.1007/978-1-4419-0941-1_3,Basics: Signals and Relations,Abdoulaye Gamatié,basics signals and relations,abdoulaye gamatié,2010,10.1007/978-1-4419-0941-1_3,Designing Embedded Systems with the SIGNAL Programming Language,Chapter,https://link.springer.com/chapter/10.1007/978-1-4419-0941-1_3
springer,511,10.1007/978-1-4419-6345-1_34,Kahn Process Networks and a Reactive Extension,Marc GeilenTwan Basten,kahn process networks and a reactive extension,marc geilentwan basten,2010,10.1007/978-1-4419-6345-1_34,Handbook of Signal Processing Systems,Chapter,https://link.springer.com/chapter/10.1007/978-1-4419-6345-1_34
springer,512,10.1007/978-1-4419-0941-1_9,Compilation of Programs,Abdoulaye Gamatié,compilation of programs,abdoulaye gamatié,2010,10.1007/978-1-4419-0941-1_9,Designing Embedded Systems with the SIGNAL Programming Language,Chapter,https://link.springer.com/chapter/10.1007/978-1-4419-0941-1_9
springer,513,10.1007/s11334-008-0059-y,Safe design of high-performance embedded systems in an MDE framework,Huafeng YuAbdoulaye GamatiéÉric RuttenJean-Luc Dekeyser,safe design of high performance embedded systems in an mde framework,huafeng yuabdoulaye gamatiééric ruttenjean luc dekeyser,2008,10.1007/s11334-008-0059-y,Innovations in Systems and Software Engineering,Article,https://link.springer.com/article/10.1007/s11334-008-0059-y
springer,514,10.1007/s11241-010-9094-5,A timeband framework for modelling real-time systems,Alan BurnsIan J. Hayes,a timeband framework for modelling real time systems,alan burnsian j hayes,2010,10.1007/s11241-010-9094-5,Real-Time Systems,Article,https://link.springer.com/article/10.1007/s11241-010-9094-5
springer,515,10.1007/978-1-84800-304-0_2,Design Methodology for Embedded Computer Vision Systems,Sankalita SahaShuvra S. Bhattacharyya,design methodology for embedded computer vision systems,sankalita sahashuvra s bhattacharyya,2009,10.1007/978-1-84800-304-0_2,Embedded Computer Vision,Chapter,https://link.springer.com/chapter/10.1007/978-1-84800-304-0_2
springer,516,10.1007/s11334-009-0087-2,A formal model of composing components: the TLA<sup>+</sup> approach,Ondrej RysavyJaroslav Rab,a formal model of composing components the tla approach,ondrej rysavyjaroslav rab,2009,10.1007/s11334-009-0087-2,Innovations in Systems and Software Engineering,Article,https://link.springer.com/article/10.1007/s11334-009-0087-2
springer,517,10.1007/s11334-009-0093-4,Verification of real-time systems with preemption: negative and positive results,Frédéric BoniolJérôme ErmontClaire Pagetti,verification of real time systems with preemption negative and positive results,frédéric bonioljérôme ermontclaire pagetti,2009,10.1007/s11334-009-0093-4,Innovations in Systems and Software Engineering,Article,https://link.springer.com/article/10.1007/s11334-009-0093-4
springer,518,10.1007/978-0-387-87658-0_8,A Formal Framework for Developing High Assurance Event Driven Service-Oriented Systems,Manuel PeraltaSupratik MukhpadhyayRamesh Bharadwaj,a formal framework for developing high assurance event driven service oriented systems,manuel peraltasupratik mukhpadhyayramesh bharadwaj,2009,10.1007/978-0-387-87658-0_8,High Assurance Services Computing,Chapter,https://link.springer.com/chapter/10.1007/978-0-387-87658-0_8
springer,520,10.1007/978-1-4419-6400-7_3,Synoptic: A Domain-Specific Modeling Language for Space On-board Application Software,A. CortierL. BesnardJ. P. BodeveixJ. BuissonF. DagnatM. FilaliG. GarciaJ. OuyM. PantelA. RuginaM. StreckerJ. P. Talpin,synoptic a domain specific modeling language for space on board application software,a cortierl besnardj p bodeveixj buissonf dagnatm filalig garciaj ouym pantela ruginam streckerj p talpin,2010,10.1007/978-1-4419-6400-7_3,Synthesis of Embedded Software,Chapter,https://link.springer.com/chapter/10.1007/978-1-4419-6400-7_3
springer,521,10.1007/s11045-009-0085-4,"Array-OL with delays, a domain specific specification language for multidimensional intensive signal processing",Calin GlitiaPhilippe DumontPierre Boulet,array ol with delays a domain specific specification language for multidimensional intensive signal processing,calin glitiaphilippe dumontpierre boulet,2009,10.1007/s11045-009-0085-4,Multidimensional Systems and Signal Processing,Article,https://link.springer.com/article/10.1007/s11045-009-0085-4
springer,522,10.1007/978-3-642-10265-3_25,Concurrency and Communication: Lessons from the SHIM Project,Stephen A. Edwards,concurrency and communication lessons from the shim project,stephen a edwards,2009,10.1007/978-3-642-10265-3_25,Software Technologies for Embedded and Ubiquitous Systems,Conference paper,https://link.springer.com/chapter/10.1007/978-3-642-10265-3_25
springer,523,10.1007/s00165-009-0108-9,A formal framework for modeling and validating Simulink diagrams,Chunqing ChenJin Song DongJun Sun,a formal framework for modeling and validating simulink diagrams,chunqing chenjin song dongjun sun,2009,10.1007/s00165-009-0108-9,Formal Aspects of Computing,Article,https://link.springer.com/article/10.1007/s00165-009-0108-9
springer,524,10.1007/s10009-009-0113-6,Flush: an example of development by refinements in SCADE/Lustre,Jan MikáčPaul Caspi,flush an example of development by refinements in scade lustre,jan mikáčpaul caspi,2009,10.1007/s10009-009-0113-6,International Journal on Software Tools for Technology Transfer,Article,https://link.springer.com/article/10.1007/s10009-009-0113-6
springer,525,10.1007/978-3-642-00593-0_10,Synchronous Modeling and Validation of Priority Inheritance Schedulers,Erwan JahierNicolas HalbwachsPascal Raymond,synchronous modeling and validation of priority inheritance schedulers,erwan jahiernicolas halbwachspascal raymond,2009,10.1007/978-3-642-00593-0_10,Fundamental Approaches to Software Engineering,Conference paper,https://link.springer.com/chapter/10.1007/978-3-642-00593-0_10
springer,526,10.1007/978-3-642-10452-7_12,Towards Safe Design of Synchronous Bus Protocols in Event-B,Ricardo Bedin FrançaLeandro Buss BeckerJean-Paul BodeveixJean-Marie FarinesMamoun Filali,towards safe design of synchronous bus protocols in event b,ricardo bedin françaleandro buss beckerjean paul bodeveixjean marie farinesmamoun filali,2009,10.1007/978-3-642-10452-7_12,Formal Methods: Foundations and Applications,Conference paper,https://link.springer.com/chapter/10.1007/978-3-642-10452-7_12
springer,527,10.1007/s10009-009-0107-4,Flexibility in modeling languages and tools: a call to arms,Eric Van WykMats Per Erik Heimdahl,flexibility in modeling languages and tools a call to arms,eric van wykmats per erik heimdahl,2009,10.1007/s10009-009-0107-4,International Journal on Software Tools for Technology Transfer,Article,https://link.springer.com/article/10.1007/s10009-009-0107-4
springer,528,10.1007/978-3-642-10373-5_37,Verifying Ptolemy II Discrete-Event Models Using Real-Time Maude,Kyungmin BaePeter Csaba ÖlveczkyThomas Huining FengStavros Tripakis,verifying ptolemy ii discrete event models using real time maude,kyungmin baepeter csaba ölveczkythomas huining fengstavros tripakis,2009,10.1007/978-3-642-10373-5_37,Formal Methods and Software Engineering,Conference paper,https://link.springer.com/chapter/10.1007/978-3-642-10373-5_37
springer,529,10.1007/s10009-009-0104-7,System-on-chip design by proof-based refinement,Dominique CansellDominique MéryCyril Proch,system on chip design by proof based refinement,dominique canselldominique mérycyril proch,2009,10.1007/s10009-009-0104-7,International Journal on Software Tools for Technology Transfer,Article,https://link.springer.com/article/10.1007/s10009-009-0104-7
springer,530,10.1007/978-1-4020-9714-0_2,MARTE vs. AADL for Discrete-Event and Discrete-Time Domains,Frédéric MalletRobert de Simone,marte vs aadl for discrete event and discrete time domains,frédéric malletrobert de simone,2009,10.1007/978-1-4020-9714-0_2,Languages for Embedded Systems and their Applications,Chapter,https://link.springer.com/chapter/10.1007/978-1-4020-9714-0_2
springer,531,10.1007/978-3-642-03240-0_5,LETO - A Lustre-Based Test Oracle for Airbus Critical Systems,Guy DurrieuHélène WaeselynckVirginie Wiels,leto a lustre based test oracle for airbus critical systems,guy durrieuhélène waeselynckvirginie wiels,2009,10.1007/978-3-642-03240-0_5,Formal Methods for Industrial Critical Systems,Conference paper,https://link.springer.com/chapter/10.1007/978-3-642-03240-0_5
springer,532,10.1007/978-3-642-10373-5_27,Machine-Checked Sequencer for Critical Embedded Code Generator,Nassima IzerroukenMarc PantelXavier Thirioux,machine checked sequencer for critical embedded code generator,nassima izerroukenmarc pantelxavier thirioux,2009,10.1007/978-3-642-10373-5_27,Formal Methods and Software Engineering,Conference paper,https://link.springer.com/chapter/10.1007/978-3-642-10373-5_27
springer,533,10.1007/s11334-008-0055-2,Clock constraint specification language: specifying clock constraints with UML/MARTE,Frédéric Mallet,clock constraint specification language specifying clock constraints with uml marte,frédéric mallet,2008,10.1007/s11334-008-0055-2,Innovations in Systems and Software Engineering,Article,https://link.springer.com/article/10.1007/s11334-008-0055-2
springer,534,10.1007/978-1-4020-8297-9_13,Model Transformations from a Data Parallel Formalism Towards Synchronous Languages,Huafeng YuAbdoulaye GamatiéEric RuttenJean-Luc Dekeyser,model transformations from a data parallel formalism towards synchronous languages,huafeng yuabdoulaye gamatiéeric ruttenjean luc dekeyser,2008,10.1007/978-1-4020-8297-9_13,Embedded Systems Specification and Design Languages,Chapter,https://link.springer.com/chapter/10.1007/978-1-4020-8297-9_13
springer,535,10.1007/s10009-009-0108-3,"An automated testing experiment for layered embedded <Emphasis FontCategory=""SansSerif"">C</Emphasis> code",Boutheina ChetaliQuang-Huy Nguyen,an automated testing experiment for layered embedded c code,boutheina chetaliquang huy nguyen,2009,10.1007/s10009-009-0108-3,International Journal on Software Tools for Technology Transfer,Article,https://link.springer.com/article/10.1007/s10009-009-0108-3
springer,536,10.1007/978-3-642-00768-2_36,Bridging the Gap Between Model-Based Development and Model Checking,Steven P. Miller,bridging the gap between model based development and model checking,steven p miller,2009,10.1007/978-3-642-00768-2_36,Tools and Algorithms for the Construction and Analysis of Systems,Conference paper,https://link.springer.com/chapter/10.1007/978-3-642-00768-2_36
springer,537,10.1007/978-1-4419-0504-8_3,Modeling,Daniel D. GajskiSamar AbdiAndreas GerstlauerGunar Schirner,modeling,daniel d gajskisamar abdiandreas gerstlauergunar schirner,2009,10.1007/978-1-4419-0504-8_3,Embedded System Design,Chapter,https://link.springer.com/chapter/10.1007/978-1-4419-0504-8_3
springer,538,10.1007/s10617-008-9012-4,SML-Sys: a functional framework with multiple models of computation for modeling heterogeneous system,Deepak A. MathaikuttyHiren D. PatelSandeep K. ShuklaAxel Jantsch,sml sys a functional framework with multiple models of computation for modeling heterogeneous system,deepak a mathaikuttyhiren d patelsandeep k shuklaaxel jantsch,2008,10.1007/s10617-008-9012-4,Design Automation for Embedded Systems,Article,https://link.springer.com/article/10.1007/s10617-008-9012-4
springer,539,10.1007/978-3-540-89859-7_2,Object-Level Fusion and Confidence Management in a Multi-Sensor Pedestrian Tracking System,Fadi FayadVéronique Cherfaoui,object level fusion and confidence management in a multi sensor pedestrian tracking system,fadi fayadvéronique cherfaoui,2009,10.1007/978-3-540-89859-7_2,Multisensor Fusion and Integration for Intelligent Systems,Chapter,https://link.springer.com/chapter/10.1007/978-3-540-89859-7_2
springer,540,10.1007/978-3-540-88479-8_27,A Simulation Approach for Performance Validation during Embedded Systems Design,Zhonglei WangWolfgang HaberlAndreas HerkersdorfMartin Wechs,a simulation approach for performance validation during embedded systems design,zhonglei wangwolfgang haberlandreas herkersdorfmartin wechs,2008,10.1007/978-3-540-88479-8_27,"Leveraging Applications of Formal Methods, Verification and Validation",Conference paper,https://link.springer.com/chapter/10.1007/978-3-540-88479-8_27
springer,541,10.1007/978-3-642-03240-0_6,Extending Structural Test Coverage Criteria for Lustre Programs with Multi-clock Operators,Virginia PapailiopoulouLaya MadaniLydie du BousquetIoannis Parissis,extending structural test coverage criteria for lustre programs with multi clock operators,virginia papailiopouloulaya madanilydie du bousquetioannis parissis,2009,10.1007/978-3-642-03240-0_6,Formal Methods for Industrial Critical Systems,Conference paper,https://link.springer.com/chapter/10.1007/978-3-642-03240-0_6
springer,542,10.1155/2007/32903,Synchronous Paradigm in Embedded Systems,Alain GiraultS RameshJean-Pierre Talpin,synchronous paradigm in embedded systems,alain giraults rameshjean pierre talpin,2007,10.1155/2007/32903,EURASIP Journal on Embedded Systems,Article,https://link.springer.com/article/10.1155/2007/32903
springer,543,10.1007/978-1-4020-8297-9_1,How Different Are Esterel and SystemC,Jens BrandtKlaus Schneider,how different are esterel and systemc,jens brandtklaus schneider,2008,10.1007/978-1-4020-8297-9_1,Embedded Systems Specification and Design Languages,Chapter,https://link.springer.com/chapter/10.1007/978-1-4020-8297-9_1
springer,544,10.1007/978-3-540-70561-1_12,Modular Compilation of a Synchronous Language,Annie RessoucheDaniel GafféValérie Roy,modular compilation of a synchronous language,annie ressouchedaniel gaffévalérie roy,2008,10.1007/978-3-540-70561-1_12,"Software Engineering Research, Management and Applications",Chapter,https://link.springer.com/chapter/10.1007/978-3-540-70561-1_12
springer,545,10.1007/978-3-642-03013-0_26,EventJava: An Extension of Java for Event Correlation,Patrick EugsterK. R. Jayaram,eventjava an extension of java for event correlation,patrick eugsterk r jayaram,2009,10.1007/978-3-642-03013-0_26,ECOOP 2009 – Object-Oriented Programming,Conference paper,https://link.springer.com/chapter/10.1007/978-3-642-03013-0_26
springer,546,10.1007/s10270-008-0105-0,Formalizing the structural semantics of domain-specific modeling languages,Ethan JacksonJanos Sztipanovits,formalizing the structural semantics of domain specific modeling languages,ethan jacksonjanos sztipanovits,2008,10.1007/s10270-008-0105-0,Software & Systems Modeling,Article,https://link.springer.com/article/10.1007/s10270-008-0105-0
springer,547,10.1007/978-3-540-78195-0_4,Equation-Based Object-Oriented Languages and Tools Report on the Workshop EOOLT 2007 at ECOOP 2007,Peter FritzsonDavid BromanFrançois CellierChristoph Nytsch-Geusen,equation based object oriented languages and tools report on the workshop eoolt 2007 at ecoop 2007,peter fritzsondavid bromanfrançois cellierchristoph nytsch geusen,2008,10.1007/978-3-540-78195-0_4,Object-Oriented Technology. ECOOP 2007 Workshop Reader,Conference paper,https://link.springer.com/chapter/10.1007/978-3-540-78195-0_4
springer,548,10.1007/978-3-540-87785-1_25,Delay-Aware Mobile Transactions,Brahim AyariAbdelmajid KhelilNeeraj Suri,delay aware mobile transactions,brahim ayariabdelmajid khelilneeraj suri,2008,10.1007/978-3-540-87785-1_25,Software Technologies for Embedded and Ubiquitous Systems,Conference paper,https://link.springer.com/chapter/10.1007/978-3-540-87785-1_25
springer,549,10.1007/978-1-4020-8588-8_2,High-Level Synthesis: A Retrospective,Rajesh GuptaForrest Brewer,high level synthesis a retrospective,rajesh guptaforrest brewer,2008,10.1007/978-1-4020-8588-8_2,High-Level Synthesis,Chapter,https://link.springer.com/chapter/10.1007/978-1-4020-8588-8_2
springer,550,10.1007/978-3-8348-9319-2_9,Stand der RFID-Anwendung in der Bau- und Immobilienwirtschaft,,stand der rfid anwendung in der bau und immobilienwirtschaft,,2009,10.1007/978-3-8348-9319-2_9,RFID in der Baulogistik,Chapter,https://link.springer.com/chapter/10.1007/978-3-8348-9319-2_9
springer,551,10.1007/978-3-540-70930-5_4,Generating Sound and Resource-Aware Code from Hybrid Systems Models,Madhukar AnandSebastian FischmeisterJesung KimInsup Lee,generating sound and resource aware code from hybrid systems models,madhukar anandsebastian fischmeisterjesung kiminsup lee,2008,10.1007/978-3-540-70930-5_4,Model-Driven Development of Reliable Automotive Services,Conference paper,https://link.springer.com/chapter/10.1007/978-3-540-70930-5_4
springer,552,10.1007/978-3-540-71067-7_13,Formal Reasoning About Causality Analysis,Jens BrandtKlaus Schneider,formal reasoning about causality analysis,jens brandtklaus schneider,2008,10.1007/978-3-540-71067-7_13,Theorem Proving in Higher Order Logics,Conference paper,https://link.springer.com/chapter/10.1007/978-3-540-71067-7_13
springer,553,10.1007/978-0-387-09661-2_5,Analysis of Periodic Clock Relations in Polychronous Systems,Hugo MetivierJean-Pierre TalpinThierry GautierPaul Le Guernic,analysis of periodic clock relations in polychronous systems,hugo metivierjean pierre talpinthierry gautierpaul le guernic,2008,10.1007/978-0-387-09661-2_5,"Distributed Embedded Systems: Design, Middleware and Resources",Conference paper,https://link.springer.com/chapter/10.1007/978-0-387-09661-2_5
springer,554,10.1007/978-1-4020-6585-9_10,Automatic Program Generation from Formal Specifications using APTS,Elizabeth I. LeonardConstance L. Heitmeyer,automatic program generation from formal specifications using apts,elizabeth i leonardconstance l heitmeyer,2008,10.1007/978-1-4020-6585-9_10,Automatic Program Development,Chapter,https://link.springer.com/chapter/10.1007/978-1-4020-6585-9_10
springer,555,10.1007/978-3-540-69149-5_26,Trends and Challenges in Algorithmic Software Verification,Rajeev Alur,trends and challenges in algorithmic software verification,rajeev alur,2008,10.1007/978-3-540-69149-5_26,"Verified Software: Theories, Tools, Experiments",Chapter,https://link.springer.com/chapter/10.1007/978-3-540-69149-5_26
springer,556,10.1007/978-3-540-89330-1_17,Abstraction of Clocks in Synchronous Data-Flow Systems,Albert CohenLouis MandelFlorence PlateauMarc Pouzet,abstraction of clocks in synchronous data flow systems,albert cohenlouis mandelflorence plateaumarc pouzet,2008,10.1007/978-3-540-89330-1_17,Programming Languages and Systems,Conference paper,https://link.springer.com/chapter/10.1007/978-3-540-89330-1_17
springer,557,10.1007/978-3-540-88479-8_28,Optimizing Automatic Deployment Using Non-functional Requirement Annotations,Stefan KugeleWolfgang HaberlMichael TautschnigMartin Wechs,optimizing automatic deployment using non functional requirement annotations,stefan kugelewolfgang haberlmichael tautschnigmartin wechs,2008,10.1007/978-3-540-88479-8_28,"Leveraging Applications of Formal Methods, Verification and Validation",Conference paper,https://link.springer.com/chapter/10.1007/978-3-540-88479-8_28
springer,558,10.1007/978-1-4020-8297-9_11,Modeling AADL Data Communications with UML MARTE,Charles AndréFrédéric MalletRobert de Simone,modeling aadl data communications with uml marte,charles andréfrédéric malletrobert de simone,2008,10.1007/978-1-4020-8297-9_11,Embedded Systems Specification and Design Languages,Chapter,https://link.springer.com/chapter/10.1007/978-1-4020-8297-9_11
springer,559,10.1007/s10617-007-9009-4,Memory-efficient multithreaded code generation from Simulink for heterogeneous MPSoC,Sang-Il HanSoo-Ik ChaeLisane BrisolaraLuigi CarroRicardo ReisXavier GuérinAhmed Amine Jerraya,memory efficient multithreaded code generation from simulink for heterogeneous mpsoc,sang il hansoo ik chaelisane brisolaraluigi carroricardo reisxavier guérinahmed amine jerraya,2007,10.1007/s10617-007-9009-4,Design Automation for Embedded Systems,Article,https://link.springer.com/article/10.1007/s10617-007-9009-4
springer,560,10.1007/978-3-540-88643-3_13,Model Transformations for the Compilation of Multi-processor Systems-on-Chip,Éric PielPhilippe MarquetJean-Luc Dekeyser,model transformations for the compilation of multi processor systems on chip,éric pielphilippe marquetjean luc dekeyser,2008,10.1007/978-3-540-88643-3_13,Generative and Transformational Techniques in Software Engineering II,Chapter,https://link.springer.com/chapter/10.1007/978-3-540-88643-3_13
springer,561,10.1007/978-3-540-69149-5_50,A Perspective on Program Verification,Willem-Paul de Roever,a perspective on program verification,willem paul de roever,2008,10.1007/978-3-540-69149-5_50,"Verified Software: Theories, Tools, Experiments",Chapter,https://link.springer.com/chapter/10.1007/978-3-540-69149-5_50
springer,562,10.1007/978-3-540-78127-1_33,The Reaction Algebra: A Formal Language for Event Correlation,César SánchezMatteo SlaninaHenny B. SipmaZohar Manna,the reaction algebra a formal language for event correlation,césar sánchezmatteo slaninahenny b sipmazohar manna,2008,10.1007/978-3-540-78127-1_33,Pillars of Computer Science,Chapter,https://link.springer.com/chapter/10.1007/978-3-540-78127-1_33
springer,563,10.1007/978-3-540-87785-1_5,Model-Integrated Development of Cyber-Physical Systems,Gabor KarsaiJanos Sztipanovits,model integrated development of cyber physical systems,gabor karsaijanos sztipanovits,2008,10.1007/978-3-540-87785-1_5,Software Technologies for Embedded and Ubiquitous Systems,Conference paper,https://link.springer.com/chapter/10.1007/978-3-540-87785-1_5
springer,564,10.1007/978-3-540-70930-5_9,Modeling with the Timing Definition Language (TDL),Wolfgang PreeJosef Templ,modeling with the timing definition language tdl,wolfgang preejosef templ,2008,10.1007/978-3-540-70930-5_9,Model-Driven Development of Reliable Automotive Services,Conference paper,https://link.springer.com/chapter/10.1007/978-3-540-70930-5_9
springer,565,10.1007/978-3-540-68237-0_20,A Schedulerless Semantics of TLM Models Written in SystemC Via Translation into LOTOS,Olivier PonsiniWendelin Serwe,a schedulerless semantics of tlm models written in systemc via translation into lotos,olivier ponsiniwendelin serwe,2008,10.1007/978-3-540-68237-0_20,FM 2008: Formal Methods,Conference paper,https://link.springer.com/chapter/10.1007/978-3-540-68237-0_20
springer,566,10.1007/s11334-008-0044-5,Automatic framework generation for hard real-time applications,Irfan HamidBechir ZalilaElie NajmJérôme Hugues,automatic framework generation for hard real time applications,irfan hamidbechir zalilaelie najmjérôme hugues,2008,10.1007/s11334-008-0044-5,Innovations in Systems and Software Engineering,Article,https://link.springer.com/article/10.1007/s11334-008-0044-5
springer,567,10.1007/978-3-540-85778-5_12,A Framework for Distributing Real-Time Functions,Frédéric BoniolPierre-Emmanuel HladikClaire PagettiFrédéric AsproVictor Jégu,a framework for distributing real time functions,frédéric boniolpierre emmanuel hladikclaire pagettifrédéric asprovictor jégu,2008,10.1007/978-3-540-85778-5_12,Formal Modeling and Analysis of Timed Systems,Conference paper,https://link.springer.com/chapter/10.1007/978-3-540-85778-5_12
springer,568,10.1007/978-3-540-92188-2_9,Multiple Viewpoint Contract-Based Specification and Design,Albert BenvenisteBenoît CaillaudAlberto FerrariLeonardo MangerucaRoberto PasseroneChristos Sofronis,multiple viewpoint contract based specification and design,albert benvenistebenoît caillaudalberto ferrarileonardo mangerucaroberto passeronechristos sofronis,2008,10.1007/978-3-540-92188-2_9,Formal Methods for Components and Objects,Conference paper,https://link.springer.com/chapter/10.1007/978-3-540-92188-2_9
springer,569,10.1007/978-88-470-0580-8_18,Note bibliografiche,David HarelYishai Feldman,note bibliografiche,david harelyishai feldman,2008,10.1007/978-88-470-0580-8_18,Algoritmi,Chapter,https://link.springer.com/chapter/10.1007/978-88-470-0580-8_18
springer,570,10.1007/978-1-4020-6254-4_3,Model-Based Development of Embedded Systems: The SysWeaver Approach,Raj Rajkumar,model based development of embedded systems the sysweaver approach,raj rajkumar,2007,10.1007/978-1-4020-6254-4_3,Next Generation Design and Verification Methodologies for Distributed Embedded Control Systems,Conference paper,https://link.springer.com/chapter/10.1007/978-1-4020-6254-4_3
springer,571,10.1007/978-1-4020-6149-3_15,Different Kinds of System Descriptions as Synchronous Programs,Jens BrandtKlaus Schneider,different kinds of system descriptions as synchronous programs,jens brandtklaus schneider,2007,10.1007/978-1-4020-6149-3_15,Advances in Design and Specification Languages for Embedded Systems,Chapter,https://link.springer.com/chapter/10.1007/978-1-4020-6149-3_15
springer,572,10.1007/s00450-007-0028-y,"
   Das AutoMoDe-Projekt
  ",Andreas BauerManfred BroyJan RombergBernhard SchätzPeter BraunUlrich FreundNuria MataRobert SandnerPierre MaiDirk Ziegenbein,das automode projekt,andreas bauermanfred broyjan rombergbernhard schätzpeter braunulrich freundnuria matarobert sandnerpierre maidirk ziegenbein,2007,10.1007/s00450-007-0028-y,Informatik - Forschung und Entwicklung,Article,https://link.springer.com/article/10.1007/s00450-007-0028-y
springer,573,10.1007/978-3-540-76650-6_6,From Model-Based Design to Formal Verification of Adaptive Embedded Systems,Rasmus AdlerIna SchaeferTobias SchueleEric Vecchié,from model based design to formal verification of adaptive embedded systems,rasmus adlerina schaefertobias schueleeric vecchié,2007,10.1007/978-3-540-76650-6_6,Formal Methods and Software Engineering,Conference paper,https://link.springer.com/chapter/10.1007/978-3-540-76650-6_6
springer,574,10.1007/978-3-540-71156-8_8,A Concurrency Abstraction for Reliable Sensor Network Applications,János SallaiMiklós MarótiÁkos Lédeczi,a concurrency abstraction for reliable sensor network applications,jános sallaimiklós marótiákos lédeczi,2007,10.1007/978-3-540-71156-8_8,Reliable Systems on Unreliable Networked Platforms,Conference paper,https://link.springer.com/chapter/10.1007/978-3-540-71156-8_8
springer,575,10.1007/s10009-007-0046-x,Modeling software product lines using color-blind transition systems,Kim G. LarsenUlrik NymanAndrzej Wasowski,modeling software product lines using color blind transition systems,kim g larsenulrik nymanandrzej wasowski,2007,10.1007/s10009-007-0046-x,International Journal on Software Tools for Technology Transfer,Article,https://link.springer.com/article/10.1007/s10009-007-0046-x
springer,576,10.1007/978-1-4020-6149-3_18,UML2 Profile for Modeling Controlled Data Parallel Applications,Ouassila LabbaniJean-Luc DekeyserPierre BouletÉric Rutten,uml2 profile for modeling controlled data parallel applications,ouassila labbanijean luc dekeyserpierre bouletéric rutten,2007,10.1007/978-1-4020-6149-3_18,Advances in Design and Specification Languages for Embedded Systems,Chapter,https://link.springer.com/chapter/10.1007/978-1-4020-6149-3_18
springer,577,10.1007/978-3-540-71156-8_1,Reinventing Computing for Real Time,Edward A. LeeYang Zhao,reinventing computing for real time,edward a leeyang zhao,2007,10.1007/978-3-540-71156-8_1,Reliable Systems on Unreliable Networked Platforms,Conference paper,https://link.springer.com/chapter/10.1007/978-3-540-71156-8_1
springer,578,10.1007/978-3-540-69489-2_5,Modeling an Electronic Throttle Controller Using the Timed Abstract State Machine Language and Toolset,Martin OuimetGuillaume BerteauKristina Lundqvist,modeling an electronic throttle controller using the timed abstract state machine language and toolset,martin ouimetguillaume berteaukristina lundqvist,2007,10.1007/978-3-540-69489-2_5,Models in Software Engineering,Conference paper,https://link.springer.com/chapter/10.1007/978-3-540-69489-2_5
springer,579,10.1007/978-1-4020-6254-4_2,SCADE: Synchronous Design and Validation of Embedded Control Software,Gérard Berry,scade synchronous design and validation of embedded control software,gérard berry,2007,10.1007/978-1-4020-6254-4_2,Next Generation Design and Verification Methodologies for Distributed Embedded Control Systems,Conference paper,https://link.springer.com/chapter/10.1007/978-1-4020-6254-4_2
springer,580,10.1007/978-0-387-72258-0_41,Embedded SW Design Space Exploration and Automation using UML-Based Tools,Flavio R. WagnerLuigi Carro,embedded sw design space exploration and automation using uml based tools,flavio r wagnerluigi carro,2007,10.1007/978-0-387-72258-0_41,"Embedded System Design: Topics, Techniques and Trends",Conference paper,https://link.springer.com/chapter/10.1007/978-0-387-72258-0_41
springer,581,10.1007/978-3-540-75209-7_43,Statechart Development Beyond WYSIWYG,Steffen ProchnowReinhard von Hanxleden,statechart development beyond wysiwyg,steffen prochnowreinhard von hanxleden,2007,10.1007/978-3-540-75209-7_43,Model Driven Engineering Languages and Systems,Conference paper,https://link.springer.com/chapter/10.1007/978-3-540-75209-7_43
springer,582,10.1007/978-3-540-71289-3_9,Flexible and Extensible Notations for Modeling Languages,Jimin GaoMats HeimdahlEric Van Wyk,flexible and extensible notations for modeling languages,jimin gaomats heimdahleric van wyk,2007,10.1007/978-3-540-71289-3_9,Fundamental Approaches to Software Engineering,Conference paper,https://link.springer.com/chapter/10.1007/978-3-540-71289-3_9
springer,583,10.1007/978-0-387-70628-3_1,Introduction to Esterel,,introduction to esterel,,2007,10.1007/978-0-387-70628-3_1,Compiling Esterel,Chapter,https://link.springer.com/chapter/10.1007/978-0-387-70628-3_1
springer,584,10.1007/s11334-006-0011-y,Model-driven architecture-centric engineering of (embedded) software intensive systems: modeling theories and architectural milestones,Manfred Broy,model driven architecture centric engineering of embedded software intensive systems modeling theories and architectural milestones,manfred broy,2006,10.1007/s11334-006-0011-y,Innovations in Systems and Software Engineering,Article,https://link.springer.com/article/10.1007/s11334-006-0011-y
springer,585,10.1007/978-3-540-72521-3_4,SP@CE - An SP-Based Programming Model for Consumer Electronics Streaming Applications,Ana Lucia VarbanescuMaik NijhuisArturo González-EscribanoHenk SipsHerbert BosHenri Bal,sp ce an sp based programming model for consumer electronics streaming applications,ana lucia varbanescumaik nijhuisarturo gonzález escribanohenk sipsherbert boshenri bal,2007,10.1007/978-3-540-72521-3_4,Languages and Compilers for Parallel Computing,Conference paper,https://link.springer.com/chapter/10.1007/978-3-540-72521-3_4
springer,586,10.1007/978-1-4020-6254-4_20,On the Polychronous Approach to Embedded Software Design,Sandeep K. ShuklaSyed M. SuhaibDeepak A. MathaikuttyJean-Pierre Talpin,on the polychronous approach to embedded software design,sandeep k shuklasyed m suhaibdeepak a mathaikuttyjean pierre talpin,2007,10.1007/978-1-4020-6254-4_20,Next Generation Design and Verification Methodologies for Distributed Embedded Control Systems,Conference paper,https://link.springer.com/chapter/10.1007/978-1-4020-6254-4_20
springer,587,10.1007/978-3-540-69338-3_15,Arx: A Toolset for the Efficient Simulation and Direct Synthesis of High-Performance Signal Processing Algorithms,Klaas L. HofstraSabih H. Gerez,arx a toolset for the efficient simulation and direct synthesis of high performance signal processing algorithms,klaas l hofstrasabih h gerez,2007,10.1007/978-3-540-69338-3_15,High Performance Embedded Architectures and Compilers,Conference paper,https://link.springer.com/chapter/10.1007/978-3-540-69338-3_15
springer,588,10.1007/978-3-540-76650-6_7,Machine-Assisted Proof Support for Validation Beyond Simulink,Chunqing ChenJin Song DongJun Sun,machine assisted proof support for validation beyond simulink,chunqing chenjin song dongjun sun,2007,10.1007/978-3-540-76650-6_7,Formal Methods and Software Engineering,Conference paper,https://link.springer.com/chapter/10.1007/978-3-540-76650-6_7
springer,589,10.1007/978-3-540-74484-9_14,CSP Transactors for Asynchronous Transaction Level Modeling and IP Reuse,Lilian JaninDoug Edwards,csp transactors for asynchronous transaction level modeling and ip reuse,lilian janindoug edwards,2007,10.1007/978-3-540-74484-9_14,Computational Science and Its Applications – ICCSA 2007,Conference paper,https://link.springer.com/chapter/10.1007/978-3-540-74484-9_14
springer,590,10.1007/978-3-540-69820-3_64,Future Trends in Product Lifecycle Management (PLM),M. Abramovici,future trends in product lifecycle management plm,m abramovici,2007,10.1007/978-3-540-69820-3_64,The Future of Product Development,Conference paper,https://link.springer.com/chapter/10.1007/978-3-540-69820-3_64
springer,591,10.1007/978-1-4020-6254-4_21,Scaling up Model-checking,Aniket KulkarniRavindra MettaUlka ShrotriR. Venkatesh,scaling up model checking,aniket kulkarniravindra mettaulka shrotrir venkatesh,2007,10.1007/978-1-4020-6254-4_21,Next Generation Design and Verification Methodologies for Distributed Embedded Control Systems,Conference paper,https://link.springer.com/chapter/10.1007/978-1-4020-6254-4_21
springer,592,10.1007/11813040_1,The Embedded Systems Design Challenge,Thomas A. HenzingerJoseph Sifakis,the embedded systems design challenge,thomas a henzingerjoseph sifakis,2006,10.1007/11813040_1,FM 2006: Formal Methods,Conference paper,https://link.springer.com/chapter/10.1007/11813040_1
springer,593,10.1007/s10766-005-8911-2,Dynamic and Formal Verification of Embedded Systems: A Comparative Survey,Mirko LoghiTiziana MargariaGraziano PravadelliBernhard Steffen,dynamic and formal verification of embedded systems a comparative survey,mirko loghitiziana margariagraziano pravadellibernhard steffen,2005,10.1007/s10766-005-8911-2,International Journal of Parallel Programming,Article,https://link.springer.com/article/10.1007/s10766-005-8911-2
springer,594,10.1007/s10851-006-8532-4,Specification and synthesis of hybrid automata for physics-based animation,Thomas Ellman,specification and synthesis of hybrid automata for physics based animation,thomas ellman,2006,10.1007/s10851-006-8532-4,Automated Software Engineering,Article,https://link.springer.com/article/10.1007/s10851-006-8532-4
springer,595,10.1007/978-3-540-73370-6_14,A SystemC/TLM Semantics in Promela and Its Possible Applications,Claus TraulsenJérôme CornetMatthieu MoyFlorence Maraninchi,a systemc tlm semantics in promela and its possible applications,claus traulsenjérôme cornetmatthieu moyflorence maraninchi,2007,10.1007/978-3-540-73370-6_14,Model Checking Software,Conference paper,https://link.springer.com/chapter/10.1007/978-3-540-73370-6_14
springer,596,10.1007/s10009-005-0220-y,Preface of “Specification and Validation of Real Time and Embedded systems in UML”,Susanne GrafOystein HaugenIleana OberBran Selic,preface of specification and validation of real time and embedded systems in uml,susanne grafoystein haugenileana oberbran selic,2006,10.1007/s10009-005-0220-y,International Journal on Software Tools for Technology Transfer,Article,https://link.springer.com/article/10.1007/s10009-005-0220-y
springer,597,10.1007/978-1-4020-6254-4_8,Using System-Level Timing Analysis for the Evaluation and Synthesis of Automotive Architectures,Marco Di NataleWei ZhengPaolo Giusto,using system level timing analysis for the evaluation and synthesis of automotive architectures,marco di natalewei zhengpaolo giusto,2007,10.1007/978-1-4020-6254-4_8,Next Generation Design and Verification Methodologies for Distributed Embedded Control Systems,Conference paper,https://link.springer.com/chapter/10.1007/978-1-4020-6254-4_8
springer,598,10.1007/978-3-540-49871-1_7,Enabling for Sustainability in Engineering,,enabling for sustainability in engineering,,2007,10.1007/978-3-540-49871-1_7,Sustainability in Manufacturing,Chapter,https://link.springer.com/chapter/10.1007/978-3-540-49871-1_7
springer,599,10.1007/s10766-005-8907-y,A Compositional Behavioral Modeling Framework for Embedded System Design and Conformance Checking,Jean-Pierre TalpinPaul Le GuernicSandeep Kumar ShuklaRajesh Gupta,a compositional behavioral modeling framework for embedded system design and conformance checking,jean pierre talpinpaul le guernicsandeep kumar shuklarajesh gupta,2005,10.1007/s10766-005-8907-y,International Journal of Parallel Programming,Article,https://link.springer.com/article/10.1007/s10766-005-8907-y
springer,600,10.1007/s10009-006-0023-9,Case studies with Lurette V2,Erwan JahierPascal RaymondPhilippe Baufreton,case studies with lurette v2,erwan jahierpascal raymondphilippe baufreton,2006,10.1007/s10009-006-0023-9,International Journal on Software Tools for Technology Transfer,Article,https://link.springer.com/article/10.1007/s10009-006-0023-9
springer,601,10.1007/978-3-540-75221-9_2,From “Formal Methods” to System Modeling,Manfred Broy,from formal methods to system modeling,manfred broy,2007,10.1007/978-3-540-75221-9_2,Formal Methods and Hybrid Real-Time Systems,Chapter,https://link.springer.com/chapter/10.1007/978-3-540-75221-9_2
springer,602,10.1007/s10703-006-7842-x,A Framework for Modeling the Distributed Deployment of Synchronous Designs,Luca P. CarloniAlberto L. Sangiovanni-Vincentelli,a framework for modeling the distributed deployment of synchronous designs,luca p carlonialberto l sangiovanni vincentelli,2006,10.1007/s10703-006-7842-x,Formal Methods in System Design,Article,https://link.springer.com/article/10.1007/s10703-006-7842-x
springer,603,10.1007/s10009-005-0206-9,Towards a “Synchronous Reactive” UML profile?,Robert de SimoneCharles André,towards a synchronous reactive uml profile,robert de simonecharles andré,2005,10.1007/s10009-005-0206-9,International Journal on Software Tools for Technology Transfer,Article,https://link.springer.com/article/10.1007/s10009-005-0206-9
springer,604,10.1007/s10703-006-7844-8,Concurrency in Synchronous Systems,Dumitru Potop-ButucaruBenoît CaillaudAlbert Benveniste,concurrency in synchronous systems,dumitru potop butucarubenoît caillaudalbert benveniste,2006,10.1007/s10703-006-7844-8,Formal Methods in System Design,Article,https://link.springer.com/article/10.1007/s10703-006-7844-8
springer,605,10.1155/ASP.2005.2598,A Consistent Design Methodology for Wireless Embedded Systems,P. BelanovićB. KnerrM. HolzerG. SauzonM. Rupp,a consistent design methodology for wireless embedded systems,p belanovićb knerrm holzerg sauzonm rupp,2005,10.1155/ASP.2005.2598,EURASIP Journal on Advances in Signal Processing,Article,https://link.springer.com/article/10.1155/ASP.2005.2598
springer,606,10.1007/978-0-387-39362-9_9,Modular Compilation of Synchronous Programs,Klaus Schneiderau]Jens Brandtau]Eric Vecchié,modular compilation of synchronous programs,klaus schneiderau jens brandtau eric vecchié,2006,10.1007/978-0-387-39362-9_9,From Model-Driven Design to Resource Management for Distributed Embedded Systems,Conference paper,https://link.springer.com/chapter/10.1007/978-0-387-39362-9_9
springer,607,10.1007/11888116_1,Modelling of Complex Software Systems: A Reasoned Overview,Daniel Krob,modelling of complex software systems a reasoned overview,daniel krob,2006,10.1007/11888116_1,Formal Techniques for Networked and Distributed Systems - FORTE 2006,Conference paper,https://link.springer.com/chapter/10.1007/11888116_1
springer,608,10.1007/11823063_6,Towards a Component Architecture for Hard Real Time Control Applications,Wolfgang PreeJosef Templ,towards a component architecture for hard real time control applications,wolfgang preejosef templ,2006,10.1007/11823063_6,Automotive Software – Connected Services in Mobile Networks,Conference paper,https://link.springer.com/chapter/10.1007/11823063_6
springer,609,10.1007/0-387-30087-2_2,Specifications,,specifications,,2006,10.1007/0-387-30087-2_2,Embedded System Design,Chapter,https://link.springer.com/chapter/10.1007/0-387-30087-2_2
springer,610,10.1007/11802167_46,A Processor Extension for Cycle-Accurate Real-Time Software,Nicholas Jun Hao IpStephen A. Edwards,a processor extension for cycle accurate real time software,nicholas jun hao ipstephen a edwards,2006,10.1007/11802167_46,Embedded and Ubiquitous Computing,Conference paper,https://link.springer.com/chapter/10.1007/11802167_46
springer,611,10.1007/11894100_4,Exploiting Purely Functional Programming to Obtain Bounded Resource Behaviour: The Hume Approach,Kevin Hammond,exploiting purely functional programming to obtain bounded resource behaviour the hume approach,kevin hammond,2006,10.1007/11894100_4,Central European Functional Programming School,Conference paper,https://link.springer.com/chapter/10.1007/11894100_4
springer,612,10.1007/11894100_5,The Essence of Dataflow Programming,Tarmo UustaluVarmo Vene,the essence of dataflow programming,tarmo uustaluvarmo vene,2006,10.1007/11894100_5,Central European Functional Programming School,Conference paper,https://link.springer.com/chapter/10.1007/11894100_5
springer,613,10.1007/s11265-005-4181-x,Algorithmic-level Specification and Characterization of Embedded Multimedia Applications with Design Trotter,Yannick Le MoullecJean-Philippe DiguetNader Ben AmorThierry GourdeauxJean-Luc Philippe,algorithmic level specification and characterization of embedded multimedia applications with design trotter,yannick le moullecjean philippe diguetnader ben amorthierry gourdeauxjean luc philippe,2006,10.1007/s11265-005-4181-x,"Journal of VLSI signal processing systems for signal, image and video technology",Article,https://link.springer.com/article/10.1007/s11265-005-4181-x
springer,614,10.1007/11823230_24,Proving the Properties of Communicating Imperfectly-Clocked Synchronous Systems,Julien Bertrane,proving the properties of communicating imperfectly clocked synchronous systems,julien bertrane,2006,10.1007/11823230_24,Static Analysis,Conference paper,https://link.springer.com/chapter/10.1007/11823230_24
springer,615,10.1007/11867340_2,Concurrent Semantics Without the Notions of State or State Transitions,Edward A. Lee,concurrent semantics without the notions of state or state transitions,edward a lee,2006,10.1007/11867340_2,Formal Modeling and Analysis of Timed Systems,Conference paper,https://link.springer.com/chapter/10.1007/11867340_2
springer,616,10.1007/11740674_4,An Architecture for Developing Context-Aware Systems,Kaiyu WanVasu AlagarJoey Paquet,an architecture for developing context aware systems,kaiyu wanvasu alagarjoey paquet,2006,10.1007/11740674_4,Modeling and Retrieval of Context,Conference paper,https://link.springer.com/chapter/10.1007/11740674_4
springer,617,10.1007/1-4020-4826-2_4,System level design principles,,system level design principles,,2006,10.1007/1-4020-4826-2_4,Integrated System-Level Modeling of Network-on-Chip enabled Multi-Processor Platforms,Chapter,https://link.springer.com/chapter/10.1007/1-4020-4826-2_4
springer,618,10.1007/11964681_5,A Dependently Typed Framework for Static Analysis of Program Execution Costs,Edwin BradyKevin Hammond,a dependently typed framework for static analysis of program execution costs,edwin bradykevin hammond,2006,10.1007/11964681_5,Implementation and Application of Functional Languages,Conference paper,https://link.springer.com/chapter/10.1007/11964681_5
springer,619,10.1007/s10009-005-0213-x,A real-time profile for UML,Susanne GrafIleana OberIulian Ober,a real time profile for uml,susanne grafileana oberiulian ober,2006,10.1007/s10009-005-0213-x,International Journal on Software Tools for Technology Transfer,Article,https://link.springer.com/article/10.1007/s10009-005-0213-x
springer,621,10.1007/0-387-32500-X_7,Hardware/Software co-design,A. JerrayaJ.M. DaveauG. MarchioroC. ValderramaM. RomdhaniT. Ben IsmailN.E. ZergainohF. HesselP. CostePh. Le MarrecA. BaghdadiL. Gauthier,hardware software co design,a jerrayaj m daveaug marchioroc valderramam romdhanit ben ismailn e zergainohf hesselp costeph le marreca baghdadil gauthier,2006,10.1007/0-387-32500-X_7,Design of Systems on a Chip: Design and Test,Chapter,https://link.springer.com/chapter/10.1007/0-387-32500-X_7
springer,622,10.1007/11901914_8,Model Checking Timed Systems with Urgencies,Pao-Ann HsiungShang-Wei LinYean-Ru ChenChun-Hsian HuangJia-Jen YehHong-Yu SunChao-Sheng LinHsiao-Win Liao,model checking timed systems with urgencies,pao ann hsiungshang wei linyean ru chenchun hsian huangjia jen yehhong yu sunchao sheng linhsiao win liao,2006,10.1007/11901914_8,Automated Technology for Verification and Analysis,Conference paper,https://link.springer.com/chapter/10.1007/11901914_8
springer,623,10.1007/s10270-005-0094-1,Partitioning of perfect synchroneous reactive specifications to distributed processors using μ-charts,Peter Scholz,partitioning of perfect synchroneous reactive specifications to distributed processors using μ charts,peter scholz,2005,10.1007/s10270-005-0094-1,Software & Systems Modeling,Article,https://link.springer.com/article/10.1007/s10270-005-0094-1
springer,624,10.1007/s11334-005-0020-2,From Statecharts to Verilog: a formal approach to hardware/software co-specification,Shengchao QinWei-Ngan ChinJifeng HeZongyan Qiu,from statecharts to verilog a formal approach to hardware software co specification,shengchao qinwei ngan chinjifeng hezongyan qiu,2006,10.1007/s11334-005-0020-2,Innovations in Systems and Software Engineering,Article,https://link.springer.com/article/10.1007/s11334-005-0020-2
springer,625,10.1007/s10009-006-0173-9,Providing the shalls,Steven P. MillerAlan C. TribbleMichael W. WhalenMats P. E. Heimdahl,providing the shalls,steven p milleralan c tribblemichael w whalenmats p e heimdahl,2006,10.1007/s10009-006-0173-9,International Journal on Software Tools for Technology Transfer,Article,https://link.springer.com/article/10.1007/s10009-006-0173-9
springer,626,10.1007/s10009-004-0173-6,Proving the shalls,Steven P. MillerAlan C. TribbleMichael W. WhalenMats P. E. Heimdahl,proving the shalls,steven p milleralan c tribblemichael w whalenmats p e heimdahl,2006,10.1007/s10009-004-0173-6,International Journal on Software Tools for Technology Transfer,Article,https://link.springer.com/article/10.1007/s10009-004-0173-6
springer,627,10.1007/1-84628-271-3_2,Introduction to Formal Methods,Michael HincheyJonathan P. BowenChristopher A. Rouff,introduction to formal methods,michael hincheyjonathan p bowenchristopher a rouff,2006,10.1007/1-84628-271-3_2,Agent Technology from a Formal Perspective,Chapter,https://link.springer.com/chapter/10.1007/1-84628-271-3_2
springer,628,10.1007/s10009-005-0205-x,Validating timed UML models by simulation and verification,Iulian OberSusanne GrafIleana Ober,validating timed uml models by simulation and verification,iulian obersusanne grafileana ober,2005,10.1007/s10009-005-0205-x,International Journal on Software Tools for Technology Transfer,Article,https://link.springer.com/article/10.1007/s10009-005-0205-x
springer,629,10.1007/11925040_6,On the Correctness of Transformations in Compiler Back-Ends,Wolf Zimmermann,on the correctness of transformations in compiler back ends,wolf zimmermann,2006,10.1007/11925040_6,Leveraging Applications of Formal Methods,Conference paper,https://link.springer.com/chapter/10.1007/11925040_6
springer,630,10.1007/11596356_42,Dependable Polygon-Processing Algorithms for Safety-Critical Embedded Systems,Jens BrandtKlaus Schneider,dependable polygon processing algorithms for safety critical embedded systems,jens brandtklaus schneider,2005,10.1007/11596356_42,Embedded and Ubiquitous Computing – EUC 2005,Conference paper,https://link.springer.com/chapter/10.1007/11596356_42
springer,631,10.1007/978-3-540-31973-3_6,"Tools for Programming, Code Generation, and Design",Bruno BouyssounouseJoseph Sifakis,tools for programming code generation and design,bruno bouyssounousejoseph sifakis,2005,10.1007/978-3-540-31973-3_6,Embedded Systems Design,Chapter,https://link.springer.com/chapter/10.1007/978-3-540-31973-3_6
springer,632,10.1007/BF03221722,Entwicklung des Allradantriebs bei Subaru,Koji Matsuno,entwicklung des allradantriebs bei subaru,koji matsuno,2005,10.1007/BF03221722,ATZ - Automobiltechnische Zeitschrift,Article,https://link.springer.com/article/10.1007/BF03221722
springer,633,10.1007/s10766-005-3590-6,Language and Compiler Design for Streaming Applications,Saman AmarasingheMichael l. GordonMichal KarczmarekJasper LinDavid MazeRodric M. RabbahWilliam Thies,language and compiler design for streaming applications,saman amarasinghemichael l gordonmichal karczmarekjasper lindavid mazerodric m rabbahwilliam thies,2005,10.1007/s10766-005-3590-6,International Journal of Parallel Programming,Article,https://link.springer.com/article/10.1007/s10766-005-3590-6
springer,634,10.1007/978-3-540-31973-3_13,Components and Contracts,Bruno BouyssounouseJoseph Sifakis,components and contracts,bruno bouyssounousejoseph sifakis,2005,10.1007/978-3-540-31973-3_13,Embedded Systems Design,Chapter,https://link.springer.com/chapter/10.1007/978-3-540-31973-3_13
springer,635,10.1007/978-3-540-31954-2_25,Mode-Automata Based Methodology for Scade,Ouassila LabbaniJean-Luc DekeyserPierre Boulet,mode automata based methodology for scade,ouassila labbanijean luc dekeyserpierre boulet,2005,10.1007/978-3-540-31954-2_25,Hybrid Systems: Computation and Control,Conference paper,https://link.springer.com/chapter/10.1007/978-3-540-31954-2_25
springer,636,10.1007/s10617-006-9044-6,LusSy: An open tool for the analysis of systems-on-a-chip at the transaction level,Matthieu MoyFlorence MaraninchiLaurent Maillet-Contoz,lussy an open tool for the analysis of systems on a chip at the transaction level,matthieu moyflorence maraninchilaurent maillet contoz,2005,10.1007/s10617-006-9044-6,Design Automation for Embedded Systems,Article,https://link.springer.com/article/10.1007/s10617-006-9044-6
springer,637,10.1007/978-3-540-31973-3_29,Computing Platforms,Bruno BouyssounouseJoseph Sifakis,computing platforms,bruno bouyssounousejoseph sifakis,2005,10.1007/978-3-540-31973-3_29,Embedded Systems Design,Chapter,https://link.springer.com/chapter/10.1007/978-3-540-31973-3_29
springer,638,10.1023/B:TIME.0000045316.66276.6e,Design for Timing Predictability,Lothar ThieleReinhard Wilhelm,design for timing predictability,lothar thielereinhard wilhelm,2004,10.1023/B:TIME.0000045316.66276.6e,Real-Time Systems,Article,https://link.springer.com/article/10.1023/B:TIME.0000045316.66276.6e
springer,639,10.1007/978-3-540-31973-3_25,Programming Languages for Real-Time Systems,Bruno BouyssounouseJoseph Sifakis,programming languages for real time systems,bruno bouyssounousejoseph sifakis,2005,10.1007/978-3-540-31973-3_25,Embedded Systems Design,Chapter,https://link.springer.com/chapter/10.1007/978-3-540-31973-3_25
springer,640,10.1007/978-3-540-31973-3_1,Executive Overview on Hard Real-Time Development Environments,Bruno BouyssounouseJoseph Sifakis,executive overview on hard real time development environments,bruno bouyssounousejoseph sifakis,2005,10.1007/978-3-540-31973-3_1,Embedded Systems Design,Chapter,https://link.springer.com/chapter/10.1007/978-3-540-31973-3_1
springer,641,10.1007/11599555_15,Separate Compilation for Synchronous Modules,Jia ZengStephen A. Edwards,separate compilation for synchronous modules,jia zengstephen a edwards,2005,10.1007/11599555_15,Embedded Software and Systems,Conference paper,https://link.springer.com/chapter/10.1007/11599555_15
springer,642,10.1007/978-3-540-31984-9_1,Esterel v7: From Verified Formal Specification to Efficient Industrial Designs,Gérard Berry,esterel v7 from verified formal specification to efficient industrial designs,gérard berry,2005,10.1007/978-3-540-31984-9_1,Fundamental Approaches to Software Engineering,Conference paper,https://link.springer.com/chapter/10.1007/978-3-540-31984-9_1
springer,643,10.1007/978-3-540-31973-3_16,References,Bruno BouyssounouseJoseph Sifakis,references,bruno bouyssounousejoseph sifakis,2005,10.1007/978-3-540-31973-3_16,Embedded Systems Design,Chapter,https://link.springer.com/chapter/10.1007/978-3-540-31973-3_16
springer,644,10.1007/11572329_10,The Zerberus Language: Describing the Functional Model of Dependable Real-Time Systems,Christian BucklAlois KnollGerhard Schrott,the zerberus language describing the functional model of dependable real time systems,christian bucklalois knollgerhard schrott,2005,10.1007/11572329_10,Dependable Computing,Conference paper,https://link.springer.com/chapter/10.1007/11572329_10
springer,645,10.1007/11603009_21,Implementation of Timed Automata: An Issue of Semantics or Modeling?,Karine AltisenStavros Tripakis,implementation of timed automata an issue of semantics or modeling,karine altisenstavros tripakis,2005,10.1007/11603009_21,Formal Modeling and Analysis of Timed Systems,Conference paper,https://link.springer.com/chapter/10.1007/11603009_21
springer,646,10.1007/s00165-005-0067-8,Almost ASAP semantics: from timed models to timed implementations,Martin De WulfLaurent DoyenJean-François Raskin,almost asap semantics from timed models to timed implementations,martin de wulflaurent doyenjean françois raskin,2005,10.1007/s00165-005-0067-8,Formal Aspects of Computing,Article,https://link.springer.com/article/10.1007/s00165-005-0067-8
springer,647,10.1007/978-3-540-31973-3_12,Current Design Practice and Needs in Selected Industrial Sectors,Bruno BouyssounouseJoseph Sifakis,current design practice and needs in selected industrial sectors,bruno bouyssounousejoseph sifakis,2005,10.1007/978-3-540-31973-3_12,Embedded Systems Design,Chapter,https://link.springer.com/chapter/10.1007/978-3-540-31973-3_12
springer,648,10.1007/0-8176-4404-0_17,From Control Loops to Real-Time Programs,Paul CaspiOded Maler,from control loops to real time programs,paul caspioded maler,2005,10.1007/0-8176-4404-0_17,Handbook of Networked and Embedded Control Systems,Chapter,https://link.springer.com/chapter/10.1007/0-8176-4404-0_17
springer,649,10.1007/978-3-540-31797-5_16,SoftContract: Model-Based Design of Error-Checking Code and Property Monitors,Luciano LavagnoMarco Di NataleAlberto FerrariPaolo Giusto,softcontract model based design of error checking code and property monitors,luciano lavagnomarco di natalealberto ferraripaolo giusto,2005,10.1007/978-3-540-31797-5_16,UML Modeling Languages and Applications,Conference paper,https://link.springer.com/chapter/10.1007/978-3-540-31797-5_16
springer,650,10.1007/978-3-540-31984-9_13,Color-Blind Specifications for Transformations of Reactive Synchronous Programs,Kim G. LarsenUlrik LarsenAndrzej Wasowski,color blind specifications for transformations of reactive synchronous programs,kim g larsenulrik larsenandrzej wasowski,2005,10.1007/978-3-540-31984-9_13,Fundamental Approaches to Software Engineering,Conference paper,https://link.springer.com/chapter/10.1007/978-3-540-31984-9_13
springer,651,10.1007/s00165-004-0049-2,Editorial,Manfred BroyGerald LüttgenMichael Mendler,editorial,manfred broygerald lüttgenmichael mendler,2004,10.1007/s00165-004-0049-2,Formal Aspects of Computing,Article,https://link.springer.com/article/10.1007/s00165-004-0049-2
springer,652,10.1007/11562948_32,Formal Construction and Verification of Home Service Robots: A Case Study,Moonzoo KimKyo Chul Kang,formal construction and verification of home service robots a case study,moonzoo kimkyo chul kang,2005,10.1007/11562948_32,Automated Technology for Verification and Analysis,Conference paper,https://link.springer.com/chapter/10.1007/11562948_32
springer,653,10.1007/11535409_6,Resource-Aware Programming,Walid Taha,resource aware programming,walid taha,2005,10.1007/11535409_6,Embedded Software and Systems,Conference paper,https://link.springer.com/chapter/10.1007/11535409_6
springer,654,10.1007/0-8176-4409-1_5,Engineering Education: A Focus on Systems,Edward A. Lee,engineering education a focus on systems,edward a lee,2005,10.1007/0-8176-4409-1_5,"Advances in Control, Communication Networks, and Transportation Systems",Chapter,https://link.springer.com/chapter/10.1007/0-8176-4409-1_5
springer,655,10.1007/11556121_69,Designing Mathematical Morphology Algorithms on FPGAs: An Application to Image Processing,Damien BaumannJacques Tinembart,designing mathematical morphology algorithms on fpgas an application to image processing,damien baumannjacques tinembart,2005,10.1007/11556121_69,Computer Analysis of Images and Patterns,Conference paper,https://link.springer.com/chapter/10.1007/11556121_69
springer,656,10.1007/978-3-540-31862-0_15,An Automatic Mapping from Statecharts to Verilog,Viet-Anh Vu TranShengchao QinWei Ngan Chin,an automatic mapping from statecharts to verilog,viet anh vu transhengchao qinwei ngan chin,2005,10.1007/978-3-540-31862-0_15,Theoretical Aspects of Computing - ICTAC 2004,Conference paper,https://link.springer.com/chapter/10.1007/978-3-540-31862-0_15
springer,657,10.1007/978-3-540-31954-2_2,Operational Semantics of Hybrid Systems,Edward A. LeeHaiyang Zheng,operational semantics of hybrid systems,edward a leehaiyang zheng,2005,10.1007/978-3-540-31954-2_2,Hybrid Systems: Computation and Control,Conference paper,https://link.springer.com/chapter/10.1007/978-3-540-31954-2_2
springer,658,10.1007/0-387-26151-6_11,Timing Performances of Automatically Generated Code Using MDA Approaches,Mathieu MaranzanaJean-Francois PonsignonJean-Louis SourrouilleFranck Bernier,timing performances of automatically generated code using mda approaches,mathieu maranzanajean francois ponsignonjean louis sourrouillefranck bernier,2005,10.1007/0-387-26151-6_11,Advances in Design and Specification Languages for SoCs,Chapter,https://link.springer.com/chapter/10.1007/0-387-26151-6_11
springer,659,10.1007/0-8176-4404-0_16,Implementation-Aware Embedded Control Systems,Karl-Erik ÅrzénAnton CervinDan Henriksson,implementation aware embedded control systems,karl erik årzénanton cervindan henriksson,2005,10.1007/0-8176-4404-0_16,Handbook of Networked and Embedded Control Systems,Chapter,https://link.springer.com/chapter/10.1007/0-8176-4404-0_16
springer,660,10.1007/1-4020-3661-2_36,Structural Health Monitoring Systems for Bridge Decks and Rehabilitated Precast Prestress Concrete Beams,Mohsen A. IssaHameed I. ShabilaMohammad Alhassan,structural health monitoring systems for bridge decks and rehabilitated precast prestress concrete beams,mohsen a issahameed i shabilamohammad alhassan,2005,10.1007/1-4020-3661-2_36,Sensing Issues in Civil Structural Health Monitoring,Conference paper,https://link.springer.com/chapter/10.1007/1-4020-3661-2_36
springer,661,10.1007/11417019_4,Abstract Interpretation-Based Verification of Non-functional Requirements,Agostino CortesiFrancesco Logozzo,abstract interpretation based verification of non functional requirements,agostino cortesifrancesco logozzo,2005,10.1007/11417019_4,Coordination Models and Languages,Conference paper,https://link.springer.com/chapter/10.1007/11417019_4
springer,662,10.1007/s00165-004-0039-4,Specification and analysis of synchronous reactions,Mirabelle Nebut,specification and analysis of synchronous reactions,mirabelle nebut,2004,10.1007/s00165-004-0039-4,Formal Aspects of Computing,Article,https://link.springer.com/article/10.1007/s00165-004-0039-4
springer,663,10.1007/11423348_19,Applied Formal Methods – From CSP to Executable Hybrid Specifications,Jan Peleska,applied formal methods from csp to executable hybrid specifications,jan peleska,2005,10.1007/11423348_19,Communicating Sequential Processes. The First 25 Years,Chapter,https://link.springer.com/chapter/10.1007/11423348_19
springer,664,10.1007/3-540-27348-4_1,Components of a Theory,,components of a theory,,2005,10.1007/3-540-27348-4_1,A Practical Theory of Reactive Systems,Chapter,https://link.springer.com/chapter/10.1007/3-540-27348-4_1
springer,665,10.1007/11428589_1,The Self-Star Vision,Ozalp BabaogluMárk JelasityAlberto MontresorChristof FetzerStefano LeonardiAad van MoorselMaarten van Steen,the self star vision,ozalp babaoglumárk jelasityalberto montresorchristof fetzerstefano leonardiaad van moorselmaarten van steen,2005,10.1007/11428589_1,Self-star Properties in Complex Information Systems,Conference paper,https://link.springer.com/chapter/10.1007/11428589_1
springer,666,10.1007/978-3-540-25935-0_8,The Design of Hume: A High-Level Language for the Real-Time Embedded Systems Domain,Kevin HammondGreg Michaelson,the design of hume a high level language for the real time embedded systems domain,kevin hammondgreg michaelson,2004,10.1007/978-3-540-25935-0_8,Domain-Specific Program Generation,Chapter,https://link.springer.com/chapter/10.1007/978-3-540-25935-0_8
springer,667,10.1007/978-1-4020-8052-4_1,Modular Hierarchies of Models for Embedded Systems,Manfred Broy,modular hierarchies of models for embedded systems,manfred broy,2004,10.1007/978-1-4020-8052-4_1,Formal Methods and Models for System Design,Chapter,https://link.springer.com/chapter/10.1007/978-1-4020-8052-4_1
springer,668,10.1007/978-3-540-24639-8_4,Hard Real-Time Implementation of Embedded Software in JAVA,Jean-Pierre TalpinAbdoulaye GamatiéDavid BernerBruno Le DezPaul Le Guernic,hard real time implementation of embedded software in java,jean pierre talpinabdoulaye gamatiédavid bernerbruno le dezpaul le guernic,2004,10.1007/978-3-540-24639-8_4,Scientific Engineering of Distributed Java Applications,Conference paper,https://link.springer.com/chapter/10.1007/978-3-540-24639-8_4
springer,669,10.1007/978-1-4020-8052-4_11,Optimizations for Faster Execution of Esterel Programs,Dumitru Potop-ButucaruRobert de Simone,optimizations for faster execution of esterel programs,dumitru potop butucarurobert de simone,2004,10.1007/978-1-4020-8052-4_11,Formal Methods and Models for System Design,Chapter,https://link.springer.com/chapter/10.1007/978-1-4020-8052-4_11
springer,670,10.1007/978-3-540-27813-9_47,A Toolset for Modelling and Verification of GALS Systems,S. RameshSampada SonalkarVijay D’silvaNaveen Chandra R.B. Vijayalakshmi,a toolset for modelling and verification of gals systems,s rameshsampada sonalkarvijay d silvanaveen chandra r b vijayalakshmi,2004,10.1007/978-3-540-27813-9_47,Computer Aided Verification,Conference paper,https://link.springer.com/chapter/10.1007/978-3-540-27813-9_47
springer,671,10.1007/978-3-540-24743-2_24,Event-Driven Programming with Logical Execution Times,Arkadeb GhosalThomas A. HenzingerChristoph M. KirschMarco A. A. Sanvido,event driven programming with logical execution times,arkadeb ghosalthomas a henzingerchristoph m kirschmarco a a sanvido,2004,10.1007/978-3-540-24743-2_24,Hybrid Systems: Computation and Control,Conference paper,https://link.springer.com/chapter/10.1007/978-3-540-24743-2_24
springer,672,10.1007/978-3-540-24657-2_2,2. Related Work,Richard Sharp,2 related work,richard sharp,2004,10.1007/978-3-540-24657-2_2,Higher-Level Hardware Synthesis,Chapter,https://link.springer.com/chapter/10.1007/978-3-540-24657-2_2
springer,673,10.1007/978-3-540-44833-4_6,"Arrows, Robots, and Functional Reactive Programming",Paul HudakAntony CourtneyHenrik NilssonJohn Peterson,arrows robots and functional reactive programming,paul hudakantony courtneyhenrik nilssonjohn peterson,2003,10.1007/978-3-540-44833-4_6,Advanced Functional Programming,Chapter,https://link.springer.com/chapter/10.1007/978-3-540-44833-4_6
springer,674,10.1023/A:1025180310659,Reactive and Real-Time Systems Course: How to Get the Most Out of it,Tal Lev-AmiShmuel S. Tyszberowicz,reactive and real time systems course how to get the most out of it,tal lev amishmuel s tyszberowicz,2003,10.1023/A:1025180310659,Real-Time Systems,Article,https://link.springer.com/article/10.1023/A:1025180310659
springer,675,10.1007/978-3-540-27793-4_3,"Embedded Software: Better Models, Better Code",Thomas A. Henzinger,embedded software better models better code,thomas a henzinger,2004,10.1007/978-3-540-27793-4_3,Applications and Theory of Petri Nets 2004,Conference paper,https://link.springer.com/chapter/10.1007/978-3-540-27793-4_3
springer,676,10.1007/978-3-540-28644-8_5,Resource Control for Synchronous Cooperative Threads,Roberto M. AmadioSilvano Dal Zilio,resource control for synchronous cooperative threads,roberto m amadiosilvano dal zilio,2004,10.1007/978-3-540-28644-8_5,CONCUR 2004 - Concurrency Theory,Conference paper,https://link.springer.com/chapter/10.1007/978-3-540-28644-8_5
springer,677,10.1007/s10009-003-0128-3,Model-based testing for real,A. PretschnerO. SlotoschE. AiglstorferS. Kriebel,model based testing for real,a pretschnero slotosche aiglstorfers kriebel,2004,10.1007/s10009-003-0128-3,International Journal on Software Tools for Technology Transfer,Article,https://link.springer.com/article/10.1007/s10009-003-0128-3
springer,678,10.1007/s00165-003-0015-4,A Semantics for Distributed Execution of Statemate,Martin FränzleJürgen NiehausAlexander MetznerWerner Damm,a semantics for distributed execution of statemate,martin fränzlejürgen niehausalexander metznerwerner damm,2003,10.1007/s00165-003-0015-4,Formal Aspects of Computing,Article,https://link.springer.com/article/10.1007/s00165-003-0015-4
springer,679,10.1007/1-4020-7991-5_20,Refinement of Hybrid Systems,Jan RombergChristoph Grimm,refinement of hybrid systems,jan rombergchristoph grimm,2004,10.1007/1-4020-7991-5_20,Languages for System Specification,Chapter,https://link.springer.com/chapter/10.1007/1-4020-7991-5_20
springer,680,10.1007/978-1-4020-8052-4_2,Actor-Oriented Models for Codesign,Edward A. LeeStephen Neuendorffer,actor oriented models for codesign,edward a leestephen neuendorffer,2004,10.1007/978-1-4020-8052-4_2,Formal Methods and Models for System Design,Chapter,https://link.springer.com/chapter/10.1007/978-1-4020-8052-4_2
springer,681,10.1007/978-3-540-24634-3_12,A Lightweight Coordination Middleware for Mobile Computing,Chien-Liang FokGruia-Catalin RomanGregory Hackmann,a lightweight coordination middleware for mobile computing,chien liang fokgruia catalin romangregory hackmann,2004,10.1007/978-3-540-24634-3_12,Coordination Models and Languages,Conference paper,https://link.springer.com/chapter/10.1007/978-3-540-24634-3_12
springer,682,10.1007/978-1-4020-8052-4_9,Behavioral Type Inference,Jean-Pierre TalpinPaul Le Guernic,behavioral type inference,jean pierre talpinpaul le guernic,2004,10.1007/978-1-4020-8052-4_9,Formal Methods and Models for System Design,Chapter,https://link.springer.com/chapter/10.1007/978-1-4020-8052-4_9
springer,683,10.1007/978-3-540-30476-0_21,Validating the Translation of an Industrial Optimizing Compiler,I. GordinR. LeviathanA. Pnueli,validating the translation of an industrial optimizing compiler,i gordinr leviathana pnueli,2004,10.1007/978-3-540-30476-0_21,Automated Technology for Verification and Analysis,Conference paper,https://link.springer.com/chapter/10.1007/978-3-540-30476-0_21
springer,684,10.1007/978-1-4020-8052-4_10,Behavioral Type Inference,Jean-Pierre TalpinDavid BernerSandeep Kumar ShuklaPaul Le GuernicAbdoulaye GamatiéRajesh Gupta,behavioral type inference,jean pierre talpindavid bernersandeep kumar shuklapaul le guernicabdoulaye gamatiérajesh gupta,2004,10.1007/978-1-4020-8052-4_10,Formal Methods and Models for System Design,Chapter,https://link.springer.com/chapter/10.1007/978-1-4020-8052-4_10
springer,685,10.1007/s10009-003-0125-6,Certification of compiled assembly code by invariant translation,Xavier Rival,certification of compiled assembly code by invariant translation,xavier rival,2004,10.1007/s10009-003-0125-6,International Journal on Software Tools for Technology Transfer,Article,https://link.springer.com/article/10.1007/s10009-003-0125-6
springer,686,10.1007/978-3-540-30080-9_8,The IF Toolset,Marius BozgaSusanne GrafIleana OberIulian OberJoseph Sifakis,the if toolset,marius bozgasusanne grafileana oberiulian oberjoseph sifakis,2004,10.1007/978-3-540-30080-9_8,Formal Methods for the Design of Real-Time Systems,Chapter,https://link.springer.com/chapter/10.1007/978-3-540-30080-9_8
springer,687,10.1007/978-3-540-30502-6_33,Reactive Framework for Resource Aware Distributed Computing,Rajesh GuptaR. K. Shyamasundar,reactive framework for resource aware distributed computing,rajesh guptar k shyamasundar,2004,10.1007/978-3-540-30502-6_33,Advances in Computer Science - ASIAN 2004. Higher-Level Decision Making,Conference paper,https://link.springer.com/chapter/10.1007/978-3-540-30502-6_33
springer,688,10.1007/978-3-540-24732-6_9,Validation of UML Models via a Mapping to Communicating Extended Timed Automata,Iulian OberSusanne GrafIleana Ober,validation of uml models via a mapping to communicating extended timed automata,iulian obersusanne grafileana ober,2004,10.1007/978-3-540-24732-6_9,Model Checking Software,Conference paper,https://link.springer.com/chapter/10.1007/978-3-540-24732-6_9
springer,689,10.1007/978-3-540-30206-3_3,Formal Verification of an Avionics Sensor Voter Using SCADE,Samar Dajani-BrownDarren CoferAmar Bouali,formal verification of an avionics sensor voter using scade,samar dajani browndarren coferamar bouali,2004,10.1007/978-3-540-30206-3_3,"Formal Techniques, Modelling and Analysis of Timed and Fault-Tolerant Systems",Conference paper,https://link.springer.com/chapter/10.1007/978-3-540-30206-3_3
springer,690,10.1007/978-3-662-10778-2_1,Introduction,Klaus Schneider,introduction,klaus schneider,2004,10.1007/978-3-662-10778-2_1,Verification of Reactive Systems,Chapter,https://link.springer.com/chapter/10.1007/978-3-662-10778-2_1
springer,691,10.1007/1-4020-7991-5_10,On Hardware Description in ECL,Lluís RibasJoaquin Saiz,on hardware description in ecl,lluís ribasjoaquin saiz,2004,10.1007/1-4020-7991-5_10,Languages for System Specification,Chapter,https://link.springer.com/chapter/10.1007/1-4020-7991-5_10
springer,692,10.1007/978-3-540-27863-4_5,An Engineer’s Workstation to Support Integrated Development of Flexible Production Control Systems,Wilhelm SchäferRobert WagnerJürgen GausemeierRaimund Eckes,an engineer s workstation to support integrated development of flexible production control systems,wilhelm schäferrobert wagnerjürgen gausemeierraimund eckes,2004,10.1007/978-3-540-27863-4_5,Integration of Software Specification Techniques for Applications in Engineering,Chapter,https://link.springer.com/chapter/10.1007/978-3-540-27863-4_5
springer,693,10.1007/978-1-4020-8052-4_5,Mode: A Method for System-Level Architecture Evaluation,Jan RombergJewgenij BotaschanjanOscar Slotosch,mode a method for system level architecture evaluation,jan rombergjewgenij botaschanjanoscar slotosch,2004,10.1007/978-1-4020-8052-4_5,Formal Methods and Models for System Design,Chapter,https://link.springer.com/chapter/10.1007/978-1-4020-8052-4_5
springer,694,10.1007/978-3-540-39815-8_3,Hume: A Domain-Specific Language for Real-Time Embedded Systems,Kevin HammondGreg Michaelson,hume a domain specific language for real time embedded systems,kevin hammondgreg michaelson,2003,10.1007/978-3-540-39815-8_3,Generative Programming and Component Engineering,Conference paper,https://link.springer.com/chapter/10.1007/978-3-540-39815-8_3
springer,695,10.1007/s00165-003-0016-3,Actors and their Composition,Jörn W. Janneck,actors and their composition,jörn w janneck,2003,10.1007/s00165-003-0016-3,Formal Aspects of Computing,Article,https://link.springer.com/article/10.1007/s00165-003-0016-3
springer,696,10.1007/978-3-540-40018-9_22,The Semantic Layers of Timber,Magnus CarlssonJohan NordlanderDick Kieburtz,the semantic layers of timber,magnus carlssonjohan nordlanderdick kieburtz,2003,10.1007/978-3-540-40018-9_22,Programming Languages and Systems,Conference paper,https://link.springer.com/chapter/10.1007/978-3-540-40018-9_22
springer,697,10.1007/0-306-48735-7_9,Embedded Software Generation from SystemC for Platform Based Design,Fernando HerreraVíctor FernándezPablo SánchezEugenio Villar,embedded software generation from systemc for platform based design,fernando herreravíctor fernándezpablo sánchezeugenio villar,2003,10.1007/0-306-48735-7_9,SystemC,Chapter,https://link.springer.com/chapter/10.1007/0-306-48735-7_9
springer,698,10.1007/978-3-540-45212-6_14,Clock-Driven Automatic Distribution of Lustre Programs,Alain GiraultXavier Nicollin,clock driven automatic distribution of lustre programs,alain giraultxavier nicollin,2003,10.1007/978-3-540-45212-6_14,Embedded Software,Conference paper,https://link.springer.com/chapter/10.1007/978-3-540-45212-6_14
springer,699,10.1007/0-306-48727-6_3,Mapping Concurrent Applications onto Architectural Platforms,Andrew MihalKurt Keutzer,mapping concurrent applications onto architectural platforms,andrew mihalkurt keutzer,2003,10.1007/0-306-48727-6_3,Networks on Chip,Chapter,https://link.springer.com/chapter/10.1007/0-306-48727-6_3
springer,700,10.1007/3-540-44898-5_7,Stack Size Analysis for Interrupt-Driven Programs,Krishnendu ChatterjeeDi MaRupak MajumdarTian ZhaoThomas A. HenzingerJens Palsberg,stack size analysis for interrupt driven programs,krishnendu chatterjeedi marupak majumdartian zhaothomas a henzingerjens palsberg,2003,10.1007/3-540-44898-5_7,Static Analysis,Conference paper,https://link.springer.com/chapter/10.1007/3-540-44898-5_7
springer,701,10.1007/3-540-44898-5_6,Instantaneous Termination in Pure Esterel,Olivier TardieuRobert de Simone,instantaneous termination in pure esterel,olivier tardieurobert de simone,2003,10.1007/3-540-44898-5_6,Static Analysis,Conference paper,https://link.springer.com/chapter/10.1007/3-540-44898-5_6
springer,702,10.1007/978-3-540-45212-6_22,Generating Heap-Bounded Programs in a Functional Setting,Walid TahaStephan EllnerHongwei Xi,generating heap bounded programs in a functional setting,walid tahastephan ellnerhongwei xi,2003,10.1007/978-3-540-45212-6_22,Embedded Software,Conference paper,https://link.springer.com/chapter/10.1007/978-3-540-45212-6_22
springer,703,10.1007/3-540-36575-3_13,Using Controller-Synthesis Techniques to Build Property-Enforcing Layers,Karine AltisenAurélie ClodicFlorence MaraninchiEric Rutten,using controller synthesis techniques to build property enforcing layers,karine altisenaurélie clodicflorence maraninchieric rutten,2003,10.1007/3-540-36575-3_13,Programming Languages and Systems,Conference paper,https://link.springer.com/chapter/10.1007/3-540-36575-3_13
springer,704,10.1007/3-540-36573-7_3,Expression of Time and Duration Constraints in SDL,Susanne Graf,expression of time and duration constraints in sdl,susanne graf,2003,10.1007/3-540-36573-7_3,Telecommunications and beyond: The BroaderApplicability of SDL and MSC,Conference paper,https://link.springer.com/chapter/10.1007/3-540-36573-7_3
springer,705,10.1007/3-540-44919-1_30,Prototyping Object Oriented Specifications,Ali Al-ShabibiDidier BuchsMathieu BuffoStanislav ChachkovAng ChenDavid Hurzeler,prototyping object oriented specifications,ali al shabibididier buchsmathieu buffostanislav chachkovang chendavid hurzeler,2003,10.1007/3-540-44919-1_30,Applications and Theory of Petri Nets 2003,Conference paper,https://link.springer.com/chapter/10.1007/3-540-44919-1_30
springer,706,10.1007/978-3-540-45234-8_90,From Algorithm Graph Specification to Automatic Synthesis of FPGA Circuit: A Seamless Flow of Graphs Transformations,Linda KaouaneMohamed AkilYves SorelThierry Grandpierre,from algorithm graph specification to automatic synthesis of fpga circuit a seamless flow of graphs transformations,linda kaouanemohamed akilyves sorelthierry grandpierre,2003,10.1007/978-3-540-45234-8_90,Field Programmable Logic and Application,Conference paper,https://link.springer.com/chapter/10.1007/978-3-540-45234-8_90
springer,707,10.1007/978-3-540-45212-6_4,Heterogeneous Reactive Systems Modeling and Correct-by-Construction Deployment,Albert BenvenisteLuca P. CarloniPaul CaspiAlberto L. Sangiovanni-Vincentelli,heterogeneous reactive systems modeling and correct by construction deployment,albert benvenisteluca p carlonipaul caspialberto l sangiovanni vincentelli,2003,10.1007/978-3-540-45212-6_4,Embedded Software,Conference paper,https://link.springer.com/chapter/10.1007/978-3-540-45212-6_4
springer,708,10.1007/978-3-540-45145-7_27,Asynchronous Timed Multimedia Environments Based on the Coordination Paradigm,George A. Papadopoulos,asynchronous timed multimedia environments based on the coordination paradigm,george a papadopoulos,2003,10.1007/978-3-540-45145-7_27,Parallel Computing Technologies,Conference paper,https://link.springer.com/chapter/10.1007/978-3-540-45145-7_27
springer,709,10.1023/A:1022195128444,Dynamic Frame Dropping for Bandwidth Control in MPEG Streaming System,Hojung ChaJaehak OhRhan Ha,dynamic frame dropping for bandwidth control in mpeg streaming system,hojung chajaehak ohrhan ha,2003,10.1023/A:1022195128444,Multimedia Tools and Applications,Article,https://link.springer.com/article/10.1023/A:1022195128444
springer,710,10.1007/978-3-540-45187-7_30,A Compositional Semantic Theory for Synchronous Component-Based Design,Barry NortonGerald LüttgenMichael Mendler,a compositional semantic theory for synchronous component based design,barry nortongerald lüttgenmichael mendler,2003,10.1007/978-3-540-45187-7_30,CONCUR 2003 - Concurrency Theory,Conference paper,https://link.springer.com/chapter/10.1007/978-3-540-45187-7_30
springer,711,10.1007/0-306-48738-1_4,Message Sequence Charts,David HarelP. S. Thiagarajan,message sequence charts,david harelp s thiagarajan,2003,10.1007/0-306-48738-1_4,UML for Real,Chapter,https://link.springer.com/chapter/10.1007/0-306-48738-1_4
springer,712,10.1007/3-540-46135-3_34,Model-Based Programming: Controlling Embedded Systems by Reasoning About Hidden State,Brian C. WilliamsMichel D. Ingham,model based programming controlling embedded systems by reasoning about hidden state,brian c williamsmichel d ingham,2002,10.1007/3-540-46135-3_34,Principles and Practice of Constraint Programming - CP 2002,Conference paper,https://link.springer.com/chapter/10.1007/3-540-46135-3_34
springer,713,10.1007/978-3-642-18216-7_6,Asynchronous Multi-Agent ASMs,Egon BörgerRobert Stärk,asynchronous multi agent asms,egon börgerrobert stärk,2003,10.1007/978-3-642-18216-7_6,Abstract State Machines,Chapter,https://link.springer.com/chapter/10.1007/978-3-642-18216-7_6
springer,714,10.1007/3-540-46117-5_97,REFLIX: A Processor Core for Reactive Embedded Applications,Zoran SalcicMorteza Biglari-AbhariAbbas Bigdeli,reflix a processor core for reactive embedded applications,zoran salcicmorteza biglari abhariabbas bigdeli,2002,10.1007/3-540-46117-5_97,Field-Programmable Logic and Applications: Reconfigurable Computing Is Going Mainstream,Conference paper,https://link.springer.com/chapter/10.1007/3-540-46117-5_97
springer,715,10.1155/S1110865702205016,AVSynDEx: A Rapid Prototyping Process Dedicated to the Implementation of Digital Image Processing Applications on Multi-DSP and FPGA Architectures,Virginie FresseOlivier DéforgesJean-François Nezan,avsyndex a rapid prototyping process dedicated to the implementation of digital image processing applications on multi dsp and fpga architectures,virginie fresseolivier déforgesjean françois nezan,2002,10.1155/S1110865702205016,EURASIP Journal on Advances in Signal Processing,Article,https://link.springer.com/article/10.1155/S1110865702205016
springer,716,10.1007/s007660200019,"Requirements-Level Semantics and Model Checking of Object-Oriented Statecharts
",Rik EshuisDavid N. JansenRoel Wieringa,requirements level semantics and model checking of object oriented statecharts,rik eshuisdavid n jansenroel wieringa,2002,10.1007/s007660200019,Requirements Engineering,Article,https://link.springer.com/article/10.1007/s007660200019
springer,717,10.1007/3-540-45828-X_18,Synchronous Modelling of Asynchronous Systems,Nicolas HalbwachsSiwar Baghdadi,synchronous modelling of asynchronous systems,nicolas halbwachssiwar baghdadi,2002,10.1007/3-540-45828-X_18,Embedded Software,Conference paper,https://link.springer.com/chapter/10.1007/3-540-45828-X_18
springer,718,10.1007/3-540-45706-2_3,"Non-massive, Non-high Performance, Distributed Computing: Selected Issues",Albert Benveniste,non massive non high performance distributed computing selected issues,albert benveniste,2002,10.1007/3-540-45706-2_3,Euro-Par 2002 Parallel Processing,Conference paper,https://link.springer.com/chapter/10.1007/3-540-45706-2_3
springer,719,10.1007/3-540-45685-6_21,Proving the Equivalence of Microstep and Macrostep Semantics,Klaus Schneider,proving the equivalence of microstep and macrostep semantics,klaus schneider,2002,10.1007/3-540-45685-6_21,Theorem Proving in Higher Order Logics,Conference paper,https://link.springer.com/chapter/10.1007/3-540-45685-6_21
springer,720,10.1007/978-1-4615-0837-3_3,System Requirements and Intrinsic SDM Assessment,Randall S. Janka,system requirements and intrinsic sdm assessment,randall s janka,2002,10.1007/978-1-4615-0837-3_3,Specification and Design Methodology for Real-Time Embedded Systems,Chapter,https://link.springer.com/chapter/10.1007/978-1-4615-0837-3_3
springer,721,10.1023/A:1011295931367,Formal Methods in Designing Embedded Systems—the SACRES Experience,Klaus Winkelmann,formal methods in designing embedded systems the sacres experience,klaus winkelmann,2001,10.1023/A:1011295931367,Formal Methods in System Design,Article,https://link.springer.com/article/10.1023/A:1011295931367
springer,722,10.1007/978-1-4757-6674-5_24,A General Approach to Modelling System-Level Timing Constraints,Marek JersakDirk ZiegenbeinRolf Ernst,a general approach to modelling system level timing constraints,marek jersakdirk ziegenbeinrolf ernst,2002,10.1007/978-1-4757-6674-5_24,System on Chip Design Languages,Chapter,https://link.springer.com/chapter/10.1007/978-1-4757-6674-5_24
springer,723,10.1007/978-0-387-35599-3_6,Model checking robustness to desynchronization,Jean-Pierre Talpin,model checking robustness to desynchronization,jean pierre talpin,2002,10.1007/978-0-387-35599-3_6,Design and Analysis of Distributed Embedded Systems,Chapter,https://link.springer.com/chapter/10.1007/978-0-387-35599-3_6
springer,724,10.1007/3-540-45828-X_6,Principles of Real-Time Programming,Christoph M. Kirsch,principles of real time programming,christoph m kirsch,2002,10.1007/3-540-45828-X_6,Embedded Software,Conference paper,https://link.springer.com/chapter/10.1007/3-540-45828-X_6
springer,725,10.1007/978-0-387-35608-2_30,Micro Mobile Programs,Carl A. Gunter,micro mobile programs,carl a gunter,2002,10.1007/978-0-387-35608-2_30,Foundations of Information Technology in the Era of Network and Mobile Computing,Chapter,https://link.springer.com/chapter/10.1007/978-0-387-35608-2_30
springer,726,10.1007/3-540-45828-X_4,Platform-Based Embedded Software Design for Multi-vehicle Multi-modal Systems,T. John KooJudith LiebmanCedric MaBenjamin HorowitzAlberto Sangiovanni-VincentelliShankar Sastry,platform based embedded software design for multi vehicle multi modal systems,t john koojudith liebmancedric mabenjamin horowitzalberto sangiovanni vincentellishankar sastry,2002,10.1007/3-540-45828-X_4,Embedded Software,Conference paper,https://link.springer.com/chapter/10.1007/3-540-45828-X_4
springer,727,10.1007/3-540-45828-X_19,A Protocol for Loosely Time-Triggered Architectures,Albert BenvenistePaul CaspiPaul Le GuernicHervé MarchandJean -Pierre TalpinStavros Tripakis,a protocol for loosely time triggered architectures,albert benvenistepaul caspipaul le guernichervé marchandjean pierre talpinstavros tripakis,2002,10.1007/3-540-45828-X_19,Embedded Software,Conference paper,https://link.springer.com/chapter/10.1007/3-540-45828-X_19
springer,728,10.1023/A:1015548507922,"DECM, A User Oriented Formalism for High Level Discrete Event Specifications of Real-Time Systems",Jean-Luc PailletNorbert Giambiasi,decm a user oriented formalism for high level discrete event specifications of real time systems,jean luc pailletnorbert giambiasi,2002,10.1023/A:1015548507922,Journal of Intelligent and Robotic Systems,Article,https://link.springer.com/article/10.1023/A:1015548507922
springer,729,10.1007/3-540-45931-6_4,Proving Correctness of Timed Concurrent Constraint Programs,Frank S. de BoerMaurizio GabbrielliMaria Chiara Meo,proving correctness of timed concurrent constraint programs,frank s de boermaurizio gabbriellimaria chiara meo,2002,10.1007/3-540-45931-6_4,Foundations of Software Science and Computation Structures,Conference paper,https://link.springer.com/chapter/10.1007/3-540-45931-6_4
springer,730,10.1007/978-1-4615-2323-9_15,Software Synthesis for Real-Time Information Processing Systems,Marco CorneroFilip ThoenGert GoossensFranco Curatelli,software synthesis for real time information processing systems,marco cornerofilip thoengert goossensfranco curatelli,2002,10.1007/978-1-4615-2323-9_15,Code Generation for Embedded Processors,Chapter,https://link.springer.com/chapter/10.1007/978-1-4615-2323-9_15
springer,731,10.1007/3-540-48068-4_7,Quasi-Static Scheduling of Independent Tasks for Reactive Systems,Jordi CortadellaAlex KondratyevLuciano LavagnoClaudio PasseroneYosinori Watanabe,quasi static scheduling of independent tasks for reactive systems,jordi cortadellaalex kondratyevluciano lavagnoclaudio passeroneyosinori watanabe,2002,10.1007/3-540-48068-4_7,Application and Theory of Petri Nets 2002,Conference paper,https://link.springer.com/chapter/10.1007/3-540-48068-4_7
springer,732,10.1023/A:1011237030847,Specification and Validation of Embedded Systems using LUSTRE and ARGOS. Case Study: The Automatic Headlight Leveling System,Rainer Gmehlich,specification and validation of embedded systems using lustre and argos case study the automatic headlight leveling system,rainer gmehlich,2001,10.1023/A:1011237030847,Design Automation for Embedded Systems,Article,https://link.springer.com/article/10.1023/A:1011237030847
springer,733,10.1007/3-540-45828-X_7,Time-Safety Checking for Embedded Programs,Thomas A. HenzingerChristoph M. KirschRupak MajumdarSlobodan Matic,time safety checking for embedded programs,thomas a henzingerchristoph m kirschrupak majumdarslobodan matic,2002,10.1007/3-540-45828-X_7,Embedded Software,Conference paper,https://link.springer.com/chapter/10.1007/3-540-45828-X_7
springer,734,10.1007/3-540-45937-5_14,StreamIt: A Language for Streaming Applications,William ThiesMichal KarczmarekSaman Amarasinghe,streamit a language for streaming applications,william thiesmichal karczmareksaman amarasinghe,2002,10.1007/3-540-45937-5_14,Compiler Construction,Conference paper,https://link.springer.com/chapter/10.1007/3-540-45937-5_14
springer,735,10.1007/3-540-45648-1_26,A Formal Model of the UML Metamodel: The UML State Machine and Its Integrity Constraints,Soon-Kyeong KimDavid Carrington,a formal model of the uml metamodel the uml state machine and its integrity constraints,soon kyeong kimdavid carrington,2002,10.1007/3-540-45648-1_26,ZB 2002:Formal Specification and Development in Z and B,Conference paper,https://link.springer.com/chapter/10.1007/3-540-45648-1_26
springer,736,10.1007/3-540-45449-7_4,Synchronous Programming Techniques for Embedded Systems: Present and Future,Gérard Berry,synchronous programming techniques for embedded systems present and future,gérard berry,2001,10.1007/3-540-45449-7_4,Embedded Software,Conference paper,https://link.springer.com/chapter/10.1007/3-540-45449-7_4
springer,737,10.1007/3-540-44585-4_39,TAXYS: A Tool for the Development and Verification of Real-Time Embedded Systems?,Etienne ClosseMichel PoizeJacques PulouJoseph SifakisPatrick VenterDaniel WeilSergio Yovine,taxys a tool for the development and verification of real time embedded systems,etienne clossemichel poizejacques puloujoseph sifakispatrick venterdaniel weilsergio yovine,2001,10.1007/3-540-44585-4_39,Computer Aided Verification,Conference paper,https://link.springer.com/chapter/10.1007/3-540-44585-4_39
springer,738,10.1007/978-1-4757-3326-6_9,System-Level Specification and Architecture Exploration : an Avionics Codesign Application,François ClouteJean-Noël ContensouDaniel EstevePascal PampagninPhilippe PonsYves Favard,system level specification and architecture exploration an avionics codesign application,françois cloutejean noël contensoudaniel estevepascal pampagninphilippe ponsyves favard,2001,10.1007/978-1-4757-3326-6_9,Electronic Chips & Systems Design Languages,Chapter,https://link.springer.com/chapter/10.1007/978-1-4757-3326-6_9
springer,739,10.1007/3-540-45740-2_20,Pr/T-Net Based Seamless Design of Embedded Real-Time Systems,Carsten RustJürgen TackenCarsten Böke,pr t net based seamless design of embedded real time systems,carsten rustjürgen tackencarsten böke,2001,10.1007/3-540-45740-2_20,Applications and Theory of Petri Nets 2001,Conference paper,https://link.springer.com/chapter/10.1007/3-540-45740-2_20
springer,740,10.1007/3-540-45449-7_13,Directions in Functional Programming for Real(-Time) Applications,Walid TahaPaul HudakZhanyong Wan,directions in functional programming for real time applications,walid tahapaul hudakzhanyong wan,2001,10.1007/3-540-45449-7_13,Embedded Software,Conference paper,https://link.springer.com/chapter/10.1007/3-540-45449-7_13
springer,741,10.1007/978-1-4757-3326-6_11,A Synchronous Object-Oriented Design Flow for Embedded Applications,P. G. PlögerReinhard BuddeKarl H. Sylla,a synchronous object oriented design flow for embedded applications,p g plögerreinhard buddekarl h sylla,2001,10.1007/978-1-4757-3326-6_11,Electronic Chips & Systems Design Languages,Chapter,https://link.springer.com/chapter/10.1007/978-1-4757-3326-6_11
springer,742,10.1007/978-1-4757-3281-8_18,Jester,M. AntoniottiA. FerrariA. FlescaA. Sangiovanni-Vincentelli,jester,m antoniottia ferraria flescaa sangiovanni vincentelli,2001,10.1007/978-1-4757-3281-8_18,System-on-Chip Methodologies & Design Languages,Chapter,https://link.springer.com/chapter/10.1007/978-1-4757-3281-8_18
springer,743,10.1007/978-3-663-09352-7_3,Technische Grundlagen,Günter KunzeHelmut GöhringKlaus JacobMartin Scheffler,technische grundlagen,günter kunzehelmut göhringklaus jacobmartin scheffler,2002,10.1007/978-3-663-09352-7_3,Baumaschinen,Chapter,https://link.springer.com/chapter/10.1007/978-3-663-09352-7_3
springer,744,10.1007/3-540-45245-1_2,Complex Reactive Control with Simple Synchronous Models,Reinhard BuddeAxel Poigné,complex reactive control with simple synchronous models,reinhard buddeaxel poigné,2001,10.1007/3-540-45245-1_2,"Languages, Compilers, and Tools for Embedded Systems",Conference paper,https://link.springer.com/chapter/10.1007/3-540-45245-1_2
springer,745,10.1007/978-1-4615-1659-0_5,Synchronous Equivalence,Harry HsiehFelice BalarinAlberto Sangiovanni-Vincentelli,synchronous equivalence,harry hsiehfelice balarinalberto sangiovanni vincentelli,2001,10.1007/978-1-4615-1659-0_5,Synchronous Equivalence,Chapter,https://link.springer.com/chapter/10.1007/978-1-4615-1659-0_5
springer,746,10.1007/978-0-387-35409-5_20,A Verified Hardware Synthesis of Esterel Programs,Klaus Schneider,a verified hardware synthesis of esterel programs,klaus schneider,2001,10.1007/978-0-387-35409-5_20,Architecture and Design of Distributed Embedded Systems,Chapter,https://link.springer.com/chapter/10.1007/978-0-387-35409-5_20
springer,747,10.1023/A:1011235419951,Automatic Real-Time Analysis of Reactive Systems with the PARTS Toolset,U. BuyR.H. Sloan,automatic real time analysis of reactive systems with the parts toolset,u buyr h sloan,2001,10.1023/A:1011235419951,Automated Software Engineering,Article,https://link.springer.com/article/10.1023/A:1011235419951
springer,748,10.1007/978-1-4757-3326-6_17,ECL: A Specification Environment for System-Level Design,Gérard BerryEd HarcourtLuciano LavagnoEllen Sentovich,ecl a specification environment for system level design,gérard berryed harcourtluciano lavagnoellen sentovich,2001,10.1007/978-1-4757-3326-6_17,Electronic Chips & Systems Design Languages,Chapter,https://link.springer.com/chapter/10.1007/978-1-4757-3326-6_17
springer,749,10.1007/978-3-642-56294-5_5,Earth Observation/Monitoring Missions,Herbert J. Kramer,earth observation monitoring missions,herbert j kramer,2002,10.1007/978-3-642-56294-5_5,Observation of the Earth and Its Environment,Chapter,https://link.springer.com/chapter/10.1007/978-3-642-56294-5_5
springer,750,10.1007/978-3-642-56294-5_12,Space Science/Solar-Terrestrial Missions,Herbert J. Kramer,space science solar terrestrial missions,herbert j kramer,2002,10.1007/978-3-642-56294-5_12,Observation of the Earth and Its Environment,Chapter,https://link.springer.com/chapter/10.1007/978-3-642-56294-5_12
springer,751,10.1007/3-540-45449-7_26,Modeling Real-Time Systems — Challenges and Work Directions,Joseph Sifakis,modeling real time systems challenges and work directions,joseph sifakis,2001,10.1007/3-540-45449-7_26,Embedded Software,Conference paper,https://link.springer.com/chapter/10.1007/3-540-45449-7_26
springer,752,10.1007/978-1-4615-1659-0_2,The Polis Codesign Framework,Harry HsiehFelice BalarinAlberto Sangiovanni-Vincentelli,the polis codesign framework,harry hsiehfelice balarinalberto sangiovanni vincentelli,2001,10.1007/978-1-4615-1659-0_2,Synchronous Equivalence,Chapter,https://link.springer.com/chapter/10.1007/978-1-4615-1659-0_2
springer,753,10.1007/3-540-45578-7_21,A Temporal Concurrent Constraint Programming Calculus,Catuscia PalamidessiFrank D. Valencia,a temporal concurrent constraint programming calculus,catuscia palamidessifrank d valencia,2001,10.1007/3-540-45578-7_21,Principles and Practice of Constraint Programming — CP 2001,Conference paper,https://link.springer.com/chapter/10.1007/3-540-45578-7_21
springer,754,10.1007/3-540-44798-9_10,Multiclock Esterel,Gérard BerryEllen Sentovich,multiclock esterel,gérard berryellen sentovich,2001,10.1007/3-540-44798-9_10,Correct Hardware Design and Verification Methods,Conference paper,https://link.springer.com/chapter/10.1007/3-540-44798-9_10
springer,755,10.1007/978-1-4757-6666-0_1,Synthesis and Optimization of Digital Hardware/Software Systems,Jürgen Teich,synthesis and optimization of digital hardware software systems,jürgen teich,2001,10.1007/978-1-4757-6666-0_1,System Design Automation,Chapter,https://link.springer.com/chapter/10.1007/978-1-4757-6666-0_1
springer,756,10.1007/3-540-45449-7_24,Hierarchical Approach for Design of Multi-vehicle Multi-modal Embedded Software,T. John KooJudy LiebmanCedric MaS. Shankar Sastry,hierarchical approach for design of multi vehicle multi modal embedded software,t john koojudy liebmancedric mas shankar sastry,2001,10.1007/3-540-45449-7_24,Embedded Software,Conference paper,https://link.springer.com/chapter/10.1007/3-540-45449-7_24
springer,757,10.1007/3-540-45449-7_12,Giotto: A Time-Triggered Language for Embedded Programming,Thomas A. HenzingerBenjamin HorowitzChristoph Meyer Kirsch,giotto a time triggered language for embedded programming,thomas a henzingerbenjamin horowitzchristoph meyer kirsch,2001,10.1007/3-540-45449-7_12,Embedded Software,Conference paper,https://link.springer.com/chapter/10.1007/3-540-45449-7_12
springer,758,10.1023/A:1008796718837,An Implementation of Constructive Synchronous Programs in POLIS,Gérard BerryEllen M. Sentovich,an implementation of constructive synchronous programs in polis,gérard berryellen m sentovich,2000,10.1023/A:1008796718837,Formal Methods in System Design,Article,https://link.springer.com/article/10.1023/A:1008796718837
springer,759,10.1007/978-1-4615-1659-0_3,Codesign Finite State Machines,Harry HsiehFelice BalarinAlberto Sangiovanni-Vincentelli,codesign finite state machines,harry hsiehfelice balarinalberto sangiovanni vincentelli,2001,10.1007/978-1-4615-1659-0_3,Synchronous Equivalence,Chapter,https://link.springer.com/chapter/10.1007/978-1-4615-1659-0_3
springer,760,10.1007/978-3-642-56450-5_13,Programmierung von vernetzten Prüfplätzen in PEARL 90 am Beispiel der Lebensdauerprüfung von Waschautomaten und Trocknern,Uwe HeinJoachim Jensch,programmierung von vernetzten prüfplätzen in pearl 90 am beispiel der lebensdauerprüfung von waschautomaten und trocknern,uwe heinjoachim jensch,2001,10.1007/978-3-642-56450-5_13,Echtzeitkommunikation und Ethernet/Internet,Conference paper,https://link.springer.com/chapter/10.1007/978-3-642-56450-5_13
springer,761,10.1007/PL00009135,Validierung Software-intensiver eingebetteter Systeme,Monika Müllerburg,validierung software intensiver eingebetteter systeme,monika müllerburg,2000,10.1007/PL00009135,Informatik Forschung und Entwicklung,Article,https://link.springer.com/article/10.1007/PL00009135
springer,762,10.1007/978-3-322-86798-8_6,Rechnernetze und Verteilte Systeme,Alexander Schill,rechnernetze und verteilte systeme,alexander schill,2001,10.1007/978-3-322-86798-8_6,Informatik für Ingenieure kompakt,Chapter,https://link.springer.com/chapter/10.1007/978-3-322-86798-8_6
springer,763,10.1007/3-540-44978-7_2,Deriving Pre-conditions for Array Bound Check Elimination,Wei-Ngan ChinSiau-Cheng KhooDana N. Xu,deriving pre conditions for array bound check elimination,wei ngan chinsiau cheng khoodana n xu,2001,10.1007/3-540-44978-7_2,Programs as Data Objects,Conference paper,https://link.springer.com/chapter/10.1007/3-540-44978-7_2
springer,764,10.1007/3-540-45441-1_22,A New UML Profile for Real-Time System Formal Design and Validation,L. ApvrilleP. de Saqui-SannesC. LohrP. SénacJ. -P. Courtiat,a new uml profile for real time system formal design and validation,l apvrillep de saqui sannesc lohrp sénacj p courtiat,2001,10.1007/3-540-45441-1_22,"≪UML≫ 2001 — The Unified Modeling Language. Modeling Languages, Concepts, and Tools",Conference paper,https://link.springer.com/chapter/10.1007/3-540-45441-1_22
springer,765,10.1007/BFb0110384,Modelling and analysis of hybrid dynamical systems,Arjan J. van der SchaftJohannes M. Schumacher,modelling and analysis of hybrid dynamical systems,arjan j van der schaftjohannes m schumacher,2001,10.1007/BFb0110384,Advances in the control of nonlinear systems,Conference paper,https://link.springer.com/chapter/10.1007/BFb0110384
springer,766,10.1007/978-0-387-35533-7_19,Modeling Distributed Embedded Systems In Multiclock Esterel,Basant RajanR. K. Shyamasundar,modeling distributed embedded systems in multiclock esterel,basant rajanr k shyamasundar,2000,10.1007/978-0-387-35533-7_19,Formal Methods for Distributed System Development,Chapter,https://link.springer.com/chapter/10.1007/978-0-387-35533-7_19
springer,767,10.1007/10722060_8,Static Worst-Case Execution Time Analysis of Synchronous Programs,Thomas Ringler,static worst case execution time analysis of synchronous programs,thomas ringler,2000,10.1007/10722060_8,Reliable Software Technologies Ada-Europe 2000,Conference paper,https://link.springer.com/chapter/10.1007/10722060_8
springer,768,10.1007/s001650050042,Hybrid Verifications of Reactive Programs,Olivier RouxVlad RusuFranck Cassez,hybrid verifications of reactive programs,olivier rouxvlad rusufranck cassez,1999,10.1007/s001650050042,Formal Aspects of Computing,Article,https://link.springer.com/article/10.1007/s001650050042
springer,769,10.1007/978-3-642-57199-2_6,Models of Computation for System Design,Luciano LavagnoAlberto Sangiovanni-VincentelliEllen M. Sentovich,models of computation for system design,luciano lavagnoalberto sangiovanni vincentelliellen m sentovich,2000,10.1007/978-3-642-57199-2_6,Architecture Design and Validation Methods,Chapter,https://link.springer.com/chapter/10.1007/978-3-642-57199-2_6
springer,770,10.1007/3-540-46562-6_40,Introducing Mutual Exclusion in Esterel,Klaus SchneiderViktor Sabelfeld,introducing mutual exclusion in esterel,klaus schneiderviktor sabelfeld,2000,10.1007/3-540-46562-6_40,Perspectives of System Informatics,Conference paper,https://link.springer.com/chapter/10.1007/3-540-46562-6_40
springer,771,10.1007/978-0-387-35520-7_15,Behavior Expression and OMDD,Yunming Wang,behavior expression and omdd,yunming wang,2000,10.1007/978-0-387-35520-7_15,Formal Methods for Open Object-Based Distributed Systems IV,Conference paper,https://link.springer.com/chapter/10.1007/978-0-387-35520-7_15
springer,772,10.1007/3-540-45352-0_18,Compositional Verification of Synchronous Networks,Leszek Holenderski,compositional verification of synchronous networks,leszek holenderski,2000,10.1007/3-540-45352-0_18,Formal Techniques in Real-Time and Fault-Tolerant Systems,Conference paper,https://link.springer.com/chapter/10.1007/3-540-45352-0_18
springer,773,10.1007/3-540-45352-0_14,A System for Object Code Validation,A. K. BhattacharjeeGopa SenS. D. DhodapkarK. KarunakarBasant RajanR. K. Shyamasundar,a system for object code validation,a k bhattacharjeegopa sens d dhodapkark karunakarbasant rajanr k shyamasundar,2000,10.1007/3-540-45352-0_14,Formal Techniques in Real-Time and Fault-Tolerant Systems,Conference paper,https://link.springer.com/chapter/10.1007/3-540-45352-0_14
springer,774,10.1007/978-1-4615-4359-6_3,Design Representation,Bassam TabbaraAbdallah TabbaraAlberto Sangiovanni-Vincentelli,design representation,bassam tabbaraabdallah tabbaraalberto sangiovanni vincentelli,2000,10.1007/978-1-4615-4359-6_3,Function/Architecture Optimization and Co-Design of Embedded Systems,Chapter,https://link.springer.com/chapter/10.1007/978-1-4615-4359-6_3
springer,775,10.1007/3-540-45352-0_1,Stability of Discrete Sampled Systems,N. HalbwachsJ. -F. HéryJ. -C. LaleufX. Nicollin,stability of discrete sampled systems,n halbwachsj f héryj c laleufx nicollin,2000,10.1007/3-540-45352-0_1,Formal Techniques in Real-Time and Fault-Tolerant Systems,Conference paper,https://link.springer.com/chapter/10.1007/3-540-45352-0_1
springer,776,10.1007/978-3-642-57199-2_1,"Modeling and Synthesis of Behavior, Control and Data Flow",Raul CamposanoAndrew SeawrightJoseph Buck,modeling and synthesis of behavior control and data flow,raul camposanoandrew seawrightjoseph buck,2000,10.1007/978-3-642-57199-2_1,Architecture Design and Validation Methods,Chapter,https://link.springer.com/chapter/10.1007/978-3-642-57199-2_1
springer,777,10.1007/978-1-4615-4437-1_3,System Representation Model,Filip ThoenFrancky Catthoor,system representation model,filip thoenfrancky catthoor,2000,10.1007/978-1-4615-4437-1_3,"Modeling, Verification and Exploration of Task-Level Concurrency in Real-Time Embedded Systems",Chapter,https://link.springer.com/chapter/10.1007/978-1-4615-4437-1_3
springer,778,10.1007/978-94-011-4698-2_2,Models of Computation for Embedded System Design,Luciano LavagnoAlberto Sangiovanni-VincentelliEllen Sentovich,models of computation for embedded system design,luciano lavagnoalberto sangiovanni vincentelliellen sentovich,1999,10.1007/978-94-011-4698-2_2,System-Level Synthesis,Chapter,https://link.springer.com/chapter/10.1007/978-94-011-4698-2_2
springer,779,10.1007/BFb0109999,Modeling of hybrid systems,Arjan van der SchaftHans Schumacher,modeling of hybrid systems,arjan van der schafthans schumacher,2000,10.1007/BFb0109999,An introduction to hybrid dynamical systems,Chapter,https://link.springer.com/chapter/10.1007/BFb0109999
springer,780,10.1007/3-540-48166-4_23,The CIP Method: Component- and Model-Based Construction of Embedded Systems,Hugo Fierz,the cip method component and model based construction of embedded systems,hugo fierz,1999,10.1007/3-540-48166-4_23,Software Engineering — ESEC/FSE ’99,Conference paper,https://link.springer.com/chapter/10.1007/3-540-48166-4_23
springer,781,10.1007/978-0-387-35570-2_3,From Synchronous Specifications to Asynchronous Distributed Implementations,Peter Scholz,from synchronous specifications to asynchronous distributed implementations,peter scholz,1999,10.1007/978-0-387-35570-2_3,Distributed and Parallel Embedded Systems,Chapter,https://link.springer.com/chapter/10.1007/978-0-387-35570-2_3
springer,782,10.1007/978-3-7091-6421-1_38,Considerations on a LonWorks/IP Gateway Implementation,Stefan SoucekHans-Jörg Schweinzer,considerations on a lonworks ip gateway implementation,stefan soucekhans jörg schweinzer,1999,10.1007/978-3-7091-6421-1_38,Fieldbus Technology,Conference paper,https://link.springer.com/chapter/10.1007/978-3-7091-6421-1_38
springer,783,10.1007/978-1-4471-0823-8_9,Code generation in the SACRES project,Thierry GautierPaul Le Guernic,code generation in the sacres project,thierry gautierpaul le guernic,1999,10.1007/978-1-4471-0823-8_9,Towards System Safety,Conference paper,https://link.springer.com/chapter/10.1007/978-1-4471-0823-8_9
springer,784,10.1007/978-0-387-35570-2_16,"PARADISE: Design Environment for Para llel & Dis tributed, E mbedded Real-Time Systems",W. HardtP. AltenberndC. BökeG. Del CastilloC. DitzeE. ErpenbachU. GlässerB. KleinjohannG. LehrenfeldF. J. RammigC. RustF. StappertJ. StroopJ. Tacken,paradise design environment for para llel dis tributed e mbedded real time systems,w hardtp altenberndc bökeg del castilloc ditzee erpenbachu glässerb kleinjohanng lehrenfeldf j rammigc rustf stappertj stroopj tacken,1999,10.1007/978-0-387-35570-2_16,Distributed and Parallel Embedded Systems,Chapter,https://link.springer.com/chapter/10.1007/978-0-387-35570-2_16
springer,785,10.1007/3-540-48983-5_1,SACRES: A Step Ahead in the Development of Critical Avionics Applications,Philippe Baufreton,sacres a step ahead in the development of critical avionics applications,philippe baufreton,1999,10.1007/3-540-48983-5_1,Hybrid Systems: Computation and Control,Conference paper,https://link.springer.com/chapter/10.1007/3-540-48983-5_1
springer,786,10.1007/978-94-011-4698-2_3,Multilanguage Specification for System Design,A. A. JerrayaM. RomdhaniPh. Le MarrecF. HesselP. CosteC. ValderramaG. F. MarchioroJ. M. DaveauN.-E. Zergainoh,multilanguage specification for system design,a a jerrayam romdhaniph le marrecf hesselp costec valderramag f marchioroj m daveaun e zergainoh,1999,10.1007/978-94-011-4698-2_3,System-Level Synthesis,Chapter,https://link.springer.com/chapter/10.1007/978-94-011-4698-2_3
springer,787,10.1007/978-0-387-35570-2_2,Multilanguage Design,Bernd Kleinjohann,multilanguage design,bernd kleinjohann,1999,10.1007/978-0-387-35570-2_2,Distributed and Parallel Embedded Systems,Chapter,https://link.springer.com/chapter/10.1007/978-0-387-35570-2_2
springer,788,10.1007/3-540-48118-4_23,Combining theorem proving and continuous models in synchronous design,Simin Nadjm-TehraniOve Åkerlund,combining theorem proving and continuous models in synchronous design,simin nadjm tehraniove åkerlund,1999,10.1007/3-540-48118-4_23,FM’99 — Formal Methods,Conference paper,https://link.springer.com/chapter/10.1007/3-540-48118-4_23
springer,789,10.1007/978-94-011-4698-2_12,Models and Methods for HW/SW Intellectual Property Interfacing,Ross B. OrtegaLuciano LavagnoGaetano Borriello,models and methods for hw sw intellectual property interfacing,ross b ortegaluciano lavagnogaetano borriello,1999,10.1007/978-94-011-4698-2_12,System-Level Synthesis,Chapter,https://link.springer.com/chapter/10.1007/978-94-011-4698-2_12
springer,790,10.1007/978-1-4471-0851-1_12,A Modular Framework for the Integration of Heterogeneous Notations and Tools,Robert BüssowWolfgang Grieskamp,a modular framework for the integration of heterogeneous notations and tools,robert büssowwolfgang grieskamp,1999,10.1007/978-1-4471-0851-1_12,IFM’99,Conference paper,https://link.springer.com/chapter/10.1007/978-1-4471-0851-1_12
springer,791,10.1007/3-540-48983-5_19,Integration of Analog and Discrete Synchronous Design,Simin Nadjm-Tehrani,integration of analog and discrete synchronous design,simin nadjm tehrani,1999,10.1007/3-540-48983-5_19,Hybrid Systems: Computation and Control,Conference paper,https://link.springer.com/chapter/10.1007/3-540-48983-5_19
springer,792,10.1007/3-540-48092-7_11,Translation Validation: From SIGNAL to C,A. PnueliO. ShtrichmanM. Siegel,translation validation from signal to c,a pnuelio shtrichmanm siegel,1999,10.1007/3-540-48092-7_11,Correct System Design,Chapter,https://link.springer.com/chapter/10.1007/3-540-48092-7_11
springer,793,10.1007/978-94-011-4698-2_11,The Javatime Approach to Mixed Hardware-Software System Design,James Shin YoungJosh MacDonaldMichael ShilmanAbdallah TabbaraPaul HilfingerA. Richard Newton,the javatime approach to mixed hardware software system design,james shin youngjosh macdonaldmichael shilmanabdallah tabbarapaul hilfingera richard newton,1999,10.1007/978-94-011-4698-2_11,System-Level Synthesis,Chapter,https://link.springer.com/chapter/10.1007/978-94-011-4698-2_11
springer,794,10.1007/3-540-49163-5_13,Time-Deterministic Hybrid Transition Systems,Simin Nadjm-Tehrani,time deterministic hybrid transition systems,simin nadjm tehrani,1999,10.1007/3-540-49163-5_13,Hybrid Systems V,Conference paper,https://link.springer.com/chapter/10.1007/3-540-49163-5_13
springer,795,10.1023/A:1008890323570,Rapid-Prototyping of Embedded Systems via Reprogrammable Devices,Stefano CardelliMassimiliano ChiodoPaolo GiustoAttila JurecskaLuciano LavagnoClaudio SansoèAlberto Sangiovanni-Vincentelli,rapid prototyping of embedded systems via reprogrammable devices,stefano cardellimassimiliano chiodopaolo giustoattila jurecskaluciano lavagnoclaudio sansoèalberto sangiovanni vincentelli,1998,10.1023/A:1008890323570,Design Automation for Embedded Systems,Article,https://link.springer.com/article/10.1023/A:1008890323570
springer,796,10.1007/3-540-48320-9_28,Statecharts via Process Algebra,Gerald LüttgenMichael von der BeeckRance Cleaveland,statecharts via process algebra,gerald lüttgenmichael von der beeckrance cleaveland,1999,10.1007/3-540-48320-9_28,CONCUR’99 Concurrency Theory,Conference paper,https://link.springer.com/chapter/10.1007/3-540-48320-9_28
springer,797,10.1007/3-540-48092-7_12,Compilation and Synthesis for Real-Time Embedded Controllers,Martin Fränzle1Markus Müller-Olm,compilation and synthesis for real time embedded controllers,martin fränzle1markus müller olm,1999,10.1007/3-540-48092-7_12,Correct System Design,Chapter,https://link.springer.com/chapter/10.1007/3-540-48092-7_12
springer,798,10.1007/s100090050027,"The Code Validation Tool (CVT)
",A. PnueliO. ShtrichmanM. Siegel,the code validation tool cvt,a pnuelio shtrichmanm siegel,1998,10.1007/s100090050027,International Journal on Software Tools for Technology Transfer,Article,https://link.springer.com/article/10.1007/s100090050027
springer,799,10.1007/978-1-4471-3431-2_6,Real-Time and Safety-Critical Systems,Jonathan OstroffSusan GerhartDan CraigenTed RalstonNancy G. LevesonJonathan BowenVictoria Stavridou,real time and safety critical systems,jonathan ostroffsusan gerhartdan craigented ralstonnancy g levesonjonathan bowenvictoria stavridou,1999,10.1007/978-1-4471-3431-2_6,High-Integrity System Specification and Design,Chapter,https://link.springer.com/chapter/10.1007/978-1-4471-3431-2_6
springer,800,10.1007/978-1-4471-0855-9_10,Grafcet: Methodological and Formal Issues,J. ZaytoonG. Villermain-Lecolier,grafcet methodological and formal issues,j zaytoong villermain lecolier,1999,10.1007/978-1-4471-0855-9_10,Advances in Manufacturing,Conference paper,https://link.springer.com/chapter/10.1007/978-1-4471-0855-9_10
springer,801,10.1023/A:1008651801000,Formal Verification of Dynamic Properties in an Aerospace Application,Simin Nadjm-TehraniJan-Erik Strömberg,formal verification of dynamic properties in an aerospace application,simin nadjm tehranijan erik strömberg,1999,10.1023/A:1008651801000,Formal Methods in System Design,Article,https://link.springer.com/article/10.1023/A:1008651801000
springer,802,10.1007/3-540-48683-6_39,Deciding Equality Formulas by Small Domains Instantiations,Amir PnueliYoav RodehOfer ShtrichmanMichael Siegel,deciding equality formulas by small domains instantiations,amir pnueliyoav rodehofer shtrichmanmichael siegel,1999,10.1007/3-540-48683-6_39,Computer Aided Verification,Conference paper,https://link.springer.com/chapter/10.1007/3-540-48683-6_39
springer,803,10.1007/BFb0028726,Synchronous programming of reactive systems,Nicolas Halbwachs,synchronous programming of reactive systems,nicolas halbwachs,1998,10.1007/BFb0028726,Computer Aided Verification,Conference paper,https://link.springer.com/chapter/10.1007/BFb0028726
springer,804,10.1007/3-540-49213-5_3,Compositionality in dataflow synchronous languages: specification & code generation,Albert BenvenistePaul Le GuernicPascal Aubry,compositionality in dataflow synchronous languages specification code generation,albert benvenistepaul le guernicpascal aubry,1998,10.1007/3-540-49213-5_3,Compositionality: The Significant Difference,Conference paper,https://link.springer.com/chapter/10.1007/3-540-49213-5_3
springer,805,10.1023/A:1008697810328,The Synchronous Approach to Designing Reactive Systems,Axel PoignéMatthew MorleyOlivier MaffeïsLeszek HolenderskiReinhard Budde,the synchronous approach to designing reactive systems,axel poignématthew morleyolivier maffeïsleszek holenderskireinhard budde,1998,10.1023/A:1008697810328,Formal Methods in System Design,Article,https://link.springer.com/article/10.1023/A:1008697810328
springer,806,10.1007/978-1-4471-3431-2_1,Specification and Design,Frederick P. BrooksDavid Harel,specification and design,frederick p brooksdavid harel,1999,10.1007/978-1-4471-3431-2_1,High-Integrity System Specification and Design,Chapter,https://link.springer.com/chapter/10.1007/978-1-4471-3431-2_1
springer,807,10.1007/3-540-65193-4_22,A modular approach for programming embedded systems,Shangping RenGul A. Agha,a modular approach for programming embedded systems,shangping rengul a agha,1998,10.1007/3-540-65193-4_22,Lectures on Embedded Systems,Chapter,https://link.springer.com/chapter/10.1007/3-540-65193-4_22
springer,808,10.1007/BFb0053584,Specifying safety-critical embedded systems with statecharts and Z: A case study,Robert BüssowRobert GeislerMarcus Klar,specifying safety critical embedded systems with statecharts and z a case study,robert büssowrobert geislermarcus klar,1998,10.1007/BFb0053584,Fundamental Approaches to Software Engineering,Conference paper,https://link.springer.com/chapter/10.1007/BFb0053584
springer,809,10.1007/BFb0054170,Translation validation,A. PnueliM. SiegelE. Singerman,translation validation,a pnuelim siegele singerman,1998,10.1007/BFb0054170,Tools and Algorithms for the Construction and Analysis of Systems,Conference paper,https://link.springer.com/chapter/10.1007/BFb0054170
springer,810,10.1007/3-540-68383-6_29,Architecting for Domain Variability,Jacques MeekelThomas B. HortonCharlie Mellone,architecting for domain variability,jacques meekelthomas b hortoncharlie mellone,1998,10.1007/3-540-68383-6_29,Development and Evolution of Software Architectures for Product Families,Conference paper,https://link.springer.com/chapter/10.1007/3-540-68383-6_29
springer,811,10.1007/BFb0053597,A refinement calculus for statecharts,Peter Scholz,a refinement calculus for statecharts,peter scholz,1998,10.1007/BFb0053597,Fundamental Approaches to Software Engineering,Conference paper,https://link.springer.com/chapter/10.1007/BFb0053597
springer,812,10.1007/3-540-49254-2_11,Formal Verification and Hardware Design with Statecharts,Jan PhilippsPeter Scholz,formal verification and hardware design with statecharts,jan philippspeter scholz,1998,10.1007/3-540-49254-2_11,Prospects for Hardware Foundations,Chapter,https://link.springer.com/chapter/10.1007/3-540-49254-2_11
springer,813,10.1007/978-0-387-35390-6_32,An Approach for Real-Time Applications Engineering,A. Attoui,an approach for real time applications engineering,a attoui,1998,10.1007/978-0-387-35390-6_32,Intelligent Systems for Manufacturing,Chapter,https://link.springer.com/chapter/10.1007/978-0-387-35390-6_32
springer,814,10.1007/3-540-68061-6_11,Instrumentation of Synchronous Reactive Systems for Performance Analysis: A Case Study,Alberto ValderrutenJavier MosqueraVíctor M. Gulías,instrumentation of synchronous reactive systems for performance analysis a case study,alberto valderrutenjavier mosqueravíctor m gulías,1998,10.1007/3-540-68061-6_11,Computer Performance Evaluation,Conference paper,https://link.springer.com/chapter/10.1007/3-540-68061-6_11
springer,815,10.1023/A:1008678014487,Verification of Real-Time Systems using Linear Relation Analysis,Nicolas HalbwachsYann-Erick ProyPatrick Roumanoff,verification of real time systems using linear relation analysis,nicolas halbwachsyann erick proypatrick roumanoff,1997,10.1023/A:1008678014487,Formal Methods in System Design,Article,https://link.springer.com/article/10.1023/A:1008678014487
springer,816,10.1007/3-540-49253-4_10,Effective Recognizability and Model Checking of Reactive Fiffo Automata,Gregoire SutreAlain FinkelOlivier RouxFranck Cassez,effective recognizability and model checking of reactive fiffo automata,gregoire sutrealain finkelolivier rouxfranck cassez,1998,10.1007/3-540-49253-4_10,Algebraic Methodology and Software Technology,Conference paper,https://link.springer.com/chapter/10.1007/3-540-49253-4_10
springer,817,10.1007/s100090050007,"Real-time system = discrete system + clock variables
",Rajeev AlurThomas A.,real time system discrete system clock variables,rajeev alurthomas a,1997,10.1007/s100090050007,International Journal on Software Tools for Technology Transfer,Article,https://link.springer.com/article/10.1007/s100090050007
springer,818,10.1007/BFb0030631,Compositional specification of embedded systems with Statecharts,Jan PhilippsPeter Scholz,compositional specification of embedded systems with statecharts,jan philippspeter scholz,1997,10.1007/BFb0030631,TAPSOFT '97: Theory and Practice of Software Development,Conference paper,https://link.springer.com/chapter/10.1007/BFb0030631
springer,819,10.1007/BFb0036081,Embedded system design and hybrid systems,A. Sangiovanni-Vincentelli,embedded system design and hybrid systems,a sangiovanni vincentelli,1997,10.1007/BFb0036081,Control Using Logic-Based Switching,Conference paper,https://link.springer.com/chapter/10.1007/BFb0036081
springer,820,10.1007/BF02700034,Techniques for critical path reduction of scalar programs,Michael SchlanskerVinod Kathail,techniques for critical path reduction of scalar programs,michael schlanskervinod kathail,1997,10.1007/BF02700034,International Journal of Parallel Programming,Article,https://link.springer.com/article/10.1007/BF02700034
springer,821,10.1007/3-540-49213-5_8,A Compositional Real-time Semantics of STATEMATE Designs,Werner DammBernhard JoskoHardi HungarAmir Pnueli,a compositional real time semantics of statemate designs,werner dammbernhard joskohardi hungaramir pnueli,1998,10.1007/3-540-49213-5_8,Compositionality: The Significant Difference,Conference paper,https://link.springer.com/chapter/10.1007/3-540-49213-5_8
springer,822,10.1007/978-1-4471-0937-2_6,Formal Verification as a Design Tool - The Transponder Lock Example,R. BuddeA. MerceronK.-H. Sylla,formal verification as a design tool the transponder lock example,r buddea merceronk h sylla,1997,10.1007/978-1-4471-0937-2_6,Safe Comp 96,Conference paper,https://link.springer.com/chapter/10.1007/978-1-4471-0937-2_6
springer,823,10.1023/A:1007962132663,High Accuracy Concurrent Event Processing in Hard Real-Time Systems,Wolfgang A. HalangMarkus Wannemacher,high accuracy concurrent event processing in hard real time systems,wolfgang a halangmarkus wannemacher,1997,10.1023/A:1007962132663,Real-Time Systems,Article,https://link.springer.com/article/10.1023/A:1007962132663
springer,824,10.1023/A:1007930622942,Heterogeneous Simulation—Mixing Discrete-Event Models with Dataflow,Wan-Teh ChangSoonhoi HaEdward A. Lee,heterogeneous simulation mixing discrete event models with dataflow,wan teh changsoonhoi haedward a lee,1997,10.1023/A:1007930622942,"Journal of VLSI signal processing systems for signal, image and video technology",Article,https://link.springer.com/article/10.1023/A:1007930622942
springer,825,10.1007/3-540-63010-4_9,Communication concepts for statecharts: A semantic foundation,Peter ScholzDieter Nazareth,communication concepts for statecharts a semantic foundation,peter scholzdieter nazareth,1997,10.1007/3-540-63010-4_9,Transformation-Based Reactive Systems Development,Conference paper,https://link.springer.com/chapter/10.1007/3-540-63010-4_9
springer,826,10.1007/978-1-4615-6127-9_2,Models and Representations,Felice BalarinMassimiliano ChiodoPaolo GiustoHarry HsiehAttila JurecskaLuciano LavagnoClaudio PasseroneAlberto Sangiovanni-VincentelliEllen SentovichKei SuzukiBassam Tabbara,models and representations,felice balarinmassimiliano chiodopaolo giustoharry hsiehattila jurecskaluciano lavagnoclaudio passeronealberto sangiovanni vincentelliellen sentovichkei suzukibassam tabbara,1997,10.1007/978-1-4615-6127-9_2,Hardware-Software Co-Design of Embedded Systems,Chapter,https://link.springer.com/chapter/10.1007/978-1-4615-6127-9_2
springer,827,10.1007/978-0-387-35064-6_18,VHDL generation from SDL specifications,Jean-Marc DaveauGilberto Fernandes MarchioroCarlos Alberto ValderramaAhmed Amine Jerraya,vhdl generation from sdl specifications,jean marc daveaugilberto fernandes marchiorocarlos alberto valderramaahmed amine jerraya,1997,10.1007/978-0-387-35064-6_18,Hardware Description Languages and their Applications,Chapter,https://link.springer.com/chapter/10.1007/978-0-387-35064-6_18
springer,828,10.1007/BFb0035376,"Hardware and software synthesis, optimization, and verification from Esterel programs",Gérard Berry,hardware and software synthesis optimization and verification from esterel programs,gérard berry,1997,10.1007/BFb0035376,Tools and Algorithms for the Construction and Analysis of Systems,Conference paper,https://link.springer.com/chapter/10.1007/BFb0035376
springer,829,10.1007/978-1-4615-6127-9_1,Introduction,Felice BalarinMassimiliano ChiodoPaolo GiustoHarry HsiehAttila JurecskaLuciano LavagnoClaudio PasseroneAlberto Sangiovanni-VincentelliEllen SentovichKei SuzukiBassam Tabbara,introduction,felice balarinmassimiliano chiodopaolo giustoharry hsiehattila jurecskaluciano lavagnoclaudio passeronealberto sangiovanni vincentelliellen sentovichkei suzukibassam tabbara,1997,10.1007/978-1-4615-6127-9_1,Hardware-Software Co-Design of Embedded Systems,Chapter,https://link.springer.com/chapter/10.1007/978-1-4615-6127-9_1
springer,830,10.1007/978-1-4757-2629-9_3,Cosmos: An SDL Based Hardware/Software Codesign Environment,J. M. DaveauG. F. MarchioroT. Ben-IsmailA. A. Jerraya,cosmos an sdl based hardware software codesign environment,j m daveaug f marchiorot ben ismaila a jerraya,1997,10.1007/978-1-4757-2629-9_3,Hardware/Software Co-Design and Co-Verification,Chapter,https://link.springer.com/chapter/10.1007/978-1-4757-2629-9_3
springer,831,10.1007/978-1-4471-0975-4_15,SACRES — Formalism for Real Projects,Alvery Grazebrook,sacres formalism for real projects,alvery grazebrook,1997,10.1007/978-1-4471-0975-4_15,Safer Systems,Conference paper,https://link.springer.com/chapter/10.1007/978-1-4471-0975-4_15
springer,832,10.1007/978-1-4615-6127-9_5,Verification,Felice BalarinMassimiliano ChiodoPaolo GiustoHarry HsiehAttila JurecskaLuciano LavagnoClaudio PasseroneAlberto Sangiovanni-VincentelliEllen SentovichKei SuzukiBassam Tabbara,verification,felice balarinmassimiliano chiodopaolo giustoharry hsiehattila jurecskaluciano lavagnoclaudio passeronealberto sangiovanni vincentelliellen sentovichkei suzukibassam tabbara,1997,10.1007/978-1-4615-6127-9_5,Hardware-Software Co-Design of Embedded Systems,Chapter,https://link.springer.com/chapter/10.1007/978-1-4615-6127-9_5
springer,833,10.1007/978-1-4757-2649-7_6,Design Specification and Verification,J. Staunstrup,design specification and verification,j staunstrup,1997,10.1007/978-1-4757-2649-7_6,Hardware/Software Co-Design: Principles and Practice,Chapter,https://link.springer.com/chapter/10.1007/978-1-4757-2649-7_6
springer,834,10.1007/978-1-4615-6295-5_6,Hardware/Software System Design Based on the MCSE Methodology,J. P. CalvezO. PasquierD. Heller,hardware software system design based on the mcse methodology,j p calvezo pasquierd heller,1997,10.1007/978-1-4615-6295-5_6,Models in System Design,Chapter,https://link.springer.com/chapter/10.1007/978-1-4615-6295-5_6
springer,835,10.1007/978-1-4757-2574-2_8,Combinatorial Criteria Over Graphs of Specification to Decide Synthesis by Sequential Circuits,Y. P. TisonP. Simonnet,combinatorial criteria over graphs of specification to decide synthesis by sequential circuits,y p tisonp simonnet,1997,10.1007/978-1-4757-2574-2_8,Embedded System Applications,Chapter,https://link.springer.com/chapter/10.1007/978-1-4757-2574-2_8
springer,836,10.1007/BFb0002882,Task-system analysis using slope-parametric hybrid automata,Augusto BurgueñoVlad Rusu,task system analysis using slope parametric hybrid automata,augusto burgueñovlad rusu,1997,10.1007/BFb0002882,Euro-Par'97 Parallel Processing,Conference paper,https://link.springer.com/chapter/10.1007/BFb0002882
springer,837,10.1007/978-1-4615-6127-9_3,Synthesis,Felice BalarinMassimiliano ChiodoPaolo GiustoHarry HsiehAttila JurecskaLuciano LavagnoClaudio PasseroneAlberto Sangiovanni-VincentelliEllen SentovichKei SuzukiBassam Tabbara,synthesis,felice balarinmassimiliano chiodopaolo giustoharry hsiehattila jurecskaluciano lavagnoclaudio passeronealberto sangiovanni vincentelliellen sentovichkei suzukibassam tabbara,1997,10.1007/978-1-4615-6127-9_3,Hardware-Software Co-Design of Embedded Systems,Chapter,https://link.springer.com/chapter/10.1007/978-1-4615-6127-9_3
springer,838,10.1007/3-540-63141-0_6,Modularity for timed and hybrid systems,Rajeev AlurThomas A. Henzinger,modularity for timed and hybrid systems,rajeev alurthomas a henzinger,1997,10.1007/3-540-63141-0_6,CONCUR '97: Concurrency Theory,Conference paper,https://link.springer.com/chapter/10.1007/3-540-63141-0_6
springer,839,10.1007/BF00134682,Embedded system design,Raul CamposanoJörg Wilberg,embedded system design,raul camposanojörg wilberg,1996,10.1007/BF00134682,Design Automation for Embedded Systems,Article,https://link.springer.com/article/10.1007/BF00134682
springer,840,10.1007/BF00383386,Predictability of a RTX2000-based implementation,Charles AndréMarie-Agnès Péraldi,predictability of a rtx2000 based implementation,charles andrémarie agnès péraldi,1996,10.1007/BF00383386,Real-Time Systems,Article,https://link.springer.com/article/10.1007/BF00383386
springer,841,10.1007/BF00133302,A CoDesign case study with the MCSE methodology,Jean Paul Calvez,a codesign case study with the mcse methodology,jean paul calvez,1996,10.1007/BF00133302,Design Automation for Embedded Systems,Article,https://link.springer.com/article/10.1007/BF00133302
springer,842,10.1007/978-94-009-0187-2_10,Embedded System Co-Design,G. BorrielloP. ChouR. Ortega,embedded system co design,g borriellop chour ortega,1996,10.1007/978-94-009-0187-2_10,Hardware/Software Co-Design,Chapter,https://link.springer.com/chapter/10.1007/978-94-009-0187-2_10
springer,843,10.1007/BF00134684,A co-synthesis approach to embedded system design automation,Rajesh K. GupGiovanni de Micheli,a co synthesis approach to embedded system design automation,rajesh k gupgiovanni de micheli,1996,10.1007/BF00134684,Design Automation for Embedded Systems,Article,https://link.springer.com/article/10.1007/BF00134684
springer,844,10.1007/978-94-009-0187-2_9,Embedded System Co-Design,Luciano LavagnoAlberto Sangiovanni-VincentelliHarry Hsieh,embedded system co design,luciano lavagnoalberto sangiovanni vincentelliharry hsieh,1996,10.1007/978-94-009-0187-2_9,Hardware/Software Co-Design,Chapter,https://link.springer.com/chapter/10.1007/978-94-009-0187-2_9
springer,845,10.1007/978-94-009-0187-2_8,Effective Heterogenous Design and Co-Simulation,W-T. ChangA. KalavadeE. A. Lee,effective heterogenous design and co simulation,w t changa kalavadee a lee,1996,10.1007/978-94-009-0187-2_8,Hardware/Software Co-Design,Chapter,https://link.springer.com/chapter/10.1007/978-94-009-0187-2_8
springer,846,10.1007/BF00122418,"A formal approach to reactive systems software: A telecommunications application in E<span>sterel</span>
",Lalita Jategaonkar JagadeesanCarlos PucholJames E. Von Olnhausen,a formal approach to reactive systems software a telecommunications application in e sterel,lalita jategaonkar jagadeesancarlos pucholjames e von olnhausen,1996,10.1007/BF00122418,Formal Methods in System Design,Article,https://link.springer.com/article/10.1007/BF00122418
springer,847,10.1007/BF00402649,Systematic testing and formal verification to validate reactive programs,Monika MüllerburgLeszek HolenderskiOlivier MaffeisAgathe MerceronMatthew Morley,systematic testing and formal verification to validate reactive programs,monika müllerburgleszek holenderskiolivier maffeisagathe merceronmatthew morley,1995,10.1007/BF00402649,Software Quality Journal,Article,https://link.springer.com/article/10.1007/BF00402649
springer,848,10.1007/BFb0020935,"Hybrid cc, hybrid automata and program verification",Vineet GuptaRadha JagadeesanVijay Saraswat,hybrid cc hybrid automata and program verification,vineet guptaradha jagadeesanvijay saraswat,1996,10.1007/BFb0020935,Hybrid Systems III,Conference paper,https://link.springer.com/chapter/10.1007/BFb0020935
springer,849,10.1007/3-540-60973-3_101,Experiences in embedded scheduling,David M. Jackson,experiences in embedded scheduling,david m jackson,1996,10.1007/3-540-60973-3_101,FME'96: Industrial Benefit and Advances in Formal Methods,Conference paper,https://link.springer.com/chapter/10.1007/3-540-60973-3_101
springer,850,10.1007/978-3-322-90480-5_14,CAN für Echtzeitanwendungen in der Verpakkungsindustrie,W. Schulze,can für echtzeitanwendungen in der verpakkungsindustrie,w schulze,1996,10.1007/978-3-322-90480-5_14,Echtzeitsysteme und objektorientierter Entwurf,Chapter,https://link.springer.com/chapter/10.1007/978-3-322-90480-5_14
springer,851,10.1007/978-0-387-35079-0_6,Formal description techniques - how formal and descriptive are they?,M. Broy,formal description techniques how formal and descriptive are they,m broy,1996,10.1007/978-0-387-35079-0_6,Formal Description Techniques IX,Chapter,https://link.springer.com/chapter/10.1007/978-0-387-35079-0_6
springer,852,10.1007/978-1-4613-1309-0_1,A System Specification Model and Method,Jean-Paul Calvez,a system specification model and method,jean paul calvez,1996,10.1007/978-1-4613-1309-0_1,High-Level System Modeling,Chapter,https://link.springer.com/chapter/10.1007/978-1-4613-1309-0_1
springer,853,10.1007/978-1-4613-1349-6_1,Object Orientation: Modeling and Design Paradigms for the Year 2000?,Wolfgang EckerMichael Mrva,object orientation modeling and design paradigms for the year 2000,wolfgang eckermichael mrva,1996,10.1007/978-1-4613-1349-6_1,Object-Oriented Modeling,Chapter,https://link.springer.com/chapter/10.1007/978-1-4613-1349-6_1
springer,854,10.1007/BFb0027228,The steam boiler case study: Competition of formal program specification and development methods,Jean-Raymond AbrialEgon BörgerHans Langmaack,the steam boiler case study competition of formal program specification and development methods,jean raymond abrialegon börgerhans langmaack,1996,10.1007/BFb0027228,Formal Methods for Industrial Applications,Chapter,https://link.springer.com/chapter/10.1007/BFb0027228
springer,855,10.1007/978-0-387-34892-6_13,"Validation, verification and implementation of timed protocols using AORTA",S. BradleyW. D. HendersonD. KendallA. P. Robson,validation verification and implementation of timed protocols using aorta,s bradleyw d hendersond kendalla p robson,1996,10.1007/978-0-387-34892-6_13,"Protocol Specification, Testing and Verification XV",Chapter,https://link.springer.com/chapter/10.1007/978-0-387-34892-6_13
springer,856,10.1007/978-1-4613-1453-0_3,An Integrated Testbed for Wireless Multimedia Computing,Charles ChienSean NazarethPaul LettieriStephen MolloyBrian SchonerWalter A. BoringJoey ChenChristopher DengWilliam H. Mangione-SmithRajeev Jain,an integrated testbed for wireless multimedia computing,charles chiensean nazarethpaul lettieristephen molloybrian schonerwalter a boringjoey chenchristopher dengwilliam h mangione smithrajeev jain,1996,10.1007/978-1-4613-1453-0_3,Technologies for Wireless Computing,Chapter,https://link.springer.com/chapter/10.1007/978-1-4613-1453-0_3
springer,857,10.1007/3-540-58867-1_49,Esterel,Reinhard Budde,esterel,reinhard budde,1995,10.1007/3-540-58867-1_49,Formal Development of Reactive Systems,Chapter,https://link.springer.com/chapter/10.1007/3-540-58867-1_49
springer,858,10.1007/BF02743937,Design of software for safety critical systems,R K Shyamasundar,design of software for safety critical systems,r k shyamasundar,1994,10.1007/BF02743937,Sadhana,Article,https://link.springer.com/article/10.1007/BF02743937
springer,859,10.1007/3-540-60406-5_8,Instrumentation of Synchronous Reactive Models for performance engineering,Alberto Valderruten VidalManuel Vilares FerroJorge Graña Gil,instrumentation of synchronous reactive models for performance engineering,alberto valderruten vidalmanuel vilares ferrojorge graña gil,1995,10.1007/3-540-60406-5_8,Software Engineering — ESEC '95,Conference paper,https://link.springer.com/chapter/10.1007/3-540-60406-5_8
springer,860,10.1007/BF01094341,Tools for specifying real-time systems,Giacomo BucciMaurizio CampanaiPaolo Nesi,tools for specifying real time systems,giacomo buccimaurizio campanaipaolo nesi,1995,10.1007/BF01094341,Real-Time Systems,Article,https://link.springer.com/article/10.1007/BF01094341
springer,861,10.1007/3-540-58485-4_40,About synchronous programming and abstract interpretation,Nicolas Halbwachs,about synchronous programming and abstract interpretation,nicolas halbwachs,1994,10.1007/3-540-58485-4_40,Static Analysis,Conference paper,https://link.springer.com/chapter/10.1007/3-540-58485-4_40
springer,862,10.1007/3-540-58426-9_124,Formal semantics for Ward & Mellor's transformation schemas and the specification of fault-tolerant systems,Carsta PetersohnCornelis HuizingJan PeleskaWillem-Paul de Roever,formal semantics for ward mellor s transformation schemas and the specification of fault tolerant systems,carsta petersohncornelis huizingjan peleskawillem paul de roever,1994,10.1007/3-540-58426-9_124,Dependable Computing — EDCC-1,Conference paper,https://link.springer.com/chapter/10.1007/3-540-58426-9_124
springer,863,10.1007/978-1-4471-3240-0_2,Formal Semantics for Ward & Mellor’s Transformation Schemas,Carsta PetersohnWillem-Paul de RoeverCornelis HuizingJan Peleska,formal semantics for ward mellor s transformation schemas,carsta petersohnwillem paul de roevercornelis huizingjan peleska,1994,10.1007/978-1-4471-3240-0_2,6th Refinement Workshop,Conference paper,https://link.springer.com/chapter/10.1007/978-1-4471-3240-0_2
springer,864,10.1007/BF02995472,A survey on industrial communication networks,Jean-Dominique DecotigniePatrick Pleinevaux,a survey on industrial communication networks,jean dominique decotigniepatrick pleinevaux,1993,10.1007/BF02995472,Annales Des Télécommunications,Article,https://link.springer.com/article/10.1007/BF02995472
springer,865,10.1007/978-3-662-02880-3_12,The Semantics of Pure Esterel,G. Berry,the semantics of pure esterel,g berry,1993,10.1007/978-3-662-02880-3_12,Program Design Calculi,Conference paper,https://link.springer.com/chapter/10.1007/978-3-662-02880-3_12
springer,866,10.1007/BF02811339,Compositional priority specification in real-time distributed systems,R K ShyamasundarL Y Liu,compositional priority specification in real time distributed systems,r k shyamasundarl y liu,1992,10.1007/BF02811339,Sadhana,Article,https://link.springer.com/article/10.1007/BF02811339
springer,867,10.1007/BF02811337,Modelling real-time systems: Issues and challenges,R K ShyamasundarS Ramesh,modelling real time systems issues and challenges,r k shyamasundars ramesh,1992,10.1007/BF02811337,Sadhana,Article,https://link.springer.com/article/10.1007/BF02811337
springer,868,10.1007/BFb0031997,Semantics of reactive systems in abstract time,C. HuizingR. Gerth,semantics of reactive systems in abstract time,c huizingr gerth,1992,10.1007/BFb0031997,Real-Time: Theory in Practice,Conference paper,https://link.springer.com/chapter/10.1007/BFb0031997
springer,869,10.1007/3-540-56283-4_1,Introduction,,introduction,,1992,10.1007/3-540-56283-4_1,Specifying Message Passing and Time-Critical Systems with Temporal Logic,Chapter,https://link.springer.com/chapter/10.1007/3-540-56283-4_1
springer,870,10.1007/3-540-56346-6_25,From equations to hardware. Towards the systematic mapping of algorithms onto parallel architectures,François CharotPatrice FrisonEric GautrinDominique LavenierPatrice QuintonCharles Wagner,from equations to hardware towards the systematic mapping of algorithms onto parallel architectures,françois charotpatrice frisoneric gautrindominique lavenierpatrice quintoncharles wagner,1992,10.1007/3-540-56346-6_25,Parallel Image Analysis,Conference paper,https://link.springer.com/chapter/10.1007/3-540-56346-6_25
springer,871,10.1007/BFb0019966,Delays in synchronized elementary net systems,Charles Andre,delays in synchronized elementary net systems,charles andre,1991,10.1007/BFb0019966,Advances in Petri Nets 1991,Conference paper,https://link.springer.com/chapter/10.1007/BFb0019966
springer,872,10.1007/BF01995678,Comparative evaluation of high-level real-time programming languages,Wolfgang A. HalangAlexander D. Stoyenko,comparative evaluation of high level real time programming languages,wolfgang a halangalexander d stoyenko,1990,10.1007/BF01995678,Real-Time Systems,Article,https://link.springer.com/article/10.1007/BF01995678
springer,873,10.1007/978-94-009-1063-8_30,An Intelligent CASE Tool for the Jackson System Development Method,Patrick ConnollySeamus KearneyDavid O’Neill,an intelligent case tool for the jackson system development method,patrick connollyseamus kearneydavid o neill,1989,10.1007/978-94-009-1063-8_30,Esprit ’89,Conference paper,https://link.springer.com/chapter/10.1007/978-94-009-1063-8_30
springer,874,10.1007/3-540-51803-7_28,Specifying message passing systems requires extending temporal logic,Ron Koymans,specifying message passing systems requires extending temporal logic,ron koymans,1989,10.1007/3-540-51803-7_28,Temporal Logic in Specification,Conference paper,https://link.springer.com/chapter/10.1007/3-540-51803-7_28
springer,875,10.1007/3-540-50302-1_9,Static analysis of real-time distributed systems,Leo YuHsiang LiuR. K. Shyamasundar,static analysis of real time distributed systems,leo yuhsiang liur k shyamasundar,1988,10.1007/3-540-50302-1_9,Formal Techniques in Real-Time and Fault-Tolerant Systems,Conference paper,https://link.springer.com/chapter/10.1007/3-540-50302-1_9
springer,876,10.1007/BFb0026110,Modelling statecharts behaviour in a fully abstract way,C. HuizingR. GerthW. P. de Roever,modelling statecharts behaviour in a fully abstract way,c huizingr gerthw p de roever,1988,10.1007/BFb0026110,CAAP '88,Conference paper,https://link.springer.com/chapter/10.1007/BFb0026110
springer,877,10.1007/3-540-18088-5_9,A timed failures model for extended communicating processes,Rob GerthAndy Boucher,a timed failures model for extended communicating processes,rob gerthandy boucher,1987,10.1007/3-540-18088-5_9,"Automata, Languages and Programming",Conference paper,https://link.springer.com/chapter/10.1007/3-540-18088-5_9
springer,878,10.1007/978-1-4684-5197-9_9,Civil Engineering,Wade H. Shafer,civil engineering,wade h shafer,1986,10.1007/978-1-4684-5197-9_9,Masters Theses in the Pure and Applied Sciences,Chapter,https://link.springer.com/chapter/10.1007/978-1-4684-5197-9_9
