Item Title,Publication Title,Book Series Title,Journal Volume,Journal Issue,Item DOI,Authors,Publication Year,URL,Content Type
Accident Detection and&#xa0;Emergency Support System for&#xa0;Scooters Based on&#xa0;Edge AI Technology,ICT Analysis and Applications,,,,10.1007/978-3-032-06691-6_25,M. S. TanmayNeeraj Rajiv ShivamVeena ShivannaD. SathyaChandramouleeswaran Sankaran,2026,https://link.springer.com/chapter/10.1007/978-3-032-06691-6_25,Conference paper
Indoor Navigation Systems for Visually Impaired Persons: A Comprehensive Review of Technologies and Approaches,Mobility of Visually Impaired People,,,,10.1007/978-3-031-91550-5_18,Marius GudauskisArūnas ŽvironasDarius Plikynas,2026,https://link.springer.com/chapter/10.1007/978-3-031-91550-5_18,Chapter
Open-Source EMM-ARM Implementation for Mortars Based on Single-Board Computer,International RILEM Conference on Synergising Expertise towards Sustainability and Robustness of Cement-based Materials and Concrete Structures,,,,10.1007/978-3-031-33211-1_34,Thomas RussoMiguel AzenhaJosé Granja,2023,https://link.springer.com/chapter/10.1007/978-3-031-33211-1_34,Conference paper
Asynchronous Reactive Programming with&#xa0;Modal Types in&#xa0;Haskell,Practical Aspects of Declarative Languages,,,,10.1007/978-3-031-52038-9_2,Patrick BahrEmil HoulborgGregers Thomas Skat Rørdam,2023,https://link.springer.com/chapter/10.1007/978-3-031-52038-9_2,Conference paper
Writing Internet of&#xa0;Things Applications with&#xa0;Task Oriented Programming,"Composability, Comprehensibility and Correctness of Working Software",,,,10.1007/978-3-031-42833-3_1,Mart LubbersPieter KoopmanRinus Plasmeijer,2023,https://link.springer.com/chapter/10.1007/978-3-031-42833-3_1,Conference paper
"Quality, Quantity, and Type Detection of Food Items in Refrigerator Using Deep Vision and IoT",Advances in Intelligent Asset Management and Maintenance,,,,10.1007/978-981-92-0284-3_2,Umar AbdullahArshad AlamShilpi Sharma,2026,https://link.springer.com/chapter/10.1007/978-981-92-0284-3_2,Conference paper
TerrAINexus,ICT for Intelligent Systems,,,,10.1007/978-981-97-6675-8_49,Kartik BhasinKushagraAshutosh MishraSanjay Kumar Singh,2024,https://link.springer.com/chapter/10.1007/978-981-97-6675-8_49,Conference paper
Mimosa: A Language for&#xa0;Asynchronous Implementation of&#xa0;Embedded Systems Software,Coordination Models and Languages,,,,10.1007/978-3-031-95589-1_5,Nikolaus HuberSusanne GrafPhilipp RümmerWang Yi,2025,https://link.springer.com/chapter/10.1007/978-3-031-95589-1_5,Conference paper
A Smart Solution for Safe and Efficient Traffic Flow for Bridge,Trends in Sustainable Computing and Machine Intelligence,,,,10.1007/978-981-99-9436-6_31,Kiran IngaleRiya TambeShubham ThakurSanket ThiteAditya WarkeKapil Wavale,2024,https://link.springer.com/chapter/10.1007/978-981-99-9436-6_31,Conference paper
A novel anomaly detection approach for structural health monitoring using multiple linear regression technique,Journal of Building Pathology and Rehabilitation,,,,10.1007/s41024-025-00726-1,Siraj Qays MahdiSadik Kamel GharghanAmmar Hussein Mutlag,2025,https://link.springer.com/article/10.1007/s41024-025-00726-1,Article
In-Visible Island: Collaborative Creativity at the Core of Inclusive Children’s Tangible Interaction,Emerging Science and Technology for Human Well-Being,,,,10.1007/978-3-031-97578-3_62,Ruhiyati Idayu Abu TalibPredrag K. NikolicMohd Shahrizal Sunar,2025,https://link.springer.com/chapter/10.1007/978-3-031-97578-3_62,Conference paper
Computer-Aided Design of IoT Products – A Case Study of Pest-Control Machine for Farmland,Advances in Sustainable Mechanical Manufacturing,,,,10.1007/978-3-032-11791-5_57,Chia-Hsiang LinTing-Yu WuWei-Chen WangChun-Shung FengTsu-Wu Hu,2026,https://link.springer.com/chapter/10.1007/978-3-032-11791-5_57,Conference paper
MED-H: Smart Healthcare System Based on IoT and Rule Set,Proceedings of Second International Conference on Intelligent System,,,,10.1007/978-981-99-8976-8_43,Long-Phuoc TônThe-Hau NguyenHuu-Hien Hoang,2024,https://link.springer.com/chapter/10.1007/978-981-99-8976-8_43,Conference paper
Monitoring routing status of UAV networks with NB-IoT,The Journal of Supercomputing,,,,10.1007/s11227-023-05411-z,Ji’ao TangXiaojun ZhuLu LinChao DongLei Zhang,2023,https://link.springer.com/article/10.1007/s11227-023-05411-z,Article
Communication for&#xa0;Task-Oriented Systems with&#xa0;Edge Devices,Trends in Functional Programming,,,,10.1007/978-3-031-99751-8_20,Niek JanssenMart LubbersPieter Koopman,2026,https://link.springer.com/chapter/10.1007/978-3-031-99751-8_20,Conference paper
"Study on Fiber Grading, Fracture Strength, and Frictional Coefficient on Crashworthy Property of Glass Fiber Reinforced MWCNT Blended Polymer Tubes",Journal of The Institution of Engineers (India): Series D,,,,10.1007/s40033-026-01059-0,K. Y. ChethanaY. S. Ram MohanP. Deepak KumarM. RavikumarG. S. DivyaA. RajeshRadha GuptaB. N. Deepak KumarSmita SinghAdem Abdirkadir Aden,2026,https://link.springer.com/article/10.1007/s40033-026-01059-0,Article
AI-based damage detection in prestressed concrete beams: a vision-integrated deep learning framework for crack localization and severity classification,Advances in Bridge Engineering,,,,10.1186/s43251-025-00194-0,Thanh Q. NguyenPhuong Phan-VuPhuoc T. Nguyen,2026,https://link.springer.com/article/10.1186/s43251-025-00194-0,Article
Leveraging emerging technologies to address the crisis of aging concrete infrastructure,Journal of Infrastructure Preservation and Resilience,,,,10.1186/s43065-025-00147-x,Xianming Shi,2025,https://link.springer.com/article/10.1186/s43065-025-00147-x,Article
Declarative Programming for Microcontrollers - Datalog on Arduino,Declarative Programming and Knowledge Management,,,,10.1007/978-3-030-46714-2_9,Mario WenzelStefan Brass,2020,https://link.springer.com/chapter/10.1007/978-3-030-46714-2_9,Conference paper
3D-printed concrete with in-process embedded fiber-reinforced polymer grid reinforcement,Communications Engineering,,,,10.1038/s44172-026-00628-1,Hou-Qi SunShan-Shan XieJun-Jie ZengYan Zhuge,2026,https://link.springer.com/article/10.1038/s44172-026-00628-1,Article
Cooperative Dynamic Programmable Devices Using Actor Model for Embedded Systems of Microcontrollers,"Cooperative Design, Visualization, and Engineering",,,,10.1007/978-3-030-88207-5_13,Sylvia EnchevaSharil Tumin,2021,https://link.springer.com/chapter/10.1007/978-3-030-88207-5_13,Conference paper
Reducing the&#xa0;Power Consumption of&#xa0;IoT with&#xa0;Task-Oriented Programming,Trends in Functional Programming,,,,10.1007/978-3-031-21314-4_5,Sjoerd CrooijmansMart LubbersPieter Koopman,2022,https://link.springer.com/chapter/10.1007/978-3-031-21314-4_5,Conference paper
Towards Formal Verification of&#xa0;Hybrid Synchronous Programs with&#xa0;Refinement Types,NASA Formal Methods,,,,10.1007/978-3-032-28079-4_21,Serra Z. DaneJiawei ChenMarc PouzetJean-Baptiste Jeannin,2026,https://link.springer.com/chapter/10.1007/978-3-032-28079-4_21,Conference paper
Being Lazy When It Counts,Functional and Logic Programming,,,,10.1007/978-981-97-2300-3_11,Chun Kit LamLionel Parreaux,2024,https://link.springer.com/chapter/10.1007/978-981-97-2300-3_11,Conference paper
FCDC: Firefly optimization algorithm based compression of deep CNN model with explainability,Cluster Computing,,,,10.1007/s10586-025-05697-z,Lopamudra MohantyMohit AgarwalVivek Mehta,2025,https://link.springer.com/article/10.1007/s10586-025-05697-z,Article
Transitions in Wireless Networks: Selected Results of Collaborative Research in MAKI,From Multimedia Communications to the Future Internet,,,,10.1007/978-3-031-71874-8_11,Bernd FreislebenOliver HinzMatthias HollickAnja KleinMira MeziniAndrea Ortiz,2024,https://link.springer.com/chapter/10.1007/978-3-031-71874-8_11,Chapter
Enhanced performance of 3D printed soft pneumatic actuators with polyjet fabricated lattice layers: A study on bending characteristics and stiffness,The International Journal of Advanced Manufacturing Technology,,,,10.1007/s00170-026-17827-x,Senthilkumar KaliappanManikanda Subramanian KrishnamurthyVeerakumar AdaikalasamyArun Prasath Varadharajan,2026,https://link.springer.com/article/10.1007/s00170-026-17827-x,Article
How machine learning can transform the future of concrete,Asian Journal of Civil Engineering,,,,10.1007/s42107-025-01281-3,Kaoutar MouzounAzzeddine BouyahyaouiHanane Moulay AbdelaliToufik CherradiKhadija BabaIlham MasrourNajib Zemed,2025,https://link.springer.com/article/10.1007/s42107-025-01281-3,Article
Fuel Rail Pressure Control Characteristics of a GDI High-Pressure Fuel Pump Using a Newly Developed Experimental System Controlled with a Microcontroller,International Journal of Automotive Technology,,,,10.1007/s12239-021-0045-z,Byoung Jin LeeChoong Hoon Lee,2021,https://link.springer.com/article/10.1007/s12239-021-0045-z,Article
Embedded Electronics,"Development of a Self-Sufficient, Wireless Sensor Node Using the Outer FML Layer as an Antenna",,,,10.1007/978-3-031-70648-6_4,Sarah Bornemann,2025,https://link.springer.com/chapter/10.1007/978-3-031-70648-6_4,Chapter
Advancing Connectivity and Security in SDN-IoT Networks Through Policy Management,Securing the Connected World,,,,10.1007/978-3-031-82826-3_7,Anjana JimmingtonSabu M. ThampiPreetam Mukherjee,2025,https://link.springer.com/chapter/10.1007/978-3-031-82826-3_7,Chapter
Automated Classification of Thermal Hot Spot Types from the VIIRS Satellite Data Using Machine Learning Techniques,Focus on Artificial Intelligence in Intelligent Systems Design,,,,10.1007/978-3-032-20749-4_16,Mary-Cielo LeónDavid Torres-GilWilliams CcompiWilfredo Ticona,2026,https://link.springer.com/chapter/10.1007/978-3-032-20749-4_16,Conference paper
Dynamic Resource Manager for&#xa0;Automating Deployments in&#xa0;the&#xa0;Computing Continuum,Euro-Par 2024: Parallel Processing Workshops,,,,10.1007/978-3-031-90200-0_23,Zahra Najafabadi SamaniMatthias GaThomas FahringerJuan Aznar PovedaStefan Pedratscher,2025,https://link.springer.com/chapter/10.1007/978-3-031-90200-0_23,Conference paper
Application of machine learning and genetic algorithm framework for optimization of shape memory alloy embedded smart composites,Discover Applied Sciences,,,,10.1007/s42452-026-08622-0,Niranjan PattarSubhas F. PatilReena Y  AManjiri Ulhas KarandeM. ZubairuddinSonal BoraseShahid Tamboli,2026,https://link.springer.com/article/10.1007/s42452-026-08622-0,Article
Geo-Intelligent Wildfire Risk Prediction Using Machine Learning,Computers and Their Applications,,,,10.1007/978-3-032-29003-8_3,Subrata PaulRishita HazraSougata UtthasaniRudradip MukherjeeJannat Ara Ferdouse RayaAnirban MitraIndranil Roy,2027,https://link.springer.com/chapter/10.1007/978-3-032-29003-8_3,Conference paper
Programming Parallelism on FPGAs with <span>Eclat</span>,International Journal of Parallel Programming,,,,10.1007/s10766-025-00801-7,Loïc SylvestreJocelyn SérotEmmanuel Chailloux,2025,https://link.springer.com/article/10.1007/s10766-025-00801-7,Article
A Comprehensive Framework for&#xa0;Turn-Taking Evaluation in&#xa0;Multi-agent Systems: Rotational Periodicity for&#xa0;Scalable Coordination Analysis,Artificial Intelligence and Soft Computing,,,,10.1007/978-3-032-03711-4_16,Nikolaos Al. PapadopoulosRallou TaratoriMarti Sanchez-FiblaKonstantinos E. Psannis,2026,https://link.springer.com/chapter/10.1007/978-3-032-03711-4_16,Conference paper
Digital Twins: a&#xa0;Briefing for&#xa0;Formalists,Formal Methods,,,,10.1007/978-3-032-26220-2_19,John S. FitzgeraldCláudio GomesPeter Gorm LarsenMikkel Schmidt AndersenSantiago GilMorten Haahr Kristensen,2026,https://link.springer.com/chapter/10.1007/978-3-032-26220-2_19,Conference paper
"A review of vibration energy harvesting applications, performance factors and deployment challenges",International Journal of Dynamics and Control,,,,10.1007/s40435-026-02174-2,Abdullah Al HasanMd. AbdullahMahmoud E. Khater,2026,https://link.springer.com/article/10.1007/s40435-026-02174-2,Article
Quality management approach considering sustainability aspects within the design of wind turbines based on a&#xa0;literature review to explore the state of the art,Forschung im Ingenieurwesen,,,,10.1007/s10010-025-00820-3,Lisa-Marie NettlenbuschJan ReissmannAlexander Hasse,2025,https://link.springer.com/article/10.1007/s10010-025-00820-3,Article
Investigation of the Punching Shear Behavior of RC Flat Slabs Strengthened with Embedded Through Section of CFRP Strips and Ropes,International Journal of Pavement Research and Technology,,,,10.1007/s42947-026-00845-z,Amjad B. ShehadehYasmeen Taleb ObaidatWasim S. Barham,2026,https://link.springer.com/article/10.1007/s42947-026-00845-z,Article
A Robust Federated Learning System Against Data Poisoning Attacks in IoT Networks,Journal of Reliable Intelligent Environments,,,,10.1007/s40860-025-00263-1,Ly VuTuan Phong Tran,2025,https://link.springer.com/article/10.1007/s40860-025-00263-1,Article
Functional Reactive EDSL with Asynchronous Execution for Resource-Constrained Embedded Systems,"Software Engineering, Artificial Intelligence, Networking and Parallel/Distributed Computing",,,,10.1007/978-3-030-26428-4_12,Sheng WangTakuo Watanabe,2020,https://link.springer.com/chapter/10.1007/978-3-030-26428-4_12,Chapter
Slack Pack: Fabrication System for the Dual Robotic Winding of Spatial Fiber Structures,Phygital Intelligence,,,,10.1007/978-981-99-8405-3_40,Harrison HildebrandtMengxi HePeng-An ChenRebeca Duque EstradaChristoph ZechmeisterAchim Menges,2024,https://link.springer.com/chapter/10.1007/978-981-99-8405-3_40,Conference paper
Reactive Programming of Robots with RxROS,Robot Operating System (ROS),,,,10.1007/978-3-030-75472-3_2,Henrik LarsenGijs van der HoornAndrzej Wąsowski,2021,https://link.springer.com/chapter/10.1007/978-3-030-75472-3_2,Chapter
Automatic Screening of&#xa0;Invasive Coronary Angiography Images Using Swin Transformer,Bioinspired Intelligent Systems: From Robotics and Computer Vision to Trustworthy Applications,,,,10.1007/978-3-032-27317-8_4,Juan Jesús Rus-MuñozAriadna Jiménez-PartinenMario Pascual-GonzálezEsteban J. PalomoJorge Rodríguez-Capitán,2026,https://link.springer.com/chapter/10.1007/978-3-032-27317-8_4,Conference paper
Achieving Secured Medical Network (SMN) through Stateless Mechanism and SkeyM in Medical-Internet of Things (M-IoT),Journal of Engineering and Applied Science,,,,10.1186/s44147-024-00460-4,Nithya S.SatheeshKumar PalanisamyNivethitha T.,2024,https://link.springer.com/article/10.1186/s44147-024-00460-4,Article
Investigation on axial compression behavior of concrete columns wrapped with ferro-geopolymer composites,"Multiscale and Multidisciplinary Modeling, Experiments and Design",,,,10.1007/s41939-026-01167-0,A. V. GhogareB. Kondraivendhan,2026,https://link.springer.com/article/10.1007/s41939-026-01167-0,Article
Advanced Bio-based Composite Panels for Building Facades,"Construction, Energy, Environment and Sustainability",,,,10.1007/978-981-95-1822-7_54,José Miguel BarbosaDaniela CampanhãAlexandre FonsecaJoão MagalhãesSofia SilvaJuliana SoaresDiana Gonçalves,2026,https://link.springer.com/chapter/10.1007/978-981-95-1822-7_54,Conference paper
A bidirectional neuro-symbolic framework for clinical decision support via dynamic integration of deep learning and symbolic reasoning,Network Modeling Analysis in Health Informatics and Bioinformatics,,,,10.1007/s13721-025-00710-2,Rinku ChavdaK. SureshSushil KumarK. L. Raghavender ReddyB. JayaprakashPrabhat Kumar SahuB. BharathiDevendra SinghSaurabh Namdev,2026,https://link.springer.com/article/10.1007/s13721-025-00710-2,Article
Fog-Marketing: auction-based multi-tier decentralized markets for fog resource provisioning,The Journal of Supercomputing,,,,10.1007/s11227-024-06081-1,Samira ShahinifarMohammad Taghi KheirabadiAli BroumandniaKambiz Rahbar,2024,https://link.springer.com/article/10.1007/s11227-024-06081-1,Article
Fuel injection rate and its variation of a GDI injector operated in engine motoring conditions,Journal of Mechanical Science and Technology,,,,10.1007/s12206-021-1143-6,Byoung Jin LeeChoong Hoon Lee,2021,https://link.springer.com/article/10.1007/s12206-021-1143-6,Article
A Method for High Availability Software Programming and Testing,Proceedings of the 5th International Conference on Electrical Engineering and Information Technologies for Rail Transportation (EITRT) 2021,,,,10.1007/978-981-16-9909-2_3,Jingru HuangXilong PeiDongxiu OuJianmin Wang,2022,https://link.springer.com/chapter/10.1007/978-981-16-9909-2_3,Conference paper
End-to-End Trusted Execution Environment (TEE) with Dynamic Holistic View Based Throughput Maximization Approach,Computational Science and Computational Intelligence,,,,10.1007/978-3-031-99586-6_19,Muhammed Akif Ağca,2025,https://link.springer.com/chapter/10.1007/978-3-031-99586-6_19,Conference paper
Structural Health Monitoring System for Bridges Using Internet of Things,Mobile Radio Communications and 5G Networks,,,,10.1007/978-981-15-7130-5_64,Pravleen KaurLakshya BhardwajRohit Tanwar,2021,https://link.springer.com/chapter/10.1007/978-981-15-7130-5_64,Conference paper
An Intelligent Thermal Management Fuzzy Logic Control System Design and Analysis Using ANSYS Fluent for a Mobile Robotic Platform in Extreme Weather Applications,Journal of Intelligent & Robotic Systems,,,,10.1007/s10846-022-01799-7,Misha AfaqAli JebelliRafiq Ahmad,2023,https://link.springer.com/article/10.1007/s10846-022-01799-7,Article
MedScan: An AI-Powered Mobile App Designed to Identify Medications for People with Visual Impairments,Advances in Bioengineering and Clinical Engineering 2025,,,,10.1007/978-3-032-06401-1_156,Daniela A. AraujoMarcos A. Rubio,2025,https://link.springer.com/chapter/10.1007/978-3-032-06401-1_156,Conference paper
Flexural investigation of precast concrete sandwich panels with removable polymeric shear connectors,Journal of Building Pathology and Rehabilitation,,,,10.1007/s41024-026-00838-2,Hayder M. AbdzaidAshraf A. Alfeehan,2026,https://link.springer.com/article/10.1007/s41024-026-00838-2,Article
Quantifying Crack Damage in BFRP-Reinforced Concrete Beams with YOLOv8 and 3D-DIC,Journal of Nondestructive Evaluation,,,,10.1007/s10921-025-01277-8,Yunqi ZengDong LeiKaiyang ZhouJintao HeZesheng SheYang YuLing LiuKexin Yu,2025,https://link.springer.com/article/10.1007/s10921-025-01277-8,Article
Structural Health Monitoring,"Development of a Self-Sufficient, Wireless Sensor Node Using the Outer FML Layer as an Antenna",,,,10.1007/978-3-031-70648-6_5,Sarah Bornemann,2025,https://link.springer.com/chapter/10.1007/978-3-031-70648-6_5,Chapter
Design and Implementation of Identifying Points on Elliptic Curve Efficiently Using Java,Modern Approaches in Machine Learning & Cognitive Science: A Walkthrough,,,,10.1007/978-3-030-96634-8_9,Deepak S. SakkariMohammed Mujeer Ulla,2022,https://link.springer.com/chapter/10.1007/978-3-030-96634-8_9,Chapter
Wavelet-guided spatial-frequency transformer with physics-based refinement for remote sensing image dehazing,Multimedia Systems,,,,10.1007/s00530-025-02035-6,Mengjun MiaoHeming HuangFeipeng Da,2025,https://link.springer.com/article/10.1007/s00530-025-02035-6,Article
RETRACTED ARTICLE: Fraud detection and prevention by face recognition with and without mask for banking application,Multimedia Tools and Applications,,,,10.1007/s11042-024-19021-1,Rajani P.KArti KhapardeVarsha BendreJayashree Katti,2024,https://link.springer.com/article/10.1007/s11042-024-19021-1,Article
Evaluation of Repair Technique Effectiveness for Bridge Barrier/Deck Systems with Glass Fiber Reinforced Polymer Bars Using Mechanics-Based Modeling,"Proceedings of the Canadian Society for Civil Engineering Annual Conference 2023, Volume 11",,,,10.1007/978-3-031-61531-3_33,Juan Torres AcostaDouglas Tomlinson,2024,https://link.springer.com/chapter/10.1007/978-3-031-61531-3_33,Conference paper
Vision-Based Damage Detection in CFRP Beams Using Optical Flow and Mahalanobis-Enhanced Deep Learning Models,Journal of Nondestructive Evaluation,,,,10.1007/s10921-025-01274-x,Kemal HacıefendioğluVolkan KahyaSebahat ŞimşekTunahan Aslan,2025,https://link.springer.com/article/10.1007/s10921-025-01274-x,Article
"The Physics and Dynamics of Aerosols, Trace Gases and Atmospheric Boundary Layer Over the Eastern Himalayan Region",Remote Sensing of the North Eastern Himalayan Ecosystem,,,,10.1007/978-981-95-3221-6_20,Arup BorgohainShyam S. KunduArundhati KunduManasi GogoiMukunda M. GogoiBinita PathakNilamoni Barman,2026,https://link.springer.com/chapter/10.1007/978-981-95-3221-6_20,Chapter
Syntithenai Poiēsis—Perceptual Unified Objects,"Perspectives on Music, Sound and Musicology II",,,,10.1007/978-3-031-67503-4_19,André Rangel,2025,https://link.springer.com/chapter/10.1007/978-3-031-67503-4_19,Chapter
Civil Engineering for Multi-hazard Risk Reduction-An Introduction,Civil Engineering for Multi-Hazard Risk Reduction,,,,10.1007/978-981-99-9610-0_1,K. S. SreekeshavaSreevalsa KolathayarN. Vinod Chandra MenonBhargavi.C,2024,https://link.springer.com/chapter/10.1007/978-981-99-9610-0_1,Conference paper
Ground Network Security,Space-Air-Ground Integrated Network Security,,,,10.1007/978-981-99-1125-7_3,Jianwei LiuLin BaiChunxiao JiangWei Zhang,2023,https://link.springer.com/chapter/10.1007/978-981-99-1125-7_3,Chapter
A Secure Federated Learning and Blockchain Framework for E-Health Threat Detection,Journal of Vibration Engineering & Technologies,,,,10.1007/s42417-026-02702-6,P. G. BanupriyaK. Vanitha,2026,https://link.springer.com/article/10.1007/s42417-026-02702-6,Article
Integrating Dual Strengths: A Hybrid Architecture Merging Decentralized Trust with&#xa0;Server-Side Efficiency for&#xa0;Enhanced Secure Transactions,Computational Science and Its Applications – ICCSA 2024,,,,10.1007/978-3-031-64608-9_20,Priya MaliParth ShiroleSandip Shingade,2024,https://link.springer.com/chapter/10.1007/978-3-031-64608-9_20,Conference paper
"Acoustic Emission-Based Assessment of Damage Evolution in Bridge Systems: Methods, Indicators, and Advances in Structural Mechanics",Journal of Nondestructive Evaluation,,,,10.1007/s10921-026-01388-w,Sakhiah Abdul KudusMohamad Farid MisnanHussein MuhammadAbdulrahman Mubarak Salem SawahliZakiah AhmadKhairul Anuar Shahid,2026,https://link.springer.com/article/10.1007/s10921-026-01388-w,Article
Automated Translation of Natural Language Requirements to Runtime Monitors,Tools and Algorithms for the Construction and Analysis of Systems,,,,10.1007/978-3-030-99524-9_21,Ivan PerezAnastasia MavridouTom PressburgerAlwyn GoodloeDimitra Giannakopoulou,2022,https://link.springer.com/chapter/10.1007/978-3-030-99524-9_21,Conference paper
Structural responses of low-strength RC columns made with steel equal angle (SEA),Journal of Building Pathology and Rehabilitation,,,,10.1007/s41024-025-00771-w,Md. Rabiul AlamAtique Ishrak AnikMd. Zakaria HossainMd. Asirul Hasan Sourav,2026,https://link.springer.com/article/10.1007/s41024-025-00771-w,Article
An Intermediate Program Representation for&#xa0;Optimizing Stream-Based Languages,Computer Aided Verification,,,,10.1007/978-3-031-98682-6_20,Jan BaumeisterArthur CorrensonBernd FinkbeinerFrederik Scheerer,2025,https://link.springer.com/chapter/10.1007/978-3-031-98682-6_20,Conference paper
"Blech, Imperative Synchronous Programming!","Languages, Design Methods, and Tools for Electronic System Design",,,,10.1007/978-3-030-31585-6_9,Friedrich GretzFranz-Josef Grosch,2020,https://link.springer.com/chapter/10.1007/978-3-030-31585-6_9,Chapter
A machine learning framework for predicting seismic behavior in elevated reinforced concrete tanks,Asian Journal of Civil Engineering,,,,10.1007/s42107-025-01356-1,A. Aziz Al-AyoubiVaratharajan ThirumuruganK. S. Satyanarayanan,2025,https://link.springer.com/article/10.1007/s42107-025-01356-1,Article
A survey of testing automated driving system,Frontiers of Computer Science,,,,10.1007/s11704-025-41327-y,Zheng LiWentai ZhuHaohui HuangYu WangLinzhang Wang,2026,https://link.springer.com/article/10.1007/s11704-025-41327-y,Article
ARx: Reactive Programming for Synchronous Connectors,Coordination Models and Languages,,,,10.1007/978-3-030-50029-0_3,José ProençaGuillermina Cledou,2020,https://link.springer.com/chapter/10.1007/978-3-030-50029-0_3,Conference paper
An Energy Consumption Model to&#xa0;Change the&#xa0;TBFC Model of&#xa0;the&#xa0;IoT,Advanced Information Networking and Applications,,,,10.1007/978-3-031-57853-3_39,Dilawaer DuolikunTomoya EnokidoMakoto Takizawa,2024,https://link.springer.com/chapter/10.1007/978-3-031-57853-3_39,Conference paper
Multimodal Transformer Framework for Real-Time Cheating Detection in Online Assessments and E-learning Platforms,SN Computer Science,,,,10.1007/s42979-025-04718-3,Edrees A. Alkinani,2026,https://link.springer.com/article/10.1007/s42979-025-04718-3,Article
Integration of machine learning and digital twin in additive manufacturing of polymeric-based materials and products,Progress in Additive Manufacturing,,,,10.1007/s40964-025-01257-4,Imran KhanAns Al RashidMuammer Koç,2025,https://link.springer.com/article/10.1007/s40964-025-01257-4,Article
Review of Computational Strategies for Drone Design and Development,Archives of Computational Methods in Engineering,,,,10.1007/s11831-025-10458-7,Akhila Ajith PisharamKesavan KandasamyIndira Prasanth SubramaniamSenthil Kumar SolaiappanBeena Stanislaus ArputharajParvathy RajendranPradesh SakthivelRamya MarananVijayanandh Raja,2025,https://link.springer.com/article/10.1007/s11831-025-10458-7,Article
Smartwatch Security Case Study for User Data Protection,Focus on Artificial Intelligence in Intelligent Systems Design,,,,10.1007/978-3-032-22091-2_17,Ladislav HurajMarek SimonValeriia LykhomanovaAndrej Bradáč,2026,https://link.springer.com/chapter/10.1007/978-3-032-22091-2_17,Conference paper
Realization,Contextual Process Digitalization,,,,10.1007/978-3-032-06901-6_7,Matthes ElstermannAlbert FleischmannChristoph MoserStefan OpplWerner SchmidtChristian Stary,2026,https://link.springer.com/chapter/10.1007/978-3-032-06901-6_7,Chapter
Review on Insight into Elliptic Curve Cryptography,Modern Approaches in Machine Learning & Cognitive Science: A Walkthrough,,,,10.1007/978-3-030-96634-8_8,Deepak S. SakkariMohammed Mujeer ulla,2022,https://link.springer.com/chapter/10.1007/978-3-030-96634-8_8,Chapter
Threading the Arduino with Haskell,Trends in Functional Programming,,,,10.1007/978-3-030-14805-8_8,Mark GrebeAndy Gill,2019,https://link.springer.com/chapter/10.1007/978-3-030-14805-8_8,Conference paper
Optimal feature selection for COVID-19 detection with CT images enabled by metaheuristic optimization and artificial intelligence,Multimedia Tools and Applications,,,,10.1007/s11042-023-15031-7,Dattaprasad A. TorseRajashri KhanaiKrishna PaiSridhar IyerSwati MavinkattimathRakhee KallimaniSalma Shahpur,2023,https://link.springer.com/article/10.1007/s11042-023-15031-7,Article
Advancements and emerging trends in integrating machine learning and deep learning for SHM in mechanical and civil engineering: a comprehensive review,Journal of the Brazilian Society of Mechanical Sciences and Engineering,,,,10.1007/s40430-025-05697-5,Abdelwahhab KhatirRoberto CapozuccaSamir KhatirErica MagagniniCuong Le ThanhMohamed Kamel Riahi,2025,https://link.springer.com/article/10.1007/s40430-025-05697-5,Article
"Verify Engineering Models, Not Scientific Models",Rebeca for Actor Analysis in Action,,,,10.1007/978-3-031-85134-6_9,Shaokai LinEdward A. Lee,2025,https://link.springer.com/chapter/10.1007/978-3-031-85134-6_9,Chapter
Innovative technologies for structural health monitoring of SFTs: proposal of combination of infrared thermography with mixed reality,Journal of Civil Structural Health Monitoring,,,,10.1007/s13349-023-00698-1,Vittorio PalmaGiacomo IovaneSoonkyu HwangFederico M. MazzolaniRaffaele LandolfoHoon SohnBeatrice Faggiano,2023,https://link.springer.com/article/10.1007/s13349-023-00698-1,Article
Metal-based hybrid technologies,Multifunctional Lightweight Structures,,,,10.1007/978-3-662-62217-9_4,Lothar Kroll,2023,https://link.springer.com/chapter/10.1007/978-3-662-62217-9_4,Chapter
Addressing Input/Output Composition Through Open Automata Representation,Research in Computer Science,,,,10.1007/978-3-031-88226-5_14,Rabéa Ameur-BoulifaSarah Chabane Mechiouri,2025,https://link.springer.com/chapter/10.1007/978-3-031-88226-5_14,Conference paper
MOJAYA Coupled with R-method for Optimization of Machining Parameters Used in the Generation of Micro Holes on GFRP Composite Using an In-House Developed µ-ECDM System,Advanced Engineering Optimization Through Intelligent Techniques,,,,10.1007/978-981-19-9285-8_8,K. V. J. BhargavP. ShanthanP. S. BalajiRanjeet Kumar Sahu,2023,https://link.springer.com/chapter/10.1007/978-981-19-9285-8_8,Conference paper
A deep learning approach for host-based cryptojacking malware detection,Evolving Systems,,,,10.1007/s12530-023-09534-9,Olanrewaju SandaMichalis PavlidisNikolaos Polatidis,2023,https://link.springer.com/article/10.1007/s12530-023-09534-9,Article
Survey on Social Distancing Detection Using Deep Learning,International Conference on Innovative Computing and Communications,,,,10.1007/978-981-16-2597-8_35,Harsh SandesaraKaran ShahPramod Bide,2022,https://link.springer.com/chapter/10.1007/978-981-16-2597-8_35,Conference paper
Development of deep neural network model to predict the compressive strength of FRCM confined columns,Frontiers of Structural and Civil Engineering,,,,10.1007/s11709-022-0880-7,Khuong Le-NguyenQuyen Cao MinhAfaq AhmadLanh Si Ho,2022,https://link.springer.com/article/10.1007/s11709-022-0880-7,Article
A comprehensive model for concrete strength prediction using advanced learning techniques,Discover Applied Sciences,,,,10.1007/s42452-025-07095-x,Sagar DhengareUdaykumar WagheGanesh YenurkarAnjana Shyamala,2025,https://link.springer.com/article/10.1007/s42452-025-07095-x,Article
Performance analysis of electrochemical spark micromilling (ECSMM) process for microchannel fabrication on SiO<sub>2</sub>-reinforced epoxy nanocomposite,Microsystem Technologies,,,,10.1007/s00542-025-05858-5,Kriti SahaiAudhesh Narayan,2025,https://link.springer.com/article/10.1007/s00542-025-05858-5,Article
"A Comprehensive Survey of Hybrid Whale Optimization Algorithm with Long-Short Term Memory: Applications, Improvements, and Future Perspective",Archives of Computational Methods in Engineering,,,,10.1007/s11831-025-10413-6,Mehdi HosseinzadehJawad TanveerAmir Masoud RahmaniMarcia L. BaptistaRamin AbbaszadiFarhad Soleimanian GharehchopoghThantrira PorntaveetusSang-Woong Lee,2025,https://link.springer.com/article/10.1007/s11831-025-10413-6,Article
QUICPot. A HTTP/3 Protocol Honeypot,Innovative Security Solutions for Information Technology and Communications,,,,10.1007/978-3-031-87760-5_15,Maria TeodorBogdan-Costel MocanuCătălin NegruFlorin Pop,2025,https://link.springer.com/chapter/10.1007/978-3-031-87760-5_15,Conference paper
Analyzing and Comparing the Stream Theory: A Review,Nature of Computation and Communication,,,,10.1007/978-3-032-12846-1_6,Dang Van PhamVinh Cong PhanTrong Toan Tran,2026,https://link.springer.com/chapter/10.1007/978-3-032-12846-1_6,Conference paper
A Modular Orthogonal Integration of&#xa0;Operational and&#xa0;Prescriptive Timing Requirements Using TASTD,Formal Methods: Foundations and Applications,,,,10.1007/978-3-032-12086-1_2,Alex Rodrigue NdounaMarc FrappierFrédéric Mallet,2026,https://link.springer.com/chapter/10.1007/978-3-032-12086-1_2,Conference paper
Dynamic Composition and&#xa0;Concurrency in&#xa0;I/O Automata: The Ioa++ Framework,"Intelligent Systems, Blockchain, and Communication Technologies",,,,10.1007/978-3-032-09562-6_13,Sowmith Reddy Thukkani,2025,https://link.springer.com/chapter/10.1007/978-3-032-09562-6_13,Conference paper
Study on material erosion mechanism of ultrasonic vibration-assisted micro-EDM based on heat-flow coupling analysis,The International Journal of Advanced Manufacturing Technology,,,,10.1007/s00170-022-10695-1,Shaojie HouJicheng BaiHuan LiuZimu ZhouZhuang Lu,2022,https://link.springer.com/article/10.1007/s00170-022-10695-1,Article
Generalizing Logical Execution Time,Principles of Systems Design,,,,10.1007/978-3-031-22337-2_8,Edward A. LeeMarten Lohstroh,2022,https://link.springer.com/chapter/10.1007/978-3-031-22337-2_8,Chapter
Accelerating OCaml Programs on FPGA,International Journal of Parallel Programming,,,,10.1007/s10766-022-00748-z,Loïc SylvestreEmmanuel ChaillouxJocelyn Sérot,2023,https://link.springer.com/article/10.1007/s10766-022-00748-z,Article
A cross-sectoral review of the current and potential maintenance strategies for composite structures,SN Applied Sciences,,,,10.1007/s42452-022-05063-3,Javier Contreras LopezJuan ChiachíoAli SalehManuel ChiachíoAthanasios Kolios,2022,https://link.springer.com/article/10.1007/s42452-022-05063-3,Article
Unified verification and monitoring of executable UML specifications,Software and Systems Modeling,,,,10.1007/s10270-021-00923-9,Valentin BesnardCiprian TeodorovFrédéric JouaultMatthias BrunPhilippe Dhaussy,2021,https://link.springer.com/article/10.1007/s10270-021-00923-9,Article
Seismic analysis and probabilistic risk assessment of reinforced concrete buildings: a review and integrated framework,Discover Civil Engineering,,,,10.1007/s44290-026-00574-z,Muhammad AbubakarMuhammad Awaib,2026,https://link.springer.com/article/10.1007/s44290-026-00574-z,Article
Peer-to-peer energy trading in a distribution network considering the impact of short-term load forecasting,Electrical Engineering,,,,10.1007/s00202-023-01793-8,Ashwini D. ManchalwarNita R. PatneB. V. Surya VardhanMohan Khedkar,2023,https://link.springer.com/article/10.1007/s00202-023-01793-8,Article
Towards the Smart Filter,Lightweight Energy,,,,10.1007/978-3-031-08154-5_1,Alessandra ZanelliCarlotta Mazzola,2023,https://link.springer.com/chapter/10.1007/978-3-031-08154-5_1,Chapter
A Survey on End-to-end Perception and Prediction for Autonomous Driving,Machine Intelligence Research,,,,10.1007/s11633-025-1558-0,Yufan HuLonghui HuQingqun KongBin Fan,2025,https://link.springer.com/article/10.1007/s11633-025-1558-0,Article
Interpreting Knowledge-based Programs,Programming Languages and Systems,,,,10.1007/978-3-031-30044-8_10,Alexander KnappHeribert MühlbergerBernhard Reus,2023,https://link.springer.com/chapter/10.1007/978-3-031-30044-8_10,Conference paper
Digital technologies and robotics in mass-timber manufacturing: a systematic literature review on construction 4.0/5.0,Construction Robotics,,,,10.1007/s41693-024-00143-9,Jessica Janeth Cisneros-GonzalezAfia RasoolRafiq Ahmad,2024,https://link.springer.com/article/10.1007/s41693-024-00143-9,Article
Cross-Institutional Collaboration in Argentina Within the Collaborative Network of Remote Laboratories R-Lab,Online Laboratories in Engineering and Technology Education,,,,10.1007/978-3-031-70771-1_30,Federico Gastón LerroGraciela UtgesDiego Christian CaputoSusana Teresa Marchisio,2024,https://link.springer.com/chapter/10.1007/978-3-031-70771-1_30,Chapter
Hardware Implementation of&#xa0;OCaml Using a&#xa0;Synchronous Functional Language,Practical Aspects of Declarative Languages,,,,10.1007/978-3-031-52038-9_10,Loïc SylvestreJocelyn SérotEmmanuel Chailloux,2023,https://link.springer.com/chapter/10.1007/978-3-031-52038-9_10,Conference paper
"Artificial intelligence in additive Manufacturing: advances in smart materials, lattice optimization, and process intelligence",The International Journal of Advanced Manufacturing Technology,,,,10.1007/s00170-026-18072-y,Saqlain ZamanMd Shahjahan MahmudAli Akber MollickTenzin LhadenJoshua DantzlerSabina ArroyoNithin K. GoonaMaisha MesbahMd. Ariful AhsanYirong Lin,2026,https://link.springer.com/article/10.1007/s00170-026-18072-y,Article
Umsetzung,Ganzheitliche Digitalisierung von Prozessen,,,,10.1007/978-3-658-41777-2_7,Matthes ElstermannAlbert FleischmannChristoph MoserStefan OpplWerner SchmidtChristian Stary,2023,https://link.springer.com/chapter/10.1007/978-3-658-41777-2_7,Chapter
Semantic Foundations for Deterministic Dataflow and Stream Processing,Programming Languages and Systems,,,,10.1007/978-3-030-44914-8_15,Konstantinos Mamouras,2020,https://link.springer.com/chapter/10.1007/978-3-030-44914-8_15,Conference paper
Early timing analysis based on scenario requirements and platform models,Software and Systems Modeling,,,,10.1007/s10270-022-01002-3,Jörg HoltmannJulien DeantoniMarkus Fockel,2022,https://link.springer.com/article/10.1007/s10270-022-01002-3,Article
"Machine Learning in Ultra-High-Performance Concrete (UHPC): A Multiscale Review of Applications, Challenges, and Prospects",Archives of Computational Methods in Engineering,,,,10.1007/s11831-026-10494-x,Keat Bin TeohShack Yee HiewNemkumar BanthiaDoo-Yeol Yoo,2026,https://link.springer.com/article/10.1007/s11831-026-10494-x,Article
Integrating micro and nano systems into lightweight structures,Multifunctional Lightweight Structures,,,,10.1007/978-3-662-62217-9_6,Lothar Kroll,2023,https://link.springer.com/chapter/10.1007/978-3-662-62217-9_6,Chapter
Reactors: A Deterministic Model for Composable Reactive Systems,Cyber Physical Systems. Model-Based Design,,,,10.1007/978-3-030-41131-2_4,Marten LohstrohÍñigo Íncer RomeoAndrés GoensPatricia DerlerJeronimo CastrillonEdward A. LeeAlberto Sangiovanni-Vincentelli,2020,https://link.springer.com/chapter/10.1007/978-3-030-41131-2_4,Conference paper
Evaluation of Machining Properties of Short Bamboo Fiber-Based Green Composites Using CNC Drilling Process,Sustainable Machining Strategies for Better Performance,,,,10.1007/978-981-16-2278-6_11,Shubham B. PatilJagadishShailesh VaidyaSatish Kumar Adapa,2022,https://link.springer.com/chapter/10.1007/978-981-16-2278-6_11,Conference paper
RETRACTED ARTICLE: IoT-based smart environment using intelligent intrusion detection system,Soft Computing,,,,10.1007/s00500-021-06028-1,Gauri KalnoorS. Gowrishankar,2021,https://link.springer.com/article/10.1007/s00500-021-06028-1,Article
Shelley: A Framework for&#xa0;Model Checking Call Ordering on&#xa0;Hierarchical Systems,Coordination Models and Languages,,,,10.1007/978-3-031-35361-1_5,Carlos Mão de FerroTiago CogumbreiroFrancisco Martins,2023,https://link.springer.com/chapter/10.1007/978-3-031-35361-1_5,Conference paper
Cyber-physical systems for structural health monitoring: sensing technologies and intelligent computing,The Journal of Supercomputing,,,,10.1007/s11227-021-03875-5,Wael DoghriAhlem SaddoudLamia Chaari Fourati,2021,https://link.springer.com/article/10.1007/s11227-021-03875-5,Article
A service platform for streamlining the production of cyber–physical interactive performance art,Service Oriented Computing and Applications,,,,10.1007/s11761-019-00268-8,Chun-Feng LiaoKung Chen,2019,https://link.springer.com/article/10.1007/s11761-019-00268-8,Article
"Actors Upgraded for&#xa0;Variability, Adaptability, and&#xa0;Determinism",Active Object Languages: Current Research Trends,,,,10.1007/978-3-031-51060-1_9,Ramtin KhosraviEhsan KhamespanahFatemeh GhassemiMarjan Sirjani,2024,https://link.springer.com/chapter/10.1007/978-3-031-51060-1_9,Chapter
Shear Strengthening of Reinforced Concrete T-Beams by Using Fiber-Reinforced Polymer Composites: A Data Analysis,Arabian Journal for Science and Engineering,,,,10.1007/s13369-020-04412-x,Swapnasarit KarK. C. Biswal,2020,https://link.springer.com/article/10.1007/s13369-020-04412-x,Article
Physics-guided deep ensemble and inverse design for sustainable concrete,"Multiscale and Multidisciplinary Modeling, Experiments and Design",,,,10.1007/s41939-025-01154-x,Arvind DewanganNeha SharmaAkanksha KulshreshthaReeta GuliaSumit SainiSagar ParuthiRupesh Kumar Tipu,2026,https://link.springer.com/article/10.1007/s41939-025-01154-x,Article
Modes,Mode-Switching for Resilient Security,,,,10.1007/978-3-658-49306-6_3,Michael Riegler,2025,https://link.springer.com/chapter/10.1007/978-3-658-49306-6_3,Chapter
A Reactive Architectural Proposal for Fog/Edge Computing in the Internet of Things Paradigm with Application in Deep Learning,"Artificial Intelligence, Machine Learning, and Optimization Tools for Smart Cities",,,,10.1007/978-3-030-84459-2_9,Óscar Belmonte-FernándezEmilio Sansano-SansanoSergio TrillesAntonio Caballer-Miedes,2022,https://link.springer.com/chapter/10.1007/978-3-030-84459-2_9,Chapter
Textile- and plastic-based technologies,Multifunctional Lightweight Structures,,,,10.1007/978-3-662-62217-9_5,Lothar Kroll,2023,https://link.springer.com/chapter/10.1007/978-3-662-62217-9_5,Chapter
Recent advances in smart polymers for biomedical applications using additive manufacturing systems,Discover Mechanical Engineering,,,,10.1007/s44245-026-00265-0,Isiaka Oluwole OladeleAdekunle Mathew AjayiQueen Oluwatoyin AdewumiNnabuike Linus OnuhOjo Friday AbrahamAnuoluwapo Samuel TaiwoAbimbola Oluwatayo Orisawayi,2026,https://link.springer.com/article/10.1007/s44245-026-00265-0,Article
RETRACTED ARTICLE: AI-ciphering techniques for connected vehicular Adhoc networks,Multimedia Tools and Applications,,,,10.1007/s11042-023-15642-0,Deepak ChoudharyRoop Pahuja,2023,https://link.springer.com/article/10.1007/s11042-023-15642-0,Article
An SNN-CPG Hybrid Locomotion Control for Biomimetic Robotic Fish,Journal of Intelligent & Robotic Systems,,,,10.1007/s10846-022-01664-7,Ming WangYiyang ZhangJunzhi Yu,2022,https://link.springer.com/article/10.1007/s10846-022-01664-7,Article
Recovery Preparation,Software Design for Resilient Computer Systems,,,,10.1007/978-3-031-55139-0_8,Igor SchagaevThomas Kaegi,2024,https://link.springer.com/chapter/10.1007/978-3-031-55139-0_8,Chapter
Goal-Based Strategy Exploration,Model-Based Engineering of Collaborative Embedded Systems,,,,10.1007/978-3-030-62136-0_9,Patricia Aluko ObeJennifer BringsMarian DaunLinda FeekenElham MirzaeiMartin NeumannJochen NicklesSimon RöselMarkus SauerHolger SchlingloffIngo StierandJan-Stefan Zernickel,2021,https://link.springer.com/chapter/10.1007/978-3-030-62136-0_9,Chapter
Basic Knowledge of Firmware,Internet of Things Security: Principles and Practice,,,,10.1007/978-981-15-9942-2_3,Qinghao TangFan Du,2021,https://link.springer.com/chapter/10.1007/978-981-15-9942-2_3,Chapter
Declarative Stream Runtime Verification (hLola),Programming Languages and Systems,,,,10.1007/978-3-030-64437-6_2,Martín CeresaFelipe GorostiagaCésar Sánchez,2020,https://link.springer.com/chapter/10.1007/978-3-030-64437-6_2,Conference paper
Computers as Interactive Machines: Can We Build an Explanatory Abstraction?,Minds and Machines,,,,10.1007/s11023-023-09624-2,Alice MartinMathieu MagnaudetStéphane Conversy,2023,https://link.springer.com/article/10.1007/s11023-023-09624-2,Article
Specifications and Modeling,Embedded System Design,,,,10.1007/978-3-030-60910-8_2,Peter Marwedel,2021,https://link.springer.com/chapter/10.1007/978-3-030-60910-8_2,Chapter
Time in SCCharts,"Languages, Design Methods, and Tools for Electronic System Design",,,,10.1007/978-3-030-31585-6_1,Alexander Schulz-RosengartenReinhard von HanxledenFrédéric MalletRobert de SimoneJulien Deantoni,2020,https://link.springer.com/chapter/10.1007/978-3-030-31585-6_1,Chapter
Advances in Machine Learning for Predicting Compressive Strength of High-Performance Concrete: A Review,"Iranian Journal of Science and Technology, Transactions of Civil Engineering",,,,10.1007/s40996-026-02188-y,Rupesh Kumar TipuSagar Paruthi,2026,https://link.springer.com/article/10.1007/s40996-026-02188-y,Article
The Integrated Design of Aero-engines and Aero-craft,When AIAA Meets IEEE,,,,10.1007/978-981-19-8394-8_11,Franklin Li Duan,2023,https://link.springer.com/chapter/10.1007/978-981-19-8394-8_11,Chapter
Runtime verification of real-time event streams under non-synchronized arrival,Software Quality Journal,,,,10.1007/s11219-019-09493-y,Martin LeuckerCésar SánchezTorben ScheffelMalte SchmitzAlexander Schramm,2020,https://link.springer.com/article/10.1007/s11219-019-09493-y,Article
Spatial winding: cooperative heterogeneous multi-robot system for fibrous structures,Construction Robotics,,,,10.1007/s41693-020-00036-7,Rebeca Duque EstradaFabian KannenbergHans Jakob WagnerMaria YabloninaAchim Menges,2020,https://link.springer.com/article/10.1007/s41693-020-00036-7,Article
Specification-Based Monitoring in&#xa0;C++,"Leveraging Applications of Formal Methods, Verification and Validation. Verification Principles",,,,10.1007/978-3-031-19849-6_5,Klaus Havelund,2022,https://link.springer.com/chapter/10.1007/978-3-031-19849-6_5,Conference paper
MIMOS: A Deterministic Model for&#xa0;the&#xa0;Design and&#xa0;Update of&#xa0;Real-Time Systems,Coordination Models and Languages,,,,10.1007/978-3-031-08143-9_2,Wang YiMorteza MohaqeqiSusanne Graf,2022,https://link.springer.com/chapter/10.1007/978-3-031-08143-9_2,Conference paper
Algebraic Quantitative Semantics for Efficient Online Temporal Monitoring,Tools and Algorithms for the Construction and Analysis of Systems,,,,10.1007/978-3-030-72016-2_18,Konstantinos MamourasAgnishom ChattopadhyayZhifu Wang,2021,https://link.springer.com/chapter/10.1007/978-3-030-72016-2_18,Conference paper
Cause-Effect Reaction Latency in&#xa0;Real-Time Systems,"Model Checking, Synthesis, and Learning",,,,10.1007/978-3-030-91384-7_3,Jakaria AbdullahWang Yi,2021,https://link.springer.com/chapter/10.1007/978-3-030-91384-7_3,Chapter
Correct-by-construction model-based design of reactive streaming software for multi-core embedded systems,International Journal on Software Tools for Technology Transfer,,,,10.1007/s10009-019-00521-7,Fotios GioulekasPeter PoplavkoPanagiotis KatsarosSaddek BensalemPedro Palomo,2019,https://link.springer.com/article/10.1007/s10009-019-00521-7,Article
Integration of ontologies to support Control as a Service in an Industry 4.0 context,Service Oriented Computing and Applications,,,,10.1007/s11761-021-00317-1,Minhu LyuFrederique BiennierParisa Ghodous,2021,https://link.springer.com/article/10.1007/s11761-021-00317-1,Article
"Formal Modeling, Verification and Automated Synthesis",Development of Safety-Critical Systems,,,,10.1007/978-3-031-27901-0_6,Gopinath KarmakarAmol WakankarAshutosh KabraParitosh Pandya,2023,https://link.springer.com/chapter/10.1007/978-3-031-27901-0_6,Chapter
Low speed lifting cable diagnosis using instantaneous angular speed,Journal of Mechanical Science and Technology,,,,10.1007/s12206-021-0402-x,Souha KhadraouiFabrice BolaersOlivier CousinardJean Paul Dron,2021,https://link.springer.com/article/10.1007/s12206-021-0402-x,Article
A Synchronous Effects Logic for Temporal Verification of Pure Esterel,"Verification, Model Checking, and Abstract Interpretation",,,,10.1007/978-3-030-67067-2_19,Yahui SongWei-Ngan Chin,2021,https://link.springer.com/chapter/10.1007/978-3-030-67067-2_19,Conference paper
A Dynamic Data Driven Applications Systems (DDDAS)-Based Digital Twin IoT Framework,Dynamic Data Driven Applications Systems,,,,10.1007/978-3-030-61725-7_6,Sarah MalikRakeen RoufKrzysztof MazurAntonios Kontsos,2020,https://link.springer.com/chapter/10.1007/978-3-030-61725-7_6,Conference paper
Towards a simple and safe Objective Caml compiling framework for the synchronous language SIGNAL,Frontiers of Computer Science,,,,10.1007/s11704-017-6485-y,Zhibin YangJean-Paul BodeveixMamoun Filali,2019,https://link.springer.com/article/10.1007/s11704-017-6485-y,Article
A survey on the design space of end-user-oriented languages for specifying robotic missions,Software and Systems Modeling,,,,10.1007/s10270-020-00854-x,Swaib DraguleThorsten BergerClaudio MenghiPatrizio Pelliccione,2021,https://link.springer.com/article/10.1007/s10270-020-00854-x,Article
Godec: An Open-Source Data Processing Framework for Deploying ML Data Flows in Edge-Computing Environments,Edge Computing – EDGE 2020,,,,10.1007/978-3-030-59824-2_7,Ralf MeermeierLe ZhangFrancis KeithWilliam HartmannStavros TsakalidisAndrew Tabarez,2020,https://link.springer.com/chapter/10.1007/978-3-030-59824-2_7,Conference paper
Type-Safe Functions and Tasks in a Shallow Embedded DSL for Microprocessors,Central European Functional Programming School,,,,10.1007/978-3-030-28346-9_8,Pieter KoopmanRinus Plasmeijer,2019,https://link.springer.com/chapter/10.1007/978-3-030-28346-9_8,Chapter
"Metaheuristic Algorithms Since 2020: Development, Taxonomy, Analysis, and Applications",Archives of Computational Methods in Engineering,,,,10.1007/s11831-025-10408-3,Arunita DasRebika RaiBuddhadev SasmalKrishna Gopal DhalRuba Abu KhurmaRamesh Saha,2025,https://link.springer.com/article/10.1007/s11831-025-10408-3,Article
A benchmark of incremental model transformation tools based on an industrial case study with AADL,Software and Systems Modeling,,,,10.1007/s10270-022-00989-z,Hana MkaouarDominique BlouinEtienne Borde,2022,https://link.springer.com/article/10.1007/s10270-022-00989-z,Article
Application of Structural Control Systems for the Cables of Cable-Stayed Bridges: State-of-the-Art and State-of-the-Practice,Archives of Computational Methods in Engineering,,,,10.1007/s11831-021-09632-4,Ahad JavanmardiKhaled GhaediFuyun HuangMuhammad Usman HanifAlireza Tabrizikahou,2021,https://link.springer.com/article/10.1007/s11831-021-09632-4,Article
Automated Ada Code Generation from Synchronous Dataflow Programs on Multicore: Approach and Industrial Study,Formal Techniques for Safety-Critical Systems,,,,10.1007/978-3-030-46902-3_4,Shenghao YuanZhibin YangJean-Paul BodeveixMamoun FilaliTiexin WangYong Zhou,2020,https://link.springer.com/chapter/10.1007/978-3-030-46902-3_4,Conference paper
INTER-Framework: An Interoperability Framework to Support IoT Platform Interoperability,Interoperability of Heterogeneous IoT Platforms,,,,10.1007/978-3-030-82446-4_6,Clara I. ValeroAndreu BelsaAlejandro Fornes-LealFernando BoronatMiguel A. LlorenteMiguel Montesinos,2021,https://link.springer.com/chapter/10.1007/978-3-030-82446-4_6,Chapter
Mixed-semantics composition of statecharts for the component-based design of reactive systems,Software and Systems Modeling,,,,10.1007/s10270-020-00806-5,Bence GraicsVince MolnárAndrás VörösIstván MajzikDániel Varró,2020,https://link.springer.com/article/10.1007/s10270-020-00806-5,Article
Distributed graph queries over models@run.time for runtime monitoring of cyber-physical systems,International Journal on Software Tools for Technology Transfer,,,,10.1007/s10009-019-00531-5,Márton BúrGábor SzilágyiAndrás VörösDániel Varró,2019,https://link.springer.com/article/10.1007/s10009-019-00531-5,Article
Concurrent Programming,Programming Languages: Principles and Paradigms,,,,10.1007/978-3-031-34144-1_14,Maurizio GabbrielliSimone Martini,2023,https://link.springer.com/chapter/10.1007/978-3-031-34144-1_14,Chapter
Development of Qualified Platform,Development of Safety-Critical Systems,,,,10.1007/978-3-031-27901-0_7,Gopinath KarmakarAmol WakankarAshutosh KabraParitosh Pandya,2023,https://link.springer.com/chapter/10.1007/978-3-031-27901-0_7,Chapter
TRAP: trace runtime analysis of properties,Frontiers of Computer Science,,,,10.1007/s11704-018-7217-7,Daian YueVania JoloboffFrédéric Mallet,2019,https://link.springer.com/article/10.1007/s11704-018-7217-7,Article
Cloud Computing and Internet of Things: Recent Trends and Directions,New Frontiers in Cloud Computing and Internet of Things,,,,10.1007/978-3-031-05528-7_1,Mohammad GoudarziShashikant IlagerRajkumar Buyya,2022,https://link.springer.com/chapter/10.1007/978-3-031-05528-7_1,Chapter
Polychronous automata and their use for formal validation of AADL models,Frontiers of Computer Science,,,,10.1007/s11704-017-6134-5,Thierry GautierClément GuyAlexandre HonoratPaul Le GuernicJean-Pierre TalpinLoïc Besnard,2019,https://link.springer.com/article/10.1007/s11704-017-6134-5,Article
Efficient Functional Reactive Programming Through Incremental Behaviors,Programming Languages and Systems,,,,10.1007/978-3-319-71237-6_16,Bob ReyndersDominique Devriese,2017,https://link.springer.com/chapter/10.1007/978-3-319-71237-6_16,Conference paper
A distributable event-oriented architecture for activity recognition in smart homes,Journal of Reliable Intelligent Environments,,,,10.1007/s40860-020-00125-y,Cédric DemongivertKévin BouchardSébastien GabouryBruno BouchardMaxime LussierMaxime ParenteauCatherine LalibertéMélanie CoutureNathalie BierSylvain Giroux,2021,https://link.springer.com/article/10.1007/s40860-020-00125-y,Article
Verification of Autonomous Robots: A Roboticist’s Bottom-Up Approach,Software Engineering for Robotics,,,,10.1007/978-3-030-66494-7_8,Félix Ingrand,2021,https://link.springer.com/chapter/10.1007/978-3-030-66494-7_8,Chapter
Development of the Digital Prototype  into the Digital Fingerprint,ATZproduction worldwide,,,,10.1007/s38312-019-0032-9,Andreas RaichleFlorian RitterMathieu VinotJörg Dittmann,2019,https://link.springer.com/article/10.1007/s38312-019-0032-9,Article
Machine learning and deep learning for blood pressure prediction: a methodological review from multiple perspectives,Artificial Intelligence Review,,,,10.1007/s10462-022-10353-8,Keke QinWu HuangTao ZhangShiqi Tang,2022,https://link.springer.com/article/10.1007/s10462-022-10353-8,Article
The Trusted Computing Base of the CompCert Verified Compiler,Programming Languages and Systems,,,,10.1007/978-3-030-99336-8_8,David MonniauxSylvain Boulmé,2022,https://link.springer.com/chapter/10.1007/978-3-030-99336-8_8,Conference paper
Designing API for Using Publicly Accessible Data Sets,Smart Innovations in Engineering and Technology,,,,10.1007/978-3-030-32861-0_6,Tomasz GórskiEwa Wojtach,2020,https://link.springer.com/chapter/10.1007/978-3-030-32861-0_6,Conference paper
Development and path planning of a novel unmanned surface vehicle system and its application to exploitation of Qarhan Salt Lake,Science China Information Sciences,,,,10.1007/s11432-018-9723-5,Zhibin XueJincun LiuZhengxing WuSheng DuShihan KongJunzhi Yu,2019,https://link.springer.com/article/10.1007/s11432-018-9723-5,Article
IoT Based Multimode Sensing Platform for Underground Coal Mines,Wireless Personal Communications,,,,10.1007/s11277-019-06466-z,P. K. MishraSubhash KumarPratikManish KumarJitendra Kumar,2019,https://link.springer.com/article/10.1007/s11277-019-06466-z,Article
"GUIs, Robots, and Language: Toward a Neo-Davidsonian Procedural Semantics","AI, IoT, Big Data and Cloud Computing for Industry 4.0",,,,10.1007/978-3-031-29713-7_24,Nathaniel ChristenAmy Neustein,2023,https://link.springer.com/chapter/10.1007/978-3-031-29713-7_24,Chapter
Real-Time (RT) Model,Real-Time Systems,,,,10.1007/978-3-031-11992-7_4,Hermann KopetzWilfried Steiner,2022,https://link.springer.com/chapter/10.1007/978-3-031-11992-7_4,Chapter
An actor-based framework for asynchronous event-based cyber-physical systems,Software and Systems Modeling,,,,10.1007/s10270-021-00877-y,Iman JahandidehFatemeh GhassemiMarjan Sirjani,2021,https://link.springer.com/article/10.1007/s10270-021-00877-y,Article
Interpreted synchronous extension of time Petri nets,Discrete Event Dynamic Systems,,,,10.1007/s10626-021-00347-z,Karen Godary-DejeanHélène LerouxDavid Andreu,2021,https://link.springer.com/article/10.1007/s10626-021-00347-z,Article
Simulation of foamed concrete compressive strength prediction using adaptive neuro-fuzzy inference system optimized by nature-inspired algorithms,Frontiers of Structural and Civil Engineering,,,,10.1007/s11709-020-0684-6,Ahmad SharafatiH. NaderpourSinan Q. SalihE. OnyariZaher Mundher Yaseen,2021,https://link.springer.com/article/10.1007/s11709-020-0684-6,Article
Digital Composites: Robotic 3D Printing of Continuous Carbon Fiber-Reinforced Plastics for Functionally-Graded Building Components,"Robotic Fabrication in Architecture, Art and Design 2018",,,,10.1007/978-3-319-92294-2_28,Hyunchul KwonMartin EichenhoferThodoris KyttasBenjamin Dillenburger,2019,https://link.springer.com/chapter/10.1007/978-3-319-92294-2_28,Conference paper
Analysis of Firmware Vulnerabilities,Internet of Things Security: Principles and Practice,,,,10.1007/978-981-15-9942-2_4,Qinghao TangFan Du,2021,https://link.springer.com/chapter/10.1007/978-981-15-9942-2_4,Chapter
Generalised Dining Philosophers as Feedback Control,Distributed Computing and Internet Technology,,,,10.1007/978-3-030-36987-3_9,Venkatesh ChoppellaArjun SanjeevKasturi ViswanathBharat Jayaraman,2020,https://link.springer.com/chapter/10.1007/978-3-030-36987-3_9,Conference paper
Using Correct-by-Construction Software Agile Development,Information Technology - New Generations,,,,10.1007/978-3-319-77028-4_35,Rafael Augusto Lopes ShigemuraGildarcio Sousa GoncalvesLuiz Alberto Vieira DiasPaulo Marcelo TasinaffoAdilson Marques da CunhaLuciana Sayuri MiziokaLeticia Hissae YanaguyaVictor Ulisses Pugliese,2018,https://link.springer.com/chapter/10.1007/978-3-319-77028-4_35,Conference paper
Design Standards and Regulations,Senior Design Projects in Mechanical Engineering,,,,10.1007/978-3-030-85390-7_16,Yongsheng MaYiming Rong,2022,https://link.springer.com/chapter/10.1007/978-3-030-85390-7_16,Chapter
Robot-Based Fiber Spray Process for Small Batch Production,"Annals of Scientific Society for Assembly, Handling and Industrial Robotics",,,,10.1007/978-3-662-61755-7_27,Edgar SchmidtJonas WinkelbauerGeorg PuchasDominik HenrichWalter Krenkel,2020,https://link.springer.com/chapter/10.1007/978-3-662-61755-7_27,Conference paper
A review: A Comprehensive Review of Soft and Rigid Wearable Rehabilitation and Assistive Devices with a Focus on the Shoulder Joint,Journal of Intelligent & Robotic Systems,,,,10.1007/s10846-021-01353-x,Hamed Majidi Fard VatanSamia Nefti-MezianiSteve DavisZahra SaffariHaitham El-Hussieny,2021,https://link.springer.com/article/10.1007/s10846-021-01353-x,Article
On the Need for Data-Based Model-Driven Engineering,Security and Quality in Cyber-Physical Systems Engineering,,,,10.1007/978-3-030-25312-7_5,Alexandra MazakSabine WolnyManuel Wimmer,2019,https://link.springer.com/chapter/10.1007/978-3-030-25312-7_5,Chapter
“Go Beyond 4.0” Lighthouse Project,Digital Transformation,,,,10.1007/978-3-662-58134-6_13,Thomas Otto,2019,https://link.springer.com/chapter/10.1007/978-3-662-58134-6_13,Chapter
Template-based AADL automatic code generation,Frontiers of Computer Science,,,,10.1007/s11704-017-6477-y,Kai HuZhangbo DuanJiye WangLingchao GaoLihong Shang,2019,https://link.springer.com/article/10.1007/s11704-017-6477-y,Article
Realization,Contextual Process Digitalization,,,,10.1007/978-3-030-38300-8_7,Albert FleischmannStefan OpplWerner SchmidtChristian Stary,2020,https://link.springer.com/chapter/10.1007/978-3-030-38300-8_7,Chapter
Execution-Based Model Profiling,Data-Driven Process Discovery and Analysis,,,,10.1007/978-3-319-74161-1_3,Alexandra MazakManuel WimmerPolina Patsuk-Bösch,2018,https://link.springer.com/chapter/10.1007/978-3-319-74161-1_3,Conference paper
Mechanism Design of Human-Like HRP-4C,Humanoid Robotics: A Reference,,,,10.1007/978-94-007-6046-2_92,Shuuji Kajita,2019,https://link.springer.com/rwe/10.1007/978-94-007-6046-2_92,Reference work entry
SMT-Based Bounded Schedulability Analysis of the Clock Constraint Specification Language,Fundamental Approaches to Software Engineering,,,,10.1007/978-3-030-16722-6_4,Min ZhangFu SongFrédéric MalletXiaohong Chen,2019,https://link.springer.com/chapter/10.1007/978-3-030-16722-6_4,Conference paper
Pragmatic reuse for DSML development,Software and Systems Modeling,,,,10.1007/s10270-020-00831-4,Stefan KlikovitsDidier Buchs,2020,https://link.springer.com/article/10.1007/s10270-020-00831-4,Article
Stream Processing Languages and Abstractions,Encyclopedia of Big Data Technologies,,,,10.1007/978-3-319-77525-8_260,Martin HirzelGuillaume Baudart,2019,https://link.springer.com/rwe/10.1007/978-3-319-77525-8_260,Reference work entry
Maintaining Separation of Concerns Through Task Oriented Software Development,Trends in Functional Programming,,,,10.1007/978-3-319-89719-6_2,Jurriën StutterheimPeter AchtenRinus Plasmeijer,2018,https://link.springer.com/chapter/10.1007/978-3-319-89719-6_2,Conference paper
Zohar Manna (1939–2018),Formal Aspects of Computing,,,,10.1007/s00165-019-00500-4,Nachum DershowitzRichard Waldinger,2019,https://link.springer.com/article/10.1007/s00165-019-00500-4,Article
Understanding large-scale software systems – structure and flows,Empirical Software Engineering,,,,10.1007/s10664-021-09938-8,Omer LevyDror G. Feitelson,2021,https://link.springer.com/article/10.1007/s10664-021-09938-8,Article
Slicing from formal semantics: Chisel—a tool for generic program slicing,International Journal on Software Tools for Technology Transfer,,,,10.1007/s10009-018-0500-y,Irina Măriuca AsăvoaeMihail AsăvoaeAdrián Riesco,2018,https://link.springer.com/article/10.1007/s10009-018-0500-y,Article
Are Synchronous Programs Logic Programs?,Principled Software Development,,,,10.1007/978-3-319-98047-8_16,Klaus SchneiderMarc Dahlem,2018,https://link.springer.com/chapter/10.1007/978-3-319-98047-8_16,Chapter
Embedding CCSL into Dynamic Logic: A Logical Approach for the Verification of CCSL Specifications,Formal Techniques for Safety-Critical Systems,,,,10.1007/978-3-030-12988-0_7,Yuanrui ZhangHengyang WuYixiang ChenFrédéric Mallet,2019,https://link.springer.com/chapter/10.1007/978-3-030-12988-0_7,Conference paper
Quartz: A Synchronous Language for Model-Based Design of Reactive Embedded Systems,Handbook of Hardware/Software Codesign,,,,10.1007/978-94-017-7267-9_3,Klaus SchneiderJens Brandt,2017,https://link.springer.com/rwe/10.1007/978-94-017-7267-9_3,Reference work entry
Recovery Preparation,Software Design for Resilient Computer Systems,,,,10.1007/978-3-030-21244-5_8,Igor SchagaevEugene ZouevKaegi Thomas,2020,https://link.springer.com/chapter/10.1007/978-3-030-21244-5_8,Chapter
The 2020 Expert Survey on Formal Methods,Formal Methods for Industrial Critical Systems,,,,10.1007/978-3-030-58298-2_1,Hubert GaravelMaurice H. ter BeekJaco van de Pol,2020,https://link.springer.com/chapter/10.1007/978-3-030-58298-2_1,Conference paper
Software Abstractions and Human-Cyber-Physical Systems Architecture Modelling,Engineering Trustworthy Software Systems,,,,10.1007/978-3-030-55089-9_5,Zhiming LiuJonathan P. BowenBo LiuShmuel TyszberowiczTingting Zhang,2020,https://link.springer.com/chapter/10.1007/978-3-030-55089-9_5,Conference paper
Quality-Aware Reactive Programming for the Internet of Things,Fundamentals of Software Engineering,,,,10.1007/978-3-319-68972-2_12,José ProençaCarlos Baquero,2017,https://link.springer.com/chapter/10.1007/978-3-319-68972-2_12,Conference paper
Probabilistic Semantics for RoboChart,Unifying Theories of Programming,,,,10.1007/978-3-030-31038-7_5,Jim WoodcockAna CavalcantiSimon FosterAlexandre MotaKangfeng Ye,2019,https://link.springer.com/chapter/10.1007/978-3-030-31038-7_5,Conference paper
The Next 7000 Programming Languages,Computing and Software Science,,,,10.1007/978-3-319-91908-9_15,Robert ChatleyAlastair DonaldsonAlan Mycroft,2019,https://link.springer.com/chapter/10.1007/978-3-319-91908-9_15,Chapter
TeSSLa: Temporal Stream-Based Specification Language,Formal Methods: Foundations and Applications,,,,10.1007/978-3-030-03044-5_10,Lukas ConventSebastian HungereckerMartin LeuckerTorben ScheffelMalte SchmitzDaniel Thoma,2018,https://link.springer.com/chapter/10.1007/978-3-030-03044-5_10,Conference paper
Specifications and Modeling,Embedded System Design,,,,10.1007/978-3-319-56045-8_2,Peter Marwedel,2018,https://link.springer.com/chapter/10.1007/978-3-319-56045-8_2,Chapter
Methods and Tools for Mapping Process Networks onto Multi-Processor Systems-On-Chip,Handbook of Signal Processing Systems,,,,10.1007/978-3-319-91734-4_19,Iuliana BacivarovWolfgang HaidKai HuangLothar Thiele,2019,https://link.springer.com/chapter/10.1007/978-3-319-91734-4_19,Chapter
Task scheduling using Ant Colony Optimization in multicore architectures: a survey,Soft Computing,,,,10.1007/s00500-018-3260-4,G. Umarani SrikanthR. Geetha,2018,https://link.springer.com/article/10.1007/s00500-018-3260-4,Article
A verification framework for spatio-temporal consistency language with CCSL as a specification language,Frontiers of Computer Science,,,,10.1007/s11704-018-7054-8,Yuanrui ZhangFrédéric MalletYixiang Chen,2018,https://link.springer.com/article/10.1007/s11704-018-7054-8,Article
"Modular Code Generation from Synchronous Block Diagrams: Interfaces, Abstraction, Compositionality",Principles of Modeling,,,,10.1007/978-3-319-95246-8_26,Stavros TripakisRoberto Lublinerman,2018,https://link.springer.com/chapter/10.1007/978-3-319-95246-8_26,Chapter
Guest Editorial: Real-Time and Embedded Systems,Journal of Signal Processing Systems,,,,10.1007/s11265-016-1132-7,Kaijie WuZili Shao,2016,https://link.springer.com/article/10.1007/s11265-016-1132-7,Article
Reflective Internet of Things Middleware-Enabled a Predictive Real-Time Waste Monitoring System,Web Engineering,,,,10.1007/978-3-319-91662-0_31,Vito BelliniTommaso Di NoiaMarina MongielloFrancesco NoceraAngelo ParchitelliEugenio Di Sciascio,2018,https://link.springer.com/chapter/10.1007/978-3-319-91662-0_31,Conference paper
Stream Processing Languages and Abstractions,Encyclopedia of Big Data Technologies,,,,10.1007/978-3-319-63962-8_260-1,Martin HirzelGuillaume Baudart,2018,https://link.springer.com/rwe/10.1007/978-3-319-63962-8_260-1,Living reference work entry
A formal approach to AADL model-based software engineering,International Journal on Software Tools for Technology Transfer,,,,10.1007/s10009-019-00513-7,Hana MkaouarBechir ZalilaJérôme HuguesMohamed Jmaiel,2019,https://link.springer.com/article/10.1007/s10009-019-00513-7,Article
A Process Network Model for Reactive Streaming Software with Deterministic Task Parallelism,Fundamental Approaches to Software Engineering,,,,10.1007/978-3-319-89363-1_6,Fotios GioulekasPeter PoplavkoPanagiotis KatsarosSaddek BensalemPedro Palomo,2018,https://link.springer.com/chapter/10.1007/978-3-319-89363-1_6,Conference paper
Designing Games in Ring,Beginning Ring Programming,,,,10.1007/978-1-4842-5833-0_8,Mansour Ayouni,2020,https://link.springer.com/chapter/10.1007/978-1-4842-5833-0_8,Chapter
Modeling for Verification,Handbook of Model Checking,,,,10.1007/978-3-319-10575-8_3,Sanjit A. SeshiaNatasha SharyginaStavros Tripakis,2018,https://link.springer.com/chapter/10.1007/978-3-319-10575-8_3,Chapter
Enabling Flow Preservation and Portability in Multicore Implementations of Simulink Models,Principles of Modeling,,,,10.1007/978-3-319-95246-8_12,Caroline BrandbergMarco Di Natale,2018,https://link.springer.com/chapter/10.1007/978-3-319-95246-8_12,Chapter
On the Road to Conviction: An Email Exchange with Edward Lee,Principles of Modeling,,,,10.1007/978-3-319-95246-8_29,Reinhard Wilhelm,2018,https://link.springer.com/chapter/10.1007/978-3-319-95246-8_29,Chapter
CREST - A DSL for Reactive Cyber-Physical Systems,"System Analysis and Modeling. Languages, Methods, and Tools for Systems Engineering",,,,10.1007/978-3-030-01042-3_3,Stefan KlikovitsAlban LinardDidier Buchs,2018,https://link.springer.com/chapter/10.1007/978-3-030-01042-3_3,Conference paper
Model experiments on the early detection and rudder stabilization of KCS parametric roll in head waves,Journal of Marine Science and Technology,,,,10.1007/s00773-017-0463-9,Liwei YuKo TaguchiAkagi KentaNing MaYoshiaki Hirakawa,2017,https://link.springer.com/article/10.1007/s00773-017-0463-9,Article
Umsetzung,Ganzheitliche Digitalisierung von Prozessen,,,,10.1007/978-3-658-22648-0_6,Albert FleischmannStefan OpplWerner SchmidtChristian Stary,2018,https://link.springer.com/chapter/10.1007/978-3-658-22648-0_6,Chapter
A Shallow Embedded Type Safe Extendable DSL for the Arduino,Trends in Functional Programming,,,,10.1007/978-3-319-39110-6_6,Pieter KoopmanRinus Plasmeijer,2016,https://link.springer.com/chapter/10.1007/978-3-319-39110-6_6,Conference paper
Deterministic Concurrency: A Clock-Synchronised Shared Memory Approach,Programming Languages and Systems,,,,10.1007/978-3-319-89884-1_4,Joaquín AguadoMichael MendlerMarc PouzetPartha RoopReinhard von Hanxleden,2018,https://link.springer.com/chapter/10.1007/978-3-319-89884-1_4,Conference paper
MARTE for CPS and CPSoS,Cyber-Physical System Design from an Architecture Analysis Viewpoint,,,,10.1007/978-981-10-4436-6_4,Frédéric MalletEugenio VillarFernando Herrera,2017,https://link.springer.com/chapter/10.1007/978-981-10-4436-6_4,Chapter
IoT6Sec: reliability model for Internet of Things security focused on anomalous measurements identification with energy analysis,Wireless Networks,,,,10.1007/s11276-017-1610-2,Norisvaldo Ferraz JuniorAnderson SilvaAdilson GuelfiSergio Takeo Kofuji,2017,https://link.springer.com/article/10.1007/s11276-017-1610-2,Article
Integrated formal verification of safety-critical software,International Journal on Software Tools for Technology Transfer,,,,10.1007/s10009-017-0475-0,Ning GeEric JennNicolas BretonYoann Fonteneau,2017,https://link.springer.com/article/10.1007/s10009-017-0475-0,Article
Quartz: A Synchronous Language for Model-Based Design of Reactive Embedded Systems,Handbook of Hardware/Software Codesign,,,,10.1007/978-94-017-7358-4_3-1,Klaus SchneiderJens Brandt,2016,https://link.springer.com/rwe/10.1007/978-94-017-7358-4_3-1,Living reference work entry
Feedback Control as MAPE-K Loop in Autonomic Computing,Software Engineering for Self-Adaptive Systems III. Assurances,,,,10.1007/978-3-319-74183-3_12,Eric RuttenNicolas MarchandDaniel Simon,2017,https://link.springer.com/chapter/10.1007/978-3-319-74183-3_12,Conference paper
Patmos: a time-predictable microprocessor,Real-Time Systems,,,,10.1007/s11241-018-9300-4,Martin SchoeberlWolfgang PuffitschStefan HeppBenedikt HuberDaniel Prokesch,2018,https://link.springer.com/article/10.1007/s11241-018-9300-4,Article
ForSyDe: System Design Using a Functional Language and Models of Computation,Handbook of Hardware/Software Codesign,,,,10.1007/978-94-017-7267-9_5,Ingo SanderAxel JantschSeyed-Hosein Attarzadeh-Niaki,2017,https://link.springer.com/rwe/10.1007/978-94-017-7267-9_5,Reference work entry
Formally Unifying Modeling and Design for Embedded Systems - A Personal View,"Leveraging Applications of Formal Methods, Verification and Validation: Discussion, Dissemination, Applications",,,,10.1007/978-3-319-47169-3_11,G. Berry,2016,https://link.springer.com/chapter/10.1007/978-3-319-47169-3_11,Conference paper
Serverless Computing: Current Trends and Open Problems,Research Advances in Cloud Computing,,,,10.1007/978-981-10-5026-8_1,Ioana BaldiniPaul CastroKerry ChangPerry ChengStephen FinkVatche IshakianNick MitchellVinod MuthusamyRodric RabbahAleksander SlominskiPhilippe Suter,2017,https://link.springer.com/chapter/10.1007/978-981-10-5026-8_1,Chapter
MARTE/pCCSL: Modeling and Refining Stochastic Behaviors of CPSs with Probabilistic Logical Clocks,Formal Aspects of Component Software,,,,10.1007/978-3-319-57666-4_8,Dehui DuPing HuangKaiqiang JiangFrédéric MalletMingrui Yang,2017,https://link.springer.com/chapter/10.1007/978-3-319-57666-4_8,Conference paper
Rapidly Adjustable Non-intrusive Online Monitoring for Multi-core Systems,Formal Methods: Foundations and Applications,,,,10.1007/978-3-319-70848-5_12,Normann DeckerPhilip GottschlingChristian HochbergerMartin LeuckerTorben ScheffelMalte SchmitzAlexander Weiss,2017,https://link.springer.com/chapter/10.1007/978-3-319-70848-5_12,Conference paper
Twenty Years of Coordination Technologies: State-of-the-Art and Perspectives,Coordination Models and Languages,,,,10.1007/978-3-319-92408-3_3,Giovanni CiattoStefano MarianiMaxime LouvelAndrea OmiciniFranco Zambonelli,2018,https://link.springer.com/chapter/10.1007/978-3-319-92408-3_3,Conference paper
Mechanism Design of Human-Like HRP-4C,Humanoid Robotics: A Reference,,,,10.1007/978-94-007-7194-9_92-1,Shuuji Kajita,2017,https://link.springer.com/rwe/10.1007/978-94-007-7194-9_92-1,Living reference work entry
A survey on formal specification and verification of separation kernels,Frontiers of Computer Science,,,,10.1007/s11704-016-4226-2,Yongwang ZhaoZhibin YangDianfu Ma,2017,https://link.springer.com/article/10.1007/s11704-016-4226-2,Article
Incremental bounded model checking for embedded software,Formal Aspects of Computing,,,,10.1007/s00165-017-0419-1,Peter SchrammelDaniel KroeningMartin BrainRuben MartinsTino TeigeTom Bienmüller,2017,https://link.springer.com/article/10.1007/s00165-017-0419-1,Article
Introduction to Model Checking,Handbook of Model Checking,,,,10.1007/978-3-319-10575-8_1,Edmund M. ClarkeThomas A. HenzingerHelmut Veith,2018,https://link.springer.com/chapter/10.1007/978-3-319-10575-8_1,Chapter
Runtime Verification for Decentralised and Distributed Systems,Lectures on Runtime Verification,,,,10.1007/978-3-319-75632-5_6,Adrian FrancalanzaJorge A. PérezCésar Sánchez,2018,https://link.springer.com/chapter/10.1007/978-3-319-75632-5_6,Chapter
Formal modelling and verification of GALS systems using GRL and CADP,Formal Aspects of Computing,,,,10.1007/s00165-016-0373-3,Fatma JebaliFrédéric LangRadu Mateescu,2016,https://link.springer.com/article/10.1007/s00165-016-0373-3,Article
A Simulation Approach for SIGNAL Time Model Concern on Multi-clock System,Software Engineering and Methodology for Emerging Domains,,,,10.1007/978-981-10-3482-4_3,Zi WangGuoHua ShenZhiQiu HuangJia SiCheng Pan,2016,https://link.springer.com/chapter/10.1007/978-981-10-3482-4_3,Conference paper
Programming Microcontrollers in OCaml: The OCaPIC Project,Practical Aspects of Declarative Languages,,,,10.1007/978-3-319-19686-2_10,Benoît VaugonPhilippe WangEmmanuel Chailloux,2015,https://link.springer.com/chapter/10.1007/978-3-319-19686-2_10,Conference paper
Towards a verified compiler prototype for the synchronous language SIGNAL,Frontiers of Computer Science,,,,10.1007/s11704-015-4364-y,Zhibin YangJean-Paul BodeveixMamoun FilaliKai HuYongwang ZhaoDianfu Ma,2015,https://link.springer.com/article/10.1007/s11704-015-4364-y,Article
Instant-Based and State-Based Analysis of Infinite Logical Clock,Structured Object-Oriented Formal Language and Method,,,,10.1007/978-3-319-57708-1_3,Qingguo XuHuaikou MiaoRobert de SimoneJulien DeAntoni,2017,https://link.springer.com/chapter/10.1007/978-3-319-57708-1_3,Conference paper
Introduction to Embedded Computing Systems,Guide to Computing Fundamentals in Cyber-Physical Systems,,,,10.1007/978-3-319-25178-3_2,Dietmar P. F. Möller,2016,https://link.springer.com/chapter/10.1007/978-3-319-25178-3_2,Chapter
Cloud workflow scheduling with hybrid resource provisioning,The Journal of Supercomputing,,,,10.1007/s11227-017-2043-5,Long ChenXiaoping Li,2017,https://link.springer.com/article/10.1007/s11227-017-2043-5,Article
SysteMoC: A Data-Flow Programming Language for Codesign,Handbook of Hardware/Software Codesign,,,,10.1007/978-94-017-7358-4_4-2,Joachim FalkChristian HaubeltJürgen TeichChristian Zebelein,2017,https://link.springer.com/rwe/10.1007/978-94-017-7358-4_4-2,Living reference work entry
SysteMoC: A Data-Flow Programming Language for Codesign,Handbook of Hardware/Software Codesign,,,,10.1007/978-94-017-7267-9_4,Joachim FalkChristian HaubeltJürgen TeichChristian Zebelein,2017,https://link.springer.com/rwe/10.1007/978-94-017-7267-9_4,Reference work entry
Real-Time Machine-Vision-System for an Automated Quality Monitoring in Mass Production of Multiaxial Non-crimp Fabrics,"Automation, Communication and Cybernetics in Science and Engineering 2015/2016",,,,10.1007/978-3-319-42620-4_59,Robert SchmittTobias FürtjesBahoz AbbasPhilipp AbelWalter KimmelmannPhilipp KosseAndrea Buratti,2016,https://link.springer.com/chapter/10.1007/978-3-319-42620-4_59,Chapter
Hardware Support for Adaptive Task Scheduler in RTOS,Intelligent Systems Technologies and Applications,,,,10.1007/978-3-319-23036-8_20,Dinesh G. HarkutM. S. Ali,2016,https://link.springer.com/chapter/10.1007/978-3-319-23036-8_20,Conference paper
ClojureScript,Reactive with ClojureScript Recipes,,,,10.1007/978-1-4842-3009-1_2,Nicolas Modrzyk,2017,https://link.springer.com/chapter/10.1007/978-1-4842-3009-1_2,Chapter
Acumen: An Open-Source Testbed for Cyber-Physical Systems Research,Internet of Things. IoT Infrastructures,,,,10.1007/978-3-319-47063-4_11,Walid TahaAdam DuraczYingfu ZengKevin AtkinsonFerenc A. BarthaPaul BraunerJan DuraczFei XuRobert CartwrightMichal KonečnýEugenio MoggiJawad MasoodPererik AndreassonJun InoueAnita Sant’AnnaRoland PhilippsenAlexandre ChapoutotMarcia O’MalleyAaron AmesVeronica GaspesLise HvatumShyam MehtaHenrik ErikssonChristian Grante,2016,https://link.springer.com/chapter/10.1007/978-3-319-47063-4_11,Conference paper
Posting Graphs for Finding Non-Terminating Executions in Asynchronous Programs,Computational Science and Its Applications – ICCSA 2017,,,,10.1007/978-3-319-62407-5_16,Mohamed A. El-Zawawy,2017,https://link.springer.com/chapter/10.1007/978-3-319-62407-5_16,Conference paper
Introduction to Synchronous Programming Using Esterel,Model-Driven Design Using IEC 61499,,,,10.1007/978-3-319-10521-5_3,Li Hsien YoongPartha S. RoopZeeshan E. BhattiMatthew M. Y. Kuo,2015,https://link.springer.com/chapter/10.1007/978-3-319-10521-5_3,Chapter
Coordination of Dynamic Software Components with JavaBIP,Formal Aspects of Component Software,,,,10.1007/978-3-319-68034-7_3,Anastasia MavridouValentin RutzSimon Bliudze,2017,https://link.springer.com/chapter/10.1007/978-3-319-68034-7_3,Conference paper
Impact of Hardware/Software Partitioning and MicroBlaze FPGA Configurations on the Embedded Systems Performances,Complex System Modelling and Control Through Intelligent Soft Computations,,,,10.1007/978-3-319-12883-2_25,Imène MhadhbiNabil LitayemSlim Ben OthmanSlim Ben Saoud,2015,https://link.springer.com/chapter/10.1007/978-3-319-12883-2_25,Chapter
Computer Music Languages and Systems: The Synergy Between Technology and Creativity,Handbook of Digital Games and Entertainment Technologies,,,,10.1007/978-981-4560-50-4_19,Hiroki NishinoRyohei Nakatsu,2017,https://link.springer.com/rwe/10.1007/978-981-4560-50-4_19,Reference work entry
ForSyDe: System Design Using a Functional Language and Models of Computation,Handbook of Hardware/Software Codesign,,,,10.1007/978-94-017-7358-4_5-1,Ingo SanderAxel JantschSeyed-Hosein Attarzadeh-Niaki,2016,https://link.springer.com/rwe/10.1007/978-94-017-7358-4_5-1,Living reference work entry
Formal Verification of a Rover Anti-collision System,Critical Systems: Formal Methods and Automated Verification,,,,10.1007/978-3-319-45943-1_12,Ning GeEric JennNicolas BretonYoann Fonteneau,2016,https://link.springer.com/chapter/10.1007/978-3-319-45943-1_12,Conference paper
Sound Simulation and Co-simulation for Robotics,Present and Ulterior Software Engineering,,,,10.1007/978-3-319-67425-4_11,Ana CavalcantiAlvaro MiyazawaRichard PayneJim Woodcock,2017,https://link.springer.com/chapter/10.1007/978-3-319-67425-4_11,Chapter
Exploring the Platform for Expressing SystemVerilog Assertions in Model Based System Engineering,Information Science and Applications (ICISA) 2016,,,,10.1007/978-981-10-0557-2_53,Muhammad RashidMuhammad Waseem AnwarFarooque AzamMuhammad Kashif,2016,https://link.springer.com/chapter/10.1007/978-981-10-0557-2_53,Conference paper
Road to a reactive and incremental model transformation platform: three generations of the VIATRA framework,Software & Systems Modeling,,,,10.1007/s10270-016-0530-4,Dániel VarróGábor BergmannÁbel HegedüsÁkos HorváthIstván RáthZoltán Ujhelyi,2016,https://link.springer.com/article/10.1007/s10270-016-0530-4,Article
Introduction,Distributed Embedded Controller Development with Petri Nets,,,,10.1007/978-3-319-20822-0_1,Filipe MoutinhoLuís Gomes,2016,https://link.springer.com/chapter/10.1007/978-3-319-20822-0_1,Chapter
Hybrid Lustre,Perspectives of System Informatics,,,,10.1007/978-3-319-41579-6_25,Zhenghen YuanTingliang ZhouJing LiuJuan LuoYi ZhangXiaohong Chen,2016,https://link.springer.com/chapter/10.1007/978-3-319-41579-6_25,Conference paper
Data Age Diminution in the Logical Execution Time Model,Architecture of Computing Systems – ARCS 2016,,,,10.1007/978-3-319-30695-7_13,Christian BradatschFlorian KlugeTheo Ungerer,2016,https://link.springer.com/chapter/10.1007/978-3-319-30695-7_13,Conference paper
Incremental Queries and Transformations: From Concepts to Industrial Applications,SOFSEM 2016: Theory and Practice of Computer Science,,,,10.1007/978-3-662-49192-8_5,Dániel Varró,2016,https://link.springer.com/chapter/10.1007/978-3-662-49192-8_5,Conference paper
Introduction,Model-Driven Design Using IEC 61499,,,,10.1007/978-3-319-10521-5_1,Li Hsien YoongPartha S. RoopZeeshan E. BhattiMatthew M. Y. Kuo,2015,https://link.springer.com/chapter/10.1007/978-3-319-10521-5_1,Chapter
Moldable Tools for Object-Oriented Development,Present and Ulterior Software Engineering,,,,10.1007/978-3-319-67425-4_6,Andrei ChişTudor GîrbaJuraj KubelkaOscar NierstraszStefan ReichhartAliaksei Syrel,2017,https://link.springer.com/chapter/10.1007/978-3-319-67425-4_6,Chapter
A Model-based approach for the synthesis of software to firmware adapters for use with automatically generated components,Software & Systems Modeling,,,,10.1007/s10270-016-0534-0,Marco Di NataleDavid PerilloFrancesco ChiricoAndrea SindicoAlberto Sangiovanni-Vincentelli,2016,https://link.springer.com/article/10.1007/s10270-016-0534-0,Article
Towards a Unified View of Modeling and Programming (Track Summary),"Leveraging Applications of Formal Methods, Verification and Validation: Discussion, Dissemination, Applications",,,,10.1007/978-3-319-47169-3_1,Manfred BroyKlaus HavelundRahul KumarBernhard Steffen,2016,https://link.springer.com/chapter/10.1007/978-3-319-47169-3_1,Conference paper
A survey on software defined networking and its applications,Frontiers of Computer Science,,,,10.1007/s11704-015-3448-z,Yili GongWei HuangWenjie WangYingchun Lei,2015,https://link.springer.com/article/10.1007/s11704-015-3448-z,Article
Models for the Consistent Interaction of Adaptations in Self-Adaptive Systems,Software Engineering for Self-Adaptive Systems III. Assurances,,,,10.1007/978-3-319-74183-3_11,Nicolás CardozoKim MensSiobhán Clarke,2017,https://link.springer.com/chapter/10.1007/978-3-319-74183-3_11,Conference paper
Design and Implementation of Dynamic Positioning Control System for USV,AETA 2015: Recent Advances in Electrical Engineering and Related Sciences,,,,10.1007/978-3-319-27247-4_53,Ngoc-Huy TranHyeung-Sik ChoiJi-Youn OhSang-Ki Jeong,2016,https://link.springer.com/chapter/10.1007/978-3-319-27247-4_53,Conference paper
Programmable Devices—Software and Hardware,Engineering Embedded Systems,,,,10.1007/978-3-319-10680-9_5,Peter Hintenaus,2015,https://link.springer.com/chapter/10.1007/978-3-319-10680-9_5,Chapter
"Cyber-Physical Systems: Opportunities, Challenges and (Some) Solutions",Management of Cyber Physical Objects in the Future Internet of Things,,,,10.1007/978-3-319-26869-9_1,Peter MarwedelMichael Engel,2016,https://link.springer.com/chapter/10.1007/978-3-319-26869-9_1,Chapter
Environment-Model Based Testing with&#xa0;Differential Evolution in an Industrial Setting,Applications of Evolutionary Computation,,,,10.1007/978-3-319-31204-0_52,Annamária SzenkovitsNoémi GaskóErwan Jahier,2016,https://link.springer.com/chapter/10.1007/978-3-319-31204-0_52,Conference paper
Rea: Workflows for Cyber-Physical Systems,Central European Functional Programming School,,,,10.1007/978-3-319-15940-9_14,Dávid JuhászLászló DomoszlaiBarnabás Králik,2015,https://link.springer.com/chapter/10.1007/978-3-319-15940-9_14,Chapter
Safe and Automatic Addition of Fault Tolerance for Smart Homes Dedicated to People with Disabilities,Trends in Ambient Intelligent Systems,,,,10.1007/978-3-319-30184-6_4,Sébastien GuilletBruno BouchardAbdenour Bouzouane,2016,https://link.springer.com/chapter/10.1007/978-3-319-30184-6_4,Chapter
Denotational fixed-point semantics for constructive scheduling of synchronous concurrency,Acta Informatica,,,,10.1007/s00236-015-0238-x,Joaquín AguadoMichael MendlerReinhard von HanxledenInsa Fuhrmann,2015,https://link.springer.com/article/10.1007/s00236-015-0238-x,Article
Multi-rate System Design Through Integrating Synchronous Components,Theoretical Aspects of Computing - ICTAC 2015,,,,10.1007/978-3-319-25150-9_27,Ke Sun,2015,https://link.springer.com/chapter/10.1007/978-3-319-25150-9_27,Conference paper
Towards Reactive Programming for Object-Oriented Applications,Transactions on Aspect-Oriented Software Development XI,,,,10.1007/978-3-642-55099-7_7,Guido SalvaneschiMira Mezini,2014,https://link.springer.com/chapter/10.1007/978-3-642-55099-7_7,Chapter
An Executable Semantics of Clock Constraint Specification Language and Its Applications,Formal Techniques for Safety-Critical Systems,,,,10.1007/978-3-319-29510-7_2,Min ZhangFrédéric Mallet,2016,https://link.springer.com/chapter/10.1007/978-3-319-29510-7_2,Conference paper
Divergence Detection for CCSL Specification via Clock Causality Chain,"Dependable Software Engineering: Theories, Tools, and Applications",,,,10.1007/978-3-319-47677-3_2,Qingguo XuRobert de SimoneJulien DeAntoni,2016,https://link.springer.com/chapter/10.1007/978-3-319-47677-3_2,Conference paper
IEC 61499 in a Nutshell,Model-Driven Design Using IEC 61499,,,,10.1007/978-3-319-10521-5_2,Li Hsien YoongPartha S. RoopZeeshan E. BhattiMatthew M. Y. Kuo,2015,https://link.springer.com/chapter/10.1007/978-3-319-10521-5_2,Chapter
Discrete Control-Based Design of Adaptive and Autonomic Computing Systems,Distributed Computing and Internet Technology,,,,10.1007/978-3-319-14977-6_6,Xin AnGwenaël DelavalJean-Philippe DiguetAbdoulaye GamatiéSoguy GueyeHervé MarchandNoël de PalmaEric Rutten,2015,https://link.springer.com/chapter/10.1007/978-3-319-14977-6_6,Conference paper
MARTE/CCSL for Modeling Cyber-Physical Systems,Formal Modeling and Verification of Cyber-Physical Systems,,,,10.1007/978-3-658-09994-7_2,Frédéric Mallet,2015,https://link.springer.com/chapter/10.1007/978-3-658-09994-7_2,Chapter
Light-weight Synchronous Java (SJL): An approach for programming deterministic reactive systems with Java,Computing,,,,10.1007/s00607-014-0416-7,Christian MotikaReinhard von Hanxleden,2014,https://link.springer.com/article/10.1007/s00607-014-0416-7,Article
Proper Protocol,Theory and Practice of Formal Methods,,,,10.1007/978-3-319-30734-3_7,Farhad Arbab,2016,https://link.springer.com/chapter/10.1007/978-3-319-30734-3_7,Chapter
Programming,Bad to the Bone,,,,10.1007/978-3-031-79879-5_3,Steven BarrettJason Kridner,2016,https://link.springer.com/chapter/10.1007/978-3-031-79879-5_3,Chapter
Synthesizing Code for GPGPUs from Abstract Formal Models,"Languages, Design Methods, and Tools for Electronic System Design",,,,10.1007/978-3-319-24457-0_7,Gabriel Hjort BlindellChristian MenneIngo Sander,2016,https://link.springer.com/chapter/10.1007/978-3-319-24457-0_7,Chapter
"From Design to Implementation: An Automated, Credible Autocoding Chain for Control Systems",Advances in Control System Technology for Aerospace Applications,,,,10.1007/978-3-662-47694-9_5,Timothy WangRomain JobredeauxHeber HerenciaPierre-Loïc GarocheArnaud DieumegardÉric FeronMarc Pantel,2016,https://link.springer.com/chapter/10.1007/978-3-662-47694-9_5,Chapter
Limbed Systems,Springer Handbook of Robotics,,,,10.1007/978-3-319-32552-1_17,Shuuji KajitaChristian Ott,2016,https://link.springer.com/chapter/10.1007/978-3-319-32552-1_17,Chapter
Statistical Model Checking with Change Detection,Transactions on Foundations for Mastering Change I,,,,10.1007/978-3-319-46508-1_9,Axel LegayLouis-Marie Traonouez,2016,https://link.springer.com/chapter/10.1007/978-3-319-46508-1_9,Chapter
Computer Music Languages and Systems: The Synergy Between Technology and Creativity,Handbook of Digital Games and Entertainment Technologies,,,,10.1007/978-981-4560-52-8_19-2,Hiroki NishinoRyohei Nakatsu,2016,https://link.springer.com/rwe/10.1007/978-981-4560-52-8_19-2,Living reference work entry
The Design of ARM-Based Control System of Unmanned Research Catamaran,Robot Intelligence Technology and Applications 3,,,,10.1007/978-3-319-16841-8_55,Zhang Yan-naShan Ti-kunDing FeiYang Wei-min,2015,https://link.springer.com/chapter/10.1007/978-3-319-16841-8_55,Conference paper
Foundations for Streaming Model Transformations by Complex Event Processing,Software & Systems Modeling,,,,10.1007/s10270-016-0533-1,István DávidIstván RáthDániel Varró,2016,https://link.springer.com/article/10.1007/s10270-016-0533-1,Article
Foreword to the special section on synchronous programming,Frontiers of Computer Science,,,,10.1007/s11704-013-3905-5,Jean-Pierre Talpin,2013,https://link.springer.com/article/10.1007/s11704-013-3905-5,Article
Translation Validation for Clock Transformations in a Synchronous Compiler,Fundamental Approaches to Software Engineering,,,,10.1007/978-3-662-46675-9_12,Van Chan NgoJean-Pierre TalpinThierry GautierPaul Le Guernic,2015,https://link.springer.com/chapter/10.1007/978-3-662-46675-9_12,Conference paper
A Synchronous-Based Code Generator for Explicit Hybrid Systems Languages,Compiler Construction,,,,10.1007/978-3-662-46663-6_4,Timothy BourkeJean-Louis ColaçoBruno PaganoCédric PasteurMarc Pouzet,2015,https://link.springer.com/chapter/10.1007/978-3-662-46663-6_4,Conference paper
Recovery Preparation,Software Design for Resilient Computer Systems,,,,10.1007/978-3-319-29465-0_8,Igor SchagaevThomas Kaegi-Trachsel,2016,https://link.springer.com/chapter/10.1007/978-3-319-29465-0_8,Chapter
"Require, Test and Trace IT",Formal Methods for Industrial Critical Systems,,,,10.1007/978-3-319-19458-5_8,Bernhard K. AichernigKlaus HörmaierFlorian LorberDejan NičkovićStefan Tiran,2015,https://link.springer.com/chapter/10.1007/978-3-319-19458-5_8,Conference paper
Successful Use of Incremental BMC in the Automotive Industry,Formal Methods for Industrial Critical Systems,,,,10.1007/978-3-319-19458-5_5,Peter SchrammelDaniel KroeningMartin BrainRuben MartinsTino TeigeTom Bienmüller,2015,https://link.springer.com/chapter/10.1007/978-3-319-19458-5_5,Conference paper
Introduction to the special issue on software technologies for embedded and ubiquitous systems,Computing,,,,10.1007/s00607-014-0437-2,Lynn ChoiRaimund Kirner,2014,https://link.springer.com/article/10.1007/s00607-014-0437-2,Article
Causality problem in real-time calculus,Formal Methods in System Design,,,,10.1007/s10703-016-0250-y,Karine AltisenMatthieu Moy,2016,https://link.springer.com/article/10.1007/s10703-016-0250-y,Article
Cellular Programming,Theory and Practice of Natural Computing,,,,10.1007/978-3-319-13749-0_2,Peter NiebertMathieu Caralp,2014,https://link.springer.com/chapter/10.1007/978-3-319-13749-0_2,Conference paper
Coalgebraic Semantic Model for the Clock Constraint Specification Language,Formal Techniques for Safety-Critical Systems,,,,10.1007/978-3-319-17581-2_12,Frédéric MalletGrygoriy Zholtkevych,2015,https://link.springer.com/chapter/10.1007/978-3-319-17581-2_12,Conference paper
Copilot: monitoring embedded systems,Innovations in Systems and Software Engineering,,,,10.1007/s11334-013-0223-x,Lee PikeNis WegmannSebastian NillerAlwyn Goodloe,2013,https://link.springer.com/article/10.1007/s11334-013-0223-x,Article
An SMT-based Approach to analyze Non-Linear Relations of Parameters for Hybrid Systems,Formal Modeling and Verification of Cyber-Physical Systems,,,,10.1007/978-3-658-09994-7_16,Xian LiKlaus Schneider,2015,https://link.springer.com/chapter/10.1007/978-3-658-09994-7_16,Chapter
A model-based productivity improvement of reinforced concrete work in a multi-housing project,KSCE Journal of Civil Engineering,,,,10.1007/s12205-015-0302-7,Soobae AnSoungmin JiChangtaek HyunSangwon Han,2015,https://link.springer.com/article/10.1007/s12205-015-0302-7,Article
Progressive and explicit refinement of scheduling for multidimensional data-flow applications using UML MARTE,Design Automation for Embedded Systems,,,,10.1007/s10617-014-9140-y,Calin GlitiaJulien DeAntoniFrédéric MalletJean-Vivien MilloPierre BouletAbdoulaye Gamatié,2014,https://link.springer.com/article/10.1007/s10617-014-9140-y,Article
High-Level Language Support for Reconfiguration Control in Component-Based Architectures,Software Architecture,,,,10.1007/978-3-319-23727-5_1,Frederico AlvaresEric RuttenLionel Seinturier,2015,https://link.springer.com/chapter/10.1007/978-3-319-23727-5_1,Conference paper
Timed-pNets: a communication behavioural semantic model for distributed systems,Frontiers of Computer Science,,,,10.1007/s11704-014-4096-4,Yanwen ChenYixiang ChenEric Madelaine,2014,https://link.springer.com/article/10.1007/s11704-014-4096-4,Article
Integrating discrete controller synthesis into a reactive programming language compiler,Discrete Event Dynamic Systems,,,,10.1007/s10626-013-0163-5,Gwenaël DelavalEric RuttenHervé Marchand,2013,https://link.springer.com/article/10.1007/s10626-013-0163-5,Article
Grounding Synchronous Deterministic Concurrency in Sequential Programming,Programming Languages and Systems,,,,10.1007/978-3-642-54833-8_13,Joaquín AguadoMichael MendlerReinhard von HanxledenInsa Fuhrmann,2014,https://link.springer.com/chapter/10.1007/978-3-642-54833-8_13,Conference paper
A Parametric Dataflow Model for the Speed and&#xa0;Distance Monitoring in Novel Train Control&#xa0;Systems,"Cyber Physical Systems. Design, Modeling, and Evaluation",,,,10.1007/978-3-319-25141-7_5,Benjamin BeichlerThorsten SchulzChristian HaubeltFrank Golatowski,2015,https://link.springer.com/chapter/10.1007/978-3-319-25141-7_5,Conference paper
"A Normalized Form for FIFO Protocols Traces, Application to the Replay of Mode-based Protocols",Formal Techniques for Safety-Critical Systems,,,,10.1007/978-3-319-17581-2_6,Mamoun FilaliMeriem OuederniJean-Baptiste Raclet,2015,https://link.springer.com/chapter/10.1007/978-3-319-17581-2_6,Conference paper
Clock refinement in imperative synchronous languages,EURASIP Journal on Embedded Systems,,,,10.1186/1687-3963-2013-3,Mike GemündeJens BrandtKlaus Schneider,2013,https://link.springer.com/article/10.1186/1687-3963-2013-3,Article
Compiling SCCharts — A Case-Study on Interactive Model-Based Compilation,"Leveraging Applications of Formal Methods, Verification and Validation. Technologies for Mastering Change",,,,10.1007/978-3-662-45234-9_32,Christian MotikaSteven SmythReinhard von Hanxleden,2014,https://link.springer.com/chapter/10.1007/978-3-662-45234-9_32,Conference paper
Higher-Order Reactive Programming with Incremental Lists,ECOOP 2013 – Object-Oriented Programming,,,,10.1007/978-3-642-39038-8_29,Ingo MaierMartin Odersky,2013,https://link.springer.com/chapter/10.1007/978-3-642-39038-8_29,Conference paper
Efficient Code Synthesis from Function Blocks,Model-Driven Design Using IEC 61499,,,,10.1007/978-3-319-10521-5_5,Li Hsien YoongPartha S. RoopZeeshan E. BhattiMatthew M. Y. Kuo,2015,https://link.springer.com/chapter/10.1007/978-3-319-10521-5_5,Chapter
Non-preemptive Scheduling of Real-Time Software Transactional Memory,Architecture of Computing Systems – ARCS 2014,,,,10.1007/978-3-319-04891-8_3,António BarrosLuís Miguel Pinho,2014,https://link.springer.com/chapter/10.1007/978-3-319-04891-8_3,Conference paper
"TCC, with History",Horizons of the Mind. A Tribute to Prakash Panangaden,,,,10.1007/978-3-319-06880-0_24,Vijay SaraswatVineet GuptaRadha Jagadeesan,2014,https://link.springer.com/chapter/10.1007/978-3-319-06880-0_24,Chapter
AUTSEG: Automatic Test Set Generator for Embedded Reactive Systems,Testing Software and Systems,,,,10.1007/978-3-662-44857-1_7,Mariem AbdelmoulaDaniel GaffeMichel Auguin,2014,https://link.springer.com/chapter/10.1007/978-3-662-44857-1_7,Conference paper
"Introduction: Modeling, Analysis and Synthesis of Embedded Software and Systems",Embedded Systems Development,,,,10.1007/978-1-4614-3879-3_1,Alberto Sangiovanni-VincentelliHaibo ZengMarco Di NatalePeter Marwedel,2014,https://link.springer.com/chapter/10.1007/978-1-4614-3879-3_1,Chapter
An MDA Approach for the Generation of Communication Adapters Integrating SW and FW Components from Simulink,Model-Driven Engineering Languages and Systems,,,,10.1007/978-3-319-11653-2_22,Marco Di NataleFrancesco ChiricoAndrea SindicoAlberto Sangiovanni-Vincentelli,2014,https://link.springer.com/chapter/10.1007/978-3-319-11653-2_22,Conference paper
Discrete Control for Smart Environments Through a Generic Finite-State-Models-Based Infrastructure,Ambient Intelligence,,,,10.1007/978-3-319-14112-1_15,Mengxuan ZhaoGilles PrivatEric RuttenHassane Alla,2014,https://link.springer.com/chapter/10.1007/978-3-319-14112-1_15,Conference paper
Robotic Inspection Systems,Integrated Imaging and Vision Techniques for Industrial Inspection,,,,10.1007/978-1-4471-6741-9_10,Christian EitzingerSebastian ZambalPetra Thanner,2015,https://link.springer.com/chapter/10.1007/978-1-4471-6741-9_10,Chapter
A real-time virtual machine implementation for small microcontrollers,Innovations in Systems and Software Engineering,,,,10.1007/s11334-012-0188-1,W. Roger DavisPhillip A. LaplanteBo I. Sandén,2012,https://link.springer.com/article/10.1007/s11334-012-0188-1,Article
Scenario-based verification in presence of variability using a synchronous approach,Frontiers of Computer Science,,,,10.1007/s11704-013-3094-6,Jean-Vivien MilloFrédéric MalletAnthony CoadouS. Ramesh,2013,https://link.springer.com/article/10.1007/s11704-013-3094-6,Article
Multi-threaded code generation from Signal program to OpenMP,Frontiers of Computer Science,,,,10.1007/s11704-013-3906-4,Kai HuTeng ZhangZhibin Yang,2013,https://link.springer.com/article/10.1007/s11704-013-3906-4,Article
"Exploring system architectures in AADL via <span>Polychrony</span> and <span>SynDEx</span>
                  ",Frontiers of Computer Science,,,,10.1007/s11704-013-2307-z,Huafeng YuYue MaThierry GautierLoïc BesnardJean-Pierre TalpinPaul Le GuernicYves Sorel,2013,https://link.springer.com/article/10.1007/s11704-013-2307-z,Article
A comparative study of two formal semantics of the SIGNAL language,Frontiers of Computer Science,,,,10.1007/s11704-013-3908-2,Zhibin YangJean-Paul BodeveixMamoun Filali,2013,https://link.springer.com/article/10.1007/s11704-013-3908-2,Article
Related Work and Outlook,Correct-by-Construction Approaches for SoC Design,,,,10.1007/978-1-4614-7864-5_7,Roopak SinhaParthasarathi RoopSamik Basu,2014,https://link.springer.com/chapter/10.1007/978-1-4614-7864-5_7,Chapter
Hop and HipHop: Multitier Web Orchestration,Distributed Computing and Internet Technology,,,,10.1007/978-3-319-04483-5_1,Gérard BerryManuel Serrano,2014,https://link.springer.com/chapter/10.1007/978-3-319-04483-5_1,Conference paper
System-level approach to the design of ambient intelligence systems based on wireless sensor and actuator networks,Journal of Ambient Intelligence and Humanized Computing,,,,10.1007/s12652-014-0221-3,Udayanto Dwi AtmojoZoran SalcicKevin I-Kai WangHeeJong Park,2014,https://link.springer.com/article/10.1007/s12652-014-0221-3,Article
Automated Planning as an Early Verification Tool for Distributed Control,Journal of Automated Reasoning,,,,10.1007/s10817-014-9313-1,Kamalesh GhoshPallab DasguptaS. Ramesh,2014,https://link.springer.com/article/10.1007/s10817-014-9313-1,Article
Hybrid Digit-Serial Multiplier for Shifted Polynomial Basis of GF(2 m ),Genetic and Evolutionary Computing,,,,10.1007/978-3-319-01796-9_39,Chiou-Yng LeeWen-Yo LeeChe Wun ChiouJeng-Shyang PanCheng-Huai Ni,2014,https://link.springer.com/chapter/10.1007/978-3-319-01796-9_39,Conference paper
Implementing mixed-criticality synchronous reactive programs upon uniprocessor platforms,Real-Time Systems,,,,10.1007/s11241-013-9197-x,Sanjoy Baruah,2013,https://link.springer.com/article/10.1007/s11241-013-9197-x,Article
Intellectual Property&#xa0;(IP) Integration Approach for Data-Flow Parallel Embedded Systems,e-Infrastructure and e-Services for Developing Countries,,,,10.1007/978-3-642-41178-6_31,Anne Marie ChanaPatrice Quinton,2013,https://link.springer.com/chapter/10.1007/978-3-642-41178-6_31,Conference paper
Environment-Model Based Testing of Control Systems: Case Studies,Tools and Algorithms for the Construction and Analysis of Systems,,,,10.1007/978-3-642-54862-8_55,Erwan JahierSimplice Djoko-DjokoChaouki MaizaEric Lafont,2014,https://link.springer.com/chapter/10.1007/978-3-642-54862-8_55,Conference paper
Rigorous System Design Flow for Autonomous Systems,"Leveraging Applications of Formal Methods, Verification and Validation. Technologies for Mastering Change",,,,10.1007/978-3-662-45234-9_13,Saddek BensalemMarius BozgaJacques CombazAhlem Triki,2014,https://link.springer.com/chapter/10.1007/978-3-662-45234-9_13,Conference paper
"A Survey of High Level Synthesis Languages, Tools, and Compilers for Reconfigurable High Performance Computing",Advances in Systems Science,,,,10.1007/978-3-319-01857-7_47,Luka DaoudDawid ZydekHenry Selvaraj,2014,https://link.springer.com/chapter/10.1007/978-3-319-01857-7_47,Conference paper
EHRA: Specification and Analysis of Energy-Harvesting Wireless Sensor Networks,"Specification, Algebra, and Software",,,,10.1007/978-3-642-54624-2_26,Anh-Dung PhanMichael R. HansenJan Madsen,2014,https://link.springer.com/chapter/10.1007/978-3-642-54624-2_26,Chapter
Rigorous embedded design: challenges and perspectives,International Journal on Software Tools for Technology Transfer,,,,10.1007/s10009-013-0271-4,Saddek BensalemAxel LegayMarius Bozga,2013,https://link.springer.com/article/10.1007/s10009-013-0271-4,Article
Formal verification of synchronous data-flow program transformations toward certified compilers,Frontiers of Computer Science,,,,10.1007/s11704-013-3910-8,Van Chan NgoJean-Pierre TalpinThierry GautierPaul Le GuernicLoïc Besnard,2013,https://link.springer.com/article/10.1007/s11704-013-3910-8,Article
JavaScript IRL,Expert JavaScript,,,,10.1007/978-1-4302-6098-1_6,Mark E. Daggett,2013,https://link.springer.com/chapter/10.1007/978-1-4302-6098-1_6,Chapter
Model-Driven Verifying Compilation of Synchronous Distributed Applications,Model-Driven Engineering Languages and Systems,,,,10.1007/978-3-319-11653-2_13,Sagar ChakiJames Edmondson,2014,https://link.springer.com/chapter/10.1007/978-3-319-11653-2_13,Conference paper
Constructive Polychronous Systems,Logical Foundations of Computer Science,,,,10.1007/978-3-642-35722-0_24,Jean-Pierre TalpinJens BrandtMike GemündeKlaus SchneiderSandeep Shukla,2013,https://link.springer.com/chapter/10.1007/978-3-642-35722-0_24,Conference paper
Lifting Verification Results for Preemption Statements,Software Engineering and Formal Methods,,,,10.1007/978-3-642-40561-7_7,Manuel GesellAndreas MorgensternKlaus Schneider,2013,https://link.springer.com/chapter/10.1007/978-3-642-40561-7_7,Conference paper
Hybrid MARTE statecharts,Frontiers of Computer Science,,,,10.1007/s11704-012-1301-1,Jing LiuZiwei LiuJifeng HeFrédéric MalletZuohua Ding,2013,https://link.springer.com/article/10.1007/s11704-012-1301-1,Article
Unifying Operational Semantics with Algebraic Semantics for Instantaneous Reactions,Unifying Theories of Programming,,,,10.1007/978-3-642-35705-3_9,Chengcheng WuYongxin ZhaoHuibiao Zhu,2013,https://link.springer.com/chapter/10.1007/978-3-642-35705-3_9,Conference paper
Special section on modeling of reactive systems,Discrete Event Dynamic Systems,,,,10.1007/s10626-013-0168-0,Étienne CrayeAbdoulaye Gamatié,2013,https://link.springer.com/article/10.1007/s10626-013-0168-0,Article
Constructive Collisions,From Programs to Systems. The Systems perspective in Computing,,,,10.1007/978-3-642-54848-2_11,Edward A. Lee,2014,https://link.springer.com/chapter/10.1007/978-3-642-54848-2_11,Conference paper
Flexible VLIW processor based on FPGA for efficient embedded real-time image processing,Journal of Real-Time Image Processing,,,,10.1007/s11554-012-0321-2,Vincent BrostFan YangCharles Meunier,2013,https://link.springer.com/article/10.1007/s11554-012-0321-2,Article
Programming with Actors in Java&#xa0;8,"Leveraging Applications of Formal Methods, Verification and Validation. Specialized Techniques and Applications",,,,10.1007/978-3-662-45231-8_4,Behrooz NobakhtFrank S. de Boer,2014,https://link.springer.com/chapter/10.1007/978-3-662-45231-8_4,Conference paper
Microprogrammed Architectures,A Practical Introduction to Hardware/Software Codesign,,,,10.1007/978-1-4614-3737-6_6,Patrick R. Schaumont,2013,https://link.springer.com/chapter/10.1007/978-1-4614-3737-6_6,Chapter
Engineering UToPiA,FM 2014: Formal Methods,,,,10.1007/978-3-319-06410-9_3,Jim Woodcock,2014,https://link.springer.com/chapter/10.1007/978-3-319-06410-9_3,Conference paper
Formal synthesis of application and platform behaviors of embedded software systems,Software & Systems Modeling,,,,10.1007/s10270-013-0342-8,Jinhyun KimInhye KangJin-Young ChoiInsup LeeSungwon Kang,2013,https://link.springer.com/article/10.1007/s10270-013-0342-8,Article
U<span>ni</span>T<span>i</span>: Unified Composition and Time for Multi-domain Model-based Design,International Journal of Parallel Programming,,,,10.1007/s10766-012-0226-5,Kenneth C. RoversJan Kuper,2012,https://link.springer.com/article/10.1007/s10766-012-0226-5,Article
Quantitative reactive modeling and verification,Computer Science - Research and Development,,,,10.1007/s00450-013-0251-7,Thomas A. Henzinger,2013,https://link.springer.com/article/10.1007/s00450-013-0251-7,Article
Modeling and analysis of interactive telemedicine systems,Innovations in Systems and Software Engineering,,,,10.1007/s11334-013-0197-8,Jing LiuXijiao XiongZuohua DingJifeng He,2013,https://link.springer.com/article/10.1007/s11334-013-0197-8,Article
Improving the Efficiency of Synchronized Product with Infinite Transition Systems,"Information and Communication Technologies in Education, Research, and Industrial Applications",,,,10.1007/978-3-319-03998-5_15,Yuliia RomenskaFrédéric Mallet,2013,https://link.springer.com/chapter/10.1007/978-3-319-03998-5_15,Conference paper
Verifying MARTE/CCSL Mode Behaviors Using UPPAAL,Software Engineering and Formal Methods,,,,10.1007/978-3-642-40561-7_1,Jagadish SuryadevaraCristina SeceleanuFrédéric MalletPaul Pettersson,2013,https://link.springer.com/chapter/10.1007/978-3-642-40561-7_1,Conference paper
Sampled-data supervisory control,Discrete Event Dynamic Systems,,,,10.1007/s10626-013-0172-4,Ryan J. LeducYu WangFahim Ahmed,2013,https://link.springer.com/article/10.1007/s10626-013-0172-4,Article
Two Semantic Models for Clock Relations in the Clock Constraint Specification Language,"Information and Communication Technologies in Education, Research, and Industrial Applications",,,,10.1007/978-3-319-03998-5_10,Grygoriy ZholtkevychFrédéric MalletIryna ZaretskaGalyna Zholtkevych,2013,https://link.springer.com/chapter/10.1007/978-3-319-03998-5_10,Conference paper
A model-driven engineering framework for embedded systems design,Innovations in Systems and Software Engineering,,,,10.1007/s11334-011-0175-y,Francisco Assis Moreira do NascimentoMarcio F. S. OliveiraFlávio Rech Wagner,2011,https://link.springer.com/article/10.1007/s11334-011-0175-y,Article
Boundness Issues in CCSL Specifications,Formal Methods and Software Engineering,,,,10.1007/978-3-642-41202-8_3,Frédéric MalletJean-Viven Millo,2013,https://link.springer.com/chapter/10.1007/978-3-642-41202-8_3,Conference paper
Towards a Formal Semantics for UML/MARTE State Machines Based on Hierarchical Timed Automata,Journal of Computer Science and Technology,,,,10.1007/s11390-013-1322-8,Yu ZhouLuciano BaresiMatteo Rossi,2013,https://link.springer.com/article/10.1007/s11390-013-1322-8,Article
Towards a Modeling Language for Cyber-Physical Systems,Theories of Programming and Formal Methods,,,,10.1007/978-3-642-39698-4_24,Longfei ZhuYongxin ZhaoHuibiao ZhuQiwen Xu,2013,https://link.springer.com/chapter/10.1007/978-3-642-39698-4_24,Chapter
Operational semantics of a domain specific language for real time musician–computer interaction,Discrete Event Dynamic Systems,,,,10.1007/s10626-013-0166-2,José EchevesteArshia ContJean-Louis GiavittoFlorent Jacquemard,2013,https://link.springer.com/article/10.1007/s10626-013-0166-2,Article
"Behavioural Verification in Embedded Software, from Model to Source Code",Model-Driven Engineering Languages and Systems,,,,10.1007/978-3-642-41533-3_20,Anthony Fernandes PiresThomas PolacsekVirginie WielsStéphane Duprat,2013,https://link.springer.com/chapter/10.1007/978-3-642-41533-3_20,Conference paper
"Representation of synchronous, asynchronous, and polychronous components by clocked guarded actions",Design Automation for Embedded Systems,,,,10.1007/s10617-012-9087-9,Jens BrandtMike GemündeKlaus SchneiderSandeep K. ShuklaJean-Pierre Talpin,2012,https://link.springer.com/article/10.1007/s10617-012-9087-9,Article
System Design: Programming,Bad to the Bone,,,,10.1007/978-3-031-79858-0_2,Steven BarrettJason Kridner,2013,https://link.springer.com/chapter/10.1007/978-3-031-79858-0_2,Chapter
An Agent-Based Cognitive Robot Architecture,Programming Multi-Agent Systems,,,,10.1007/978-3-642-38700-5_4,Changyun WeiKoen V. Hindriks,2013,https://link.springer.com/chapter/10.1007/978-3-642-38700-5_4,Conference paper
System level modeling methodology of NoC design from UML-MARTE to VHDL,Design Automation for Embedded Systems,,,,10.1007/s10617-012-9101-2,Majdi ElhajiPierre BouletAbdelkrim ZitouniSamy MeftaliJean-Luc DekeyserRached Tourki,2012,https://link.springer.com/article/10.1007/s10617-012-9101-2,Article
"Progressive and explicit refinement of scheduling for multidimensional data-flow applications using <span>uml marte</span>
            ",Design Automation for Embedded Systems,,,,10.1007/s10617-012-9093-y,Calin GlitiaJulien DeAntoniFrédéric MalletJean-Vivien MilloPierre BouletAbdoulaye Gamatié,2012,https://link.springer.com/article/10.1007/s10617-012-9093-y,Article
Methods and Tools for Mapping Process Networks onto Multi-Processor Systems-On-Chip,Handbook of Signal Processing Systems,,,,10.1007/978-1-4614-6859-2_27,Iuliana BacivarovWolfgang HaidKai HuangLothar Thiele,2013,https://link.springer.com/chapter/10.1007/978-1-4614-6859-2_27,Chapter
Performance debugging of Esterel specifications,Real-Time Systems,,,,10.1007/s11241-012-9155-z,Lei JuBach Khoa HuynhAbhik RoychoudhurySamarjit Chakraborty,2012,https://link.springer.com/article/10.1007/s11241-012-9155-z,Article
Programming Robots with Events,"Embedded Systems: Design, Analysis and Verification",,,,10.1007/978-3-642-38853-8_2,Truong-Giang LeDmitriy FedosovOlivier HermantMatthieu MancenyRenaud PawlakRenaud Rioboo,2013,https://link.springer.com/chapter/10.1007/978-3-642-38853-8_2,Conference paper
Numerical invariants through convex relaxation and max-strategy iteration,Formal Methods in System Design,,,,10.1007/s10703-013-0190-8,Thomas Martin GawlitzaHelmut Seidl,2013,https://link.springer.com/article/10.1007/s10703-013-0190-8,Article
A Clock-Based Framework for Construction of Hybrid Systems,Theoretical Aspects of Computing – ICTAC 2013,,,,10.1007/978-3-642-39718-9_2,He Jifeng,2013,https://link.springer.com/chapter/10.1007/978-3-642-39718-9_2,Conference paper
Energy-optimal Batching periods for asynchronous multistage data processing on sensor nodes: foundations and an mPlatform case study,Real-Time Systems,,,,10.1007/s11241-011-9138-5,Dong WangTarek AbdelzaherBodhi PriyanthaJie LiuFeng Zhao,2011,https://link.springer.com/article/10.1007/s11241-011-9138-5,Article
An Industrial System Engineering Process Integrating Model Driven Architecture and Model Based Design,Model Driven Engineering Languages and Systems,,,,10.1007/978-3-642-33666-9_51,Andrea SindicoMarco Di NataleAlberto Sangiovanni-Vincentelli,2012,https://link.springer.com/chapter/10.1007/978-3-642-33666-9_51,Conference paper
Circus Time with Reactive Designs,Unifying Theories of Programming,,,,10.1007/978-3-642-35705-3_3,Kun WeiJim WoodcockAna Cavalcanti,2013,https://link.springer.com/chapter/10.1007/978-3-642-35705-3_3,Conference paper
Determining Actual Response Time in P-FRP,Practical Aspects of Declarative Languages,,,,10.1007/978-3-642-18378-2_20,Chaitanya BelwalAlbert M. K. Cheng,2011,https://link.springer.com/chapter/10.1007/978-3-642-18378-2_20,Conference paper
Teaching ‘Concepts of Programming Languages’ with Ada,Reliable Software Technologies – Ada-Europe 2012,,,,10.1007/978-3-642-30598-6_5,Theodor Tempelmeier,2012,https://link.springer.com/chapter/10.1007/978-3-642-30598-6_5,Conference paper
Semantic Adaptation Using CCSL Clock Constraints,Models in Software Engineering,,,,10.1007/978-3-642-29645-1_12,Frédéric BoulangerAyman DoguiCécile HardebolleChristophe JacquetDominique MarcadetIuliana Prodan,2012,https://link.springer.com/chapter/10.1007/978-3-642-29645-1_12,Conference paper
Type-specialized staged programming with process separation,Higher-Order and Symbolic Computation,,,,10.1007/s10990-012-9089-0,Yu David LiuChristian SkalkaScott F. Smith,2011,https://link.springer.com/article/10.1007/s10990-012-9089-0,Article
Turing und die Verifikation,Informatik-Spektrum,,,,10.1007/s00287-012-0627-2,Ernst-Rüdiger OlderogReinhard Wilhelm,2012,https://link.springer.com/article/10.1007/s00287-012-0627-2,Article
Towards a Signal Calculus for Event-Based Synchronous Languages,Formal Methods and Software Engineering,,,,10.1007/978-3-642-24559-6_1,Yongxin ZhaoHe Jifeng,2011,https://link.springer.com/chapter/10.1007/978-3-642-24559-6_1,Conference paper
Certifying and Reasoning on Cost Annotations in C Programs,Formal Methods for Industrial Critical Systems,,,,10.1007/978-3-642-32469-7_3,Nicolas AyacheRoberto M. AmadioYann Régis-Gianas,2012,https://link.springer.com/chapter/10.1007/978-3-642-32469-7_3,Conference paper
Rigorous System Design: The BIP Approach,Mathematical and Engineering Methods in Computer Science,,,,10.1007/978-3-642-25929-6_1,Ananda BasuSaddek BensalemMarius BozgaParaskevas BourgosJoseph Sifakis,2012,https://link.springer.com/chapter/10.1007/978-3-642-25929-6_1,Conference paper
TimeSquare: Treat Your Models with Logical Time,"Objects, Models, Components, Patterns",,,,10.1007/978-3-642-30561-0_4,Julien DeAntoniFrédéric Mallet,2012,https://link.springer.com/chapter/10.1007/978-3-642-30561-0_4,Conference paper
Rigorous Component-Based System Design,Rewriting Logic and Its Applications,,,,10.1007/978-3-642-34005-5_1,Ananda BasuSaddek BensalemMarius BozgaJoseph Sifakis,2012,https://link.springer.com/chapter/10.1007/978-3-642-34005-5_1,Conference paper
Component-based analysis of embedded control applications,Innovations in Systems and Software Engineering,,,,10.1007/s11334-011-0156-1,Christo AngelovWei GuanNicolae MarianFeng ZhouKrzysztof SierszeckiSøren Top,2011,https://link.springer.com/article/10.1007/s11334-011-0156-1,Article
CADP 2011: a toolbox for the construction and analysis of distributed processes,International Journal on Software Tools for Technology Transfer,,,,10.1007/s10009-012-0244-z,Hubert GaravelFrédéric LangRadu MateescuWendelin Serwe,2012,https://link.springer.com/article/10.1007/s10009-012-0244-z,Article
A Synchronous Language with Partial Delay Specification for Real-Time Systems Programming,Programming Languages and Systems,,,,10.1007/978-3-642-35182-2_16,Rémy WyssFrédéric BoniolJulien ForgetClaire Pagetti,2012,https://link.springer.com/chapter/10.1007/978-3-642-35182-2_16,Conference paper
The Logical Execution Time Paradigm,Advances in Real-Time Systems,,,,10.1007/978-3-642-24349-3_5,Christoph M. KirschAna Sokolova,2012,https://link.springer.com/chapter/10.1007/978-3-642-24349-3_5,Chapter
Static Sessional Dataflow,ECOOP 2012 – Object-Oriented Programming,,,,10.1007/978-3-642-31057-7_22,Dominic DugganJianhua Yao,2012,https://link.springer.com/chapter/10.1007/978-3-642-31057-7_22,Conference paper
Models for Co-design of Heterogeneous Dynamically Reconfigurable SoCs,Design Technology for Heterogeneous Embedded Systems,,,,10.1007/978-94-007-1125-9_6,Jean-Luc DekeyserAbdoulaye GamatiéSamy MeftaliImran Rafiq Quadri,2012,https://link.springer.com/chapter/10.1007/978-94-007-1125-9_6,Chapter
Related Work,Low Power Design with High-Level Power Estimation and Power-Aware Synthesis,,,,10.1007/978-1-4614-0872-7_2,Sumit AhujaAvinash LakshminarayanaSandeep Kumar Shukla,2012,https://link.springer.com/chapter/10.1007/978-1-4614-0872-7_2,Chapter
Heterogeneous Reactive Architectures of Embedded Systems,Embedded Systems Design Based on Formal Models of Computation,,,,10.1007/978-94-007-1594-3_7,Ivan RadojevicZoran Salcic,2011,https://link.springer.com/chapter/10.1007/978-94-007-1594-3_7,Chapter
Multi-task Implementation of Multi-periodic Synchronous Programs,Discrete Event Dynamic Systems,,,,10.1007/s10626-011-0107-x,Claire PagettiJulien ForgetFrédéric BoniolMikel CordovillaDavid Lesens,2011,https://link.springer.com/article/10.1007/s10626-011-0107-x,Article
Formal Specification and Verification of Task Time Constraints for Real-Time Systems,"Leveraging Applications of Formal Methods, Verification and Validation. Applications and Case Studies",,,,10.1007/978-3-642-34032-1_16,Ning GeMarc PantelXavier Crégut,2012,https://link.springer.com/chapter/10.1007/978-3-642-34032-1_16,Conference paper
Logical Time @ Work: Capturing Data Dependencies and Platform Constraints,System Specification and Design Languages,,,,10.1007/978-1-4614-1427-8_14,Calin GlitiaJulien DeAntoniFrédéric Mallet,2012,https://link.springer.com/chapter/10.1007/978-1-4614-1427-8_14,Conference paper
Formal modeling and validation of Stateflow diagrams,International Journal on Software Tools for Technology Transfer,,,,10.1007/s10009-012-0235-0,Chunqing ChenJun SunYang LiuJin Song DongManchun Zheng,2012,https://link.springer.com/article/10.1007/s10009-012-0235-0,Article
Join Token-Based Event Handling: A Comprehensive Framework for Game Programming,Software Language Engineering,,,,10.1007/978-3-642-28830-2_7,Taketoshi NishimoriYasushi Kuno,2012,https://link.springer.com/chapter/10.1007/978-3-642-28830-2_7,Conference paper
Formal Verification of Compiler Transformations on Polychronous Equations,Integrated Formal Methods,,,,10.1007/978-3-642-30729-4_9,Van Chan NgoJean-Pierre TalpinThierry GautierPaul Le GuernicLoïc Besnard,2012,https://link.springer.com/chapter/10.1007/978-3-642-30729-4_9,Conference paper
The Coroutine Model of Computation,Model Driven Engineering Languages and Systems,,,,10.1007/978-3-642-33666-9_21,Chris ShaverEdward A. Lee,2012,https://link.springer.com/chapter/10.1007/978-3-642-33666-9_21,Conference paper
Keeping calm in the face of change,Higher-Order and Symbolic Computation,,,,10.1007/s10990-011-9068-x,Neil SculthorpeHenrik Nilsson,2010,https://link.springer.com/article/10.1007/s10990-011-9068-x,Article
Scheduling and Buffer Sizing of n-Synchronous Systems,Mathematics of Program Construction,,,,10.1007/978-3-642-31113-0_6,Louis MandelFlorence Plateau,2012,https://link.springer.com/chapter/10.1007/978-3-642-31113-0_6,Conference paper
Program Sketching via CTL* Model Checking,Model Checking Software,,,,10.1007/978-3-642-22306-8_9,Andreas MorgensternKlaus Schneider,2011,https://link.springer.com/chapter/10.1007/978-3-642-22306-8_9,Conference paper
Computer Programming in the Creative Arts,Computers and Creativity,,,,10.1007/978-3-642-31727-9_9,Alex McLeanGeraint Wiggins,2012,https://link.springer.com/chapter/10.1007/978-3-642-31727-9_9,Chapter
Specifications and Modeling,Embedded System Design,,,,10.1007/978-94-007-0257-8_2,Peter Marwedel,2011,https://link.springer.com/chapter/10.1007/978-94-007-0257-8_2,Chapter
Snapshot Reachability Graphs for Alvis Models,Knowledge-Based and Intelligent Information and Engineering Systems,,,,10.1007/978-3-642-23851-2_20,Marcin SzpyrkaLeszek Kotulski,2011,https://link.springer.com/chapter/10.1007/978-3-642-23851-2_20,Conference paper
Specification of Data Intensive Applications with Data Dependency and Abstract Clocks,Handbook of Data Intensive Computing,,,,10.1007/978-1-4614-1415-5_12,Abdoulaye Gamatié,2011,https://link.springer.com/chapter/10.1007/978-1-4614-1415-5_12,Chapter
Distributed Control of Discrete-Event Systems: A First Step,Transactions on Petri Nets and Other Models of Concurrency VI,,,,10.1007/978-3-642-35179-2_2,Philippe DarondeauLaurie Ricker,2012,https://link.springer.com/chapter/10.1007/978-3-642-35179-2_2,Chapter
StreamPI: a stream-parallel programming extension for object-oriented programming languages,The Journal of Supercomputing,,,,10.1007/s11227-011-0656-7,Jingun HongKirak HongBernd BurgstallerJohann Blieberger,2011,https://link.springer.com/article/10.1007/s11227-011-0656-7,Article
"Formal semantics of modular time refinement in <span>AutoFocus</span>
            ",Computer Science - Research and Development,,,,10.1007/s00450-011-0148-2,David Trachtenherz,2011,https://link.springer.com/article/10.1007/s00450-011-0148-2,Article
DFCharts in SystemC and Esterel,Embedded Systems Design Based on Formal Models of Computation,,,,10.1007/978-94-007-1594-3_5,Ivan RadojevicZoran Salcic,2011,https://link.springer.com/chapter/10.1007/978-94-007-1594-3_5,Chapter
Testing interruptions in reactive systems,Formal Aspects of Computing,,,,10.1007/s00165-011-0197-0,Wilkerson L. AndradePatrícia D. L. Machado,2011,https://link.springer.com/article/10.1007/s00165-011-0197-0,Article
Synchronous Programming: Overview,Designing Embedded Systems with the SIGNAL Programming Language,,,,10.1007/978-1-4419-0941-1_2,Abdoulaye Gamatié,2010,https://link.springer.com/chapter/10.1007/978-1-4419-0941-1_2,Chapter
Models of Computation and Languages,Embedded Systems Design Based on Formal Models of Computation,,,,10.1007/978-94-007-1594-3_2,Ivan RadojevicZoran Salcic,2011,https://link.springer.com/chapter/10.1007/978-94-007-1594-3_2,Chapter
Research Roadmap,The Emerging Domain of Cooperating Objects,,,,10.1007/978-3-642-16946-5_6,Pedro José MarrònStamatis KarnouskosDaniel MinderAníbal Ollero,2011,https://link.springer.com/chapter/10.1007/978-3-642-16946-5_6,Chapter
Efficient verification of distributed real-time systems with broadcasting behaviors,Real-Time Systems,,,,10.1007/s11241-011-9122-0,Farn WangLi-Wei YaoYa-Lan Yang,2011,https://link.springer.com/article/10.1007/s11241-011-9122-0,Article
Models of Computation for Heterogeneous Embedded Systems,Electronic Engineering and Computing Technology,,,,10.1007/978-90-481-8776-8_18,Adnan ShaoutAli H. El-MousaKhalid Mattar,2010,https://link.springer.com/chapter/10.1007/978-90-481-8776-8_18,Chapter
Technische Grundlagen,Baumaschinen,,,,10.1007/978-3-8348-8203-5_3,Günter KunzeHelmut GöhringKlaus Jacob,2012,https://link.springer.com/chapter/10.1007/978-3-8348-8203-5_3,Chapter
Loosely-Coupled Distributed Reactive Programming in Mobile Ad Hoc Networks,"Objects, Models, Components, Patterns",,,,10.1007/978-3-642-13953-6_3,Andoni Lombide CarretonStijn MostinckxTom Van CutsemWolfgang De Meuter,2010,https://link.springer.com/chapter/10.1007/978-3-642-13953-6_3,Conference paper
Migration of Legacy Software Towards Correct-by-Construction Timing Behavior,"Foundations of Computer Software. Modeling, Development, and Verification of Adaptive Systems",,,,10.1007/978-3-642-21292-5_4,Stefan ResmeritaKenneth ButtsPatricia DerlerAndreas NaderlingerWolfgang Pree,2011,https://link.springer.com/chapter/10.1007/978-3-642-21292-5_4,Conference paper
Synthesis of Embedded Software,,,,,10.1007/978-1-4419-6400-7,,2010,https://link.springer.com/book/10.1007/978-1-4419-6400-7,Book
Implementation of DFCharts on HiDRA,Embedded Systems Design Based on Formal Models of Computation,,,,10.1007/978-94-007-1594-3_8,Ivan RadojevicZoran Salcic,2011,https://link.springer.com/chapter/10.1007/978-94-007-1594-3_8,Chapter
6 Modeling Languages for Real-Time and Embedded Systems,Model-Based Engineering of Embedded Real-Time Systems,,,,10.1007/978-3-642-16277-0_6,Sébastien GérardHuascar EspinozaFrançois TerrierBran Selic,2010,https://link.springer.com/chapter/10.1007/978-3-642-16277-0_6,Chapter
Modular static scheduling of synchronous data-flow networks,Design Automation for Embedded Systems,,,,10.1007/s10617-010-9053-3,Marc PouzetPascal Raymond,2010,https://link.springer.com/article/10.1007/s10617-010-9053-3,Article
A Flexible Hierarchical Approach for Controlling the System-Level Design Complexity of Embedded Systems,Design Methodologies for Secure Embedded Systems,,,,10.1007/978-3-642-16767-6_2,Stephan Klaus,2010,https://link.springer.com/chapter/10.1007/978-3-642-16767-6_2,Conference paper
Implementation Architecture and Multithreaded Runtime System of S-Net,Implementation and Application of Functional Languages,,,,10.1007/978-3-642-24452-0_4,Clemens GrelckFrank Penczek,2011,https://link.springer.com/chapter/10.1007/978-3-642-24452-0_4,Conference paper
Structural Test Coverage Criteria for Integration Testing of LUSTRE/SCADE Programs,Formal Methods for Industrial Critical Systems,,,,10.1007/978-3-642-24431-5_8,Virginia PapailiopoulouAjitha RajanIoannis Parissis,2011,https://link.springer.com/chapter/10.1007/978-3-642-24431-5_8,Conference paper
Formal Modeling of Embedded Systems with Explicit Schedules and Routes,Synthesis of Embedded Software,,,,10.1007/978-1-4419-6400-7_2,Julien BoucaronAnthony CoadouRobert de Simone,2010,https://link.springer.com/chapter/10.1007/978-1-4419-6400-7_2,Chapter
Reactive Model-Based Control of Reconfiguration in the Fractal Component-Based Model,Component-Based Software Engineering,,,,10.1007/978-3-642-13238-4_6,Gwenaël DelavalEric Rutten,2010,https://link.springer.com/chapter/10.1007/978-3-642-13238-4_6,Conference paper
Dependency-Driven Distribution of Synchronous Programs,"Distributed, Parallel and Biologically Inspired Systems",,,,10.1007/978-3-642-15234-4_17,Daniel BaudischJens BrandtKlaus Schneider,2010,https://link.springer.com/chapter/10.1007/978-3-642-15234-4_17,Conference paper
Code generation for a family of executable modelling notations,Software & Systems Modeling,,,,10.1007/s10270-010-0176-6,Adam ProutJoanne M. AtleeNancy A. DayPourya Shaker,2010,https://link.springer.com/article/10.1007/s10270-010-0176-6,Article
What Is in a Step: New Perspectives on a Classical Question,Time for Verification,,,,10.1007/978-3-642-13754-9_15,Willem-Paul de RoeverGerald LüttgenMichael Mendler,2010,https://link.springer.com/chapter/10.1007/978-3-642-13754-9_15,Chapter
Composable continuous-space programs for robotic swarms,Neural Computing and Applications,,,,10.1007/s00521-010-0382-8,Jonathan BachrachJacob BealJames McLurkin,2010,https://link.springer.com/article/10.1007/s00521-010-0382-8,Article
MRICDF: A Polychronous Model for Embedded Software Synthesis,Synthesis of Embedded Software,,,,10.1007/978-1-4419-6400-7_6,Bijoy A. JoseSandeep K. Shukla,2010,https://link.springer.com/chapter/10.1007/978-1-4419-6400-7_6,Chapter
From Synchronous Specifications to Statically Scheduled Hard Real-Time Implementations,Synthesis of Embedded Software,,,,10.1007/978-1-4419-6400-7_8,Dumitru Potop-ButucaruRobert de SimoneYves Sorel,2010,https://link.springer.com/chapter/10.1007/978-1-4419-6400-7_8,Chapter
Generalities on Real-Time Programming,Designing Embedded Systems with the SIGNAL Programming Language,,,,10.1007/978-1-4419-0941-1_1,Abdoulaye Gamatié,2010,https://link.springer.com/chapter/10.1007/978-1-4419-0941-1_1,Chapter
Real-Time Model,Real-Time Systems,,,,10.1007/978-1-4419-8237-7_4,Hermann Kopetz,2011,https://link.springer.com/chapter/10.1007/978-1-4419-8237-7_4,Chapter
A Common Framework for Synchronization in Requirements Modelling Languages,Model Driven Engineering Languages and Systems,,,,10.1007/978-3-642-16129-2_15,Shahram EsmaeilsabzaliNancy A. DayJoanne M. Atlee,2010,https://link.springer.com/chapter/10.1007/978-3-642-16129-2_15,Conference paper
Rialto 2.0: A Language for Heterogeneous Computations,"Distributed, Parallel and Biologically Inspired Systems",,,,10.1007/978-3-642-15234-4_3,Johan LiliusAndreas DahlinLionel Morel,2010,https://link.springer.com/chapter/10.1007/978-3-642-15234-4_3,Conference paper
Model-based construction and verification of critical systems using composition and partial refinement,Formal Methods in System Design,,,,10.1007/s10703-010-0106-9,Ralph D. JeffordsConstance L. HeitmeyerMyla M. ArcherElizabeth I. Leonard,2010,https://link.springer.com/article/10.1007/s10703-010-0106-9,Article
Specification of Embedded Control Systems Behaviour Using Actor Interface Automata,Software Technologies for Embedded and Ubiquitous Systems,,,,10.1007/978-3-642-16256-5_17,Christo AngelovFeng ZhouKrzysztof Sierszecki,2010,https://link.springer.com/chapter/10.1007/978-3-642-16256-5_17,Conference paper
Compilation of Polychronous Data Flow Equations,Synthesis of Embedded Software,,,,10.1007/978-1-4419-6400-7_1,Loïc BesnardThierry GautierPaul Le GuernicJean-Pierre Talpin,2010,https://link.springer.com/chapter/10.1007/978-1-4419-6400-7_1,Chapter
Arrival Curves for Real-Time Calculus: The Causality Problem and Its Solutions,Tools and Algorithms for the Construction and Analysis of Systems,,,,10.1007/978-3-642-12002-2_31,Matthieu MoyKarine Altisen,2010,https://link.springer.com/chapter/10.1007/978-3-642-12002-2_31,Conference paper
The Time Model of Logical Clocks Available in the OMG MARTE Profile,Synthesis of Embedded Software,,,,10.1007/978-1-4419-6400-7_7,Charles AndréJulien DeAntoniFrédéric MalletRobert de Simone,2010,https://link.springer.com/chapter/10.1007/978-1-4419-6400-7_7,Chapter
A Hybrid Visual Dataflow Language for Coordination in Mobile Ad Hoc Networks,Coordination Models and Languages,,,,10.1007/978-3-642-13414-2_6,Andoni Lombide CarretonTheo D’Hondt,2010,https://link.springer.com/chapter/10.1007/978-3-642-13414-2_6,Conference paper
GALS System Design,Designing Embedded Systems with the SIGNAL Programming Language,,,,10.1007/978-1-4419-0941-1_11,Abdoulaye Gamatié,2010,https://link.springer.com/chapter/10.1007/978-1-4419-0941-1_11,Chapter
Bisimulation conversion and verification procedure for&#xa0;goal-based control systems,Formal Methods in System Design,,,,10.1007/s10703-010-0109-6,Julia M. B. BramanRichard M. Murray,2010,https://link.springer.com/article/10.1007/s10703-010-0109-6,Article
1 Models of Reactive Systems,Model-Based Engineering of Embedded Real-Time Systems,,,,10.1007/978-3-642-16277-0_1,Bernhard SchätzHolger Giese,2010,https://link.springer.com/chapter/10.1007/978-3-642-16277-0_1,Chapter
Methods and Tools for Mapping Process Networks onto Multi-Processor Systems-On-Chip,Handbook of Signal Processing Systems,,,,10.1007/978-1-4419-6345-1_35,Iuliana BacivarovWolfgang HaidKai HuangLothar Thiele,2010,https://link.springer.com/chapter/10.1007/978-1-4419-6345-1_35,Chapter
Development of a Synchronous Subset of AADL,"Abstract State Machines, Alloy, B and Z",,,,10.1007/978-3-642-11811-1_19,Mamoun Filali-AmineJulia Lawall,2010,https://link.springer.com/chapter/10.1007/978-3-642-11811-1_19,Conference paper
Design Choices for High-Confidence Distributed Real-Time Software,"Leveraging Applications of Formal Methods, Verification, and Validation",,,,10.1007/978-3-642-16561-0_32,Sebastian FischmeisterAkramul Azim,2010,https://link.springer.com/chapter/10.1007/978-3-642-16561-0_32,Conference paper
On the Role of Non-functional Properties in Compiler Verification,"Leveraging Applications of Formal Methods, Verification, and Validation",,,,10.1007/978-3-642-16561-0_46,Jens KnoopWolf Zimmermann,2010,https://link.springer.com/chapter/10.1007/978-3-642-16561-0_46,Conference paper
Disciplined Heterogeneous Modeling,Model Driven Engineering Languages and Systems,,,,10.1007/978-3-642-16129-2_20,Edward A. Lee,2010,https://link.springer.com/chapter/10.1007/978-3-642-16129-2_20,Conference paper
7 Requirements Modeling for Embedded Realtime Systems,Model-Based Engineering of Embedded Real-Time Systems,,,,10.1007/978-3-642-16277-0_7,Ingolf KrügerClaudiu FarcasEmilia FarcasMassimiliano Menarini,2010,https://link.springer.com/chapter/10.1007/978-3-642-16277-0_7,Chapter
Microprogrammed Architectures,A Practical Introduction to Hardware/Software Codesign,,,,10.1007/978-1-4419-6000-9_5,Patrick R. Schaumont,2010,https://link.springer.com/chapter/10.1007/978-1-4419-6000-9_5,Chapter
IP-XACT Components with Abstract Time Characterization,Advances in Design Methods from Modeling Languages for Embedded Systems and SoC’s,,,,10.1007/978-90-481-9304-2_1,Frédéric MalletCharles AndréRobert de Simone,2010,https://link.springer.com/chapter/10.1007/978-90-481-9304-2_1,Chapter
Design in Polychrony: First Steps,Designing Embedded Systems with the SIGNAL Programming Language,,,,10.1007/978-1-4419-0941-1_6,Abdoulaye Gamatié,2010,https://link.springer.com/chapter/10.1007/978-1-4419-0941-1_6,Chapter
Programming Units: Processes,Designing Embedded Systems with the SIGNAL Programming Language,,,,10.1007/978-1-4419-0941-1_4,Abdoulaye Gamatié,2010,https://link.springer.com/chapter/10.1007/978-1-4419-0941-1_4,Chapter
Verification of GALS Systems by Combining Synchronous Languages and Process Calculi,Model Checking Software,,,,10.1007/978-3-642-02652-2_20,Hubert GaravelDamien Thivolle,2009,https://link.springer.com/chapter/10.1007/978-3-642-02652-2_20,Conference paper
Formal Model for Program Analysis,Designing Embedded Systems with the SIGNAL Programming Language,,,,10.1007/978-1-4419-0941-1_8,Abdoulaye Gamatié,2010,https://link.springer.com/chapter/10.1007/978-1-4419-0941-1_8,Chapter
Formal Semantics,Designing Embedded Systems with the SIGNAL Programming Language,,,,10.1007/978-1-4419-0941-1_7,Abdoulaye Gamatié,2010,https://link.springer.com/chapter/10.1007/978-1-4419-0941-1_7,Chapter
Recent advances in program verification through computer algebra,Frontiers of Computer Science in China,,,,10.1007/s11704-009-0074-7,Lu YangChaochen ZhouNaijun ZhanBican Xia,2010,https://link.springer.com/article/10.1007/s11704-009-0074-7,Article
Formalization and Correctness of the PALS Architectural Pattern for Distributed Real-Time Systems,Formal Methods and Software Engineering,,,,10.1007/978-3-642-16901-4_21,José MeseguerPeter Csaba Ölveczky,2010,https://link.springer.com/chapter/10.1007/978-3-642-16901-4_21,Conference paper
Automating the addition of fault tolerance with discrete controller synthesis,Formal Methods in System Design,,,,10.1007/s10703-009-0084-y,Alain GiraultÉric Rutten,2009,https://link.springer.com/article/10.1007/s10703-009-0084-y,Article
AdaStreams: A Type-Based Programming Extension for Stream-Parallelism with Ada&#xa0;2005,Reliable Software Technologiey – Ada-Europe 2010,,,,10.1007/978-3-642-13550-7_15,Gingun HongKirak HongBernd BurgstallerJohann Blieberger,2010,https://link.springer.com/chapter/10.1007/978-3-642-13550-7_15,Conference paper
Exploiting Statically Schedulable Regions in Dataflow Programs,Journal of Signal Processing Systems,,,,10.1007/s11265-009-0445-1,Ruirui GuJörn W. JanneckMickaël RauletShuvra S. Bhattacharyya,2010,https://link.springer.com/article/10.1007/s11265-009-0445-1,Article
Translation Validation of Loop Optimizations and Software Pipelining in the TVOC Framework,Static Analysis,,,,10.1007/978-3-642-15769-1_3,Benjamin Goldberg,2010,https://link.springer.com/chapter/10.1007/978-3-642-15769-1_3,Conference paper
Basics: Signals and Relations,Designing Embedded Systems with the SIGNAL Programming Language,,,,10.1007/978-1-4419-0941-1_3,Abdoulaye Gamatié,2010,https://link.springer.com/chapter/10.1007/978-1-4419-0941-1_3,Chapter
Kahn Process Networks and a Reactive Extension,Handbook of Signal Processing Systems,,,,10.1007/978-1-4419-6345-1_34,Marc GeilenTwan Basten,2010,https://link.springer.com/chapter/10.1007/978-1-4419-6345-1_34,Chapter
Compilation of Programs,Designing Embedded Systems with the SIGNAL Programming Language,,,,10.1007/978-1-4419-0941-1_9,Abdoulaye Gamatié,2010,https://link.springer.com/chapter/10.1007/978-1-4419-0941-1_9,Chapter
Safe design of high-performance embedded systems in an MDE framework,Innovations in Systems and Software Engineering,,,,10.1007/s11334-008-0059-y,Huafeng YuAbdoulaye GamatiéÉric RuttenJean-Luc Dekeyser,2008,https://link.springer.com/article/10.1007/s11334-008-0059-y,Article
A timeband framework for modelling real-time systems,Real-Time Systems,,,,10.1007/s11241-010-9094-5,Alan BurnsIan J. Hayes,2010,https://link.springer.com/article/10.1007/s11241-010-9094-5,Article
A formal model of composing components: the TLA<sup>+</sup> approach,Innovations in Systems and Software Engineering,,,,10.1007/s11334-009-0087-2,Ondrej RysavyJaroslav Rab,2009,https://link.springer.com/article/10.1007/s11334-009-0087-2,Article
Verification of real-time systems with preemption: negative and positive results,Innovations in Systems and Software Engineering,,,,10.1007/s11334-009-0093-4,Frédéric BoniolJérôme ErmontClaire Pagetti,2009,https://link.springer.com/article/10.1007/s11334-009-0093-4,Article
Design Methodology for Embedded Computer Vision Systems,Embedded Computer Vision,,,,10.1007/978-1-84800-304-0_2,Sankalita SahaShuvra S. Bhattacharyya,2009,https://link.springer.com/chapter/10.1007/978-1-84800-304-0_2,Chapter
A Formal Framework for Developing High Assurance Event Driven Service-Oriented Systems,High Assurance Services Computing,,,,10.1007/978-0-387-87658-0_8,Manuel PeraltaSupratik MukhpadhyayRamesh Bharadwaj,2009,https://link.springer.com/chapter/10.1007/978-0-387-87658-0_8,Chapter
A formal model of composing components: the TLA<sup>+</sup> approach,Innovations in Systems and Software Engineering,,,,10.1007/s11334-009-0089-0,Ondrej RysavyJaroslav Rab,2009,https://link.springer.com/article/10.1007/s11334-009-0089-0,Article
Synoptic: A Domain-Specific Modeling Language for Space On-board Application Software,Synthesis of Embedded Software,,,,10.1007/978-1-4419-6400-7_3,A. CortierL. BesnardJ. P. BodeveixJ. BuissonF. DagnatM. FilaliG. GarciaJ. OuyM. PantelA. RuginaM. StreckerJ. P. Talpin,2010,https://link.springer.com/chapter/10.1007/978-1-4419-6400-7_3,Chapter
"Array-OL with delays, a domain specific specification language for multidimensional intensive signal processing",Multidimensional Systems and Signal Processing,,,,10.1007/s11045-009-0085-4,Calin GlitiaPhilippe DumontPierre Boulet,2009,https://link.springer.com/article/10.1007/s11045-009-0085-4,Article
Concurrency and Communication: Lessons from the SHIM Project,Software Technologies for Embedded and Ubiquitous Systems,,,,10.1007/978-3-642-10265-3_25,Stephen A. Edwards,2009,https://link.springer.com/chapter/10.1007/978-3-642-10265-3_25,Conference paper
A formal framework for modeling and validating Simulink diagrams,Formal Aspects of Computing,,,,10.1007/s00165-009-0108-9,Chunqing ChenJin Song DongJun Sun,2009,https://link.springer.com/article/10.1007/s00165-009-0108-9,Article
Flush: an example of development by refinements in SCADE/Lustre,International Journal on Software Tools for Technology Transfer,,,,10.1007/s10009-009-0113-6,Jan MikáčPaul Caspi,2009,https://link.springer.com/article/10.1007/s10009-009-0113-6,Article
Synchronous Modeling and Validation of Priority Inheritance Schedulers,Fundamental Approaches to Software Engineering,,,,10.1007/978-3-642-00593-0_10,Erwan JahierNicolas HalbwachsPascal Raymond,2009,https://link.springer.com/chapter/10.1007/978-3-642-00593-0_10,Conference paper
Towards Safe Design of Synchronous Bus Protocols in Event-B,Formal Methods: Foundations and Applications,,,,10.1007/978-3-642-10452-7_12,Ricardo Bedin FrançaLeandro Buss BeckerJean-Paul BodeveixJean-Marie FarinesMamoun Filali,2009,https://link.springer.com/chapter/10.1007/978-3-642-10452-7_12,Conference paper
Flexibility in modeling languages and tools: a call to arms,International Journal on Software Tools for Technology Transfer,,,,10.1007/s10009-009-0107-4,Eric Van WykMats Per Erik Heimdahl,2009,https://link.springer.com/article/10.1007/s10009-009-0107-4,Article
Verifying Ptolemy II Discrete-Event Models Using Real-Time Maude,Formal Methods and Software Engineering,,,,10.1007/978-3-642-10373-5_37,Kyungmin BaePeter Csaba ÖlveczkyThomas Huining FengStavros Tripakis,2009,https://link.springer.com/chapter/10.1007/978-3-642-10373-5_37,Conference paper
System-on-chip design by proof-based refinement,International Journal on Software Tools for Technology Transfer,,,,10.1007/s10009-009-0104-7,Dominique CansellDominique MéryCyril Proch,2009,https://link.springer.com/article/10.1007/s10009-009-0104-7,Article
MARTE vs. AADL for Discrete-Event and&#xa0;Discrete-Time Domains,Languages for Embedded Systems and their Applications,,,,10.1007/978-1-4020-9714-0_2,Frédéric MalletRobert de Simone,2009,https://link.springer.com/chapter/10.1007/978-1-4020-9714-0_2,Chapter
LETO - A Lustre-Based Test Oracle for Airbus Critical Systems,Formal Methods for Industrial Critical Systems,,,,10.1007/978-3-642-03240-0_5,Guy DurrieuHélène WaeselynckVirginie Wiels,2009,https://link.springer.com/chapter/10.1007/978-3-642-03240-0_5,Conference paper
Machine-Checked Sequencer for Critical Embedded Code Generator,Formal Methods and Software Engineering,,,,10.1007/978-3-642-10373-5_27,Nassima IzerroukenMarc PantelXavier Thirioux,2009,https://link.springer.com/chapter/10.1007/978-3-642-10373-5_27,Conference paper
Clock constraint specification language: specifying clock constraints with UML/MARTE,Innovations in Systems and Software Engineering,,,,10.1007/s11334-008-0055-2,Frédéric Mallet,2008,https://link.springer.com/article/10.1007/s11334-008-0055-2,Article
Model Transformations from a Data Parallel Formalism Towards Synchronous Languages,Embedded Systems Specification and Design Languages,,,,10.1007/978-1-4020-8297-9_13,Huafeng YuAbdoulaye GamatiéEric RuttenJean-Luc Dekeyser,2008,https://link.springer.com/chapter/10.1007/978-1-4020-8297-9_13,Chapter
"An automated testing experiment for layered embedded <Emphasis FontCategory=""SansSerif"">C</Emphasis> code",International Journal on Software Tools for Technology Transfer,,,,10.1007/s10009-009-0108-3,Boutheina ChetaliQuang-Huy Nguyen,2009,https://link.springer.com/article/10.1007/s10009-009-0108-3,Article
Bridging the Gap Between Model-Based Development and Model Checking,Tools and Algorithms for the Construction and Analysis of Systems,,,,10.1007/978-3-642-00768-2_36,Steven P. Miller,2009,https://link.springer.com/chapter/10.1007/978-3-642-00768-2_36,Conference paper
Modeling,Embedded System Design,,,,10.1007/978-1-4419-0504-8_3,Daniel D. GajskiSamar AbdiAndreas GerstlauerGunar Schirner,2009,https://link.springer.com/chapter/10.1007/978-1-4419-0504-8_3,Chapter
SML-Sys: a functional framework with multiple models of computation for modeling heterogeneous system,Design Automation for Embedded Systems,,,,10.1007/s10617-008-9012-4,Deepak A. MathaikuttyHiren D. PatelSandeep K. ShuklaAxel Jantsch,2008,https://link.springer.com/article/10.1007/s10617-008-9012-4,Article
Object-Level Fusion and Confidence Management in a Multi-Sensor Pedestrian Tracking System,Multisensor Fusion and Integration for Intelligent Systems,,,,10.1007/978-3-540-89859-7_2,Fadi FayadVéronique Cherfaoui,2009,https://link.springer.com/chapter/10.1007/978-3-540-89859-7_2,Chapter
Extending Structural Test Coverage Criteria for Lustre Programs with Multi-clock Operators,Formal Methods for Industrial Critical Systems,,,,10.1007/978-3-642-03240-0_6,Virginia PapailiopoulouLaya MadaniLydie du BousquetIoannis Parissis,2009,https://link.springer.com/chapter/10.1007/978-3-642-03240-0_6,Conference paper
A Simulation Approach for Performance Validation during Embedded Systems Design,"Leveraging Applications of Formal Methods, Verification and Validation",,,,10.1007/978-3-540-88479-8_27,Zhonglei WangWolfgang HaberlAndreas HerkersdorfMartin Wechs,2008,https://link.springer.com/chapter/10.1007/978-3-540-88479-8_27,Conference paper
Synchronous Paradigm in Embedded Systems,EURASIP Journal on Embedded Systems,,,,10.1155/2007/32903,Alain GiraultS RameshJean-Pierre Talpin,2007,https://link.springer.com/article/10.1155/2007/32903,Article
How Different Are Esterel and SystemC,Embedded Systems Specification and Design Languages,,,,10.1007/978-1-4020-8297-9_1,Jens BrandtKlaus Schneider,2008,https://link.springer.com/chapter/10.1007/978-1-4020-8297-9_1,Chapter
Modular Compilation of a Synchronous Language,"Software Engineering Research, Management and Applications",,,,10.1007/978-3-540-70561-1_12,Annie RessoucheDaniel GafféValérie Roy,2008,https://link.springer.com/chapter/10.1007/978-3-540-70561-1_12,Chapter
EventJava: An Extension of Java for Event Correlation,ECOOP 2009 – Object-Oriented Programming,,,,10.1007/978-3-642-03013-0_26,Patrick EugsterK. R. Jayaram,2009,https://link.springer.com/chapter/10.1007/978-3-642-03013-0_26,Conference paper
Formalizing the structural semantics of domain-specific modeling languages,Software & Systems Modeling,,,,10.1007/s10270-008-0105-0,Ethan JacksonJanos Sztipanovits,2008,https://link.springer.com/article/10.1007/s10270-008-0105-0,Article
Equation-Based Object-Oriented Languages and Tools Report on the Workshop EOOLT 2007 at ECOOP 2007,Object-Oriented Technology. ECOOP 2007 Workshop Reader,,,,10.1007/978-3-540-78195-0_4,Peter FritzsonDavid BromanFrançois CellierChristoph Nytsch-Geusen,2008,https://link.springer.com/chapter/10.1007/978-3-540-78195-0_4,Conference paper
Delay-Aware Mobile Transactions,Software Technologies for Embedded and Ubiquitous Systems,,,,10.1007/978-3-540-87785-1_25,Brahim AyariAbdelmajid KhelilNeeraj Suri,2008,https://link.springer.com/chapter/10.1007/978-3-540-87785-1_25,Conference paper
Stand der RFID-Anwendung in der Bau- und Immobilienwirtschaft,RFID in der Baulogistik,,,,10.1007/978-3-8348-9319-2_9,,2009,https://link.springer.com/chapter/10.1007/978-3-8348-9319-2_9,Chapter
High-Level Synthesis: A Retrospective,High-Level Synthesis,,,,10.1007/978-1-4020-8588-8_2,Rajesh GuptaForrest Brewer,2008,https://link.springer.com/chapter/10.1007/978-1-4020-8588-8_2,Chapter
Formal Reasoning About Causality Analysis,Theorem Proving in Higher Order Logics,,,,10.1007/978-3-540-71067-7_13,Jens BrandtKlaus Schneider,2008,https://link.springer.com/chapter/10.1007/978-3-540-71067-7_13,Conference paper
Generating Sound and Resource-Aware Code from Hybrid Systems Models,Model-Driven Development of Reliable Automotive Services,,,,10.1007/978-3-540-70930-5_4,Madhukar AnandSebastian FischmeisterJesung KimInsup Lee,2008,https://link.springer.com/chapter/10.1007/978-3-540-70930-5_4,Conference paper
Analysis of Periodic Clock Relations in Polychronous Systems,"Distributed Embedded Systems: Design, Middleware and Resources",,,,10.1007/978-0-387-09661-2_5,Hugo MetivierJean-Pierre TalpinThierry GautierPaul Le Guernic,2008,https://link.springer.com/chapter/10.1007/978-0-387-09661-2_5,Conference paper
Automatic Program Generation from Formal Specifications using APTS,Automatic Program Development,,,,10.1007/978-1-4020-6585-9_10,Elizabeth I. LeonardConstance L. Heitmeyer,2008,https://link.springer.com/chapter/10.1007/978-1-4020-6585-9_10,Chapter
Trends and Challenges in Algorithmic Software Verification,"Verified Software: Theories, Tools, Experiments",,,,10.1007/978-3-540-69149-5_26,Rajeev Alur,2008,https://link.springer.com/chapter/10.1007/978-3-540-69149-5_26,Chapter
Abstraction of Clocks in Synchronous Data-Flow Systems,Programming Languages and Systems,,,,10.1007/978-3-540-89330-1_17,Albert CohenLouis MandelFlorence PlateauMarc Pouzet,2008,https://link.springer.com/chapter/10.1007/978-3-540-89330-1_17,Conference paper
Optimizing Automatic Deployment Using Non-functional Requirement Annotations,"Leveraging Applications of Formal Methods, Verification and Validation",,,,10.1007/978-3-540-88479-8_28,Stefan KugeleWolfgang HaberlMichael TautschnigMartin Wechs,2008,https://link.springer.com/chapter/10.1007/978-3-540-88479-8_28,Conference paper
Modeling AADL Data Communications with UML MARTE,Embedded Systems Specification and Design Languages,,,,10.1007/978-1-4020-8297-9_11,Charles AndréFrédéric MalletRobert de Simone,2008,https://link.springer.com/chapter/10.1007/978-1-4020-8297-9_11,Chapter
Memory-efficient multithreaded code generation from&#xa0;Simulink for heterogeneous MPSoC,Design Automation for Embedded Systems,,,,10.1007/s10617-007-9009-4,Sang-Il HanSoo-Ik ChaeLisane BrisolaraLuigi CarroRicardo ReisXavier GuérinAhmed Amine Jerraya,2007,https://link.springer.com/article/10.1007/s10617-007-9009-4,Article
Model Transformations for the Compilation of Multi-processor Systems-on-Chip,Generative and Transformational Techniques in Software Engineering II,,,,10.1007/978-3-540-88643-3_13,Éric PielPhilippe MarquetJean-Luc Dekeyser,2008,https://link.springer.com/chapter/10.1007/978-3-540-88643-3_13,Chapter
A Perspective on Program Verification,"Verified Software: Theories, Tools, Experiments",,,,10.1007/978-3-540-69149-5_50,Willem-Paul de Roever,2008,https://link.springer.com/chapter/10.1007/978-3-540-69149-5_50,Chapter
The Reaction Algebra: A Formal Language for Event Correlation,Pillars of Computer Science,,,,10.1007/978-3-540-78127-1_33,César SánchezMatteo SlaninaHenny B. SipmaZohar Manna,2008,https://link.springer.com/chapter/10.1007/978-3-540-78127-1_33,Chapter
Model-Integrated Development of Cyber-Physical Systems,Software Technologies for Embedded and Ubiquitous Systems,,,,10.1007/978-3-540-87785-1_5,Gabor KarsaiJanos Sztipanovits,2008,https://link.springer.com/chapter/10.1007/978-3-540-87785-1_5,Conference paper
Modeling with the Timing Definition Language (TDL),Model-Driven Development of Reliable Automotive Services,,,,10.1007/978-3-540-70930-5_9,Wolfgang PreeJosef Templ,2008,https://link.springer.com/chapter/10.1007/978-3-540-70930-5_9,Conference paper
A Schedulerless Semantics of TLM Models Written in SystemC Via Translation into LOTOS,FM 2008: Formal Methods,,,,10.1007/978-3-540-68237-0_20,Olivier PonsiniWendelin Serwe,2008,https://link.springer.com/chapter/10.1007/978-3-540-68237-0_20,Conference paper
Automatic framework generation for hard real-time applications,Innovations in Systems and Software Engineering,,,,10.1007/s11334-008-0044-5,Irfan HamidBechir ZalilaElie NajmJérôme Hugues,2008,https://link.springer.com/article/10.1007/s11334-008-0044-5,Article
A Framework for Distributing Real-Time Functions,Formal Modeling and Analysis of Timed Systems,,,,10.1007/978-3-540-85778-5_12,Frédéric BoniolPierre-Emmanuel HladikClaire PagettiFrédéric AsproVictor Jégu,2008,https://link.springer.com/chapter/10.1007/978-3-540-85778-5_12,Conference paper
Multiple Viewpoint Contract-Based Specification and Design,Formal Methods for Components and Objects,,,,10.1007/978-3-540-92188-2_9,Albert BenvenisteBenoît CaillaudAlberto FerrariLeonardo MangerucaRoberto PasseroneChristos Sofronis,2008,https://link.springer.com/chapter/10.1007/978-3-540-92188-2_9,Conference paper
Note bibliografiche,Algoritmi,,,,10.1007/978-88-470-0580-8_18,David HarelYishai Feldman,2008,https://link.springer.com/chapter/10.1007/978-88-470-0580-8_18,Chapter
Model-Based Development of Embedded Systems: The SysWeaver Approach,Next Generation Design and Verification Methodologies for Distributed Embedded Control Systems,,,,10.1007/978-1-4020-6254-4_3,Raj Rajkumar,2007,https://link.springer.com/chapter/10.1007/978-1-4020-6254-4_3,Conference paper
Different Kinds of System Descriptions as Synchronous Programs,Advances in Design and Specification Languages for Embedded Systems,,,,10.1007/978-1-4020-6149-3_15,Jens BrandtKlaus Schneider,2007,https://link.springer.com/chapter/10.1007/978-1-4020-6149-3_15,Chapter
"
   Das AutoMoDe-Projekt
  ",Informatik - Forschung und Entwicklung,,,,10.1007/s00450-007-0028-y,Andreas BauerManfred BroyJan RombergBernhard SchätzPeter BraunUlrich FreundNuria MataRobert SandnerPierre MaiDirk Ziegenbein,2007,https://link.springer.com/article/10.1007/s00450-007-0028-y,Article
From Model-Based Design to Formal Verification of Adaptive Embedded Systems,Formal Methods and Software Engineering,,,,10.1007/978-3-540-76650-6_6,Rasmus AdlerIna SchaeferTobias SchueleEric Vecchié,2007,https://link.springer.com/chapter/10.1007/978-3-540-76650-6_6,Conference paper
A Concurrency Abstraction for Reliable Sensor Network Applications,Reliable Systems on Unreliable Networked Platforms,,,,10.1007/978-3-540-71156-8_8,János SallaiMiklós MarótiÁkos Lédeczi,2007,https://link.springer.com/chapter/10.1007/978-3-540-71156-8_8,Conference paper
Modeling software product lines using color-blind transition systems,International Journal on Software Tools for Technology Transfer,,,,10.1007/s10009-007-0046-x,Kim G. LarsenUlrik NymanAndrzej Wasowski,2007,https://link.springer.com/article/10.1007/s10009-007-0046-x,Article
UML2 Profile for Modeling Controlled Data Parallel Applications,Advances in Design and Specification Languages for Embedded Systems,,,,10.1007/978-1-4020-6149-3_18,Ouassila LabbaniJean-Luc DekeyserPierre BouletÉric Rutten,2007,https://link.springer.com/chapter/10.1007/978-1-4020-6149-3_18,Chapter
Reinventing Computing for Real Time,Reliable Systems on Unreliable Networked Platforms,,,,10.1007/978-3-540-71156-8_1,Edward A. LeeYang Zhao,2007,https://link.springer.com/chapter/10.1007/978-3-540-71156-8_1,Conference paper
Modeling an Electronic Throttle Controller Using the Timed Abstract State Machine Language and Toolset,Models in Software Engineering,,,,10.1007/978-3-540-69489-2_5,Martin OuimetGuillaume BerteauKristina Lundqvist,2007,https://link.springer.com/chapter/10.1007/978-3-540-69489-2_5,Conference paper
SCADE: Synchronous Design and Validation of Embedded Control Software,Next Generation Design and Verification Methodologies for Distributed Embedded Control Systems,,,,10.1007/978-1-4020-6254-4_2,Gérard Berry,2007,https://link.springer.com/chapter/10.1007/978-1-4020-6254-4_2,Conference paper
Embedded SW Design Space Exploration and Automation using UML-Based Tools,"Embedded System Design: Topics, Techniques and Trends",,,,10.1007/978-0-387-72258-0_41,Flavio R. WagnerLuigi Carro,2007,https://link.springer.com/chapter/10.1007/978-0-387-72258-0_41,Conference paper
Statechart Development Beyond WYSIWYG,Model Driven Engineering Languages and Systems,,,,10.1007/978-3-540-75209-7_43,Steffen ProchnowReinhard von Hanxleden,2007,https://link.springer.com/chapter/10.1007/978-3-540-75209-7_43,Conference paper
Flexible and Extensible Notations for Modeling Languages,Fundamental Approaches to Software Engineering,,,,10.1007/978-3-540-71289-3_9,Jimin GaoMats HeimdahlEric Van Wyk,2007,https://link.springer.com/chapter/10.1007/978-3-540-71289-3_9,Conference paper
Introduction to Esterel,Compiling Esterel,,,,10.1007/978-0-387-70628-3_1,,2007,https://link.springer.com/chapter/10.1007/978-0-387-70628-3_1,Chapter
Model-driven architecture-centric engineering of (embedded) software intensive systems: modeling theories and architectural milestones,Innovations in Systems and Software Engineering,,,,10.1007/s11334-006-0011-y,Manfred Broy,2006,https://link.springer.com/article/10.1007/s11334-006-0011-y,Article
SP@CE - An SP-Based Programming Model for Consumer Electronics Streaming Applications,Languages and Compilers for Parallel Computing,,,,10.1007/978-3-540-72521-3_4,Ana Lucia VarbanescuMaik NijhuisArturo González-EscribanoHenk SipsHerbert BosHenri Bal,2007,https://link.springer.com/chapter/10.1007/978-3-540-72521-3_4,Conference paper
On the Polychronous Approach to Embedded Software Design,Next Generation Design and Verification Methodologies for Distributed Embedded Control Systems,,,,10.1007/978-1-4020-6254-4_20,Sandeep K. ShuklaSyed M. SuhaibDeepak A. MathaikuttyJean-Pierre Talpin,2007,https://link.springer.com/chapter/10.1007/978-1-4020-6254-4_20,Conference paper
Arx: A Toolset for the Efficient Simulation and Direct Synthesis of High-Performance Signal Processing Algorithms,High Performance Embedded Architectures and Compilers,,,,10.1007/978-3-540-69338-3_15,Klaas L. HofstraSabih H. Gerez,2007,https://link.springer.com/chapter/10.1007/978-3-540-69338-3_15,Conference paper
Machine-Assisted Proof Support for Validation Beyond Simulink,Formal Methods and Software Engineering,,,,10.1007/978-3-540-76650-6_7,Chunqing ChenJin Song DongJun Sun,2007,https://link.springer.com/chapter/10.1007/978-3-540-76650-6_7,Conference paper
CSP Transactors for Asynchronous Transaction Level Modeling and IP Reuse,Computational Science and Its Applications – ICCSA 2007,,,,10.1007/978-3-540-74484-9_14,Lilian JaninDoug Edwards,2007,https://link.springer.com/chapter/10.1007/978-3-540-74484-9_14,Conference paper
Future Trends in Product Lifecycle Management (PLM),The Future of Product Development,,,,10.1007/978-3-540-69820-3_64,M. Abramovici,2007,https://link.springer.com/chapter/10.1007/978-3-540-69820-3_64,Conference paper
Scaling up Model-checking,Next Generation Design and Verification Methodologies for Distributed Embedded Control Systems,,,,10.1007/978-1-4020-6254-4_21,Aniket KulkarniRavindra MettaUlka ShrotriR. Venkatesh,2007,https://link.springer.com/chapter/10.1007/978-1-4020-6254-4_21,Conference paper
The Embedded Systems Design Challenge,FM 2006: Formal Methods,,,,10.1007/11813040_1,Thomas A. HenzingerJoseph Sifakis,2006,https://link.springer.com/chapter/10.1007/11813040_1,Conference paper
Dynamic and Formal Verification of Embedded Systems: A Comparative Survey,International Journal of Parallel Programming,,,,10.1007/s10766-005-8911-2,Mirko LoghiTiziana MargariaGraziano PravadelliBernhard Steffen,2005,https://link.springer.com/article/10.1007/s10766-005-8911-2,Article
A SystemC/TLM Semantics in Promela and Its Possible Applications,Model Checking Software,,,,10.1007/978-3-540-73370-6_14,Claus TraulsenJérôme CornetMatthieu MoyFlorence Maraninchi,2007,https://link.springer.com/chapter/10.1007/978-3-540-73370-6_14,Conference paper
Specification and synthesis of hybrid automata for physics-based animation,Automated Software Engineering,,,,10.1007/s10851-006-8532-4,Thomas Ellman,2006,https://link.springer.com/article/10.1007/s10851-006-8532-4,Article
Preface of “Specification and Validation of Real Time and Embedded systems in UML”,International Journal on Software Tools for Technology Transfer,,,,10.1007/s10009-005-0220-y,Susanne GrafOystein HaugenIleana OberBran Selic,2006,https://link.springer.com/article/10.1007/s10009-005-0220-y,Article
Using System-Level Timing Analysis for the Evaluation and Synthesis of Automotive Architectures,Next Generation Design and Verification Methodologies for Distributed Embedded Control Systems,,,,10.1007/978-1-4020-6254-4_8,Marco Di NataleWei ZhengPaolo Giusto,2007,https://link.springer.com/chapter/10.1007/978-1-4020-6254-4_8,Conference paper
Enabling for Sustainability in Engineering,Sustainability in Manufacturing,,,,10.1007/978-3-540-49871-1_7,,2007,https://link.springer.com/chapter/10.1007/978-3-540-49871-1_7,Chapter
A Compositional Behavioral Modeling Framework for Embedded System Design and Conformance Checking,International Journal of Parallel Programming,,,,10.1007/s10766-005-8907-y,Jean-Pierre TalpinPaul Le GuernicSandeep Kumar ShuklaRajesh Gupta,2005,https://link.springer.com/article/10.1007/s10766-005-8907-y,Article
Case studies with Lurette V2,International Journal on Software Tools for Technology Transfer,,,,10.1007/s10009-006-0023-9,Erwan JahierPascal RaymondPhilippe Baufreton,2006,https://link.springer.com/article/10.1007/s10009-006-0023-9,Article
From “Formal Methods” to System Modeling,Formal Methods and Hybrid Real-Time Systems,,,,10.1007/978-3-540-75221-9_2,Manfred Broy,2007,https://link.springer.com/chapter/10.1007/978-3-540-75221-9_2,Chapter
A Framework for Modeling the Distributed Deployment of Synchronous Designs,Formal Methods in System Design,,,,10.1007/s10703-006-7842-x,Luca P. CarloniAlberto L. Sangiovanni-Vincentelli,2006,https://link.springer.com/article/10.1007/s10703-006-7842-x,Article
Towards a “Synchronous Reactive” UML profile?,International Journal on Software Tools for Technology Transfer,,,,10.1007/s10009-005-0206-9,Robert de SimoneCharles André,2005,https://link.springer.com/article/10.1007/s10009-005-0206-9,Article
Concurrency in Synchronous Systems,Formal Methods in System Design,,,,10.1007/s10703-006-7844-8,Dumitru Potop-ButucaruBenoît CaillaudAlbert Benveniste,2006,https://link.springer.com/article/10.1007/s10703-006-7844-8,Article
A Consistent Design Methodology for Wireless Embedded Systems,EURASIP Journal on Advances in Signal Processing,,,,10.1155/ASP.2005.2598,P. BelanovićB. KnerrM. HolzerG. SauzonM. Rupp,2005,https://link.springer.com/article/10.1155/ASP.2005.2598,Article
Modular Compilation of Synchronous Programs,From Model-Driven Design to Resource Management for Distributed Embedded Systems,,,,10.1007/978-0-387-39362-9_9,Klaus Schneiderau]Jens Brandtau]Eric Vecchié,2006,https://link.springer.com/chapter/10.1007/978-0-387-39362-9_9,Conference paper
Modelling of Complex Software Systems: A Reasoned Overview,Formal Techniques for Networked and Distributed Systems - FORTE 2006,,,,10.1007/11888116_1,Daniel Krob,2006,https://link.springer.com/chapter/10.1007/11888116_1,Conference paper
Towards a Component Architecture for Hard Real Time Control Applications,Automotive Software – Connected Services in Mobile Networks,,,,10.1007/11823063_6,Wolfgang PreeJosef Templ,2006,https://link.springer.com/chapter/10.1007/11823063_6,Conference paper
Specifications,Embedded System Design,,,,10.1007/0-387-30087-2_2,,2006,https://link.springer.com/chapter/10.1007/0-387-30087-2_2,Chapter
A Processor Extension for Cycle-Accurate Real-Time Software,Embedded and Ubiquitous Computing,,,,10.1007/11802167_46,Nicholas Jun Hao IpStephen A. Edwards,2006,https://link.springer.com/chapter/10.1007/11802167_46,Conference paper
Exploiting Purely Functional Programming to Obtain Bounded Resource Behaviour: The Hume Approach,Central European Functional Programming School,,,,10.1007/11894100_4,Kevin Hammond,2006,https://link.springer.com/chapter/10.1007/11894100_4,Conference paper
The Essence of Dataflow Programming,Central European Functional Programming School,,,,10.1007/11894100_5,Tarmo UustaluVarmo Vene,2006,https://link.springer.com/chapter/10.1007/11894100_5,Conference paper
Algorithmic-level Specification and Characterization of Embedded Multimedia Applications with Design Trotter,"Journal of VLSI signal processing systems for signal, image and video technology",,,,10.1007/s11265-005-4181-x,Yannick Le MoullecJean-Philippe DiguetNader Ben AmorThierry GourdeauxJean-Luc Philippe,2006,https://link.springer.com/article/10.1007/s11265-005-4181-x,Article
Proving the Properties of Communicating Imperfectly-Clocked Synchronous Systems,Static Analysis,,,,10.1007/11823230_24,Julien Bertrane,2006,https://link.springer.com/chapter/10.1007/11823230_24,Conference paper
Concurrent Semantics Without the Notions of State or State Transitions,Formal Modeling and Analysis of Timed Systems,,,,10.1007/11867340_2,Edward A. Lee,2006,https://link.springer.com/chapter/10.1007/11867340_2,Conference paper
An Architecture for Developing Context-Aware Systems,Modeling and Retrieval of Context,,,,10.1007/11740674_4,Kaiyu WanVasu AlagarJoey Paquet,2006,https://link.springer.com/chapter/10.1007/11740674_4,Conference paper
System level design principles,Integrated System-Level Modeling of Network-on-Chip enabled Multi-Processor Platforms,,,,10.1007/1-4020-4826-2_4,,2006,https://link.springer.com/chapter/10.1007/1-4020-4826-2_4,Chapter
A Dependently Typed Framework for Static Analysis of Program Execution Costs,Implementation and Application of Functional Languages,,,,10.1007/11964681_5,Edwin BradyKevin Hammond,2006,https://link.springer.com/chapter/10.1007/11964681_5,Conference paper
A real-time profile for UML,International Journal on Software Tools for Technology Transfer,,,,10.1007/s10009-006-0219-z,Susanne GrafIleana OberIulian Ober,2006,https://link.springer.com/article/10.1007/s10009-006-0219-z,Article
A real-time profile for UML,International Journal on Software Tools for Technology Transfer,,,,10.1007/s10009-005-0213-x,Susanne GrafIleana OberIulian Ober,2006,https://link.springer.com/article/10.1007/s10009-005-0213-x,Article
Hardware/Software co-design,Design of Systems on a Chip: Design and Test,,,,10.1007/0-387-32500-X_7,A. JerrayaJ.M. DaveauG. MarchioroC. ValderramaM. RomdhaniT. Ben IsmailN.E. ZergainohF. HesselP. CostePh. Le MarrecA. BaghdadiL. Gauthier,2006,https://link.springer.com/chapter/10.1007/0-387-32500-X_7,Chapter
Model Checking Timed Systems with Urgencies,Automated Technology for Verification and Analysis,,,,10.1007/11901914_8,Pao-Ann HsiungShang-Wei LinYean-Ru ChenChun-Hsian HuangJia-Jen YehHong-Yu SunChao-Sheng LinHsiao-Win Liao,2006,https://link.springer.com/chapter/10.1007/11901914_8,Conference paper
Partitioning of perfect synchroneous reactive specifications to distributed processors using μ-charts,Software & Systems Modeling,,,,10.1007/s10270-005-0094-1,Peter Scholz,2005,https://link.springer.com/article/10.1007/s10270-005-0094-1,Article
From Statecharts to Verilog: a formal approach to hardware/software co-specification,Innovations in Systems and Software Engineering,,,,10.1007/s11334-005-0020-2,Shengchao QinWei-Ngan ChinJifeng HeZongyan Qiu,2006,https://link.springer.com/article/10.1007/s11334-005-0020-2,Article
Proving the shalls,International Journal on Software Tools for Technology Transfer,,,,10.1007/s10009-004-0173-6,Steven P. MillerAlan C. TribbleMichael W. WhalenMats P. E. Heimdahl,2006,https://link.springer.com/article/10.1007/s10009-004-0173-6,Article
Providing the shalls,International Journal on Software Tools for Technology Transfer,,,,10.1007/s10009-006-0173-9,Steven P. MillerAlan C. TribbleMichael W. WhalenMats P. E. Heimdahl,2006,https://link.springer.com/article/10.1007/s10009-006-0173-9,Article
Introduction to Formal Methods,Agent Technology from a Formal Perspective,,,,10.1007/1-84628-271-3_2,Michael HincheyJonathan P. BowenChristopher A. Rouff,2006,https://link.springer.com/chapter/10.1007/1-84628-271-3_2,Chapter
Validating timed UML models by simulation and verification,International Journal on Software Tools for Technology Transfer,,,,10.1007/s10009-005-0205-x,Iulian OberSusanne GrafIleana Ober,2005,https://link.springer.com/article/10.1007/s10009-005-0205-x,Article
On the Correctness of Transformations in Compiler Back-Ends,Leveraging Applications of Formal Methods,,,,10.1007/11925040_6,Wolf Zimmermann,2006,https://link.springer.com/chapter/10.1007/11925040_6,Conference paper
Dependable Polygon-Processing Algorithms for Safety-Critical Embedded Systems,Embedded and Ubiquitous Computing – EUC 2005,,,,10.1007/11596356_42,Jens BrandtKlaus Schneider,2005,https://link.springer.com/chapter/10.1007/11596356_42,Conference paper
"Tools for Programming, Code Generation, and Design",Embedded Systems Design,,,,10.1007/978-3-540-31973-3_6,Bruno BouyssounouseJoseph Sifakis,2005,https://link.springer.com/chapter/10.1007/978-3-540-31973-3_6,Chapter
Entwicklung des Allradantriebs bei Subaru,ATZ - Automobiltechnische Zeitschrift,,,,10.1007/BF03221722,Koji Matsuno,2005,https://link.springer.com/article/10.1007/BF03221722,Article
Language and Compiler Design for Streaming Applications,International Journal of Parallel Programming,,,,10.1007/s10766-005-3590-6,Saman AmarasingheMichael l. GordonMichal KarczmarekJasper LinDavid MazeRodric M. RabbahWilliam Thies,2005,https://link.springer.com/article/10.1007/s10766-005-3590-6,Article
Components and Contracts,Embedded Systems Design,,,,10.1007/978-3-540-31973-3_13,Bruno BouyssounouseJoseph Sifakis,2005,https://link.springer.com/chapter/10.1007/978-3-540-31973-3_13,Chapter
Mode-Automata Based Methodology for Scade,Hybrid Systems: Computation and Control,,,,10.1007/978-3-540-31954-2_25,Ouassila LabbaniJean-Luc DekeyserPierre Boulet,2005,https://link.springer.com/chapter/10.1007/978-3-540-31954-2_25,Conference paper
LusSy: An open tool for the analysis of systems-on-a-chip at the transaction level,Design Automation for Embedded Systems,,,,10.1007/s10617-006-9044-6,Matthieu MoyFlorence MaraninchiLaurent Maillet-Contoz,2005,https://link.springer.com/article/10.1007/s10617-006-9044-6,Article
Computing Platforms,Embedded Systems Design,,,,10.1007/978-3-540-31973-3_29,Bruno BouyssounouseJoseph Sifakis,2005,https://link.springer.com/chapter/10.1007/978-3-540-31973-3_29,Chapter
Design for Timing Predictability,Real-Time Systems,,,,10.1023/B:TIME.0000045316.66276.6e,Lothar ThieleReinhard Wilhelm,2004,https://link.springer.com/article/10.1023/B:TIME.0000045316.66276.6e,Article
Programming Languages for Real-Time Systems,Embedded Systems Design,,,,10.1007/978-3-540-31973-3_25,Bruno BouyssounouseJoseph Sifakis,2005,https://link.springer.com/chapter/10.1007/978-3-540-31973-3_25,Chapter
Executive Overview on Hard Real-Time Development Environments,Embedded Systems Design,,,,10.1007/978-3-540-31973-3_1,Bruno BouyssounouseJoseph Sifakis,2005,https://link.springer.com/chapter/10.1007/978-3-540-31973-3_1,Chapter
Separate Compilation for Synchronous Modules,Embedded Software and Systems,,,,10.1007/11599555_15,Jia ZengStephen A. Edwards,2005,https://link.springer.com/chapter/10.1007/11599555_15,Conference paper
Esterel v7: From Verified Formal Specification to Efficient Industrial Designs,Fundamental Approaches to Software Engineering,,,,10.1007/978-3-540-31984-9_1,Gérard Berry,2005,https://link.springer.com/chapter/10.1007/978-3-540-31984-9_1,Conference paper
References,Embedded Systems Design,,,,10.1007/978-3-540-31973-3_16,Bruno BouyssounouseJoseph Sifakis,2005,https://link.springer.com/chapter/10.1007/978-3-540-31973-3_16,Chapter
The Zerberus Language: Describing the Functional Model of Dependable Real-Time Systems,Dependable Computing,,,,10.1007/11572329_10,Christian BucklAlois KnollGerhard Schrott,2005,https://link.springer.com/chapter/10.1007/11572329_10,Conference paper
Implementation of Timed Automata: An Issue of Semantics or Modeling?,Formal Modeling and Analysis of Timed Systems,,,,10.1007/11603009_21,Karine AltisenStavros Tripakis,2005,https://link.springer.com/chapter/10.1007/11603009_21,Conference paper
Current Design Practice and Needs in Selected Industrial Sectors,Embedded Systems Design,,,,10.1007/978-3-540-31973-3_12,Bruno BouyssounouseJoseph Sifakis,2005,https://link.springer.com/chapter/10.1007/978-3-540-31973-3_12,Chapter
Almost ASAP semantics: from timed models to timed implementations,Formal Aspects of Computing,,,,10.1007/s00165-005-0067-8,Martin De WulfLaurent DoyenJean-François Raskin,2005,https://link.springer.com/article/10.1007/s00165-005-0067-8,Article
From Control Loops to Real-Time Programs,Handbook of Networked and Embedded Control Systems,,,,10.1007/0-8176-4404-0_17,Paul CaspiOded Maler,2005,https://link.springer.com/chapter/10.1007/0-8176-4404-0_17,Chapter
SoftContract: Model-Based Design of Error-Checking Code and Property Monitors,UML Modeling Languages and Applications,,,,10.1007/978-3-540-31797-5_16,Luciano LavagnoMarco Di NataleAlberto FerrariPaolo Giusto,2005,https://link.springer.com/chapter/10.1007/978-3-540-31797-5_16,Conference paper
Color-Blind Specifications for Transformations of Reactive Synchronous Programs,Fundamental Approaches to Software Engineering,,,,10.1007/978-3-540-31984-9_13,Kim G. LarsenUlrik LarsenAndrzej Wasowski,2005,https://link.springer.com/chapter/10.1007/978-3-540-31984-9_13,Conference paper
Editorial,Formal Aspects of Computing,,,,10.1007/s00165-004-0049-2,Manfred BroyGerald LüttgenMichael Mendler,2004,https://link.springer.com/article/10.1007/s00165-004-0049-2,Article
Formal Construction and Verification of Home Service Robots: A Case Study,Automated Technology for Verification and Analysis,,,,10.1007/11562948_32,Moonzoo KimKyo Chul Kang,2005,https://link.springer.com/chapter/10.1007/11562948_32,Conference paper
Resource-Aware Programming,Embedded Software and Systems,,,,10.1007/11535409_6,Walid Taha,2005,https://link.springer.com/chapter/10.1007/11535409_6,Conference paper
Engineering Education: A Focus on Systems,"Advances in Control, Communication Networks, and Transportation Systems",,,,10.1007/0-8176-4409-1_5,Edward A. Lee,2005,https://link.springer.com/chapter/10.1007/0-8176-4409-1_5,Chapter
Designing Mathematical Morphology Algorithms on FPGAs: An Application to Image Processing,Computer Analysis of Images and Patterns,,,,10.1007/11556121_69,Damien BaumannJacques Tinembart,2005,https://link.springer.com/chapter/10.1007/11556121_69,Conference paper
An Automatic Mapping from Statecharts to Verilog,Theoretical Aspects of Computing - ICTAC 2004,,,,10.1007/978-3-540-31862-0_15,Viet-Anh Vu TranShengchao QinWei Ngan Chin,2005,https://link.springer.com/chapter/10.1007/978-3-540-31862-0_15,Conference paper
Operational Semantics of Hybrid Systems,Hybrid Systems: Computation and Control,,,,10.1007/978-3-540-31954-2_2,Edward A. LeeHaiyang Zheng,2005,https://link.springer.com/chapter/10.1007/978-3-540-31954-2_2,Conference paper
Timing Performances of Automatically Generated Code Using MDA Approaches,Advances in Design and Specification Languages for SoCs,,,,10.1007/0-387-26151-6_11,Mathieu MaranzanaJean-Francois PonsignonJean-Louis SourrouilleFranck Bernier,2005,https://link.springer.com/chapter/10.1007/0-387-26151-6_11,Chapter
Implementation-Aware Embedded Control Systems,Handbook of Networked and Embedded Control Systems,,,,10.1007/0-8176-4404-0_16,Karl-Erik ÅrzénAnton CervinDan Henriksson,2005,https://link.springer.com/chapter/10.1007/0-8176-4404-0_16,Chapter
Structural Health Monitoring Systems for Bridge Decks and Rehabilitated Precast Prestress Concrete Beams,Sensing Issues in Civil Structural Health Monitoring,,,,10.1007/1-4020-3661-2_36,Mohsen A. IssaHameed I. ShabilaMohammad Alhassan,2005,https://link.springer.com/chapter/10.1007/1-4020-3661-2_36,Conference paper
Abstract Interpretation-Based Verification of Non-functional Requirements,Coordination Models and Languages,,,,10.1007/11417019_4,Agostino CortesiFrancesco Logozzo,2005,https://link.springer.com/chapter/10.1007/11417019_4,Conference paper
Specification and analysis of synchronous reactions,Formal Aspects of Computing,,,,10.1007/s00165-004-0039-4,Mirabelle Nebut,2004,https://link.springer.com/article/10.1007/s00165-004-0039-4,Article
Applied Formal Methods – From CSP to Executable Hybrid Specifications,Communicating Sequential Processes. The First 25 Years,,,,10.1007/11423348_19,Jan Peleska,2005,https://link.springer.com/chapter/10.1007/11423348_19,Chapter
Components of a Theory,A Practical Theory of Reactive Systems,,,,10.1007/3-540-27348-4_1,,2005,https://link.springer.com/chapter/10.1007/3-540-27348-4_1,Chapter
The Self-Star Vision,Self-star Properties in Complex Information Systems,,,,10.1007/11428589_1,Ozalp BabaogluMárk JelasityAlberto MontresorChristof FetzerStefano LeonardiAad van MoorselMaarten van Steen,2005,https://link.springer.com/chapter/10.1007/11428589_1,Conference paper
The Design of Hume: A High-Level Language for the Real-Time Embedded Systems Domain,Domain-Specific Program Generation,,,,10.1007/978-3-540-25935-0_8,Kevin HammondGreg Michaelson,2004,https://link.springer.com/chapter/10.1007/978-3-540-25935-0_8,Chapter
Modular Hierarchies of Models for Embedded Systems,Formal Methods and Models for System Design,,,,10.1007/978-1-4020-8052-4_1,Manfred Broy,2004,https://link.springer.com/chapter/10.1007/978-1-4020-8052-4_1,Chapter
Hard Real-Time Implementation of Embedded Software in JAVA,Scientific Engineering of Distributed Java Applications,,,,10.1007/978-3-540-24639-8_4,Jean-Pierre TalpinAbdoulaye GamatiéDavid BernerBruno Le DezPaul Le Guernic,2004,https://link.springer.com/chapter/10.1007/978-3-540-24639-8_4,Conference paper
Optimizations for Faster Execution of Esterel Programs,Formal Methods and Models for System Design,,,,10.1007/978-1-4020-8052-4_11,Dumitru Potop-ButucaruRobert de Simone,2004,https://link.springer.com/chapter/10.1007/978-1-4020-8052-4_11,Chapter
A Toolset for Modelling and Verification of GALS Systems,Computer Aided Verification,,,,10.1007/978-3-540-27813-9_47,S. RameshSampada SonalkarVijay D’silvaNaveen Chandra R.B. Vijayalakshmi,2004,https://link.springer.com/chapter/10.1007/978-3-540-27813-9_47,Conference paper
Event-Driven Programming with Logical Execution Times,Hybrid Systems: Computation and Control,,,,10.1007/978-3-540-24743-2_24,Arkadeb GhosalThomas A. HenzingerChristoph M. KirschMarco A. A. Sanvido,2004,https://link.springer.com/chapter/10.1007/978-3-540-24743-2_24,Conference paper
2. Related Work,Higher-Level Hardware Synthesis,,,,10.1007/978-3-540-24657-2_2,Richard Sharp,2004,https://link.springer.com/chapter/10.1007/978-3-540-24657-2_2,Chapter
"Arrows, Robots, and Functional Reactive Programming",Advanced Functional Programming,,,,10.1007/978-3-540-44833-4_6,Paul HudakAntony CourtneyHenrik NilssonJohn Peterson,2003,https://link.springer.com/chapter/10.1007/978-3-540-44833-4_6,Chapter
Reactive and Real-Time Systems Course: How to Get the Most Out of it,Real-Time Systems,,,,10.1023/A:1025180310659,Tal Lev-AmiShmuel S. Tyszberowicz,2003,https://link.springer.com/article/10.1023/A:1025180310659,Article
"Embedded Software: Better Models, Better Code",Applications and Theory of Petri Nets 2004,,,,10.1007/978-3-540-27793-4_3,Thomas A. Henzinger,2004,https://link.springer.com/chapter/10.1007/978-3-540-27793-4_3,Conference paper
Resource Control for Synchronous Cooperative Threads,CONCUR 2004 - Concurrency Theory,,,,10.1007/978-3-540-28644-8_5,Roberto M. AmadioSilvano Dal Zilio,2004,https://link.springer.com/chapter/10.1007/978-3-540-28644-8_5,Conference paper
Model-based testing for real,International Journal on Software Tools for Technology Transfer,,,,10.1007/s10009-003-0128-3,A. PretschnerO. SlotoschE. AiglstorferS. Kriebel,2004,https://link.springer.com/article/10.1007/s10009-003-0128-3,Article
A Semantics for Distributed Execution of Statemate,Formal Aspects of Computing,,,,10.1007/s00165-003-0015-4,Martin FränzleJürgen NiehausAlexander MetznerWerner Damm,2003,https://link.springer.com/article/10.1007/s00165-003-0015-4,Article
Refinement of Hybrid Systems,Languages for System Specification,,,,10.1007/1-4020-7991-5_20,Jan RombergChristoph Grimm,2004,https://link.springer.com/chapter/10.1007/1-4020-7991-5_20,Chapter
Actor-Oriented Models for Codesign,Formal Methods and Models for System Design,,,,10.1007/978-1-4020-8052-4_2,Edward A. LeeStephen Neuendorffer,2004,https://link.springer.com/chapter/10.1007/978-1-4020-8052-4_2,Chapter
A Lightweight Coordination Middleware for Mobile Computing,Coordination Models and Languages,,,,10.1007/978-3-540-24634-3_12,Chien-Liang FokGruia-Catalin RomanGregory Hackmann,2004,https://link.springer.com/chapter/10.1007/978-3-540-24634-3_12,Conference paper
Behavioral Type Inference,Formal Methods and Models for System Design,,,,10.1007/978-1-4020-8052-4_9,Jean-Pierre TalpinPaul Le Guernic,2004,https://link.springer.com/chapter/10.1007/978-1-4020-8052-4_9,Chapter
Validating the Translation of an Industrial Optimizing Compiler,Automated Technology for Verification and Analysis,,,,10.1007/978-3-540-30476-0_21,I. GordinR. LeviathanA. Pnueli,2004,https://link.springer.com/chapter/10.1007/978-3-540-30476-0_21,Conference paper
Behavioral Type Inference,Formal Methods and Models for System Design,,,,10.1007/978-1-4020-8052-4_10,Jean-Pierre TalpinDavid BernerSandeep Kumar ShuklaPaul Le GuernicAbdoulaye GamatiéRajesh Gupta,2004,https://link.springer.com/chapter/10.1007/978-1-4020-8052-4_10,Chapter
Certification of compiled assembly code by invariant translation,International Journal on Software Tools for Technology Transfer,,,,10.1007/s10009-003-0125-6,Xavier Rival,2004,https://link.springer.com/article/10.1007/s10009-003-0125-6,Article
The IF Toolset,Formal Methods for the Design of Real-Time Systems,,,,10.1007/978-3-540-30080-9_8,Marius BozgaSusanne GrafIleana OberIulian OberJoseph Sifakis,2004,https://link.springer.com/chapter/10.1007/978-3-540-30080-9_8,Chapter
Reactive Framework for Resource Aware Distributed Computing,Advances in Computer Science - ASIAN 2004. Higher-Level Decision Making,,,,10.1007/978-3-540-30502-6_33,Rajesh GuptaR. K. Shyamasundar,2004,https://link.springer.com/chapter/10.1007/978-3-540-30502-6_33,Conference paper
Validation of UML Models via a Mapping to Communicating Extended Timed Automata,Model Checking Software,,,,10.1007/978-3-540-24732-6_9,Iulian OberSusanne GrafIleana Ober,2004,https://link.springer.com/chapter/10.1007/978-3-540-24732-6_9,Conference paper
Formal Verification of an Avionics Sensor Voter Using SCADE,"Formal Techniques, Modelling and Analysis of Timed and Fault-Tolerant Systems",,,,10.1007/978-3-540-30206-3_3,Samar Dajani-BrownDarren CoferAmar Bouali,2004,https://link.springer.com/chapter/10.1007/978-3-540-30206-3_3,Conference paper
Introduction,Verification of Reactive Systems,,,,10.1007/978-3-662-10778-2_1,Klaus Schneider,2004,https://link.springer.com/chapter/10.1007/978-3-662-10778-2_1,Chapter
On Hardware Description in ECL,Languages for System Specification,,,,10.1007/1-4020-7991-5_10,Lluís RibasJoaquin Saiz,2004,https://link.springer.com/chapter/10.1007/1-4020-7991-5_10,Chapter
An Engineer’s Workstation to Support Integrated Development of Flexible Production Control Systems,Integration of Software Specification Techniques for Applications in Engineering,,,,10.1007/978-3-540-27863-4_5,Wilhelm SchäferRobert WagnerJürgen GausemeierRaimund Eckes,2004,https://link.springer.com/chapter/10.1007/978-3-540-27863-4_5,Chapter
Mode: A Method for System-Level Architecture Evaluation,Formal Methods and Models for System Design,,,,10.1007/978-1-4020-8052-4_5,Jan RombergJewgenij BotaschanjanOscar Slotosch,2004,https://link.springer.com/chapter/10.1007/978-1-4020-8052-4_5,Chapter
Hume: A Domain-Specific Language for Real-Time Embedded Systems,Generative Programming and Component Engineering,,,,10.1007/978-3-540-39815-8_3,Kevin HammondGreg Michaelson,2003,https://link.springer.com/chapter/10.1007/978-3-540-39815-8_3,Conference paper
Actors and their Composition,Formal Aspects of Computing,,,,10.1007/s00165-003-0016-3,Jörn W. Janneck,2003,https://link.springer.com/article/10.1007/s00165-003-0016-3,Article
The Semantic Layers of Timber,Programming Languages and Systems,,,,10.1007/978-3-540-40018-9_22,Magnus CarlssonJohan NordlanderDick Kieburtz,2003,https://link.springer.com/chapter/10.1007/978-3-540-40018-9_22,Conference paper
Embedded Software Generation from SystemC for Platform Based Design,SystemC,,,,10.1007/0-306-48735-7_9,Fernando HerreraVíctor FernándezPablo SánchezEugenio Villar,2003,https://link.springer.com/chapter/10.1007/0-306-48735-7_9,Chapter
Clock-Driven Automatic Distribution of Lustre Programs,Embedded Software,,,,10.1007/978-3-540-45212-6_14,Alain GiraultXavier Nicollin,2003,https://link.springer.com/chapter/10.1007/978-3-540-45212-6_14,Conference paper
Mapping Concurrent Applications onto Architectural Platforms,Networks on Chip,,,,10.1007/0-306-48727-6_3,Andrew MihalKurt Keutzer,2003,https://link.springer.com/chapter/10.1007/0-306-48727-6_3,Chapter
Stack Size Analysis for Interrupt-Driven Programs,Static Analysis,,,,10.1007/3-540-44898-5_7,Krishnendu ChatterjeeDi MaRupak MajumdarTian ZhaoThomas A. HenzingerJens Palsberg,2003,https://link.springer.com/chapter/10.1007/3-540-44898-5_7,Conference paper
Instantaneous Termination in Pure Esterel,Static Analysis,,,,10.1007/3-540-44898-5_6,Olivier TardieuRobert de Simone,2003,https://link.springer.com/chapter/10.1007/3-540-44898-5_6,Conference paper
Generating Heap-Bounded Programs in a Functional Setting,Embedded Software,,,,10.1007/978-3-540-45212-6_22,Walid TahaStephan EllnerHongwei Xi,2003,https://link.springer.com/chapter/10.1007/978-3-540-45212-6_22,Conference paper
Using Controller-Synthesis Techniques to Build Property-Enforcing Layers,Programming Languages and Systems,,,,10.1007/3-540-36575-3_13,Karine AltisenAurélie ClodicFlorence MaraninchiEric Rutten,2003,https://link.springer.com/chapter/10.1007/3-540-36575-3_13,Conference paper
Expression of Time and Duration Constraints in SDL,Telecommunications and beyond: The BroaderApplicability of SDL and MSC,,,,10.1007/3-540-36573-7_3,Susanne Graf,2003,https://link.springer.com/chapter/10.1007/3-540-36573-7_3,Conference paper
Prototyping Object Oriented Specifications,Applications and Theory of Petri Nets 2003,,,,10.1007/3-540-44919-1_30,Ali Al-ShabibiDidier BuchsMathieu BuffoStanislav ChachkovAng ChenDavid Hurzeler,2003,https://link.springer.com/chapter/10.1007/3-540-44919-1_30,Conference paper
From Algorithm Graph Specification to Automatic Synthesis of FPGA Circuit: A Seamless Flow of Graphs Transformations,Field Programmable Logic and Application,,,,10.1007/978-3-540-45234-8_90,Linda KaouaneMohamed AkilYves SorelThierry Grandpierre,2003,https://link.springer.com/chapter/10.1007/978-3-540-45234-8_90,Conference paper
Heterogeneous Reactive Systems Modeling and Correct-by-Construction Deployment,Embedded Software,,,,10.1007/978-3-540-45212-6_4,Albert BenvenisteLuca P. CarloniPaul CaspiAlberto L. Sangiovanni-Vincentelli,2003,https://link.springer.com/chapter/10.1007/978-3-540-45212-6_4,Conference paper
Asynchronous Timed Multimedia Environments Based on the Coordination Paradigm,Parallel Computing Technologies,,,,10.1007/978-3-540-45145-7_27,George A. Papadopoulos,2003,https://link.springer.com/chapter/10.1007/978-3-540-45145-7_27,Conference paper
Dynamic Frame Dropping for Bandwidth Control in MPEG Streaming System,Multimedia Tools and Applications,,,,10.1023/A:1022195128444,Hojung ChaJaehak OhRhan Ha,2003,https://link.springer.com/article/10.1023/A:1022195128444,Article
A Compositional Semantic Theory for Synchronous Component-Based Design,CONCUR 2003 - Concurrency Theory,,,,10.1007/978-3-540-45187-7_30,Barry NortonGerald LüttgenMichael Mendler,2003,https://link.springer.com/chapter/10.1007/978-3-540-45187-7_30,Conference paper
Message Sequence Charts,UML for Real,,,,10.1007/0-306-48738-1_4,David HarelP. S. Thiagarajan,2003,https://link.springer.com/chapter/10.1007/0-306-48738-1_4,Chapter
Model-Based Programming: Controlling Embedded Systems by Reasoning About Hidden State,Principles and Practice of Constraint Programming - CP 2002,,,,10.1007/3-540-46135-3_34,Brian C. WilliamsMichel D. Ingham,2002,https://link.springer.com/chapter/10.1007/3-540-46135-3_34,Conference paper
Asynchronous Multi-Agent ASMs,Abstract State Machines,,,,10.1007/978-3-642-18216-7_6,Egon BörgerRobert Stärk,2003,https://link.springer.com/chapter/10.1007/978-3-642-18216-7_6,Chapter
REFLIX: A Processor Core for Reactive Embedded Applications,Field-Programmable Logic and Applications: Reconfigurable Computing Is Going Mainstream,,,,10.1007/3-540-46117-5_97,Zoran SalcicMorteza Biglari-AbhariAbbas Bigdeli,2002,https://link.springer.com/chapter/10.1007/3-540-46117-5_97,Conference paper
AVSynDEx: A Rapid Prototyping Process Dedicated to the Implementation of Digital Image Processing Applications on Multi-DSP and FPGA Architectures,EURASIP Journal on Advances in Signal Processing,,,,10.1155/S1110865702205016,Virginie FresseOlivier DéforgesJean-François Nezan,2002,https://link.springer.com/article/10.1155/S1110865702205016,Article
"Requirements-Level Semantics and Model Checking of Object-Oriented Statecharts
",Requirements Engineering,,,,10.1007/s007660200019,Rik EshuisDavid N. JansenRoel Wieringa,2002,https://link.springer.com/article/10.1007/s007660200019,Article
Synchronous Modelling of Asynchronous Systems,Embedded Software,,,,10.1007/3-540-45828-X_18,Nicolas HalbwachsSiwar Baghdadi,2002,https://link.springer.com/chapter/10.1007/3-540-45828-X_18,Conference paper
"Non-massive, Non-high Performance, Distributed Computing: Selected Issues",Euro-Par 2002 Parallel Processing,,,,10.1007/3-540-45706-2_3,Albert Benveniste,2002,https://link.springer.com/chapter/10.1007/3-540-45706-2_3,Conference paper
Proving the Equivalence of Microstep and Macrostep Semantics,Theorem Proving in Higher Order Logics,,,,10.1007/3-540-45685-6_21,Klaus Schneider,2002,https://link.springer.com/chapter/10.1007/3-540-45685-6_21,Conference paper
System Requirements and Intrinsic SDM Assessment,Specification and Design Methodology for Real-Time Embedded Systems,,,,10.1007/978-1-4615-0837-3_3,Randall S. Janka,2002,https://link.springer.com/chapter/10.1007/978-1-4615-0837-3_3,Chapter
Formal Methods in Designing Embedded Systems—the SACRES Experience,Formal Methods in System Design,,,,10.1023/A:1011295931367,Klaus Winkelmann,2001,https://link.springer.com/article/10.1023/A:1011295931367,Article
A General Approach to Modelling System-Level Timing Constraints,System on Chip Design Languages,,,,10.1007/978-1-4757-6674-5_24,Marek JersakDirk ZiegenbeinRolf Ernst,2002,https://link.springer.com/chapter/10.1007/978-1-4757-6674-5_24,Chapter
Model checking robustness to desynchronization,Design and Analysis of Distributed Embedded Systems,,,,10.1007/978-0-387-35599-3_6,Jean-Pierre Talpin,2002,https://link.springer.com/chapter/10.1007/978-0-387-35599-3_6,Chapter
Principles of Real-Time Programming,Embedded Software,,,,10.1007/3-540-45828-X_6,Christoph M. Kirsch,2002,https://link.springer.com/chapter/10.1007/3-540-45828-X_6,Conference paper
Micro Mobile Programs,Foundations of Information Technology in the Era of Network and Mobile Computing,,,,10.1007/978-0-387-35608-2_30,Carl A. Gunter,2002,https://link.springer.com/chapter/10.1007/978-0-387-35608-2_30,Chapter
Platform-Based Embedded Software Design for Multi-vehicle Multi-modal Systems,Embedded Software,,,,10.1007/3-540-45828-X_4,T. John KooJudith LiebmanCedric MaBenjamin HorowitzAlberto Sangiovanni-VincentelliShankar Sastry,2002,https://link.springer.com/chapter/10.1007/3-540-45828-X_4,Conference paper
A Protocol for Loosely Time-Triggered Architectures,Embedded Software,,,,10.1007/3-540-45828-X_19,Albert BenvenistePaul CaspiPaul Le GuernicHervé MarchandJean -Pierre TalpinStavros Tripakis,2002,https://link.springer.com/chapter/10.1007/3-540-45828-X_19,Conference paper
"DECM, A User Oriented Formalism for High Level Discrete Event Specifications of Real-Time Systems",Journal of Intelligent and Robotic Systems,,,,10.1023/A:1015548507922,Jean-Luc PailletNorbert Giambiasi,2002,https://link.springer.com/article/10.1023/A:1015548507922,Article
Proving Correctness of Timed Concurrent Constraint Programs,Foundations of Software Science and Computation Structures,,,,10.1007/3-540-45931-6_4,Frank S. de BoerMaurizio GabbrielliMaria Chiara Meo,2002,https://link.springer.com/chapter/10.1007/3-540-45931-6_4,Conference paper
Software Synthesis for Real-Time Information Processing Systems,Code Generation for Embedded Processors,,,,10.1007/978-1-4615-2323-9_15,Marco CorneroFilip ThoenGert GoossensFranco Curatelli,2002,https://link.springer.com/chapter/10.1007/978-1-4615-2323-9_15,Chapter
Quasi-Static Scheduling of Independent Tasks for Reactive Systems,Application and Theory of Petri Nets 2002,,,,10.1007/3-540-48068-4_7,Jordi CortadellaAlex KondratyevLuciano LavagnoClaudio PasseroneYosinori Watanabe,2002,https://link.springer.com/chapter/10.1007/3-540-48068-4_7,Conference paper
Specification and Validation of Embedded Systems using LUSTRE and ARGOS. Case Study: The Automatic Headlight Leveling System,Design Automation for Embedded Systems,,,,10.1023/A:1011237030847,Rainer Gmehlich,2001,https://link.springer.com/article/10.1023/A:1011237030847,Article
Time-Safety Checking for Embedded Programs,Embedded Software,,,,10.1007/3-540-45828-X_7,Thomas A. HenzingerChristoph M. KirschRupak MajumdarSlobodan Matic,2002,https://link.springer.com/chapter/10.1007/3-540-45828-X_7,Conference paper
StreamIt: A Language for Streaming Applications,Compiler Construction,,,,10.1007/3-540-45937-5_14,William ThiesMichal KarczmarekSaman Amarasinghe,2002,https://link.springer.com/chapter/10.1007/3-540-45937-5_14,Conference paper
A Formal Model of the UML Metamodel: The UML State Machine and Its Integrity Constraints,ZB 2002:Formal Specification and Development in Z and B,,,,10.1007/3-540-45648-1_26,Soon-Kyeong KimDavid Carrington,2002,https://link.springer.com/chapter/10.1007/3-540-45648-1_26,Conference paper
Synchronous Programming Techniques for Embedded Systems: Present and Future,Embedded Software,,,,10.1007/3-540-45449-7_4,Gérard Berry,2001,https://link.springer.com/chapter/10.1007/3-540-45449-7_4,Conference paper
TAXYS: A Tool for the Development and Verification of Real-Time Embedded Systems?,Computer Aided Verification,,,,10.1007/3-540-44585-4_39,Etienne ClosseMichel PoizeJacques PulouJoseph SifakisPatrick VenterDaniel WeilSergio Yovine,2001,https://link.springer.com/chapter/10.1007/3-540-44585-4_39,Conference paper
System-Level Specification and Architecture Exploration : an Avionics Codesign Application,Electronic Chips & Systems Design Languages,,,,10.1007/978-1-4757-3326-6_9,François ClouteJean-Noël ContensouDaniel EstevePascal PampagninPhilippe PonsYves Favard,2001,https://link.springer.com/chapter/10.1007/978-1-4757-3326-6_9,Chapter
Pr/T-Net Based Seamless Design of Embedded Real-Time Systems,Applications and Theory of Petri Nets 2001,,,,10.1007/3-540-45740-2_20,Carsten RustJürgen TackenCarsten Böke,2001,https://link.springer.com/chapter/10.1007/3-540-45740-2_20,Conference paper
Directions in Functional Programming for Real(-Time) Applications,Embedded Software,,,,10.1007/3-540-45449-7_13,Walid TahaPaul HudakZhanyong Wan,2001,https://link.springer.com/chapter/10.1007/3-540-45449-7_13,Conference paper
Jester,System-on-Chip Methodologies & Design Languages,,,,10.1007/978-1-4757-3281-8_18,M. AntoniottiA. FerrariA. FlescaA. Sangiovanni-Vincentelli,2001,https://link.springer.com/chapter/10.1007/978-1-4757-3281-8_18,Chapter
A Synchronous Object-Oriented Design Flow for Embedded Applications,Electronic Chips & Systems Design Languages,,,,10.1007/978-1-4757-3326-6_11,P. G. PlögerReinhard BuddeKarl H. Sylla,2001,https://link.springer.com/chapter/10.1007/978-1-4757-3326-6_11,Chapter
Technische Grundlagen,Baumaschinen,,,,10.1007/978-3-663-09352-7_3,Günter KunzeHelmut GöhringKlaus JacobMartin Scheffler,2002,https://link.springer.com/chapter/10.1007/978-3-663-09352-7_3,Chapter
Complex Reactive Control with Simple Synchronous Models,"Languages, Compilers, and Tools for Embedded Systems",,,,10.1007/3-540-45245-1_2,Reinhard BuddeAxel Poigné,2001,https://link.springer.com/chapter/10.1007/3-540-45245-1_2,Conference paper
Synchronous Equivalence,Synchronous Equivalence,,,,10.1007/978-1-4615-1659-0_5,Harry HsiehFelice BalarinAlberto Sangiovanni-Vincentelli,2001,https://link.springer.com/chapter/10.1007/978-1-4615-1659-0_5,Chapter
A Verified Hardware Synthesis of Esterel Programs,Architecture and Design of Distributed Embedded Systems,,,,10.1007/978-0-387-35409-5_20,Klaus Schneider,2001,https://link.springer.com/chapter/10.1007/978-0-387-35409-5_20,Chapter
Automatic Real-Time Analysis of Reactive Systems with the PARTS Toolset,Automated Software Engineering,,,,10.1023/A:1011235419951,U. BuyR.H. Sloan,2001,https://link.springer.com/article/10.1023/A:1011235419951,Article
ECL: A Specification Environment for System-Level Design,Electronic Chips & Systems Design Languages,,,,10.1007/978-1-4757-3326-6_17,Gérard BerryEd HarcourtLuciano LavagnoEllen Sentovich,2001,https://link.springer.com/chapter/10.1007/978-1-4757-3326-6_17,Chapter
Earth Observation/Monitoring Missions,Observation of the Earth and Its Environment,,,,10.1007/978-3-642-56294-5_5,Herbert J. Kramer,2002,https://link.springer.com/chapter/10.1007/978-3-642-56294-5_5,Chapter
Space Science/Solar-Terrestrial Missions,Observation of the Earth and Its Environment,,,,10.1007/978-3-642-56294-5_12,Herbert J. Kramer,2002,https://link.springer.com/chapter/10.1007/978-3-642-56294-5_12,Chapter
Modeling Real-Time Systems — Challenges and Work Directions,Embedded Software,,,,10.1007/3-540-45449-7_26,Joseph Sifakis,2001,https://link.springer.com/chapter/10.1007/3-540-45449-7_26,Conference paper
The Polis Codesign Framework,Synchronous Equivalence,,,,10.1007/978-1-4615-1659-0_2,Harry HsiehFelice BalarinAlberto Sangiovanni-Vincentelli,2001,https://link.springer.com/chapter/10.1007/978-1-4615-1659-0_2,Chapter
A Temporal Concurrent Constraint Programming Calculus,Principles and Practice of Constraint Programming — CP 2001,,,,10.1007/3-540-45578-7_21,Catuscia PalamidessiFrank D. Valencia,2001,https://link.springer.com/chapter/10.1007/3-540-45578-7_21,Conference paper
Multiclock Esterel,Correct Hardware Design and Verification Methods,,,,10.1007/3-540-44798-9_10,Gérard BerryEllen Sentovich,2001,https://link.springer.com/chapter/10.1007/3-540-44798-9_10,Conference paper
Hierarchical Approach for Design of Multi-vehicle Multi-modal Embedded Software,Embedded Software,,,,10.1007/3-540-45449-7_24,T. John KooJudy LiebmanCedric MaS. Shankar Sastry,2001,https://link.springer.com/chapter/10.1007/3-540-45449-7_24,Conference paper
Synthesis and Optimization of Digital Hardware/Software Systems,System Design Automation,,,,10.1007/978-1-4757-6666-0_1,Jürgen Teich,2001,https://link.springer.com/chapter/10.1007/978-1-4757-6666-0_1,Chapter
Giotto: A Time-Triggered Language for Embedded Programming,Embedded Software,,,,10.1007/3-540-45449-7_12,Thomas A. HenzingerBenjamin HorowitzChristoph Meyer Kirsch,2001,https://link.springer.com/chapter/10.1007/3-540-45449-7_12,Conference paper
An Implementation of Constructive Synchronous Programs in POLIS,Formal Methods in System Design,,,,10.1023/A:1008796718837,Gérard BerryEllen M. Sentovich,2000,https://link.springer.com/article/10.1023/A:1008796718837,Article
Codesign Finite State Machines,Synchronous Equivalence,,,,10.1007/978-1-4615-1659-0_3,Harry HsiehFelice BalarinAlberto Sangiovanni-Vincentelli,2001,https://link.springer.com/chapter/10.1007/978-1-4615-1659-0_3,Chapter
Programmierung von vernetzten Prüfplätzen in PEARL 90 am Beispiel der Lebensdauerprüfung von Waschautomaten und Trocknern,Echtzeitkommunikation und Ethernet/Internet,,,,10.1007/978-3-642-56450-5_13,Uwe HeinJoachim Jensch,2001,https://link.springer.com/chapter/10.1007/978-3-642-56450-5_13,Conference paper
Validierung Software-intensiver eingebetteter Systeme,Informatik Forschung und Entwicklung,,,,10.1007/PL00009135,Monika Müllerburg,2000,https://link.springer.com/article/10.1007/PL00009135,Article
Rechnernetze und Verteilte Systeme,Informatik für Ingenieure kompakt,,,,10.1007/978-3-322-86798-8_6,Alexander Schill,2001,https://link.springer.com/chapter/10.1007/978-3-322-86798-8_6,Chapter
Deriving Pre-conditions for Array Bound Check Elimination,Programs as Data Objects,,,,10.1007/3-540-44978-7_2,Wei-Ngan ChinSiau-Cheng KhooDana N. Xu,2001,https://link.springer.com/chapter/10.1007/3-540-44978-7_2,Conference paper
A New UML Profile for Real-Time System Formal Design and Validation,"≪UML≫ 2001 — The Unified Modeling Language. Modeling Languages, Concepts, and Tools",,,,10.1007/3-540-45441-1_22,L. ApvrilleP. de Saqui-SannesC. LohrP. SénacJ. -P. Courtiat,2001,https://link.springer.com/chapter/10.1007/3-540-45441-1_22,Conference paper
Modelling and analysis of hybrid dynamical systems,Advances in the control of nonlinear systems,,,,10.1007/BFb0110384,Arjan J. van der SchaftJohannes M. Schumacher,2001,https://link.springer.com/chapter/10.1007/BFb0110384,Conference paper
Modeling Distributed Embedded Systems In Multiclock Esterel,Formal Methods for Distributed System Development,,,,10.1007/978-0-387-35533-7_19,Basant RajanR. K. Shyamasundar,2000,https://link.springer.com/chapter/10.1007/978-0-387-35533-7_19,Chapter
Static Worst-Case Execution Time Analysis of Synchronous Programs,Reliable Software Technologies Ada-Europe 2000,,,,10.1007/10722060_8,Thomas Ringler,2000,https://link.springer.com/chapter/10.1007/10722060_8,Conference paper
Hybrid Verifications of Reactive Programs,Formal Aspects of Computing,,,,10.1007/s001650050042,Olivier RouxVlad RusuFranck Cassez,1999,https://link.springer.com/article/10.1007/s001650050042,Article
Models of Computation for System Design,Architecture Design and Validation Methods,,,,10.1007/978-3-642-57199-2_6,Luciano LavagnoAlberto Sangiovanni-VincentelliEllen M. Sentovich,2000,https://link.springer.com/chapter/10.1007/978-3-642-57199-2_6,Chapter
Introducing Mutual Exclusion in Esterel,Perspectives of System Informatics,,,,10.1007/3-540-46562-6_40,Klaus SchneiderViktor Sabelfeld,2000,https://link.springer.com/chapter/10.1007/3-540-46562-6_40,Conference paper
Behavior Expression and OMDD,Formal Methods for Open Object-Based Distributed Systems IV,,,,10.1007/978-0-387-35520-7_15,Yunming Wang,2000,https://link.springer.com/chapter/10.1007/978-0-387-35520-7_15,Conference paper
Compositional Verification of Synchronous Networks,Formal Techniques in Real-Time and Fault-Tolerant Systems,,,,10.1007/3-540-45352-0_18,Leszek Holenderski,2000,https://link.springer.com/chapter/10.1007/3-540-45352-0_18,Conference paper
A System for Object Code Validation,Formal Techniques in Real-Time and Fault-Tolerant Systems,,,,10.1007/3-540-45352-0_14,A. K. BhattacharjeeGopa SenS. D. DhodapkarK. KarunakarBasant RajanR. K. Shyamasundar,2000,https://link.springer.com/chapter/10.1007/3-540-45352-0_14,Conference paper
Design Representation,Function/Architecture Optimization and Co-Design of Embedded Systems,,,,10.1007/978-1-4615-4359-6_3,Bassam TabbaraAbdallah TabbaraAlberto Sangiovanni-Vincentelli,2000,https://link.springer.com/chapter/10.1007/978-1-4615-4359-6_3,Chapter
Stability of Discrete Sampled Systems,Formal Techniques in Real-Time and Fault-Tolerant Systems,,,,10.1007/3-540-45352-0_1,N. HalbwachsJ. -F. HéryJ. -C. LaleufX. Nicollin,2000,https://link.springer.com/chapter/10.1007/3-540-45352-0_1,Conference paper
"Modeling and Synthesis of Behavior, Control and Data Flow",Architecture Design and Validation Methods,,,,10.1007/978-3-642-57199-2_1,Raul CamposanoAndrew SeawrightJoseph Buck,2000,https://link.springer.com/chapter/10.1007/978-3-642-57199-2_1,Chapter
System Representation Model,"Modeling, Verification and Exploration of Task-Level Concurrency in Real-Time Embedded Systems",,,,10.1007/978-1-4615-4437-1_3,Filip ThoenFrancky Catthoor,2000,https://link.springer.com/chapter/10.1007/978-1-4615-4437-1_3,Chapter
Models of Computation for Embedded System Design,System-Level Synthesis,,,,10.1007/978-94-011-4698-2_2,Luciano LavagnoAlberto Sangiovanni-VincentelliEllen Sentovich,1999,https://link.springer.com/chapter/10.1007/978-94-011-4698-2_2,Chapter
Modeling of hybrid systems,An introduction to hybrid dynamical systems,,,,10.1007/BFb0109999,Arjan van der SchaftHans Schumacher,2000,https://link.springer.com/chapter/10.1007/BFb0109999,Chapter
The CIP Method: Component- and Model-Based Construction of Embedded Systems,Software Engineering — ESEC/FSE ’99,,,,10.1007/3-540-48166-4_23,Hugo Fierz,1999,https://link.springer.com/chapter/10.1007/3-540-48166-4_23,Conference paper
From Synchronous Specifications to Asynchronous Distributed Implementations,Distributed and Parallel Embedded Systems,,,,10.1007/978-0-387-35570-2_3,Peter Scholz,1999,https://link.springer.com/chapter/10.1007/978-0-387-35570-2_3,Chapter
Considerations on a LonWorks/IP Gateway Implementation,Fieldbus Technology,,,,10.1007/978-3-7091-6421-1_38,Stefan SoucekHans-Jörg Schweinzer,1999,https://link.springer.com/chapter/10.1007/978-3-7091-6421-1_38,Conference paper
Code generation in the SACRES project,Towards System Safety,,,,10.1007/978-1-4471-0823-8_9,Thierry GautierPaul Le Guernic,1999,https://link.springer.com/chapter/10.1007/978-1-4471-0823-8_9,Conference paper
"PARADISE: Design Environment for Para llel &amp; Dis tributed, E mbedded Real-Time Systems",Distributed and Parallel Embedded Systems,,,,10.1007/978-0-387-35570-2_16,W. HardtP. AltenberndC. BökeG. Del CastilloC. DitzeE. ErpenbachU. GlässerB. KleinjohannG. LehrenfeldF. J. RammigC. RustF. StappertJ. StroopJ. Tacken,1999,https://link.springer.com/chapter/10.1007/978-0-387-35570-2_16,Chapter
SACRES: A Step Ahead in the Development of Critical Avionics Applications,Hybrid Systems: Computation and Control,,,,10.1007/3-540-48983-5_1,Philippe Baufreton,1999,https://link.springer.com/chapter/10.1007/3-540-48983-5_1,Conference paper
Multilanguage Specification for System Design,System-Level Synthesis,,,,10.1007/978-94-011-4698-2_3,A. A. JerrayaM. RomdhaniPh. Le MarrecF. HesselP. CosteC. ValderramaG. F. MarchioroJ. M. DaveauN.-E. Zergainoh,1999,https://link.springer.com/chapter/10.1007/978-94-011-4698-2_3,Chapter
Multilanguage Design,Distributed and Parallel Embedded Systems,,,,10.1007/978-0-387-35570-2_2,Bernd Kleinjohann,1999,https://link.springer.com/chapter/10.1007/978-0-387-35570-2_2,Chapter
Combining theorem proving and continuous models in synchronous design,FM’99 — Formal Methods,,,,10.1007/3-540-48118-4_23,Simin Nadjm-TehraniOve Åkerlund,1999,https://link.springer.com/chapter/10.1007/3-540-48118-4_23,Conference paper
Models and Methods for HW/SW Intellectual Property Interfacing,System-Level Synthesis,,,,10.1007/978-94-011-4698-2_12,Ross B. OrtegaLuciano LavagnoGaetano Borriello,1999,https://link.springer.com/chapter/10.1007/978-94-011-4698-2_12,Chapter
A Modular Framework for the Integration of Heterogeneous Notations and Tools,IFM’99,,,,10.1007/978-1-4471-0851-1_12,Robert BüssowWolfgang Grieskamp,1999,https://link.springer.com/chapter/10.1007/978-1-4471-0851-1_12,Conference paper
Translation Validation: From SIGNAL to C,Correct System Design,,,,10.1007/3-540-48092-7_11,A. PnueliO. ShtrichmanM. Siegel,1999,https://link.springer.com/chapter/10.1007/3-540-48092-7_11,Chapter
Integration of Analog and Discrete Synchronous Design,Hybrid Systems: Computation and Control,,,,10.1007/3-540-48983-5_19,Simin Nadjm-Tehrani,1999,https://link.springer.com/chapter/10.1007/3-540-48983-5_19,Conference paper
The Javatime Approach to Mixed Hardware-Software System Design,System-Level Synthesis,,,,10.1007/978-94-011-4698-2_11,James Shin YoungJosh MacDonaldMichael ShilmanAbdallah TabbaraPaul HilfingerA. Richard Newton,1999,https://link.springer.com/chapter/10.1007/978-94-011-4698-2_11,Chapter
Time-Deterministic Hybrid Transition Systems,Hybrid Systems V,,,,10.1007/3-540-49163-5_13,Simin Nadjm-Tehrani,1999,https://link.springer.com/chapter/10.1007/3-540-49163-5_13,Conference paper
Rapid-Prototyping of Embedded Systems via Reprogrammable Devices,Design Automation for Embedded Systems,,,,10.1023/A:1008890323570,Stefano CardelliMassimiliano ChiodoPaolo GiustoAttila JurecskaLuciano LavagnoClaudio SansoèAlberto Sangiovanni-Vincentelli,1998,https://link.springer.com/article/10.1023/A:1008890323570,Article
Statecharts via Process Algebra,CONCUR’99 Concurrency Theory,,,,10.1007/3-540-48320-9_28,Gerald LüttgenMichael von der BeeckRance Cleaveland,1999,https://link.springer.com/chapter/10.1007/3-540-48320-9_28,Conference paper
Compilation and Synthesis for Real-Time Embedded Controllers,Correct System Design,,,,10.1007/3-540-48092-7_12,Martin Fränzle1Markus Müller-Olm,1999,https://link.springer.com/chapter/10.1007/3-540-48092-7_12,Chapter
"The Code Validation Tool (CVT)
",International Journal on Software Tools for Technology Transfer,,,,10.1007/s100090050027,A. PnueliO. ShtrichmanM. Siegel,1998,https://link.springer.com/article/10.1007/s100090050027,Article
Real-Time and Safety-Critical Systems,High-Integrity System Specification and Design,,,,10.1007/978-1-4471-3431-2_6,Jonathan OstroffSusan GerhartDan CraigenTed RalstonNancy G. LevesonJonathan BowenVictoria Stavridou,1999,https://link.springer.com/chapter/10.1007/978-1-4471-3431-2_6,Chapter
Grafcet: Methodological and Formal Issues,Advances in Manufacturing,,,,10.1007/978-1-4471-0855-9_10,J. ZaytoonG. Villermain-Lecolier,1999,https://link.springer.com/chapter/10.1007/978-1-4471-0855-9_10,Conference paper
Formal Verification of Dynamic Properties in an Aerospace Application,Formal Methods in System Design,,,,10.1023/A:1008651801000,Simin Nadjm-TehraniJan-Erik Strömberg,1999,https://link.springer.com/article/10.1023/A:1008651801000,Article
Deciding Equality Formulas by Small Domains Instantiations,Computer Aided Verification,,,,10.1007/3-540-48683-6_39,Amir PnueliYoav RodehOfer ShtrichmanMichael Siegel,1999,https://link.springer.com/chapter/10.1007/3-540-48683-6_39,Conference paper
Synchronous programming of reactive systems,Computer Aided Verification,,,,10.1007/BFb0028726,Nicolas Halbwachs,1998,https://link.springer.com/chapter/10.1007/BFb0028726,Conference paper
Compositionality in dataflow synchronous languages: specification &amp; code generation,Compositionality: The Significant Difference,,,,10.1007/3-540-49213-5_3,Albert BenvenistePaul Le GuernicPascal Aubry,1998,https://link.springer.com/chapter/10.1007/3-540-49213-5_3,Conference paper
The Synchronous Approach to Designing Reactive Systems,Formal Methods in System Design,,,,10.1023/A:1008697810328,Axel PoignéMatthew MorleyOlivier MaffeïsLeszek HolenderskiReinhard Budde,1998,https://link.springer.com/article/10.1023/A:1008697810328,Article
Specification and Design,High-Integrity System Specification and Design,,,,10.1007/978-1-4471-3431-2_1,Frederick P. BrooksDavid Harel,1999,https://link.springer.com/chapter/10.1007/978-1-4471-3431-2_1,Chapter
A modular approach for programming embedded systems,Lectures on Embedded Systems,,,,10.1007/3-540-65193-4_22,Shangping RenGul A. Agha,1998,https://link.springer.com/chapter/10.1007/3-540-65193-4_22,Chapter
Specifying safety-critical embedded systems with statecharts and Z: A case study,Fundamental Approaches to Software Engineering,,,,10.1007/BFb0053584,Robert BüssowRobert GeislerMarcus Klar,1998,https://link.springer.com/chapter/10.1007/BFb0053584,Conference paper
Translation validation,Tools and Algorithms for the Construction and Analysis of Systems,,,,10.1007/BFb0054170,A. PnueliM. SiegelE. Singerman,1998,https://link.springer.com/chapter/10.1007/BFb0054170,Conference paper
Architecting for Domain Variability,Development and Evolution of Software Architectures for Product Families,,,,10.1007/3-540-68383-6_29,Jacques MeekelThomas B. HortonCharlie Mellone,1998,https://link.springer.com/chapter/10.1007/3-540-68383-6_29,Conference paper
A refinement calculus for statecharts,Fundamental Approaches to Software Engineering,,,,10.1007/BFb0053597,Peter Scholz,1998,https://link.springer.com/chapter/10.1007/BFb0053597,Conference paper
Formal Verification and Hardware Design with Statecharts,Prospects for Hardware Foundations,,,,10.1007/3-540-49254-2_11,Jan PhilippsPeter Scholz,1998,https://link.springer.com/chapter/10.1007/3-540-49254-2_11,Chapter
An Approach for Real-Time Applications Engineering,Intelligent Systems for Manufacturing,,,,10.1007/978-0-387-35390-6_32,A. Attoui,1998,https://link.springer.com/chapter/10.1007/978-0-387-35390-6_32,Chapter
Instrumentation of Synchronous Reactive Systems for Performance Analysis: A Case Study,Computer Performance Evaluation,,,,10.1007/3-540-68061-6_11,Alberto ValderrutenJavier MosqueraVíctor M. Gulías,1998,https://link.springer.com/chapter/10.1007/3-540-68061-6_11,Conference paper
Verification of Real-Time Systems using Linear Relation Analysis,Formal Methods in System Design,,,,10.1023/A:1008678014487,Nicolas HalbwachsYann-Erick ProyPatrick Roumanoff,1997,https://link.springer.com/article/10.1023/A:1008678014487,Article
Effective Recognizability and Model Checking of Reactive Fiffo Automata,Algebraic Methodology and Software Technology,,,,10.1007/3-540-49253-4_10,Gregoire SutreAlain FinkelOlivier RouxFranck Cassez,1998,https://link.springer.com/chapter/10.1007/3-540-49253-4_10,Conference paper
"Real-time system = discrete system + clock variables
",International Journal on Software Tools for Technology Transfer,,,,10.1007/s100090050007,Rajeev AlurThomas A.,1997,https://link.springer.com/article/10.1007/s100090050007,Article
Compositional specification of embedded systems with Statecharts,TAPSOFT '97: Theory and Practice of Software Development,,,,10.1007/BFb0030631,Jan PhilippsPeter Scholz,1997,https://link.springer.com/chapter/10.1007/BFb0030631,Conference paper
Embedded system design and hybrid systems,Control Using Logic-Based Switching,,,,10.1007/BFb0036081,A. Sangiovanni-Vincentelli,1997,https://link.springer.com/chapter/10.1007/BFb0036081,Conference paper
Techniques for critical path reduction of scalar programs,International Journal of Parallel Programming,,,,10.1007/BF02700034,Michael SchlanskerVinod Kathail,1997,https://link.springer.com/article/10.1007/BF02700034,Article
A Compositional Real-time Semantics of STATEMATE Designs,Compositionality: The Significant Difference,,,,10.1007/3-540-49213-5_8,Werner DammBernhard JoskoHardi HungarAmir Pnueli,1998,https://link.springer.com/chapter/10.1007/3-540-49213-5_8,Conference paper
Formal Verification as a Design Tool - The Transponder Lock Example,Safe Comp 96,,,,10.1007/978-1-4471-0937-2_6,R. BuddeA. MerceronK.-H. Sylla,1997,https://link.springer.com/chapter/10.1007/978-1-4471-0937-2_6,Conference paper
High Accuracy Concurrent Event Processing in Hard Real-Time Systems,Real-Time Systems,,,,10.1023/A:1007962132663,Wolfgang A. HalangMarkus Wannemacher,1997,https://link.springer.com/article/10.1023/A:1007962132663,Article
Heterogeneous Simulation—Mixing Discrete-Event Models with Dataflow,"Journal of VLSI signal processing systems for signal, image and video technology",,,,10.1023/A:1007930622942,Wan-Teh ChangSoonhoi HaEdward A. Lee,1997,https://link.springer.com/article/10.1023/A:1007930622942,Article
Communication concepts for statecharts: A semantic foundation,Transformation-Based Reactive Systems Development,,,,10.1007/3-540-63010-4_9,Peter ScholzDieter Nazareth,1997,https://link.springer.com/chapter/10.1007/3-540-63010-4_9,Conference paper
Models and Representations,Hardware-Software Co-Design of Embedded Systems,,,,10.1007/978-1-4615-6127-9_2,Felice BalarinMassimiliano ChiodoPaolo GiustoHarry HsiehAttila JurecskaLuciano LavagnoClaudio PasseroneAlberto Sangiovanni-VincentelliEllen SentovichKei SuzukiBassam Tabbara,1997,https://link.springer.com/chapter/10.1007/978-1-4615-6127-9_2,Chapter
VHDL generation from SDL specifications,Hardware Description Languages and their Applications,,,,10.1007/978-0-387-35064-6_18,Jean-Marc DaveauGilberto Fernandes MarchioroCarlos Alberto ValderramaAhmed Amine Jerraya,1997,https://link.springer.com/chapter/10.1007/978-0-387-35064-6_18,Chapter
"Hardware and software synthesis, optimization, and verification from Esterel programs",Tools and Algorithms for the Construction and Analysis of Systems,,,,10.1007/BFb0035376,Gérard Berry,1997,https://link.springer.com/chapter/10.1007/BFb0035376,Conference paper
Introduction,Hardware-Software Co-Design of Embedded Systems,,,,10.1007/978-1-4615-6127-9_1,Felice BalarinMassimiliano ChiodoPaolo GiustoHarry HsiehAttila JurecskaLuciano LavagnoClaudio PasseroneAlberto Sangiovanni-VincentelliEllen SentovichKei SuzukiBassam Tabbara,1997,https://link.springer.com/chapter/10.1007/978-1-4615-6127-9_1,Chapter
Cosmos: An SDL Based Hardware/Software Codesign Environment,Hardware/Software Co-Design and Co-Verification,,,,10.1007/978-1-4757-2629-9_3,J. M. DaveauG. F. MarchioroT. Ben-IsmailA. A. Jerraya,1997,https://link.springer.com/chapter/10.1007/978-1-4757-2629-9_3,Chapter
SACRES — Formalism for Real Projects,Safer Systems,,,,10.1007/978-1-4471-0975-4_15,Alvery Grazebrook,1997,https://link.springer.com/chapter/10.1007/978-1-4471-0975-4_15,Conference paper
Verification,Hardware-Software Co-Design of Embedded Systems,,,,10.1007/978-1-4615-6127-9_5,Felice BalarinMassimiliano ChiodoPaolo GiustoHarry HsiehAttila JurecskaLuciano LavagnoClaudio PasseroneAlberto Sangiovanni-VincentelliEllen SentovichKei SuzukiBassam Tabbara,1997,https://link.springer.com/chapter/10.1007/978-1-4615-6127-9_5,Chapter
Design Specification and Verification,Hardware/Software Co-Design: Principles and Practice,,,,10.1007/978-1-4757-2649-7_6,J. Staunstrup,1997,https://link.springer.com/chapter/10.1007/978-1-4757-2649-7_6,Chapter
Hardware/Software System Design Based on the MCSE Methodology,Models in System Design,,,,10.1007/978-1-4615-6295-5_6,J. P. CalvezO. PasquierD. Heller,1997,https://link.springer.com/chapter/10.1007/978-1-4615-6295-5_6,Chapter
Combinatorial Criteria Over Graphs of Specification to Decide Synthesis by Sequential Circuits,Embedded System Applications,,,,10.1007/978-1-4757-2574-2_8,Y. P. TisonP. Simonnet,1997,https://link.springer.com/chapter/10.1007/978-1-4757-2574-2_8,Chapter
Task-system analysis using slope-parametric hybrid automata,Euro-Par'97 Parallel Processing,,,,10.1007/BFb0002882,Augusto BurgueñoVlad Rusu,1997,https://link.springer.com/chapter/10.1007/BFb0002882,Conference paper
Synthesis,Hardware-Software Co-Design of Embedded Systems,,,,10.1007/978-1-4615-6127-9_3,Felice BalarinMassimiliano ChiodoPaolo GiustoHarry HsiehAttila JurecskaLuciano LavagnoClaudio PasseroneAlberto Sangiovanni-VincentelliEllen SentovichKei SuzukiBassam Tabbara,1997,https://link.springer.com/chapter/10.1007/978-1-4615-6127-9_3,Chapter
Modularity for timed and hybrid systems,CONCUR '97: Concurrency Theory,,,,10.1007/3-540-63141-0_6,Rajeev AlurThomas A. Henzinger,1997,https://link.springer.com/chapter/10.1007/3-540-63141-0_6,Conference paper
Embedded system design,Design Automation for Embedded Systems,,,,10.1007/BF00134682,Raul CamposanoJörg Wilberg,1996,https://link.springer.com/article/10.1007/BF00134682,Article
Predictability of a RTX2000-based implementation,Real-Time Systems,,,,10.1007/BF00383386,Charles AndréMarie-Agnès Péraldi,1996,https://link.springer.com/article/10.1007/BF00383386,Article
A CoDesign case study with the MCSE methodology,Design Automation for Embedded Systems,,,,10.1007/BF00133302,Jean Paul Calvez,1996,https://link.springer.com/article/10.1007/BF00133302,Article
Embedded System Co-Design,Hardware/Software Co-Design,,,,10.1007/978-94-009-0187-2_10,G. BorrielloP. ChouR. Ortega,1996,https://link.springer.com/chapter/10.1007/978-94-009-0187-2_10,Chapter
A co-synthesis approach to embedded system design automation,Design Automation for Embedded Systems,,,,10.1007/BF00134684,Rajesh K. GupGiovanni de Micheli,1996,https://link.springer.com/article/10.1007/BF00134684,Article
Embedded System Co-Design,Hardware/Software Co-Design,,,,10.1007/978-94-009-0187-2_9,Luciano LavagnoAlberto Sangiovanni-VincentelliHarry Hsieh,1996,https://link.springer.com/chapter/10.1007/978-94-009-0187-2_9,Chapter
Effective Heterogenous Design and Co-Simulation,Hardware/Software Co-Design,,,,10.1007/978-94-009-0187-2_8,W-T. ChangA. KalavadeE. A. Lee,1996,https://link.springer.com/chapter/10.1007/978-94-009-0187-2_8,Chapter
"A formal approach to reactive systems software: A telecommunications application in E<span>sterel</span>
",Formal Methods in System Design,,,,10.1007/BF00122418,Lalita Jategaonkar JagadeesanCarlos PucholJames E. Von Olnhausen,1996,https://link.springer.com/article/10.1007/BF00122418,Article
Systematic testing and formal verification to validate reactive programs,Software Quality Journal,,,,10.1007/BF00402649,Monika MüllerburgLeszek HolenderskiOlivier MaffeisAgathe MerceronMatthew Morley,1995,https://link.springer.com/article/10.1007/BF00402649,Article
"Hybrid cc, hybrid automata and program verification",Hybrid Systems III,,,,10.1007/BFb0020935,Vineet GuptaRadha JagadeesanVijay Saraswat,1996,https://link.springer.com/chapter/10.1007/BFb0020935,Conference paper
Experiences in embedded scheduling,FME'96: Industrial Benefit and Advances in Formal Methods,,,,10.1007/3-540-60973-3_101,David M. Jackson,1996,https://link.springer.com/chapter/10.1007/3-540-60973-3_101,Conference paper
CAN für Echtzeitanwendungen in der Verpakkungsindustrie,Echtzeitsysteme und objektorientierter Entwurf,,,,10.1007/978-3-322-90480-5_14,W. Schulze,1996,https://link.springer.com/chapter/10.1007/978-3-322-90480-5_14,Chapter
Formal description techniques - how formal and descriptive are they?,Formal Description Techniques IX,,,,10.1007/978-0-387-35079-0_6,M. Broy,1996,https://link.springer.com/chapter/10.1007/978-0-387-35079-0_6,Chapter
A System Specification Model and Method,High-Level System Modeling,,,,10.1007/978-1-4613-1309-0_1,Jean-Paul Calvez,1996,https://link.springer.com/chapter/10.1007/978-1-4613-1309-0_1,Chapter
Object Orientation: Modeling and Design Paradigms for the Year 2000?,Object-Oriented Modeling,,,,10.1007/978-1-4613-1349-6_1,Wolfgang EckerMichael Mrva,1996,https://link.springer.com/chapter/10.1007/978-1-4613-1349-6_1,Chapter
The steam boiler case study: Competition of formal program specification and development methods,Formal Methods for Industrial Applications,,,,10.1007/BFb0027228,Jean-Raymond AbrialEgon BörgerHans Langmaack,1996,https://link.springer.com/chapter/10.1007/BFb0027228,Chapter
"Validation, verification and implementation of timed protocols using AORTA","Protocol Specification, Testing and Verification XV",,,,10.1007/978-0-387-34892-6_13,S. BradleyW. D. HendersonD. KendallA. P. Robson,1996,https://link.springer.com/chapter/10.1007/978-0-387-34892-6_13,Chapter
An Integrated Testbed for Wireless Multimedia Computing,Technologies for Wireless Computing,,,,10.1007/978-1-4613-1453-0_3,Charles ChienSean NazarethPaul LettieriStephen MolloyBrian SchonerWalter A. BoringJoey ChenChristopher DengWilliam H. Mangione-SmithRajeev Jain,1996,https://link.springer.com/chapter/10.1007/978-1-4613-1453-0_3,Chapter
Esterel,Formal Development of Reactive Systems,,,,10.1007/3-540-58867-1_49,Reinhard Budde,1995,https://link.springer.com/chapter/10.1007/3-540-58867-1_49,Chapter
Design of software for safety critical systems,Sadhana,,,,10.1007/BF02743937,R K Shyamasundar,1994,https://link.springer.com/article/10.1007/BF02743937,Article
Instrumentation of Synchronous Reactive Models for performance engineering,Software Engineering — ESEC '95,,,,10.1007/3-540-60406-5_8,Alberto Valderruten VidalManuel Vilares FerroJorge Graña Gil,1995,https://link.springer.com/chapter/10.1007/3-540-60406-5_8,Conference paper
Tools for specifying real-time systems,Real-Time Systems,,,,10.1007/BF01094341,Giacomo BucciMaurizio CampanaiPaolo Nesi,1995,https://link.springer.com/article/10.1007/BF01094341,Article
About synchronous programming and abstract interpretation,Static Analysis,,,,10.1007/3-540-58485-4_40,Nicolas Halbwachs,1994,https://link.springer.com/chapter/10.1007/3-540-58485-4_40,Conference paper
Formal semantics for Ward &amp; Mellor's transformation schemas and the specification of fault-tolerant systems,Dependable Computing — EDCC-1,,,,10.1007/3-540-58426-9_124,Carsta PetersohnCornelis HuizingJan PeleskaWillem-Paul de Roever,1994,https://link.springer.com/chapter/10.1007/3-540-58426-9_124,Conference paper
Formal Semantics for Ward &amp; Mellor’s Transformation Schemas,6th Refinement Workshop,,,,10.1007/978-1-4471-3240-0_2,Carsta PetersohnWillem-Paul de RoeverCornelis HuizingJan Peleska,1994,https://link.springer.com/chapter/10.1007/978-1-4471-3240-0_2,Conference paper
A survey on industrial communication networks,Annales Des Télécommunications,,,,10.1007/BF02995472,Jean-Dominique DecotigniePatrick Pleinevaux,1993,https://link.springer.com/article/10.1007/BF02995472,Article
The Semantics of Pure Esterel,Program Design Calculi,,,,10.1007/978-3-662-02880-3_12,G. Berry,1993,https://link.springer.com/chapter/10.1007/978-3-662-02880-3_12,Conference paper
Compositional priority specification in real-time distributed systems,Sadhana,,,,10.1007/BF02811339,R K ShyamasundarL Y Liu,1992,https://link.springer.com/article/10.1007/BF02811339,Article
Modelling real-time systems: Issues and challenges,Sadhana,,,,10.1007/BF02811337,R K ShyamasundarS Ramesh,1992,https://link.springer.com/article/10.1007/BF02811337,Article
Semantics of reactive systems in abstract time,Real-Time: Theory in Practice,,,,10.1007/BFb0031997,C. HuizingR. Gerth,1992,https://link.springer.com/chapter/10.1007/BFb0031997,Conference paper
Introduction,Specifying Message Passing and Time-Critical Systems with Temporal Logic,,,,10.1007/3-540-56283-4_1,,1992,https://link.springer.com/chapter/10.1007/3-540-56283-4_1,Chapter
From equations to hardware. Towards the systematic mapping of algorithms onto parallel architectures,Parallel Image Analysis,,,,10.1007/3-540-56346-6_25,François CharotPatrice FrisonEric GautrinDominique LavenierPatrice QuintonCharles Wagner,1992,https://link.springer.com/chapter/10.1007/3-540-56346-6_25,Conference paper
Delays in synchronized elementary net systems,Advances in Petri Nets 1991,,,,10.1007/BFb0019966,Charles Andre,1991,https://link.springer.com/chapter/10.1007/BFb0019966,Conference paper
Comparative evaluation of high-level real-time programming languages,Real-Time Systems,,,,10.1007/BF01995678,Wolfgang A. HalangAlexander D. Stoyenko,1990,https://link.springer.com/article/10.1007/BF01995678,Article
An Intelligent CASE Tool for the Jackson System Development Method,Esprit ’89,,,,10.1007/978-94-009-1063-8_30,Patrick ConnollySeamus KearneyDavid O’Neill,1989,https://link.springer.com/chapter/10.1007/978-94-009-1063-8_30,Conference paper
Specifying message passing systems requires extending temporal logic,Temporal Logic in Specification,,,,10.1007/3-540-51803-7_28,Ron Koymans,1989,https://link.springer.com/chapter/10.1007/3-540-51803-7_28,Conference paper
Static analysis of real-time distributed systems,Formal Techniques in Real-Time and Fault-Tolerant Systems,,,,10.1007/3-540-50302-1_9,Leo YuHsiang LiuR. K. Shyamasundar,1988,https://link.springer.com/chapter/10.1007/3-540-50302-1_9,Conference paper
Modelling statecharts behaviour in a fully abstract way,CAAP '88,,,,10.1007/BFb0026110,C. HuizingR. GerthW. P. de Roever,1988,https://link.springer.com/chapter/10.1007/BFb0026110,Conference paper
A timed failures model for extended communicating processes,"Automata, Languages and Programming",,,,10.1007/3-540-18088-5_9,Rob GerthAndy Boucher,1987,https://link.springer.com/chapter/10.1007/3-540-18088-5_9,Conference paper